Copyright 1986-2022 Xilinx, Inc. All Rights Reserved. Copyright 2022-2024 Advanced Micro Devices, Inc. All Rights Reserved.
---------------------------------------------------------------------------------------------------------------------------------------------
| Tool Version : Vivado v.2024.2 (lin64) Build 5239630 Fri Nov 08 22:34:34 MST 2024
| Date         : Wed Mar 11 10:58:21 2026
| Host         : user14-B80KV-AP35BKE running 64-bit Ubuntu 24.04.4 LTS
| Command      : report_control_sets -verbose -file soc_watchRev2_wrapper_control_sets_placed.rpt
| Design       : soc_watchRev2_wrapper
| Device       : xc7a35t
---------------------------------------------------------------------------------------------------------------------------------------------

Control Set Information

Table of Contents
-----------------
1. Summary
2. Histogram
3. Flip-Flop Distribution
4. Detailed Control Set Information

1. Summary
----------

+----------------------------------------------------------+-------+
|                          Status                          | Count |
+----------------------------------------------------------+-------+
| Total control sets                                       |   216 |
|    Minimum number of control sets                        |   216 |
|    Addition due to synthesis replication                 |     0 |
|    Addition due to physical synthesis replication        |     0 |
| Unused register locations in slices containing registers |   374 |
+----------------------------------------------------------+-------+
* Control sets can be merged at opt_design using control_set_merge or merge_equivalent_drivers
** Run report_qor_suggestions for automated merging and remapping suggestions


2. Histogram
------------

+--------------------+-------+
|       Fanout       | Count |
+--------------------+-------+
| Total control sets |   216 |
| >= 0 to < 4        |    21 |
| >= 4 to < 6        |    11 |
| >= 6 to < 8        |    14 |
| >= 8 to < 10       |   105 |
| >= 10 to < 12      |     3 |
| >= 12 to < 14      |     1 |
| >= 14 to < 16      |     3 |
| >= 16              |    58 |
+--------------------+-------+
* Control sets can be remapped at either synth_design or opt_design


3. Flip-Flop Distribution
-------------------------

+--------------+-----------------------+------------------------+-----------------+--------------+
| Clock Enable | Synchronous Set/Reset | Asynchronous Set/Reset | Total Registers | Total Slices |
+--------------+-----------------------+------------------------+-----------------+--------------+
| No           | No                    | No                     |             354 |          123 |
| No           | No                    | Yes                    |             114 |           45 |
| No           | Yes                   | No                     |             398 |          139 |
| Yes          | No                    | No                     |             390 |          109 |
| Yes          | No                    | Yes                    |             274 |           85 |
| Yes          | Yes                   | No                     |            1752 |          596 |
+--------------+-----------------------+------------------------+-----------------+--------------+


4. Detailed Control Set Information
-----------------------------------

+-------------------------------------------------------------------------------------------------------+-------------------------------------------------------------------------------------------------------------------------------------------------------------+---------------------------------------------------------------------------------------------------------------------------------------------------+------------------+----------------+--------------+
|                                              Clock Signal                                             |                                                                        Enable Signal                                                                        |                                                                  Set/Reset Signal                                                                 | Slice Load Count | Bel Load Count | Bels / Slice |
+-------------------------------------------------------------------------------------------------------+-------------------------------------------------------------------------------------------------------------------------------------------------------------+---------------------------------------------------------------------------------------------------------------------------------------------------+------------------+----------------+--------------+
|  soc_watchRev2_i/mdm_1/U0/MDM_Core_I1/JTAG_CONTROL_I/Test_Access_Port.BUFG_UPDATE/Using_FPGA.Native_0 |                                                                                                                                                             | soc_watchRev2_i/microblaze_riscv_0/U0/riscv_core_I/Base.Core/Decode_I/Functional_Reset                                                            |                1 |              1 |         1.00 |
|  soc_watchRev2_i/clk_wiz/inst/clk_out1                                                                |                                                                                                                                                             | soc_watchRev2_i/microblaze_riscv_0/U0/riscv_core_I/Base.Core/Use_Debug_Logic.Master_Core.Debug_Perf/Serial_Dbg_Intf.capture_1                     |                1 |              1 |         1.00 |
|  soc_watchRev2_i/clk_wiz/inst/clk_out1                                                                | soc_watchRev2_i/microblaze_riscv_0/U0/riscv_core_I/Base.Core/Decode_I/jump_logic_I1/MUXCY_JUMP_CARRY4/lopt_3                                                | soc_watchRev2_i/microblaze_riscv_0/U0/riscv_core_I/Base.Core/Decode_I/Use_MuxCy[3].OF_Piperun_Stage/MUXCY_I/lopt_4                                |                1 |              1 |         1.00 |
|  soc_watchRev2_i/clk_wiz/inst/clk_out1                                                                | soc_watchRev2_i/microblaze_riscv_0/U0/riscv_core_I/Base.Core/Decode_I/jump_logic_I1/MUXCY_JUMP_CARRY4/lopt_3                                                | soc_watchRev2_i/microblaze_riscv_0/U0/riscv_core_I/Base.Core/Decode_I/Use_MuxCy[5].OF_Piperun_Stage/MUXCY_I/ex_bt_hit_hold                        |                1 |              1 |         1.00 |
|  soc_watchRev2_i/mdm_1/U0/MDM_Core_I1/JTAG_CONTROL_I/Test_Access_Port.BUFG_UPDATE/Using_FPGA.Native_0 | soc_watchRev2_i/microblaze_riscv_0/U0/riscv_core_I/Base.Core/Use_Debug_Logic.Master_Core.Debug_Perf/p_96_in                                                 | soc_watchRev2_i/microblaze_riscv_0/U0/riscv_core_I/Base.Core/Use_Debug_Logic.Master_Core.Debug_Perf/register_read_cmd                             |                1 |              1 |         1.00 |
|  soc_watchRev2_i/mdm_1/U0/MDM_Core_I1/JTAG_CONTROL_I/Test_Access_Port.BUFG_UPDATE/Using_FPGA.Native_0 | soc_watchRev2_i/microblaze_riscv_0/U0/riscv_core_I/Base.Core/Use_Debug_Logic.Master_Core.Debug_Perf/p_96_in                                                 | soc_watchRev2_i/microblaze_riscv_0/U0/riscv_core_I/Base.Core/Use_Debug_Logic.Master_Core.Debug_Perf/Serial_Dbg_Intf.register_write_cmd_reg_0      |                1 |              1 |         1.00 |
|  soc_watchRev2_i/mdm_1/U0/MDM_Core_I1/JTAG_CONTROL_I/Test_Access_Port.BUFG_UPDATE/Using_FPGA.Native_0 | soc_watchRev2_i/microblaze_riscv_0/U0/riscv_core_I/Base.Core/Use_Debug_Logic.Master_Core.Debug_Perf/Serial_Dbg_Intf.single_step_TClk_i_1_n_0                | soc_watchRev2_i/microblaze_riscv_0/U0/riscv_core_I/Base.Core/Use_Debug_Logic.Master_Core.Debug_Perf/start_single_step_reg_0                       |                1 |              1 |         1.00 |
|  soc_watchRev2_i/mdm_1/U0/MDM_Core_I1/JTAG_CONTROL_I/Test_Access_Port.BUFG_UPDATE/Using_FPGA.Native_0 | soc_watchRev2_i/microblaze_riscv_0/U0/riscv_core_I/Base.Core/Use_Debug_Logic.Master_Core.Debug_Perf/Serial_Dbg_Intf.single_step_TClk_i_1_n_0                | soc_watchRev2_i/microblaze_riscv_0/U0/riscv_core_I/Base.Core/Use_Debug_Logic.Master_Core.Debug_Perf/Functional_Reset                              |                1 |              1 |         1.00 |
|  soc_watchRev2_i/mdm_1/U0/MDM_Core_I1/JTAG_CONTROL_I/Test_Access_Port.BUFG_UPDATE/Using_FPGA.Native_0 |                                                                                                                                                             | soc_watchRev2_i/microblaze_riscv_0/U0/riscv_core_I/Base.Core/Use_Debug_Logic.Master_Core.Debug_Perf/continue_from_brk_reg_0                       |                1 |              1 |         1.00 |
|  soc_watchRev2_i/mdm_1/U0/MDM_Core_I1/JTAG_CONTROL_I/Test_Access_Port.BUFG_UPDATE/Using_FPGA.Native_0 |                                                                                                                                                             | soc_watchRev2_i/microblaze_riscv_0/U0/riscv_core_I/Base.Core/Use_Debug_Logic.Master_Core.Debug_Perf/Functional_Reset22_out                        |                1 |              1 |         1.00 |
|  soc_watchRev2_i/clk_wiz/inst/clk_out1                                                                | soc_watchRev2_i/microblaze_riscv_0/U0/riscv_core_I/Base.Core/Decode_I/Use_Trigger.tdata1_all[0][dmode]                                                      | soc_watchRev2_i/microblaze_riscv_0/U0/riscv_core_I/sync_reset                                                                                     |                1 |              1 |         1.00 |
| ~soc_watchRev2_i/mdm_1/U0/Use_E2.BSCAN_I/tck_BUFG                                                     |                                                                                                                                                             |                                                                                                                                                   |                1 |              1 |         1.00 |
|  soc_watchRev2_i/clk_wiz/inst/clk_out1                                                                | soc_watchRev2_i/microblaze_riscv_0/U0/riscv_core_I/Base.Core/Decode_I/ie_reg[MEIE]0                                                                         | soc_watchRev2_i/microblaze_riscv_0/U0/riscv_core_I/sync_reset                                                                                     |                1 |              1 |         1.00 |
|  soc_watchRev2_i/clk_wiz/inst/clk_out1                                                                | soc_watchRev2_i/microblaze_riscv_0/U0/riscv_core_I/Base.Core/Decode_I/Use_Counters.mcountinhibit_reg[CY]0                                                   | soc_watchRev2_i/microblaze_riscv_0/U0/riscv_core_I/sync_reset                                                                                     |                1 |              2 |         2.00 |
|  soc_watchRev2_i/mdm_1/U0/Use_E2.BSCAN_I/tck_BUFG                                                     |                                                                                                                                                             | soc_watchRev2_i/mdm_1/U0/Use_E2.BSCAN_I/Use_E2.BSCANE2_I_0                                                                                        |                1 |              2 |         2.00 |
|  soc_watchRev2_i/clk_wiz/inst/clk_out1                                                                | soc_watchRev2_i/microblaze_riscv_0/U0/riscv_core_I/Base.Core/Decode_I/Use_Trigger.tdata1_all[0][dmode]1                                                     | soc_watchRev2_i/microblaze_riscv_0/U0/riscv_core_I/sync_reset                                                                                     |                1 |              2 |         2.00 |
| ~soc_watchRev2_i/clk_wiz/inst/clk_out1                                                                |                                                                                                                                                             | soc_watchRev2_i/myip_timer_0/inst/myip_timer_slave_lite_v1_0_S00_AXI_inst/ctimer/ed_start/s00_axi_aresetn_0                                       |                2 |              2 |         1.00 |
| ~soc_watchRev2_i/clk_wiz/inst/clk_out1                                                                |                                                                                                                                                             | soc_watchRev2_i/myip_koreawatch_0/inst/myip_koreawatch_slave_lite_v1_0_S00_AXI_inst/inst/ed_rxdone/AR[0]                                          |                2 |              2 |         1.00 |
|  soc_watchRev2_i/mdm_1/U0/MDM_Core_I1/JTAG_CONTROL_I/Test_Access_Port.BUFG_UPDATE/Using_FPGA.Native_0 | soc_watchRev2_i/microblaze_riscv_0/U0/riscv_core_I/Base.Core/Use_Debug_Logic.Master_Core.Debug_Perf/p_96_in                                                 | soc_watchRev2_i/microblaze_riscv_0/U0/riscv_core_I/Base.Core/Use_Debug_Logic.Master_Core.Debug_Perf/do_new_dbg_instr                              |                1 |              3 |         3.00 |
| ~soc_watchRev2_i/mdm_1/U0/Use_JTAG_BSCAN.BUFG_JTAG_TCK/Use_JTAG_BSCAN.tck_int                         |                                                                                                                                                             |                                                                                                                                                   |                3 |              3 |         1.00 |
|  soc_watchRev2_i/clk_wiz/inst/clk_out1                                                                | soc_watchRev2_i/microblaze_riscv_0/U0/riscv_core_I/Base.Core/Decode_I/ex_Sel_CSR_i_reg[dcsr]_0[0]                                                           | soc_watchRev2_i/microblaze_riscv_0/U0/riscv_core_I/sync_reset                                                                                     |                1 |              3 |         3.00 |
|  soc_watchRev2_i/clk_wiz/inst/clk_out1                                                                |                                                                                                                                                             | soc_watchRev2_i/microblaze_riscv_0_axi_intc/U0/AXI_LITE_IPIF_I/I_SLAVE_ATTACHMENT/clear                                                           |                1 |              4 |         4.00 |
|  soc_watchRev2_i/clk_wiz/inst/clk_out1                                                                |                                                                                                                                                             | soc_watchRev2_i/axi_gpio_0/U0/AXI_LITE_IPIF_I/I_SLAVE_ATTACHMENT/clear                                                                            |                1 |              4 |         4.00 |
|  soc_watchRev2_i/clk_wiz/inst/clk_out1                                                                |                                                                                                                                                             | soc_watchRev2_i/axi_gpio_0/U0/gpio_core_1/Not_Dual.ALLIN1_ND.READ_REG_GEN[3].reg1[31]_i_1_n_0                                                     |                1 |              4 |         4.00 |
|  soc_watchRev2_i/clk_wiz/inst/clk_out1                                                                | soc_watchRev2_i/axi_uartlite_0/U0/UARTLITE_CORE_I/BAUD_RATE_I/en_16x_Baud                                                                                   |                                                                                                                                                   |                1 |              4 |         4.00 |
|  soc_watchRev2_i/clk_wiz/inst/clk_out1                                                                | soc_watchRev2_i/axi_uartlite_0/U0/AXI_LITE_IPIF_I/I_SLAVE_ATTACHMENT/start2                                                                                 | soc_watchRev2_i/axi_uartlite_0/U0/AXI_LITE_IPIF_I/I_SLAVE_ATTACHMENT/I_DECODER/cs_ce_clr                                                          |                1 |              4 |         4.00 |
|  soc_watchRev2_i/clk_wiz/inst/clk_out1                                                                | soc_watchRev2_i/axi_gpio_0/U0/AXI_LITE_IPIF_I/I_SLAVE_ATTACHMENT/I_DECODER/E[0]                                                                             | soc_watchRev2_i/axi_gpio_0/U0/AXI_LITE_IPIF_I/I_SLAVE_ATTACHMENT/SR[0]                                                                            |                1 |              4 |         4.00 |
|  soc_watchRev2_i/clk_wiz/inst/clk_out1                                                                |                                                                                                                                                             | soc_watchRev2_i/proc_sys_reset_0/U0/EXT_LPF/lpf_int                                                                                               |                3 |              5 |         1.67 |
|  soc_watchRev2_i/clk_wiz/inst/clk_out1                                                                | soc_watchRev2_i/microblaze_riscv_0/U0/riscv_core_I/Base.Core/Decode_I/No_Short_Pipe_5.Using_FPGA.Gen_Bits[1].MEM_EX_Result_Inst/ex_Sel_CSR_i_reg[mcause][0] | soc_watchRev2_i/microblaze_riscv_0/U0/riscv_core_I/sync_reset                                                                                     |                2 |              5 |         2.50 |
|  soc_watchRev2_i/mdm_1/U0/Use_JTAG_BSCAN.BUFG_JTAG_TCK/Use_JTAG_BSCAN.tck_int                         | soc_watchRev2_i/mdm_1/U0/MDM_Core_I1/JTAG_CONTROL_I/Test_Access_Port.ir[4]_i_1_n_0                                                                          |                                                                                                                                                   |                2 |              5 |         2.50 |
|  soc_watchRev2_i/mdm_1/U0/MDM_Core_I1/JTAG_CONTROL_I/Test_Access_Port.BUFG_UPDATE/Using_FPGA.Native_0 | soc_watchRev2_i/microblaze_riscv_0/U0/riscv_core_I/Base.Core/Use_Debug_Logic.Master_Core.Debug_Perf/p_105_in                                                |                                                                                                                                                   |                2 |              5 |         2.50 |
|  soc_watchRev2_i/mdm_1/U0/Use_JTAG_BSCAN.BUFG_JTAG_TCK/Use_JTAG_BSCAN.tck_int                         | soc_watchRev2_i/mdm_1/U0/MDM_Core_I1/JTAG_CONTROL_I/Test_Access_Port.sel_dmi_i_1_n_0                                                                        |                                                                                                                                                   |                1 |              5 |         5.00 |
|  soc_watchRev2_i/clk_wiz/inst/clk_out1                                                                | soc_watchRev2_i/myip_stopwatch_0/inst/myip_stopwatch_slave_lite_v1_0_S00_AXI_inst/stop_watch_inst/ed_clear/run_reg_0[0]                                     | soc_watchRev2_i/myip_stopwatch_0/inst/myip_stopwatch_slave_lite_v1_0_S00_AXI_inst/stop_watch_inst/ed_clear/AR[0]                                  |                2 |              6 |         3.00 |
|  soc_watchRev2_i/clk_wiz/inst/clk_out1                                                                | soc_watchRev2_i/myip_stopwatch_0/inst/myip_stopwatch_slave_lite_v1_0_S00_AXI_inst/stop_watch_inst/ed_clear/csec_reg[6][0]                                   | soc_watchRev2_i/myip_stopwatch_0/inst/myip_stopwatch_slave_lite_v1_0_S00_AXI_inst/stop_watch_inst/ed_clear/AR[0]                                  |                3 |              6 |         2.00 |
|  soc_watchRev2_i/clk_wiz/inst/clk_out1                                                                | soc_watchRev2_i/axi_gpio_0/U0/AXI_LITE_IPIF_I/I_SLAVE_ATTACHMENT/s_axi_rresp_i                                                                              | soc_watchRev2_i/axi_gpio_0/U0/AXI_LITE_IPIF_I/I_SLAVE_ATTACHMENT/SR[0]                                                                            |                5 |              6 |         1.20 |
|  soc_watchRev2_i/clk_wiz/inst/clk_out1                                                                | soc_watchRev2_i/myip_stopwatch_0/inst/myip_stopwatch_slave_lite_v1_0_S00_AXI_inst/stop_watch_inst/ed_clear/ff_cur_reg_0[0]                                  | soc_watchRev2_i/myip_stopwatch_0/inst/myip_stopwatch_slave_lite_v1_0_S00_AXI_inst/stop_watch_inst/ed_clear/AR[0]                                  |                3 |              6 |         2.00 |
|  soc_watchRev2_i/clk_wiz/inst/clk_out1                                                                | soc_watchRev2_i/proc_sys_reset_0/U0/SEQ/seq_cnt_en                                                                                                          | soc_watchRev2_i/proc_sys_reset_0/U0/SEQ/SEQ_COUNTER/clear                                                                                         |                1 |              6 |         6.00 |
|  soc_watchRev2_i/clk_wiz/inst/clk_out1                                                                | soc_watchRev2_i/myip_iic_cntr_0/inst/myip_iic_cntr_slave_lite_v1_0_S00_AXI_inst/iic_lcd/send_byte_inst/send_edge/E[0]                                       | soc_watchRev2_i/myip_iic_cntr_0/inst/myip_iic_cntr_slave_lite_v1_0_S00_AXI_inst/iic_lcd/send_byte_inst/master/cnt_us_clk/clk_ed/s00_axi_aresetn_0 |                2 |              6 |         3.00 |
|  soc_watchRev2_i/clk_wiz/inst/clk_out1                                                                |                                                                                                                                                             | soc_watchRev2_i/axi_uartlite_0/U0/UARTLITE_CORE_I/UARTLITE_TX_I/SRL_FIFO_I/I_SRL_FIFO_RBU_F/CNTR_INCR_DECR_ADDN_F_I/SS[0]                         |                2 |              6 |         3.00 |
|  soc_watchRev2_i/clk_wiz/inst/clk_out1                                                                |                                                                                                                                                             | soc_watchRev2_i/axi_uartlite_0/U0/UARTLITE_CORE_I/UARTLITE_RX_I/SRL_FIFO_I/I_SRL_FIFO_RBU_F/CNTR_INCR_DECR_ADDN_F_I/SS[0]                         |                2 |              6 |         3.00 |
|  soc_watchRev2_i/clk_wiz/inst/clk_out1                                                                | soc_watchRev2_i/myip_stopwatch_0/inst/myip_stopwatch_slave_lite_v1_0_S00_AXI_inst/stop_watch_inst/ed_clear/E[0]                                             | soc_watchRev2_i/myip_stopwatch_0/inst/myip_stopwatch_slave_lite_v1_0_S00_AXI_inst/stop_watch_inst/ed_clear/AR[0]                                  |                3 |              6 |         2.00 |
|  soc_watchRev2_i/clk_wiz/inst/clk_out1                                                                | soc_watchRev2_i/myip_iic_cntr_0/inst/myip_iic_cntr_slave_lite_v1_0_S00_AXI_inst/iic_lcd/send_byte_inst/data                                                 | soc_watchRev2_i/myip_iic_cntr_0/inst/myip_iic_cntr_slave_lite_v1_0_S00_AXI_inst/iic_lcd/send_byte_inst/master/cnt_us_clk/clk_ed/s00_axi_aresetn_0 |                3 |              7 |         2.33 |
|  soc_watchRev2_i/clk_wiz/inst/clk_out1                                                                | soc_watchRev2_i/myip_stopwatch_0/inst/myip_stopwatch_slave_lite_v1_0_S00_AXI_inst/stop_watch_inst/ed_clear/run_reg_1[0]                                     | soc_watchRev2_i/myip_stopwatch_0/inst/myip_stopwatch_slave_lite_v1_0_S00_AXI_inst/stop_watch_inst/ed_clear/AR[0]                                  |                3 |              7 |         2.33 |
|  soc_watchRev2_i/clk_wiz/inst/clk_out1                                                                | soc_watchRev2_i/axi_uartlite_0/U0/UARTLITE_CORE_I/BAUD_RATE_I/en_16x_Baud                                                                                   | soc_watchRev2_i/axi_uartlite_0/U0/UARTLITE_CORE_I/UARTLITE_RX_I/SERIAL_TO_PARALLEL[8].fifo_din[8]_i_1_n_0                                         |                1 |              7 |         7.00 |
|  soc_watchRev2_i/clk_wiz/inst/clk_out1                                                                | soc_watchRev2_i/myip_iic_cntr_0/inst/myip_iic_cntr_slave_lite_v1_0_S00_AXI_inst/iic_lcd/send_byte_inst/master/SCL_edge/E[0]                                 | soc_watchRev2_i/myip_iic_cntr_0/inst/myip_iic_cntr_slave_lite_v1_0_S00_AXI_inst/iic_lcd/send_byte_inst/master/cnt_us_clk/clk_ed/s00_axi_aresetn_0 |                2 |              7 |         3.50 |
|  soc_watchRev2_i/clk_wiz/inst/clk_out1                                                                | soc_watchRev2_i/myip_stopwatch_0/inst/myip_stopwatch_slave_lite_v1_0_S00_AXI_inst/stop_watch_inst/ed_clear/run_reg[0]                                       | soc_watchRev2_i/myip_stopwatch_0/inst/myip_stopwatch_slave_lite_v1_0_S00_AXI_inst/stop_watch_inst/ed_clear/AR[0]                                  |                2 |              7 |         3.50 |
|  soc_watchRev2_i/clk_wiz/inst/clk_out1                                                                | soc_watchRev2_i/myip_iic_cntr_0/inst/myip_iic_cntr_slave_lite_v1_0_S00_AXI_inst/slv_reg1[31]_i_1_n_0                                                        | soc_watchRev2_i/myip_iic_cntr_0/inst/myip_iic_cntr_slave_lite_v1_0_S00_AXI_inst/iic_lcd/send_byte_inst/master/cnt_us_clk/clk_ed/s00_axi_aresetn_0 |                1 |              8 |         8.00 |
|  soc_watchRev2_i/clk_wiz/inst/clk_out1                                                                | soc_watchRev2_i/myip_iic_cntr_0/inst/myip_iic_cntr_slave_lite_v1_0_S00_AXI_inst/slv_reg0[7]_i_1_n_0                                                         | soc_watchRev2_i/myip_iic_cntr_0/inst/myip_iic_cntr_slave_lite_v1_0_S00_AXI_inst/iic_lcd/send_byte_inst/master/cnt_us_clk/clk_ed/s00_axi_aresetn_0 |                5 |              8 |         1.60 |
|  soc_watchRev2_i/clk_wiz/inst/clk_out1                                                                | soc_watchRev2_i/myip_iic_cntr_0/inst/myip_iic_cntr_slave_lite_v1_0_S00_AXI_inst/slv_reg1[15]_i_1_n_0                                                        | soc_watchRev2_i/myip_iic_cntr_0/inst/myip_iic_cntr_slave_lite_v1_0_S00_AXI_inst/iic_lcd/send_byte_inst/master/cnt_us_clk/clk_ed/s00_axi_aresetn_0 |                3 |              8 |         2.67 |
|  soc_watchRev2_i/clk_wiz/inst/clk_out1                                                                | soc_watchRev2_i/myip_iic_cntr_0/inst/myip_iic_cntr_slave_lite_v1_0_S00_AXI_inst/slv_reg1[23]_i_1_n_0                                                        | soc_watchRev2_i/myip_iic_cntr_0/inst/myip_iic_cntr_slave_lite_v1_0_S00_AXI_inst/iic_lcd/send_byte_inst/master/cnt_us_clk/clk_ed/s00_axi_aresetn_0 |                3 |              8 |         2.67 |
|  soc_watchRev2_i/clk_wiz/inst/clk_out1                                                                | soc_watchRev2_i/myip_iic_cntr_0/inst/myip_iic_cntr_slave_lite_v1_0_S00_AXI_inst/slv_reg0[15]_i_1_n_0                                                        | soc_watchRev2_i/myip_iic_cntr_0/inst/myip_iic_cntr_slave_lite_v1_0_S00_AXI_inst/iic_lcd/send_byte_inst/master/cnt_us_clk/clk_ed/s00_axi_aresetn_0 |                1 |              8 |         8.00 |
|  soc_watchRev2_i/clk_wiz/inst/clk_out1                                                                | soc_watchRev2_i/myip_iic_cntr_0/inst/myip_iic_cntr_slave_lite_v1_0_S00_AXI_inst/slv_reg1[7]_i_1_n_0                                                         | soc_watchRev2_i/myip_iic_cntr_0/inst/myip_iic_cntr_slave_lite_v1_0_S00_AXI_inst/iic_lcd/send_byte_inst/master/cnt_us_clk/clk_ed/s00_axi_aresetn_0 |                4 |              8 |         2.00 |
|  soc_watchRev2_i/clk_wiz/inst/clk_out1                                                                | soc_watchRev2_i/myip_iic_cntr_0/inst/myip_iic_cntr_slave_lite_v1_0_S00_AXI_inst/slv_reg0[31]_i_1_n_0                                                        | soc_watchRev2_i/myip_iic_cntr_0/inst/myip_iic_cntr_slave_lite_v1_0_S00_AXI_inst/iic_lcd/send_byte_inst/master/cnt_us_clk/clk_ed/s00_axi_aresetn_0 |                2 |              8 |         4.00 |
|  soc_watchRev2_i/clk_wiz/inst/clk_out1                                                                | soc_watchRev2_i/myip_iic_cntr_0/inst/myip_iic_cntr_slave_lite_v1_0_S00_AXI_inst/slv_reg0[23]_i_1_n_0                                                        | soc_watchRev2_i/myip_iic_cntr_0/inst/myip_iic_cntr_slave_lite_v1_0_S00_AXI_inst/iic_lcd/send_byte_inst/master/cnt_us_clk/clk_ed/s00_axi_aresetn_0 |                3 |              8 |         2.67 |
|  soc_watchRev2_i/clk_wiz/inst/clk_out1                                                                | soc_watchRev2_i/myip_koreawatch_0/inst/myip_koreawatch_slave_lite_v1_0_S00_AXI_inst/slv_reg7[31]_i_1_n_0                                                    | soc_watchRev2_i/myip_koreawatch_0/inst/myip_koreawatch_slave_lite_v1_0_S00_AXI_inst/inst/ed_rxdone/AR[0]                                          |                2 |              8 |         4.00 |
|  soc_watchRev2_i/clk_wiz/inst/clk_out1                                                                | soc_watchRev2_i/myip_koreawatch_0/inst/myip_koreawatch_slave_lite_v1_0_S00_AXI_inst/inst/ed_rxdone/E[0]                                                     | soc_watchRev2_i/myip_koreawatch_0/inst/myip_koreawatch_slave_lite_v1_0_S00_AXI_inst/inst/ed_rxdone/AR[0]                                          |                2 |              8 |         4.00 |
|  soc_watchRev2_i/clk_wiz/inst/clk_out1                                                                | soc_watchRev2_i/myip_stopwatch_0/inst/myip_stopwatch_slave_lite_v1_0_S00_AXI_inst/slv_reg6[23]_i_1_n_0                                                      | soc_watchRev2_i/myip_stopwatch_0/inst/myip_stopwatch_slave_lite_v1_0_S00_AXI_inst/stop_watch_inst/ed_clear/AR[0]                                  |                4 |              8 |         2.00 |
|  soc_watchRev2_i/clk_wiz/inst/clk_out1                                                                | soc_watchRev2_i/myip_timer_0/inst/myip_timer_slave_lite_v1_0_S00_AXI_inst/slv_reg1[7]_i_1_n_0                                                               | soc_watchRev2_i/myip_timer_0/inst/myip_timer_slave_lite_v1_0_S00_AXI_inst/ctimer/ed_start/s00_axi_aresetn_0                                       |                1 |              8 |         8.00 |
|  soc_watchRev2_i/clk_wiz/inst/clk_out1                                                                | soc_watchRev2_i/myip_koreawatch_0/inst/myip_koreawatch_slave_lite_v1_0_S00_AXI_inst/slv_reg7[7]_i_1_n_0                                                     | soc_watchRev2_i/myip_koreawatch_0/inst/myip_koreawatch_slave_lite_v1_0_S00_AXI_inst/inst/ed_rxdone/AR[0]                                          |                3 |              8 |         2.67 |
|  soc_watchRev2_i/clk_wiz/inst/clk_out1                                                                | soc_watchRev2_i/myip_koreawatch_0/inst/myip_koreawatch_slave_lite_v1_0_S00_AXI_inst/inst/ed_rxdone/ff_cur_reg_0[0]                                          | soc_watchRev2_i/myip_koreawatch_0/inst/myip_koreawatch_slave_lite_v1_0_S00_AXI_inst/inst/ed_rxdone/AR[0]                                          |                4 |              8 |         2.00 |
|  soc_watchRev2_i/clk_wiz/inst/clk_out1                                                                | soc_watchRev2_i/myip_iic_cntr_0/inst/myip_iic_cntr_slave_lite_v1_0_S00_AXI_inst/slv_reg5[7]_i_1_n_0                                                         | soc_watchRev2_i/myip_iic_cntr_0/inst/myip_iic_cntr_slave_lite_v1_0_S00_AXI_inst/iic_lcd/send_byte_inst/master/cnt_us_clk/clk_ed/s00_axi_aresetn_0 |                2 |              8 |         4.00 |
|  soc_watchRev2_i/clk_wiz/inst/clk_out1                                                                | soc_watchRev2_i/myip_timer_0/inst/myip_timer_slave_lite_v1_0_S00_AXI_inst/slv_reg5[15]_i_1_n_0                                                              | soc_watchRev2_i/myip_timer_0/inst/myip_timer_slave_lite_v1_0_S00_AXI_inst/ctimer/ed_start/s00_axi_aresetn_0                                       |                2 |              8 |         4.00 |
|  soc_watchRev2_i/clk_wiz/inst/clk_out1                                                                | soc_watchRev2_i/myip_timer_0/inst/myip_timer_slave_lite_v1_0_S00_AXI_inst/ctimer/ed_start/E[0]                                                              | soc_watchRev2_i/myip_timer_0/inst/myip_timer_slave_lite_v1_0_S00_AXI_inst/ctimer/ed_start/s00_axi_aresetn_0                                       |                3 |              8 |         2.67 |
|  soc_watchRev2_i/clk_wiz/inst/clk_out1                                                                | soc_watchRev2_i/myip_iic_cntr_0/inst/myip_iic_cntr_slave_lite_v1_0_S00_AXI_inst/iic_lcd/send_byte_inst/E[0]                                                 | soc_watchRev2_i/myip_iic_cntr_0/inst/myip_iic_cntr_slave_lite_v1_0_S00_AXI_inst/iic_lcd/send_byte_inst/master/cnt_us_clk/clk_ed/s00_axi_aresetn_0 |                2 |              8 |         4.00 |
|  soc_watchRev2_i/clk_wiz/inst/clk_out1                                                                | soc_watchRev2_i/myip_iic_cntr_0/inst/myip_iic_cntr_slave_lite_v1_0_S00_AXI_inst/slv_reg7[7]_i_1_n_0                                                         | soc_watchRev2_i/myip_iic_cntr_0/inst/myip_iic_cntr_slave_lite_v1_0_S00_AXI_inst/iic_lcd/send_byte_inst/master/cnt_us_clk/clk_ed/s00_axi_aresetn_0 |                5 |              8 |         1.60 |
|  soc_watchRev2_i/clk_wiz/inst/clk_out1                                                                | soc_watchRev2_i/myip_iic_cntr_0/inst/myip_iic_cntr_slave_lite_v1_0_S00_AXI_inst/slv_reg7[31]_i_1_n_0                                                        | soc_watchRev2_i/myip_iic_cntr_0/inst/myip_iic_cntr_slave_lite_v1_0_S00_AXI_inst/iic_lcd/send_byte_inst/master/cnt_us_clk/clk_ed/s00_axi_aresetn_0 |                5 |              8 |         1.60 |
|  soc_watchRev2_i/clk_wiz/inst/clk_out1                                                                | soc_watchRev2_i/myip_iic_cntr_0/inst/myip_iic_cntr_slave_lite_v1_0_S00_AXI_inst/slv_reg7[23]_i_1_n_0                                                        | soc_watchRev2_i/myip_iic_cntr_0/inst/myip_iic_cntr_slave_lite_v1_0_S00_AXI_inst/iic_lcd/send_byte_inst/master/cnt_us_clk/clk_ed/s00_axi_aresetn_0 |                4 |              8 |         2.00 |
|  soc_watchRev2_i/clk_wiz/inst/clk_out1                                                                | soc_watchRev2_i/myip_iic_cntr_0/inst/myip_iic_cntr_slave_lite_v1_0_S00_AXI_inst/slv_reg7[15]_i_1_n_0                                                        | soc_watchRev2_i/myip_iic_cntr_0/inst/myip_iic_cntr_slave_lite_v1_0_S00_AXI_inst/iic_lcd/send_byte_inst/master/cnt_us_clk/clk_ed/s00_axi_aresetn_0 |                4 |              8 |         2.00 |
|  soc_watchRev2_i/clk_wiz/inst/clk_out1                                                                | soc_watchRev2_i/myip_iic_cntr_0/inst/myip_iic_cntr_slave_lite_v1_0_S00_AXI_inst/slv_reg6[7]_i_1_n_0                                                         | soc_watchRev2_i/myip_iic_cntr_0/inst/myip_iic_cntr_slave_lite_v1_0_S00_AXI_inst/iic_lcd/send_byte_inst/master/cnt_us_clk/clk_ed/s00_axi_aresetn_0 |                2 |              8 |         4.00 |
|  soc_watchRev2_i/clk_wiz/inst/clk_out1                                                                | soc_watchRev2_i/myip_iic_cntr_0/inst/myip_iic_cntr_slave_lite_v1_0_S00_AXI_inst/slv_reg6[31]_i_1_n_0                                                        | soc_watchRev2_i/myip_iic_cntr_0/inst/myip_iic_cntr_slave_lite_v1_0_S00_AXI_inst/iic_lcd/send_byte_inst/master/cnt_us_clk/clk_ed/s00_axi_aresetn_0 |                3 |              8 |         2.67 |
|  soc_watchRev2_i/clk_wiz/inst/clk_out1                                                                | soc_watchRev2_i/myip_iic_cntr_0/inst/myip_iic_cntr_slave_lite_v1_0_S00_AXI_inst/slv_reg6[23]_i_1_n_0                                                        | soc_watchRev2_i/myip_iic_cntr_0/inst/myip_iic_cntr_slave_lite_v1_0_S00_AXI_inst/iic_lcd/send_byte_inst/master/cnt_us_clk/clk_ed/s00_axi_aresetn_0 |                2 |              8 |         4.00 |
|  soc_watchRev2_i/clk_wiz/inst/clk_out1                                                                | soc_watchRev2_i/myip_iic_cntr_0/inst/myip_iic_cntr_slave_lite_v1_0_S00_AXI_inst/slv_reg6[15]_i_1_n_0                                                        | soc_watchRev2_i/myip_iic_cntr_0/inst/myip_iic_cntr_slave_lite_v1_0_S00_AXI_inst/iic_lcd/send_byte_inst/master/cnt_us_clk/clk_ed/s00_axi_aresetn_0 |                2 |              8 |         4.00 |
|  soc_watchRev2_i/clk_wiz/inst/clk_out1                                                                | soc_watchRev2_i/myip_iic_cntr_0/inst/myip_iic_cntr_slave_lite_v1_0_S00_AXI_inst/slv_reg3[15]_i_1_n_0                                                        | soc_watchRev2_i/myip_iic_cntr_0/inst/myip_iic_cntr_slave_lite_v1_0_S00_AXI_inst/iic_lcd/send_byte_inst/master/cnt_us_clk/clk_ed/s00_axi_aresetn_0 |                1 |              8 |         8.00 |
|  soc_watchRev2_i/clk_wiz/inst/clk_out1                                                                | soc_watchRev2_i/myip_iic_cntr_0/inst/myip_iic_cntr_slave_lite_v1_0_S00_AXI_inst/slv_reg5[31]_i_1_n_0                                                        | soc_watchRev2_i/myip_iic_cntr_0/inst/myip_iic_cntr_slave_lite_v1_0_S00_AXI_inst/iic_lcd/send_byte_inst/master/cnt_us_clk/clk_ed/s00_axi_aresetn_0 |                1 |              8 |         8.00 |
|  soc_watchRev2_i/clk_wiz/inst/clk_out1                                                                | soc_watchRev2_i/myip_iic_cntr_0/inst/myip_iic_cntr_slave_lite_v1_0_S00_AXI_inst/slv_reg5[23]_i_1_n_0                                                        | soc_watchRev2_i/myip_iic_cntr_0/inst/myip_iic_cntr_slave_lite_v1_0_S00_AXI_inst/iic_lcd/send_byte_inst/master/cnt_us_clk/clk_ed/s00_axi_aresetn_0 |                1 |              8 |         8.00 |
|  soc_watchRev2_i/clk_wiz/inst/clk_out1                                                                | soc_watchRev2_i/myip_iic_cntr_0/inst/myip_iic_cntr_slave_lite_v1_0_S00_AXI_inst/slv_reg5[15]_i_1_n_0                                                        | soc_watchRev2_i/myip_iic_cntr_0/inst/myip_iic_cntr_slave_lite_v1_0_S00_AXI_inst/iic_lcd/send_byte_inst/master/cnt_us_clk/clk_ed/s00_axi_aresetn_0 |                3 |              8 |         2.67 |
|  soc_watchRev2_i/clk_wiz/inst/clk_out1                                                                | soc_watchRev2_i/myip_iic_cntr_0/inst/myip_iic_cntr_slave_lite_v1_0_S00_AXI_inst/slv_reg4[7]_i_1_n_0                                                         | soc_watchRev2_i/myip_iic_cntr_0/inst/myip_iic_cntr_slave_lite_v1_0_S00_AXI_inst/iic_lcd/send_byte_inst/master/cnt_us_clk/clk_ed/s00_axi_aresetn_0 |                2 |              8 |         4.00 |
|  soc_watchRev2_i/clk_wiz/inst/clk_out1                                                                | soc_watchRev2_i/myip_iic_cntr_0/inst/myip_iic_cntr_slave_lite_v1_0_S00_AXI_inst/slv_reg4[31]_i_1_n_0                                                        | soc_watchRev2_i/myip_iic_cntr_0/inst/myip_iic_cntr_slave_lite_v1_0_S00_AXI_inst/iic_lcd/send_byte_inst/master/cnt_us_clk/clk_ed/s00_axi_aresetn_0 |                1 |              8 |         8.00 |
|  soc_watchRev2_i/clk_wiz/inst/clk_out1                                                                | soc_watchRev2_i/myip_iic_cntr_0/inst/myip_iic_cntr_slave_lite_v1_0_S00_AXI_inst/slv_reg4[23]_i_1_n_0                                                        | soc_watchRev2_i/myip_iic_cntr_0/inst/myip_iic_cntr_slave_lite_v1_0_S00_AXI_inst/iic_lcd/send_byte_inst/master/cnt_us_clk/clk_ed/s00_axi_aresetn_0 |                2 |              8 |         4.00 |
|  soc_watchRev2_i/clk_wiz/inst/clk_out1                                                                | soc_watchRev2_i/myip_iic_cntr_0/inst/myip_iic_cntr_slave_lite_v1_0_S00_AXI_inst/slv_reg4[15]_i_1_n_0                                                        | soc_watchRev2_i/myip_iic_cntr_0/inst/myip_iic_cntr_slave_lite_v1_0_S00_AXI_inst/iic_lcd/send_byte_inst/master/cnt_us_clk/clk_ed/s00_axi_aresetn_0 |                3 |              8 |         2.67 |
|  soc_watchRev2_i/clk_wiz/inst/clk_out1                                                                | soc_watchRev2_i/myip_iic_cntr_0/inst/myip_iic_cntr_slave_lite_v1_0_S00_AXI_inst/slv_reg3[7]_i_1_n_0                                                         | soc_watchRev2_i/myip_iic_cntr_0/inst/myip_iic_cntr_slave_lite_v1_0_S00_AXI_inst/iic_lcd/send_byte_inst/master/cnt_us_clk/clk_ed/s00_axi_aresetn_0 |                1 |              8 |         8.00 |
|  soc_watchRev2_i/clk_wiz/inst/clk_out1                                                                | soc_watchRev2_i/myip_iic_cntr_0/inst/myip_iic_cntr_slave_lite_v1_0_S00_AXI_inst/slv_reg3[31]_i_1_n_0                                                        | soc_watchRev2_i/myip_iic_cntr_0/inst/myip_iic_cntr_slave_lite_v1_0_S00_AXI_inst/iic_lcd/send_byte_inst/master/cnt_us_clk/clk_ed/s00_axi_aresetn_0 |                1 |              8 |         8.00 |
|  soc_watchRev2_i/clk_wiz/inst/clk_out1                                                                | soc_watchRev2_i/myip_iic_cntr_0/inst/myip_iic_cntr_slave_lite_v1_0_S00_AXI_inst/slv_reg3[23]_i_1_n_0                                                        | soc_watchRev2_i/myip_iic_cntr_0/inst/myip_iic_cntr_slave_lite_v1_0_S00_AXI_inst/iic_lcd/send_byte_inst/master/cnt_us_clk/clk_ed/s00_axi_aresetn_0 |                3 |              8 |         2.67 |
|  soc_watchRev2_i/clk_wiz/inst/clk_out1                                                                | soc_watchRev2_i/myip_timer_0/inst/myip_timer_slave_lite_v1_0_S00_AXI_inst/slv_reg1[31]_i_1_n_0                                                              | soc_watchRev2_i/myip_timer_0/inst/myip_timer_slave_lite_v1_0_S00_AXI_inst/ctimer/ed_start/s00_axi_aresetn_0                                       |                2 |              8 |         4.00 |
|  soc_watchRev2_i/clk_wiz/inst/clk_out1                                                                | soc_watchRev2_i/myip_koreawatch_0/inst/myip_koreawatch_slave_lite_v1_0_S00_AXI_inst/slv_reg5[31]_i_1_n_0                                                    | soc_watchRev2_i/myip_koreawatch_0/inst/myip_koreawatch_slave_lite_v1_0_S00_AXI_inst/inst/ed_rxdone/AR[0]                                          |                2 |              8 |         4.00 |
|  soc_watchRev2_i/clk_wiz/inst/clk_out1                                                                | soc_watchRev2_i/myip_koreawatch_0/inst/myip_koreawatch_slave_lite_v1_0_S00_AXI_inst/slv_reg5[7]_i_1_n_0                                                     | soc_watchRev2_i/myip_koreawatch_0/inst/myip_koreawatch_slave_lite_v1_0_S00_AXI_inst/inst/ed_rxdone/AR[0]                                          |                2 |              8 |         4.00 |
|  soc_watchRev2_i/clk_wiz/inst/clk_out1                                                                | soc_watchRev2_i/myip_koreawatch_0/inst/myip_koreawatch_slave_lite_v1_0_S00_AXI_inst/slv_reg6[15]_i_1_n_0                                                    | soc_watchRev2_i/myip_koreawatch_0/inst/myip_koreawatch_slave_lite_v1_0_S00_AXI_inst/inst/ed_rxdone/AR[0]                                          |                2 |              8 |         4.00 |
|  soc_watchRev2_i/clk_wiz/inst/clk_out1                                                                | soc_watchRev2_i/myip_koreawatch_0/inst/myip_koreawatch_slave_lite_v1_0_S00_AXI_inst/slv_reg6[23]_i_1_n_0                                                    | soc_watchRev2_i/myip_koreawatch_0/inst/myip_koreawatch_slave_lite_v1_0_S00_AXI_inst/inst/ed_rxdone/AR[0]                                          |                3 |              8 |         2.67 |
|  soc_watchRev2_i/clk_wiz/inst/clk_out1                                                                | soc_watchRev2_i/myip_koreawatch_0/inst/myip_koreawatch_slave_lite_v1_0_S00_AXI_inst/slv_reg6[31]_i_1_n_0                                                    | soc_watchRev2_i/myip_koreawatch_0/inst/myip_koreawatch_slave_lite_v1_0_S00_AXI_inst/inst/ed_rxdone/AR[0]                                          |                3 |              8 |         2.67 |
|  soc_watchRev2_i/clk_wiz/inst/clk_out1                                                                | soc_watchRev2_i/myip_timer_0/inst/myip_timer_slave_lite_v1_0_S00_AXI_inst/slv_reg2[7]_i_1_n_0                                                               | soc_watchRev2_i/myip_timer_0/inst/myip_timer_slave_lite_v1_0_S00_AXI_inst/ctimer/ed_start/s00_axi_aresetn_0                                       |                1 |              8 |         8.00 |
|  soc_watchRev2_i/clk_wiz/inst/clk_out1                                                                | soc_watchRev2_i/myip_timer_0/inst/myip_timer_slave_lite_v1_0_S00_AXI_inst/slv_reg2[31]_i_1_n_0                                                              | soc_watchRev2_i/myip_timer_0/inst/myip_timer_slave_lite_v1_0_S00_AXI_inst/ctimer/ed_start/s00_axi_aresetn_0                                       |                1 |              8 |         8.00 |
|  soc_watchRev2_i/clk_wiz/inst/clk_out1                                                                | soc_watchRev2_i/myip_timer_0/inst/myip_timer_slave_lite_v1_0_S00_AXI_inst/slv_reg2[23]_i_1_n_0                                                              | soc_watchRev2_i/myip_timer_0/inst/myip_timer_slave_lite_v1_0_S00_AXI_inst/ctimer/ed_start/s00_axi_aresetn_0                                       |                2 |              8 |         4.00 |
|  soc_watchRev2_i/clk_wiz/inst/clk_out1                                                                | soc_watchRev2_i/myip_timer_0/inst/myip_timer_slave_lite_v1_0_S00_AXI_inst/slv_reg2[15]_i_1_n_0                                                              | soc_watchRev2_i/myip_timer_0/inst/myip_timer_slave_lite_v1_0_S00_AXI_inst/ctimer/ed_start/s00_axi_aresetn_0                                       |                2 |              8 |         4.00 |
|  soc_watchRev2_i/clk_wiz/inst/clk_out1                                                                | soc_watchRev2_i/myip_koreawatch_0/inst/myip_koreawatch_slave_lite_v1_0_S00_AXI_inst/slv_reg5[23]_i_1_n_0                                                    | soc_watchRev2_i/myip_koreawatch_0/inst/myip_koreawatch_slave_lite_v1_0_S00_AXI_inst/inst/ed_rxdone/AR[0]                                          |                3 |              8 |         2.67 |
|  soc_watchRev2_i/clk_wiz/inst/clk_out1                                                                | soc_watchRev2_i/myip_timer_0/inst/myip_timer_slave_lite_v1_0_S00_AXI_inst/slv_reg5[7]_i_1_n_0                                                               | soc_watchRev2_i/myip_timer_0/inst/myip_timer_slave_lite_v1_0_S00_AXI_inst/ctimer/ed_start/s00_axi_aresetn_0                                       |                2 |              8 |         4.00 |
|  soc_watchRev2_i/clk_wiz/inst/clk_out1                                                                | soc_watchRev2_i/myip_timer_0/inst/myip_timer_slave_lite_v1_0_S00_AXI_inst/slv_reg1[23]_i_1_n_0                                                              | soc_watchRev2_i/myip_timer_0/inst/myip_timer_slave_lite_v1_0_S00_AXI_inst/ctimer/ed_start/s00_axi_aresetn_0                                       |                2 |              8 |         4.00 |
|  soc_watchRev2_i/clk_wiz/inst/clk_out1                                                                | soc_watchRev2_i/myip_timer_0/inst/myip_timer_slave_lite_v1_0_S00_AXI_inst/slv_reg1[15]_i_1_n_0                                                              | soc_watchRev2_i/myip_timer_0/inst/myip_timer_slave_lite_v1_0_S00_AXI_inst/ctimer/ed_start/s00_axi_aresetn_0                                       |                2 |              8 |         4.00 |
|  soc_watchRev2_i/clk_wiz/inst/clk_out1                                                                | soc_watchRev2_i/myip_timer_0/inst/myip_timer_slave_lite_v1_0_S00_AXI_inst/slv_reg5[31]_i_1_n_0                                                              | soc_watchRev2_i/myip_timer_0/inst/myip_timer_slave_lite_v1_0_S00_AXI_inst/ctimer/ed_start/s00_axi_aresetn_0                                       |                4 |              8 |         2.00 |
|  soc_watchRev2_i/clk_wiz/inst/clk_out1                                                                | soc_watchRev2_i/myip_timer_0/inst/myip_timer_slave_lite_v1_0_S00_AXI_inst/slv_reg0[7]_i_1_n_0                                                               | soc_watchRev2_i/myip_timer_0/inst/myip_timer_slave_lite_v1_0_S00_AXI_inst/ctimer/ed_start/s00_axi_aresetn_0                                       |                1 |              8 |         8.00 |
|  soc_watchRev2_i/clk_wiz/inst/clk_out1                                                                | soc_watchRev2_i/myip_timer_0/inst/myip_timer_slave_lite_v1_0_S00_AXI_inst/slv_reg0[31]_i_1_n_0                                                              | soc_watchRev2_i/myip_timer_0/inst/myip_timer_slave_lite_v1_0_S00_AXI_inst/ctimer/ed_start/s00_axi_aresetn_0                                       |                1 |              8 |         8.00 |
|  soc_watchRev2_i/clk_wiz/inst/clk_out1                                                                | soc_watchRev2_i/myip_timer_0/inst/myip_timer_slave_lite_v1_0_S00_AXI_inst/slv_reg0[23]_i_1_n_0                                                              | soc_watchRev2_i/myip_timer_0/inst/myip_timer_slave_lite_v1_0_S00_AXI_inst/ctimer/ed_start/s00_axi_aresetn_0                                       |                3 |              8 |         2.67 |
|  soc_watchRev2_i/clk_wiz/inst/clk_out1                                                                | soc_watchRev2_i/myip_timer_0/inst/myip_timer_slave_lite_v1_0_S00_AXI_inst/slv_reg0[15]_i_1_n_0                                                              | soc_watchRev2_i/myip_timer_0/inst/myip_timer_slave_lite_v1_0_S00_AXI_inst/ctimer/ed_start/s00_axi_aresetn_0                                       |                3 |              8 |         2.67 |
|  soc_watchRev2_i/clk_wiz/inst/clk_out1                                                                | soc_watchRev2_i/myip_timer_0/inst/myip_timer_slave_lite_v1_0_S00_AXI_inst/slv_reg5[23]_i_1_n_0                                                              | soc_watchRev2_i/myip_timer_0/inst/myip_timer_slave_lite_v1_0_S00_AXI_inst/ctimer/ed_start/s00_axi_aresetn_0                                       |                2 |              8 |         4.00 |
|  soc_watchRev2_i/clk_wiz/inst/clk_out1                                                                | soc_watchRev2_i/myip_koreawatch_0/inst/myip_koreawatch_slave_lite_v1_0_S00_AXI_inst/slv_reg0[31]_i_1_n_0                                                    | soc_watchRev2_i/myip_koreawatch_0/inst/myip_koreawatch_slave_lite_v1_0_S00_AXI_inst/inst/ed_rxdone/AR[0]                                          |                2 |              8 |         4.00 |
|  soc_watchRev2_i/clk_wiz/inst/clk_out1                                                                | soc_watchRev2_i/myip_koreawatch_0/inst/myip_koreawatch_slave_lite_v1_0_S00_AXI_inst/slv_reg7[15]_i_1_n_0                                                    | soc_watchRev2_i/myip_koreawatch_0/inst/myip_koreawatch_slave_lite_v1_0_S00_AXI_inst/inst/ed_rxdone/AR[0]                                          |                3 |              8 |         2.67 |
|  soc_watchRev2_i/clk_wiz/inst/clk_out1                                                                | soc_watchRev2_i/myip_koreawatch_0/inst/myip_koreawatch_slave_lite_v1_0_S00_AXI_inst/slv_reg6[7]_i_1_n_0                                                     | soc_watchRev2_i/myip_koreawatch_0/inst/myip_koreawatch_slave_lite_v1_0_S00_AXI_inst/inst/ed_rxdone/AR[0]                                          |                3 |              8 |         2.67 |
|  soc_watchRev2_i/clk_wiz/inst/clk_out1                                                                | soc_watchRev2_i/myip_timer_0/inst/myip_timer_slave_lite_v1_0_S00_AXI_inst/slv_reg7[7]_i_1_n_0                                                               | soc_watchRev2_i/myip_timer_0/inst/myip_timer_slave_lite_v1_0_S00_AXI_inst/ctimer/ed_start/s00_axi_aresetn_0                                       |                3 |              8 |         2.67 |
|  soc_watchRev2_i/clk_wiz/inst/clk_out1                                                                | soc_watchRev2_i/myip_timer_0/inst/myip_timer_slave_lite_v1_0_S00_AXI_inst/slv_reg7[31]_i_1_n_0                                                              | soc_watchRev2_i/myip_timer_0/inst/myip_timer_slave_lite_v1_0_S00_AXI_inst/ctimer/ed_start/s00_axi_aresetn_0                                       |                4 |              8 |         2.00 |
|  soc_watchRev2_i/clk_wiz/inst/clk_out1                                                                | soc_watchRev2_i/myip_timer_0/inst/myip_timer_slave_lite_v1_0_S00_AXI_inst/slv_reg7[23]_i_1_n_0                                                              | soc_watchRev2_i/myip_timer_0/inst/myip_timer_slave_lite_v1_0_S00_AXI_inst/ctimer/ed_start/s00_axi_aresetn_0                                       |                4 |              8 |         2.00 |
|  soc_watchRev2_i/clk_wiz/inst/clk_out1                                                                | soc_watchRev2_i/myip_timer_0/inst/myip_timer_slave_lite_v1_0_S00_AXI_inst/slv_reg7[15]_i_1_n_0                                                              | soc_watchRev2_i/myip_timer_0/inst/myip_timer_slave_lite_v1_0_S00_AXI_inst/ctimer/ed_start/s00_axi_aresetn_0                                       |                4 |              8 |         2.00 |
|  soc_watchRev2_i/clk_wiz/inst/clk_out1                                                                | soc_watchRev2_i/myip_timer_0/inst/myip_timer_slave_lite_v1_0_S00_AXI_inst/slv_reg6[7]_i_1_n_0                                                               | soc_watchRev2_i/myip_timer_0/inst/myip_timer_slave_lite_v1_0_S00_AXI_inst/ctimer/ed_start/s00_axi_aresetn_0                                       |                4 |              8 |         2.00 |
|  soc_watchRev2_i/clk_wiz/inst/clk_out1                                                                | soc_watchRev2_i/myip_koreawatch_0/inst/myip_koreawatch_slave_lite_v1_0_S00_AXI_inst/slv_reg0[15]_i_1_n_0                                                    | soc_watchRev2_i/myip_koreawatch_0/inst/myip_koreawatch_slave_lite_v1_0_S00_AXI_inst/inst/ed_rxdone/AR[0]                                          |                2 |              8 |         4.00 |
|  soc_watchRev2_i/clk_wiz/inst/clk_out1                                                                | soc_watchRev2_i/myip_koreawatch_0/inst/myip_koreawatch_slave_lite_v1_0_S00_AXI_inst/slv_reg0[23]_i_1_n_0                                                    | soc_watchRev2_i/myip_koreawatch_0/inst/myip_koreawatch_slave_lite_v1_0_S00_AXI_inst/inst/ed_rxdone/AR[0]                                          |                4 |              8 |         2.00 |
|  soc_watchRev2_i/clk_wiz/inst/clk_out1                                                                | soc_watchRev2_i/myip_koreawatch_0/inst/myip_koreawatch_slave_lite_v1_0_S00_AXI_inst/slv_reg7[23]_i_1_n_0                                                    | soc_watchRev2_i/myip_koreawatch_0/inst/myip_koreawatch_slave_lite_v1_0_S00_AXI_inst/inst/ed_rxdone/AR[0]                                          |                2 |              8 |         4.00 |
|  soc_watchRev2_i/clk_wiz/inst/clk_out1                                                                | soc_watchRev2_i/myip_koreawatch_0/inst/myip_koreawatch_slave_lite_v1_0_S00_AXI_inst/slv_reg0[7]_i_1_n_0                                                     | soc_watchRev2_i/myip_koreawatch_0/inst/myip_koreawatch_slave_lite_v1_0_S00_AXI_inst/inst/ed_rxdone/AR[0]                                          |                3 |              8 |         2.67 |
|  soc_watchRev2_i/clk_wiz/inst/clk_out1                                                                | soc_watchRev2_i/myip_koreawatch_0/inst/myip_koreawatch_slave_lite_v1_0_S00_AXI_inst/slv_reg4[15]_i_1_n_0                                                    | soc_watchRev2_i/myip_koreawatch_0/inst/myip_koreawatch_slave_lite_v1_0_S00_AXI_inst/inst/ed_rxdone/AR[0]                                          |                2 |              8 |         4.00 |
|  soc_watchRev2_i/clk_wiz/inst/clk_out1                                                                | soc_watchRev2_i/myip_timer_0/inst/myip_timer_slave_lite_v1_0_S00_AXI_inst/slv_reg6[31]_i_1_n_0                                                              | soc_watchRev2_i/myip_timer_0/inst/myip_timer_slave_lite_v1_0_S00_AXI_inst/ctimer/ed_start/s00_axi_aresetn_0                                       |                4 |              8 |         2.00 |
|  soc_watchRev2_i/clk_wiz/inst/clk_out1                                                                | soc_watchRev2_i/myip_koreawatch_0/inst/myip_koreawatch_slave_lite_v1_0_S00_AXI_inst/slv_reg4[23]_i_1_n_0                                                    | soc_watchRev2_i/myip_koreawatch_0/inst/myip_koreawatch_slave_lite_v1_0_S00_AXI_inst/inst/ed_rxdone/AR[0]                                          |                1 |              8 |         8.00 |
|  soc_watchRev2_i/clk_wiz/inst/clk_out1                                                                | soc_watchRev2_i/myip_koreawatch_0/inst/myip_koreawatch_slave_lite_v1_0_S00_AXI_inst/slv_reg4[31]_i_1_n_0                                                    | soc_watchRev2_i/myip_koreawatch_0/inst/myip_koreawatch_slave_lite_v1_0_S00_AXI_inst/inst/ed_rxdone/AR[0]                                          |                2 |              8 |         4.00 |
|  soc_watchRev2_i/clk_wiz/inst/clk_out1                                                                | soc_watchRev2_i/myip_timer_0/inst/myip_timer_slave_lite_v1_0_S00_AXI_inst/slv_reg6[23]_i_1_n_0                                                              | soc_watchRev2_i/myip_timer_0/inst/myip_timer_slave_lite_v1_0_S00_AXI_inst/ctimer/ed_start/s00_axi_aresetn_0                                       |                2 |              8 |         4.00 |
|  soc_watchRev2_i/clk_wiz/inst/clk_out1                                                                | soc_watchRev2_i/myip_koreawatch_0/inst/myip_koreawatch_slave_lite_v1_0_S00_AXI_inst/slv_reg4[7]_i_1_n_0                                                     | soc_watchRev2_i/myip_koreawatch_0/inst/myip_koreawatch_slave_lite_v1_0_S00_AXI_inst/inst/ed_rxdone/AR[0]                                          |                3 |              8 |         2.67 |
|  soc_watchRev2_i/clk_wiz/inst/clk_out1                                                                | soc_watchRev2_i/myip_koreawatch_0/inst/myip_koreawatch_slave_lite_v1_0_S00_AXI_inst/slv_reg5[15]_i_1_n_0                                                    | soc_watchRev2_i/myip_koreawatch_0/inst/myip_koreawatch_slave_lite_v1_0_S00_AXI_inst/inst/ed_rxdone/AR[0]                                          |                1 |              8 |         8.00 |
|  soc_watchRev2_i/clk_wiz/inst/clk_out1                                                                | soc_watchRev2_i/myip_timer_0/inst/myip_timer_slave_lite_v1_0_S00_AXI_inst/slv_reg6[15]_i_1_n_0                                                              | soc_watchRev2_i/myip_timer_0/inst/myip_timer_slave_lite_v1_0_S00_AXI_inst/ctimer/ed_start/s00_axi_aresetn_0                                       |                3 |              8 |         2.67 |
|  soc_watchRev2_i/clk_wiz/inst/clk_out1                                                                | soc_watchRev2_i/axi_uartlite_0/U0/AXI_LITE_IPIF_I/I_SLAVE_ATTACHMENT/I_DECODER/fifo_wr                                                                      |                                                                                                                                                   |                1 |              8 |         8.00 |
|  soc_watchRev2_i/clk_wiz/inst/clk_out1                                                                | soc_watchRev2_i/axi_gpio_0/U0/AXI_LITE_IPIF_I/I_SLAVE_ATTACHMENT/bus2ip_addr_i[8]_i_1_n_0                                                                   | soc_watchRev2_i/axi_gpio_0/U0/AXI_LITE_IPIF_I/I_SLAVE_ATTACHMENT/SR[0]                                                                            |                2 |              8 |         4.00 |
|  soc_watchRev2_i/clk_wiz/inst/clk_out1                                                                | soc_watchRev2_i/myip_stopwatch_0/inst/myip_stopwatch_slave_lite_v1_0_S00_AXI_inst/slv_reg0[15]_i_1_n_0                                                      | soc_watchRev2_i/myip_stopwatch_0/inst/myip_stopwatch_slave_lite_v1_0_S00_AXI_inst/stop_watch_inst/ed_clear/AR[0]                                  |                4 |              8 |         2.00 |
|  soc_watchRev2_i/clk_wiz/inst/clk_out1                                                                | soc_watchRev2_i/myip_stopwatch_0/inst/myip_stopwatch_slave_lite_v1_0_S00_AXI_inst/slv_reg0[23]_i_1_n_0                                                      | soc_watchRev2_i/myip_stopwatch_0/inst/myip_stopwatch_slave_lite_v1_0_S00_AXI_inst/stop_watch_inst/ed_clear/AR[0]                                  |                3 |              8 |         2.67 |
|  soc_watchRev2_i/clk_wiz/inst/clk_out1                                                                | soc_watchRev2_i/myip_stopwatch_0/inst/myip_stopwatch_slave_lite_v1_0_S00_AXI_inst/slv_reg0[31]_i_1_n_0                                                      | soc_watchRev2_i/myip_stopwatch_0/inst/myip_stopwatch_slave_lite_v1_0_S00_AXI_inst/stop_watch_inst/ed_clear/AR[0]                                  |                3 |              8 |         2.67 |
|  soc_watchRev2_i/clk_wiz/inst/clk_out1                                                                | soc_watchRev2_i/myip_stopwatch_0/inst/myip_stopwatch_slave_lite_v1_0_S00_AXI_inst/slv_reg0[7]_i_1_n_0                                                       | soc_watchRev2_i/myip_stopwatch_0/inst/myip_stopwatch_slave_lite_v1_0_S00_AXI_inst/stop_watch_inst/ed_clear/AR[0]                                  |                3 |              8 |         2.67 |
|  soc_watchRev2_i/mdm_1/U0/Use_E2.BSCAN_I/tck_BUFG                                                     | soc_watchRev2_i/mdm_1/U0/Use_E2.BSCAN_I/Use_E2.BSCANE2_I_2[0]                                                                                               |                                                                                                                                                   |                2 |              8 |         4.00 |
|  soc_watchRev2_i/mdm_1/U0/Use_E2.BSCAN_I/tck_BUFG                                                     | soc_watchRev2_i/mdm_1/U0/Use_E2.BSCAN_I/E[0]                                                                                                                | soc_watchRev2_i/mdm_1/U0/Use_E2.BSCAN_I/Use_JTAG_BSCAN.tms_ok                                                                                     |                2 |              8 |         4.00 |
|  soc_watchRev2_i/clk_wiz/inst/clk_out1                                                                | soc_watchRev2_i/myip_stopwatch_0/inst/myip_stopwatch_slave_lite_v1_0_S00_AXI_inst/slv_reg6[31]_i_1_n_0                                                      | soc_watchRev2_i/myip_stopwatch_0/inst/myip_stopwatch_slave_lite_v1_0_S00_AXI_inst/stop_watch_inst/ed_clear/AR[0]                                  |                2 |              8 |         4.00 |
|  soc_watchRev2_i/clk_wiz/inst/clk_out1                                                                | soc_watchRev2_i/myip_stopwatch_0/inst/myip_stopwatch_slave_lite_v1_0_S00_AXI_inst/slv_reg7[15]_i_1_n_0                                                      | soc_watchRev2_i/myip_stopwatch_0/inst/myip_stopwatch_slave_lite_v1_0_S00_AXI_inst/stop_watch_inst/ed_clear/AR[0]                                  |                3 |              8 |         2.67 |
|  soc_watchRev2_i/clk_wiz/inst/clk_out1                                                                | soc_watchRev2_i/myip_stopwatch_0/inst/myip_stopwatch_slave_lite_v1_0_S00_AXI_inst/slv_reg6[7]_i_1_n_0                                                       | soc_watchRev2_i/myip_stopwatch_0/inst/myip_stopwatch_slave_lite_v1_0_S00_AXI_inst/stop_watch_inst/ed_clear/AR[0]                                  |                2 |              8 |         4.00 |
|  soc_watchRev2_i/clk_wiz/inst/clk_out1                                                                | soc_watchRev2_i/myip_timer_0/inst/myip_timer_slave_lite_v1_0_S00_AXI_inst/ctimer/ed_start/dcnt_set_reg[0]                                                   | soc_watchRev2_i/myip_timer_0/inst/myip_timer_slave_lite_v1_0_S00_AXI_inst/ctimer/ed_start/s00_axi_aresetn_0                                       |                2 |              8 |         4.00 |
|  soc_watchRev2_i/clk_wiz/inst/clk_out1                                                                | soc_watchRev2_i/myip_stopwatch_0/inst/myip_stopwatch_slave_lite_v1_0_S00_AXI_inst/slv_reg7[7]_i_1_n_0                                                       | soc_watchRev2_i/myip_stopwatch_0/inst/myip_stopwatch_slave_lite_v1_0_S00_AXI_inst/stop_watch_inst/ed_clear/AR[0]                                  |                5 |              8 |         1.60 |
|  soc_watchRev2_i/clk_wiz/inst/clk_out1                                                                | soc_watchRev2_i/myip_stopwatch_0/inst/myip_stopwatch_slave_lite_v1_0_S00_AXI_inst/slv_reg7[23]_i_1_n_0                                                      | soc_watchRev2_i/myip_stopwatch_0/inst/myip_stopwatch_slave_lite_v1_0_S00_AXI_inst/stop_watch_inst/ed_clear/AR[0]                                  |                4 |              8 |         2.00 |
|  soc_watchRev2_i/clk_wiz/inst/clk_out1                                                                | soc_watchRev2_i/myip_stopwatch_0/inst/myip_stopwatch_slave_lite_v1_0_S00_AXI_inst/slv_reg7[31]_i_1_n_0                                                      | soc_watchRev2_i/myip_stopwatch_0/inst/myip_stopwatch_slave_lite_v1_0_S00_AXI_inst/stop_watch_inst/ed_clear/AR[0]                                  |                3 |              8 |         2.67 |
|  soc_watchRev2_i/clk_wiz/inst/clk_out1                                                                | soc_watchRev2_i/myip_stopwatch_0/inst/myip_stopwatch_slave_lite_v1_0_S00_AXI_inst/slv_reg6[15]_i_1_n_0                                                      | soc_watchRev2_i/myip_stopwatch_0/inst/myip_stopwatch_slave_lite_v1_0_S00_AXI_inst/stop_watch_inst/ed_clear/AR[0]                                  |                2 |              8 |         4.00 |
|  soc_watchRev2_i/clk_wiz/inst/clk_out1                                                                | soc_watchRev2_i/myip_stopwatch_0/inst/myip_stopwatch_slave_lite_v1_0_S00_AXI_inst/slv_reg4[23]_i_1_n_0                                                      | soc_watchRev2_i/myip_stopwatch_0/inst/myip_stopwatch_slave_lite_v1_0_S00_AXI_inst/stop_watch_inst/ed_clear/AR[0]                                  |                1 |              8 |         8.00 |
|  soc_watchRev2_i/clk_wiz/inst/clk_out1                                                                | soc_watchRev2_i/myip_koreawatch_0/inst/myip_koreawatch_slave_lite_v1_0_S00_AXI_inst/inst/ed_rxdone/sync_step_reg[1]_0[0]                                    | soc_watchRev2_i/myip_koreawatch_0/inst/myip_koreawatch_slave_lite_v1_0_S00_AXI_inst/inst/ed_rxdone/AR[0]                                          |                4 |              8 |         2.00 |
|  soc_watchRev2_i/clk_wiz/inst/clk_out1                                                                | soc_watchRev2_i/microblaze_riscv_0_axi_intc/U0/AXI_LITE_IPIF_I/I_SLAVE_ATTACHMENT/bus2ip_addr_i[8]_i_1_n_0                                                  | soc_watchRev2_i/microblaze_riscv_0_axi_intc/U0/AXI_LITE_IPIF_I/I_SLAVE_ATTACHMENT/rst                                                             |                2 |              8 |         4.00 |
|  soc_watchRev2_i/clk_wiz/inst/clk_out1                                                                | soc_watchRev2_i/axi_uartlite_0/U0/UARTLITE_CORE_I/UARTLITE_RX_I/SRL_FIFO_I/I_SRL_FIFO_RBU_F/DYNSHREG_F_I/fifo_wr                                            |                                                                                                                                                   |                1 |              8 |         8.00 |
|  soc_watchRev2_i/clk_wiz/inst/clk_out1                                                                | soc_watchRev2_i/myip_stopwatch_0/inst/myip_stopwatch_slave_lite_v1_0_S00_AXI_inst/slv_reg4[15]_i_1_n_0                                                      | soc_watchRev2_i/myip_stopwatch_0/inst/myip_stopwatch_slave_lite_v1_0_S00_AXI_inst/stop_watch_inst/ed_clear/AR[0]                                  |                4 |              8 |         2.00 |
|  soc_watchRev2_i/clk_wiz/inst/clk_out1                                                                | soc_watchRev2_i/myip_stopwatch_0/inst/myip_stopwatch_slave_lite_v1_0_S00_AXI_inst/slv_reg5[31]_i_1_n_0                                                      | soc_watchRev2_i/myip_stopwatch_0/inst/myip_stopwatch_slave_lite_v1_0_S00_AXI_inst/stop_watch_inst/ed_clear/AR[0]                                  |                2 |              8 |         4.00 |
|  soc_watchRev2_i/clk_wiz/inst/clk_out1                                                                | soc_watchRev2_i/myip_stopwatch_0/inst/myip_stopwatch_slave_lite_v1_0_S00_AXI_inst/slv_reg5[7]_i_1_n_0                                                       | soc_watchRev2_i/myip_stopwatch_0/inst/myip_stopwatch_slave_lite_v1_0_S00_AXI_inst/stop_watch_inst/ed_clear/AR[0]                                  |                1 |              8 |         8.00 |
|  soc_watchRev2_i/clk_wiz/inst/clk_out1                                                                | soc_watchRev2_i/myip_stopwatch_0/inst/myip_stopwatch_slave_lite_v1_0_S00_AXI_inst/slv_reg5[15]_i_1_n_0                                                      | soc_watchRev2_i/myip_stopwatch_0/inst/myip_stopwatch_slave_lite_v1_0_S00_AXI_inst/stop_watch_inst/ed_clear/AR[0]                                  |                3 |              8 |         2.67 |
|  soc_watchRev2_i/clk_wiz/inst/clk_out1                                                                | soc_watchRev2_i/myip_stopwatch_0/inst/myip_stopwatch_slave_lite_v1_0_S00_AXI_inst/slv_reg5[23]_i_1_n_0                                                      | soc_watchRev2_i/myip_stopwatch_0/inst/myip_stopwatch_slave_lite_v1_0_S00_AXI_inst/stop_watch_inst/ed_clear/AR[0]                                  |                1 |              8 |         8.00 |
|  soc_watchRev2_i/clk_wiz/inst/clk_out1                                                                | soc_watchRev2_i/myip_stopwatch_0/inst/myip_stopwatch_slave_lite_v1_0_S00_AXI_inst/slv_reg4[7]_i_1_n_0                                                       | soc_watchRev2_i/myip_stopwatch_0/inst/myip_stopwatch_slave_lite_v1_0_S00_AXI_inst/stop_watch_inst/ed_clear/AR[0]                                  |                2 |              8 |         4.00 |
|  soc_watchRev2_i/clk_wiz/inst/clk_out1                                                                | soc_watchRev2_i/myip_stopwatch_0/inst/myip_stopwatch_slave_lite_v1_0_S00_AXI_inst/slv_reg4[31]_i_1_n_0                                                      | soc_watchRev2_i/myip_stopwatch_0/inst/myip_stopwatch_slave_lite_v1_0_S00_AXI_inst/stop_watch_inst/ed_clear/AR[0]                                  |                2 |              8 |         4.00 |
|  soc_watchRev2_i/clk_wiz/inst/clk_out1                                                                | soc_watchRev2_i/axi_uartlite_0/U0/AXI_LITE_IPIF_I/I_SLAVE_ATTACHMENT/s_axi_rresp_i                                                                          | soc_watchRev2_i/axi_uartlite_0/U0/AXI_LITE_IPIF_I/I_SLAVE_ATTACHMENT/rst                                                                          |                3 |              9 |         3.00 |
|  soc_watchRev2_i/clk_wiz/inst/clk_out1                                                                | soc_watchRev2_i/myip_iic_cntr_0/inst/myip_iic_cntr_slave_lite_v1_0_S00_AXI_inst/iic_lcd/send_byte_inst/busy_reg_0[0]                                        | soc_watchRev2_i/myip_iic_cntr_0/inst/myip_iic_cntr_slave_lite_v1_0_S00_AXI_inst/iic_lcd/send_byte_inst/master/cnt_us_clk/clk_ed/s00_axi_aresetn_0 |                4 |             11 |         2.75 |
|  soc_watchRev2_i/clk_wiz/inst/clk_out1                                                                |                                                                                                                                                             | soc_watchRev2_i/axi_uartlite_0/U0/AXI_LITE_IPIF_I/I_SLAVE_ATTACHMENT/rst                                                                          |                4 |             11 |         2.75 |
|  soc_watchRev2_i/mdm_1/U0/Use_E2.BSCAN_I/tck_BUFG                                                     |                                                                                                                                                             |                                                                                                                                                   |                5 |             11 |         2.20 |
|  soc_watchRev2_i/clk_wiz/inst/clk_out1                                                                |                                                                                                                                                             | soc_watchRev2_i/microblaze_riscv_0_axi_intc/U0/AXI_LITE_IPIF_I/I_SLAVE_ATTACHMENT/rst                                                             |                4 |             12 |         3.00 |
|  soc_watchRev2_i/clk_wiz/inst/clk_out1                                                                |                                                                                                                                                             | soc_watchRev2_i/myip_timer_0/inst/myip_timer_slave_lite_v1_0_S00_AXI_inst/ctimer/ed_start/s00_axi_aresetn_0                                       |                5 |             14 |         2.80 |
|  soc_watchRev2_i/clk_wiz/inst/clk_out1                                                                |                                                                                                                                                             | soc_watchRev2_i/myip_koreawatch_0/inst/myip_koreawatch_slave_lite_v1_0_S00_AXI_inst/inst/ed_rxdone/AR[0]                                          |                5 |             15 |         3.00 |
|  soc_watchRev2_i/mdm_1/U0/MDM_Core_I1/JTAG_CONTROL_I/Test_Access_Port.BUFG_DRCK/Using_FPGA.Native_0   | soc_watchRev2_i/mdm_1/U0/MDM_Core_I1/JTAG_CONTROL_I/dmistat15_out                                                                                           |                                                                                                                                                   |                5 |             15 |         3.00 |
|  soc_watchRev2_i/clk_wiz/inst/clk_out1                                                                | soc_watchRev2_i/microblaze_riscv_0/U0/riscv_core_I/Base.Core/Decode_I/jump_logic_I1/MB_MUXCY_EX_Jump2/Using_FPGA.Native_I2_4[0]                             | soc_watchRev2_i/microblaze_riscv_0/U0/riscv_core_I/sync_reset                                                                                     |                8 |             16 |         2.00 |
|  soc_watchRev2_i/clk_wiz/inst/clk_out1                                                                |                                                                                                                                                             | soc_watchRev2_i/myip_stopwatch_0/inst/myip_stopwatch_slave_lite_v1_0_S00_AXI_inst/stop_watch_inst/ed_clear/AR[0]                                  |                6 |             17 |         2.83 |
|  soc_watchRev2_i/mdm_1/U0/Use_JTAG_BSCAN.BUFG_JTAG_TCK/Use_JTAG_BSCAN.tck_int                         |                                                                                                                                                             |                                                                                                                                                   |                4 |             17 |         4.25 |
|  soc_watchRev2_i/clk_wiz/inst/clk_out1                                                                | soc_watchRev2_i/microblaze_riscv_0/U0/riscv_core_I/Base.Core/Use_Debug_Logic.Master_Core.Debug_Perf/Using_FPGA.Native[0]                                    | soc_watchRev2_i/microblaze_riscv_0/U0/riscv_core_I/sync_reset                                                                                     |                5 |             17 |         3.40 |
|  soc_watchRev2_i/clk_wiz/inst/clk_out1                                                                | soc_watchRev2_i/microblaze_riscv_0/U0/riscv_core_I/Base.Core/Use_Debug_Logic.Master_Core.Debug_Perf/E[0]                                                    | soc_watchRev2_i/microblaze_riscv_0/U0/riscv_core_I/sync_reset                                                                                     |                5 |             17 |         3.40 |
|  soc_watchRev2_i/clk_wiz/inst/clk_out1                                                                |                                                                                                                                                             | soc_watchRev2_i/microblaze_riscv_0_axi_periph/xbar/inst/gen_sasd.crossbar_sasd_0/addr_arbiter_inst/SR[0]                                          |                9 |             18 |         2.00 |
|  soc_watchRev2_i/clk_wiz/inst/clk_out1                                                                | soc_watchRev2_i/microblaze_riscv_0/U0/riscv_core_I/Base.Core/Decode_I/mem_wait_on_ready_N_carry_or/MUXCY_I/lopt_1                                           | soc_watchRev2_i/microblaze_riscv_0/U0/riscv_core_I/sync_reset                                                                                     |                7 |             18 |         2.57 |
|  soc_watchRev2_i/clk_wiz/inst/clk_out1                                                                | soc_watchRev2_i/microblaze_riscv_0_axi_intc/U0/AXI_LITE_IPIF_I/I_SLAVE_ATTACHMENT/start2                                                                    | soc_watchRev2_i/microblaze_riscv_0_axi_intc/U0/AXI_LITE_IPIF_I/I_SLAVE_ATTACHMENT/I_DECODER/cs_ce_clr                                             |                5 |             19 |         3.80 |
|  soc_watchRev2_i/mdm_1/U0/MDM_Core_I1/JTAG_CONTROL_I/Test_Access_Port.BUFG_UPDATE/Using_FPGA.Native_0 |                                                                                                                                                             |                                                                                                                                                   |               10 |             20 |         2.00 |
|  soc_watchRev2_i/clk_wiz/inst/clk_out1                                                                | soc_watchRev2_i/microblaze_riscv_0/U0/riscv_core_I/Base.Core/Decode_I/Use_MuxCy[11].OF_Piperun_Stage/MUXCY_I/lopt_4                                         | soc_watchRev2_i/microblaze_riscv_0/U0/riscv_core_I/Base.Core/Decode_I/PreFetch_Buffer_I/INSTR_BUFFER_I1/SR[0]                                     |                7 |             20 |         2.86 |
|  soc_watchRev2_i/clk_wiz/inst/clk_out1                                                                | soc_watchRev2_i/axi_gpio_0/U0/AXI_LITE_IPIF_I/I_SLAVE_ATTACHMENT/start2                                                                                     | soc_watchRev2_i/axi_gpio_0/U0/AXI_LITE_IPIF_I/I_SLAVE_ATTACHMENT/I_DECODER/cs_ce_clr                                                              |                4 |             21 |         5.25 |
|  soc_watchRev2_i/mdm_1/U0/Use_E2.BSCAN_I/tck_BUFG                                                     |                                                                                                                                                             | soc_watchRev2_i/mdm_1/U0/Use_E2.BSCAN_I/Use_JTAG_BSCAN.id_flag_reg                                                                                |                3 |             21 |         7.00 |
| ~soc_watchRev2_i/clk_wiz/inst/clk_out1                                                                | soc_watchRev2_i/myip_iic_cntr_0/inst/myip_iic_cntr_slave_lite_v1_0_S00_AXI_inst/iic_lcd/send_byte_inst/cnt_us_clk/clk_ed/ff_old_reg_0                       | soc_watchRev2_i/myip_iic_cntr_0/inst/myip_iic_cntr_slave_lite_v1_0_S00_AXI_inst/iic_lcd/send_byte_inst/master/cnt_us_clk/clk_ed/s00_axi_aresetn_0 |                6 |             22 |         3.67 |
|  soc_watchRev2_i/clk_wiz/inst/clk_out1                                                                | soc_watchRev2_i/microblaze_riscv_0_axi_periph/xbar/inst/gen_sasd.crossbar_sasd_0/addr_arbiter_inst/p_0_in1_in                                               | soc_watchRev2_i/microblaze_riscv_0_axi_periph/xbar/inst/gen_sasd.crossbar_sasd_0/addr_arbiter_inst/SR[0]                                          |                6 |             23 |         3.83 |
|  soc_watchRev2_i/clk_wiz/inst/clk_out1                                                                |                                                                                                                                                             | soc_watchRev2_i/microblaze_riscv_0_axi_intc/U0/INTC_CORE_I/SR[0]                                                                                  |               10 |             27 |         2.70 |
|  soc_watchRev2_i/clk_wiz/inst/clk_out1                                                                |                                                                                                                                                             | soc_watchRev2_i/microblaze_riscv_0/U0/riscv_core_I/Base.Core/Decode_I/Use_MuxCy[13].OF_Piperun_Stage/MUXCY_I/ex_cmul_op_i                         |                9 |             27 |         3.00 |
|  soc_watchRev2_i/clk_wiz/inst/clk_out1                                                                | soc_watchRev2_i/axi_uartlite_0/U0/UARTLITE_CORE_I/BAUD_RATE_I/en_16x_Baud                                                                                   | soc_watchRev2_i/axi_uartlite_0/U0/UARTLITE_CORE_I/UARTLITE_RX_I/s_axi_aresetn_0                                                                   |                6 |             28 |         4.67 |
|  soc_watchRev2_i/clk_wiz/inst/clk_out1                                                                | soc_watchRev2_i/microblaze_riscv_0/U0/riscv_core_I/Base.Core/Decode_I/ex_Sel_CSR_i_reg[mtvec]_0[0]                                                          | soc_watchRev2_i/microblaze_riscv_0/U0/riscv_core_I/sync_reset                                                                                     |               10 |             30 |         3.00 |
|  soc_watchRev2_i/clk_wiz/inst/clk_out1                                                                | soc_watchRev2_i/microblaze_riscv_0/U0/riscv_core_I/Base.Core/Decode_I/No_Short_Pipe_5.Using_FPGA.Gen_Bits[1].MEM_EX_Result_Inst/ex_Sel_CSR_i_reg[mepc][0]   | soc_watchRev2_i/microblaze_riscv_0/U0/riscv_core_I/sync_reset                                                                                     |               11 |             30 |         2.73 |
|  soc_watchRev2_i/clk_wiz/inst/clk_out1                                                                |                                                                                                                                                             | soc_watchRev2_i/axi_uartlite_0/U0/UARTLITE_CORE_I/UARTLITE_RX_I/s_axi_aresetn_0                                                                   |               14 |             31 |         2.21 |
|  soc_watchRev2_i/mdm_1/U0/MDM_Core_I1/JTAG_CONTROL_I/Test_Access_Port.BUFG_UPDATE/Using_FPGA.Native_0 | soc_watchRev2_i/microblaze_riscv_0/U0/riscv_core_I/Base.Core/Use_Debug_Logic.Master_Core.Debug_Perf/progbuf0_reg0                                           |                                                                                                                                                   |               12 |             32 |         2.67 |
|  soc_watchRev2_i/mdm_1/U0/MDM_Core_I1/JTAG_CONTROL_I/Test_Access_Port.BUFG_UPDATE/Using_FPGA.Native_0 | soc_watchRev2_i/microblaze_riscv_0/U0/riscv_core_I/Base.Core/Use_Debug_Logic.Master_Core.Debug_Perf/data0_write_reg0                                        |                                                                                                                                                   |                7 |             32 |         4.57 |
|  soc_watchRev2_i/clk_wiz/inst/clk_out1                                                                | soc_watchRev2_i/microblaze_riscv_0/U0/riscv_core_I/Base.Core/Decode_I/ex_Sel_CSR_i_reg[dpc]_0[0]                                                            | soc_watchRev2_i/microblaze_riscv_0/U0/riscv_core_I/sync_reset                                                                                     |               10 |             32 |         3.20 |
|  soc_watchRev2_i/clk_wiz/inst/clk_out1                                                                | soc_watchRev2_i/myip_timer_0/inst/myip_timer_slave_lite_v1_0_S00_AXI_inst/ctimer/cnt_sysclk0                                                                | soc_watchRev2_i/myip_timer_0/inst/myip_timer_slave_lite_v1_0_S00_AXI_inst/ctimer/ed_start/s00_axi_aresetn_0                                       |                8 |             32 |         4.00 |
|  soc_watchRev2_i/clk_wiz/inst/clk_out1                                                                | soc_watchRev2_i/microblaze_riscv_0_axi_intc/U0/INTC_CORE_I/irq                                                                                              |                                                                                                                                                   |               12 |             32 |         2.67 |
|  soc_watchRev2_i/clk_wiz/inst/clk_out1                                                                | soc_watchRev2_i/microblaze_riscv_0/U0/riscv_core_I/Base.Core/Use_Debug_Logic.Master_Core.Debug_Perf/register_read_cmd                                       | soc_watchRev2_i/microblaze_riscv_0/U0/riscv_core_I/sync_reset                                                                                     |               16 |             32 |         2.00 |
|  soc_watchRev2_i/clk_wiz/inst/clk_out1                                                                | soc_watchRev2_i/microblaze_riscv_0/U0/riscv_core_I/Base.Core/Decode_I/Use_MuxCy[11].OF_Piperun_Stage/MUXCY_I/lopt_7                                         | soc_watchRev2_i/microblaze_riscv_0/U0/riscv_core_I/sync_reset                                                                                     |               10 |             32 |         3.20 |
|  soc_watchRev2_i/clk_wiz/inst/clk_out1                                                                | soc_watchRev2_i/microblaze_riscv_0/U0/riscv_core_I/Base.Core/Decode_I/Use_MuxCy[11].OF_Piperun_Stage/MUXCY_I/lopt_4                                         |                                                                                                                                                   |               12 |             32 |         2.67 |
|  soc_watchRev2_i/clk_wiz/inst/clk_out1                                                                | soc_watchRev2_i/microblaze_riscv_0/U0/riscv_core_I/Base.Core/Decode_I/ex_Sel_CSR_i_reg[tdata2]_0[0]                                                         | soc_watchRev2_i/microblaze_riscv_0/U0/riscv_core_I/sync_reset                                                                                     |               11 |             32 |         2.91 |
|  soc_watchRev2_i/clk_wiz/inst/clk_out1                                                                | soc_watchRev2_i/microblaze_riscv_0/U0/riscv_core_I/Base.Core/Decode_I/ex_Sel_CSR_i_reg[mscratch]_0[0]                                                       | soc_watchRev2_i/microblaze_riscv_0/U0/riscv_core_I/sync_reset                                                                                     |               12 |             32 |         2.67 |
|  soc_watchRev2_i/clk_wiz/inst/clk_out1                                                                | soc_watchRev2_i/microblaze_riscv_0/U0/riscv_core_I/Base.Core/Decode_I/ex_Sel_CSR_i_reg[minstret]_1[1]                                                       | soc_watchRev2_i/microblaze_riscv_0/U0/riscv_core_I/sync_reset                                                                                     |               14 |             32 |         2.29 |
|  soc_watchRev2_i/clk_wiz/inst/clk_out1                                                                | soc_watchRev2_i/microblaze_riscv_0/U0/riscv_core_I/Base.Core/Decode_I/ex_Sel_CSR_i_reg[minstret]_1[0]                                                       | soc_watchRev2_i/microblaze_riscv_0/U0/riscv_core_I/sync_reset                                                                                     |               12 |             32 |         2.67 |
|  soc_watchRev2_i/clk_wiz/inst/clk_out1                                                                | soc_watchRev2_i/microblaze_riscv_0/U0/riscv_core_I/Base.Core/Decode_I/ex_Sel_CSR_i_reg[mcycleh]_1[1]                                                        | soc_watchRev2_i/microblaze_riscv_0/U0/riscv_core_I/sync_reset                                                                                     |               11 |             32 |         2.91 |
|  soc_watchRev2_i/clk_wiz/inst/clk_out1                                                                | soc_watchRev2_i/microblaze_riscv_0_axi_periph/xbar/inst/gen_sasd.crossbar_sasd_0/addr_arbiter_inst/s_axi_rvalid[0]                                          | soc_watchRev2_i/microblaze_riscv_0/U0/riscv_core_I/sync_reset                                                                                     |                6 |             32 |         5.33 |
|  soc_watchRev2_i/clk_wiz/inst/clk_out1                                                                | soc_watchRev2_i/myip_stopwatch_0/inst/myip_stopwatch_slave_lite_v1_0_S00_AXI_inst/stop_watch_inst/ed_clear/run_reg_2[0]                                     | soc_watchRev2_i/myip_stopwatch_0/inst/myip_stopwatch_slave_lite_v1_0_S00_AXI_inst/stop_watch_inst/ed_clear/AR[0]                                  |                6 |             32 |         5.33 |
|  soc_watchRev2_i/clk_wiz/inst/clk_out1                                                                | soc_watchRev2_i/microblaze_riscv_0/U0/riscv_core_I/Base.Core/Decode_I/ex_Sel_CSR_i_reg[mcycleh]_1[0]                                                        | soc_watchRev2_i/microblaze_riscv_0/U0/riscv_core_I/sync_reset                                                                                     |               13 |             32 |         2.46 |
|  soc_watchRev2_i/clk_wiz/inst/clk_out1                                                                | soc_watchRev2_i/myip_koreawatch_0/inst/myip_koreawatch_slave_lite_v1_0_S00_AXI_inst/inst/ed_rxdone/sync_step_reg[1][0]                                      | soc_watchRev2_i/myip_koreawatch_0/inst/myip_koreawatch_slave_lite_v1_0_S00_AXI_inst/inst/ed_rxdone/AR[0]                                          |                7 |             32 |         4.57 |
|  soc_watchRev2_i/clk_wiz/inst/clk_out1                                                                | soc_watchRev2_i/microblaze_riscv_0/U0/riscv_core_I/Base.Core/Decode_I/mem_wait_on_ready_N_carry_or/MUXCY_I/lopt_1                                           | soc_watchRev2_i/microblaze_riscv_0/U0/riscv_core_I/Base.Core/Data_Flow_Logic_I/WB_MEM_Result0                                                     |               10 |             32 |         3.20 |
|  soc_watchRev2_i/clk_wiz/inst/clk_out1                                                                | soc_watchRev2_i/microblaze_riscv_0/U0/riscv_core_I/Base.Core/Decode_I/jump_logic_I1/MB_MUXCY_EX_Jump2/ex_Sel_CSR_i_reg[mtval][0]                            | soc_watchRev2_i/microblaze_riscv_0/U0/riscv_core_I/sync_reset                                                                                     |               15 |             32 |         2.13 |
|  soc_watchRev2_i/clk_wiz/inst/clk_out1                                                                | soc_watchRev2_i/myip_stopwatch_0/inst/myip_stopwatch_slave_lite_v1_0_S00_AXI_inst/stop_watch_inst/ed_clear/s00_axi_aresetn_0[0]                             | soc_watchRev2_i/myip_stopwatch_0/inst/myip_stopwatch_slave_lite_v1_0_S00_AXI_inst/stop_watch_inst/ed_clear/AR[0]                                  |                9 |             32 |         3.56 |
|  soc_watchRev2_i/clk_wiz/inst/clk_out1                                                                | soc_watchRev2_i/microblaze_riscv_0_axi_intc/U0/AXI_LITE_IPIF_I/I_SLAVE_ATTACHMENT/s_axi_rresp_i                                                             | soc_watchRev2_i/microblaze_riscv_0_axi_intc/U0/AXI_LITE_IPIF_I/I_SLAVE_ATTACHMENT/rst                                                             |               11 |             33 |         3.00 |
|  soc_watchRev2_i/clk_wiz/inst/clk_out1                                                                | soc_watchRev2_i/microblaze_riscv_0_axi_periph/xbar/inst/gen_sasd.crossbar_sasd_0/reg_slice_r/aa_rready                                                      |                                                                                                                                                   |                9 |             33 |         3.67 |
|  soc_watchRev2_i/clk_wiz/inst/clk_out1                                                                | soc_watchRev2_i/microblaze_riscv_0_axi_periph/xbar/inst/gen_sasd.crossbar_sasd_0/addr_arbiter_inst/E[0]                                                     |                                                                                                                                                   |                6 |             34 |         5.67 |
|  soc_watchRev2_i/clk_wiz/inst/clk_out1                                                                | soc_watchRev2_i/microblaze_riscv_0/U0/riscv_core_I/Base.Core/Decode_I/Use_MuxCy[3].OF_Piperun_Stage/MUXCY_I/lopt_4                                          |                                                                                                                                                   |               13 |             34 |         2.62 |
|  soc_watchRev2_i/mdm_1/U0/MDM_Core_I1/JTAG_CONTROL_I/Test_Access_Port.BUFG_DRCK/Using_FPGA.Native_0   | soc_watchRev2_i/mdm_1/U0/MDM_Core_I1/JTAG_CONTROL_I/dmcontrol_read_2                                                                                        |                                                                                                                                                   |                6 |             35 |         5.83 |
|  soc_watchRev2_i/clk_wiz/inst/clk_out1                                                                |                                                                                                                                                             | soc_watchRev2_i/axi_gpio_0/U0/AXI_LITE_IPIF_I/I_SLAVE_ATTACHMENT/SR[0]                                                                            |               11 |             40 |         3.64 |
|  soc_watchRev2_i/mdm_1/U0/MDM_Core_I1/JTAG_CONTROL_I/Test_Access_Port.BUFG_DRCK/Using_FPGA.Native_0   | soc_watchRev2_i/mdm_1/U0/MDM_Core_I1/JTAG_CONTROL_I/Test_Access_Port.capture_dtm_reg_0                                                                      |                                                                                                                                                   |               12 |             42 |         3.50 |
|  soc_watchRev2_i/mdm_1/U0/MDM_Core_I1/JTAG_CONTROL_I/Test_Access_Port.BUFG_DRCK/Using_FPGA.Native_0   | soc_watchRev2_i/mdm_1/U0/MDM_Core_I1/JTAG_CONTROL_I/Test_Access_Port.idcode_3                                                                               |                                                                                                                                                   |                7 |             46 |         6.57 |
|  soc_watchRev2_i/clk_wiz/inst/clk_out1                                                                | soc_watchRev2_i/microblaze_riscv_0/U0/riscv_core_I/Base.Core/Use_Debug_Logic.Master_Core.Debug_Perf/if_missed_fetch_reg                                     |                                                                                                                                                   |                6 |             48 |         8.00 |
| ~soc_watchRev2_i/clk_wiz/inst/clk_out1                                                                |                                                                                                                                                             | soc_watchRev2_i/myip_iic_cntr_0/inst/myip_iic_cntr_slave_lite_v1_0_S00_AXI_inst/iic_lcd/send_byte_inst/master/cnt_us_clk/clk_ed/s00_axi_aresetn_0 |               16 |             52 |         3.25 |
|  soc_watchRev2_i/clk_wiz/inst/clk_out1                                                                |                                                                                                                                                             | soc_watchRev2_i/myip_iic_cntr_0/inst/myip_iic_cntr_slave_lite_v1_0_S00_AXI_inst/iic_lcd/send_byte_inst/master/cnt_us_clk/clk_ed/s00_axi_aresetn_0 |               19 |             54 |         2.84 |
|  soc_watchRev2_i/mdm_1/U0/MDM_Core_I1/JTAG_CONTROL_I/Test_Access_Port.BUFG_DRCK/Using_FPGA.Native_0   |                                                                                                                                                             |                                                                                                                                                   |               20 |             60 |         3.00 |
|  soc_watchRev2_i/clk_wiz/inst/clk_out1                                                                | soc_watchRev2_i/microblaze_riscv_0_axi_intc/U0/AXI_LITE_IPIF_I/I_SLAVE_ATTACHMENT/I_DECODER/bus2ip_wrce[0]                                                  |                                                                                                                                                   |                8 |             64 |         8.00 |
|  soc_watchRev2_i/clk_wiz/inst/clk_out1                                                                | soc_watchRev2_i/microblaze_riscv_0/U0/riscv_core_I/Base.Core/Decode_I/Use_MuxCy[3].OF_Piperun_Stage/MUXCY_I/lopt_4                                          | soc_watchRev2_i/microblaze_riscv_0/U0/riscv_core_I/sync_reset                                                                                     |               43 |            121 |         2.81 |
|  soc_watchRev2_i/clk_wiz/inst/clk_out1                                                                | soc_watchRev2_i/microblaze_riscv_0/U0/riscv_core_I/Base.Core/Decode_I/Serial_Dbg_Intf.register_write_cmd_reg                                                |                                                                                                                                                   |               16 |            128 |         8.00 |
|  soc_watchRev2_i/clk_wiz/inst/clk_out1                                                                |                                                                                                                                                             | soc_watchRev2_i/microblaze_riscv_0/U0/riscv_core_I/sync_reset                                                                                     |               50 |            134 |         2.68 |
|  soc_watchRev2_i/clk_wiz/inst/clk_out1                                                                | soc_watchRev2_i/microblaze_riscv_0/U0/riscv_core_I/Base.Core/Decode_I/Use_MuxCy[11].OF_Piperun_Stage/MUXCY_I/lopt_4                                         | soc_watchRev2_i/microblaze_riscv_0/U0/riscv_core_I/sync_reset                                                                                     |               70 |            163 |         2.33 |
|  soc_watchRev2_i/clk_wiz/inst/clk_out1                                                                |                                                                                                                                                             |                                                                                                                                                   |               81 |            248 |         3.06 |
+-------------------------------------------------------------------------------------------------------+-------------------------------------------------------------------------------------------------------------------------------------------------------------+---------------------------------------------------------------------------------------------------------------------------------------------------+------------------+----------------+--------------+


