Copyright 1986-2022 Xilinx, Inc. All Rights Reserved. Copyright 2022-2024 Advanced Micro Devices, Inc. All Rights Reserved.
------------------------------------------------------------------------------------------------------------------------------------------------------------------------------------------------------------------------------------------
| Tool Version : Vivado v.2024.2 (lin64) Build 5239630 Fri Nov 08 22:34:34 MST 2024
| Date         : Sat Mar 14 15:22:16 2026
| Host         : jaehyeok95-AORUS-5-MB running 64-bit Ubuntu 24.04.3 LTS
| Command      : report_timing_summary -max_paths 10 -report_unconstrained -file soc_npu_wrapper_timing_summary_routed.rpt -pb soc_npu_wrapper_timing_summary_routed.pb -rpx soc_npu_wrapper_timing_summary_routed.rpx -warn_on_violation
| Design       : soc_npu_wrapper
| Device       : 7z020-clg400
| Speed File   : -1  PRODUCTION 1.12 2019-11-22
| Design State : Routed
------------------------------------------------------------------------------------------------------------------------------------------------------------------------------------------------------------------------------------------

Timing Summary Report

------------------------------------------------------------------------------------------------
| Timer Settings
| --------------
------------------------------------------------------------------------------------------------

  Enable Multi Corner Analysis               :  Yes
  Enable Pessimism Removal                   :  Yes
  Pessimism Removal Resolution               :  Nearest Common Node
  Enable Input Delay Default Clock           :  No
  Enable Preset / Clear Arcs                 :  No
  Disable Flight Delays                      :  No
  Ignore I/O Paths                           :  No
  Timing Early Launch at Borrowing Latches   :  No
  Borrow Time for Max Delay Exceptions       :  Yes
  Merge Timing Exceptions                    :  Yes
  Inter-SLR Compensation                     :  Conservative

  Corner  Analyze    Analyze    
  Name    Max Paths  Min Paths  
  ------  ---------  ---------  
  Slow    Yes        Yes        
  Fast    Yes        Yes        


------------------------------------------------------------------------------------------------
| Report Methodology
| ------------------
------------------------------------------------------------------------------------------------

Rule      Severity  Description                                      Violations  
--------  --------  -----------------------------------------------  ----------  
DPIR-1    Warning   Asynchronous driver check                        33          
LUTAR-1   Warning   LUT drives async reset alert                     3           
PDRC-190  Warning   Suboptimally placed synchronized register chain  32          

Note: This report is based on the most recent report_methodology run and may not be up-to-date. Run report_methodology on the current design for the latest report.



check_timing report

Table of Contents
-----------------
1. checking no_clock (0)
2. checking constant_clock (0)
3. checking pulse_width_clock (0)
4. checking unconstrained_internal_endpoints (0)
5. checking no_input_delay (0)
6. checking no_output_delay (0)
7. checking multiple_clock (0)
8. checking generated_clocks (0)
9. checking loops (0)
10. checking partial_input_delay (0)
11. checking partial_output_delay (0)
12. checking latch_loops (0)

1. checking no_clock (0)
------------------------
 There are 0 register/latch pins with no clock.


2. checking constant_clock (0)
------------------------------
 There are 0 register/latch pins with constant_clock.


3. checking pulse_width_clock (0)
---------------------------------
 There are 0 register/latch pins which need pulse_width check


4. checking unconstrained_internal_endpoints (0)
------------------------------------------------
 There are 0 pins that are not constrained for maximum delay.

 There are 0 pins that are not constrained for maximum delay due to constant clock.


5. checking no_input_delay (0)
------------------------------
 There are 0 input ports with no input delay specified.

 There are 0 input ports with no input delay but user has a false path constraint.


6. checking no_output_delay (0)
-------------------------------
 There are 0 ports with no output delay specified.

 There are 0 ports with no output delay but user has a false path constraint

 There are 0 ports with no output delay but with a timing clock defined on it or propagating through it


7. checking multiple_clock (0)
------------------------------
 There are 0 register/latch pins with multiple clocks.


8. checking generated_clocks (0)
--------------------------------
 There are 0 generated clocks that are not connected to a clock source.


9. checking loops (0)
---------------------
 There are 0 combinational loops in the design.


10. checking partial_input_delay (0)
------------------------------------
 There are 0 input ports with partial input delay specified.


11. checking partial_output_delay (0)
-------------------------------------
 There are 0 ports with partial output delay specified.


12. checking latch_loops (0)
----------------------------
 There are 0 combinational latch loops in the design through latch input



------------------------------------------------------------------------------------------------
| Design Timing Summary
| ---------------------
------------------------------------------------------------------------------------------------

    WNS(ns)      TNS(ns)  TNS Failing Endpoints  TNS Total Endpoints      WHS(ns)      THS(ns)  THS Failing Endpoints  THS Total Endpoints     WPWS(ns)     TPWS(ns)  TPWS Failing Endpoints  TPWS Total Endpoints  
    -------      -------  ---------------------  -------------------      -------      -------  ---------------------  -------------------     --------     --------  ----------------------  --------------------  
      5.080        0.000                      0                12922        0.017        0.000                      0                12922        8.750        0.000                       0                  5026  


All user specified timing constraints are met.


------------------------------------------------------------------------------------------------
| Clock Summary
| -------------
------------------------------------------------------------------------------------------------

Clock       Waveform(ns)       Period(ns)      Frequency(MHz)
-----       ------------       ----------      --------------
clk_fpga_0  {0.000 10.000}     20.000          50.000          


------------------------------------------------------------------------------------------------
| Intra Clock Table
| -----------------
------------------------------------------------------------------------------------------------

Clock             WNS(ns)      TNS(ns)  TNS Failing Endpoints  TNS Total Endpoints      WHS(ns)      THS(ns)  THS Failing Endpoints  THS Total Endpoints     WPWS(ns)     TPWS(ns)  TPWS Failing Endpoints  TPWS Total Endpoints  
-----             -------      -------  ---------------------  -------------------      -------      -------  ---------------------  -------------------     --------     --------  ----------------------  --------------------  
clk_fpga_0          5.080        0.000                      0                12078        0.017        0.000                      0                12078        8.750        0.000                       0                  5026  


------------------------------------------------------------------------------------------------
| Inter Clock Table
| -----------------
------------------------------------------------------------------------------------------------

From Clock    To Clock          WNS(ns)      TNS(ns)  TNS Failing Endpoints  TNS Total Endpoints      WHS(ns)      THS(ns)  THS Failing Endpoints  THS Total Endpoints  
----------    --------          -------      -------  ---------------------  -------------------      -------      -------  ---------------------  -------------------  


------------------------------------------------------------------------------------------------
| Other Path Groups Table
| -----------------------
------------------------------------------------------------------------------------------------

Path Group         From Clock         To Clock               WNS(ns)      TNS(ns)  TNS Failing Endpoints  TNS Total Endpoints      WHS(ns)      THS(ns)  THS Failing Endpoints  THS Total Endpoints  
----------         ----------         --------               -------      -------  ---------------------  -------------------      -------      -------  ---------------------  -------------------  
**async_default**  clk_fpga_0         clk_fpga_0               9.340        0.000                      0                  844        0.595        0.000                      0                  844  


------------------------------------------------------------------------------------------------
| User Ignored Path Table
| -----------------------
------------------------------------------------------------------------------------------------

Path Group    From Clock    To Clock    
----------    ----------    --------    
(none)                      clk_fpga_0    
(none)        clk_fpga_0    clk_fpga_0    


------------------------------------------------------------------------------------------------
| Unconstrained Path Table
| ------------------------
------------------------------------------------------------------------------------------------

Path Group    From Clock    To Clock    
----------    ----------    --------    


------------------------------------------------------------------------------------------------
| Timing Details
| --------------
------------------------------------------------------------------------------------------------


---------------------------------------------------------------------------------------------------
From Clock:  clk_fpga_0
  To Clock:  clk_fpga_0

Setup :            0  Failing Endpoints,  Worst Slack        5.080ns,  Total Violation        0.000ns
Hold  :            0  Failing Endpoints,  Worst Slack        0.017ns,  Total Violation        0.000ns
PW    :            0  Failing Endpoints,  Worst Slack        8.750ns,  Total Violation        0.000ns
---------------------------------------------------------------------------------------------------


Max Delay Paths
--------------------------------------------------------------------------------------
Slack (MET) :             5.080ns  (required time - arrival time)
  Source:                 soc_npu_i/myip_npu_OCR_0/inst/u_npu_core/cur_in_w_reg[5]/C
                            (rising edge-triggered cell FDCE clocked by clk_fpga_0  {rise@0.000ns fall@10.000ns period=20.000ns})
  Destination:            soc_npu_i/myip_npu_OCR_0/inst/u_npu_core/u_patch/bram_addr_reg[14]/D
                            (rising edge-triggered cell FDCE clocked by clk_fpga_0  {rise@0.000ns fall@10.000ns period=20.000ns})
  Path Group:             clk_fpga_0
  Path Type:              Setup (Max at Slow Process Corner)
  Requirement:            20.000ns  (clk_fpga_0 rise@20.000ns - clk_fpga_0 rise@0.000ns)
  Data Path Delay:        14.604ns  (logic 8.393ns (57.469%)  route 6.211ns (42.531%))
  Logic Levels:           13  (CARRY4=6 DSP48E1=1 LUT2=1 LUT3=1 LUT4=1 LUT5=2 LUT6=1)
  Clock Path Skew:        -0.044ns (DCD - SCD + CPR)
    Destination Clock Delay (DCD):    2.656ns = ( 22.656 - 20.000 ) 
    Source Clock Delay      (SCD):    2.929ns
    Clock Pessimism Removal (CPR):    0.229ns
  Clock Uncertainty:      0.302ns  ((TSJ^2 + TIJ^2)^1/2 + DJ) / 2 + PE
    Total System Jitter     (TSJ):    0.071ns
    Total Input Jitter      (TIJ):    0.600ns
    Discrete Jitter          (DJ):    0.000ns
    Phase Error              (PE):    0.000ns

    Location             Delay type                Incr(ns)  Path(ns)    Netlist Resource(s)
  -------------------------------------------------------------------    -------------------
                         (clock clk_fpga_0 rise edge)
                                                      0.000     0.000 r  
    PS7_X0Y0             PS7                          0.000     0.000 r  soc_npu_i/processing_system7_0/inst/PS7_i/FCLKCLK[0]
                         net (fo=1, routed)           1.193     1.193    soc_npu_i/processing_system7_0/inst/FCLK_CLK_unbuffered[0]
    BUFGCTRL_X0Y16       BUFG (Prop_bufg_I_O)         0.101     1.294 r  soc_npu_i/processing_system7_0/inst/buffer_fclk_clk_0.FCLK_CLK_0_BUFG/O
                         net (fo=5027, routed)        1.635     2.929    soc_npu_i/myip_npu_OCR_0/inst/u_npu_core/s00_axi_aclk
    SLICE_X34Y77         FDCE                                         r  soc_npu_i/myip_npu_OCR_0/inst/u_npu_core/cur_in_w_reg[5]/C
  -------------------------------------------------------------------    -------------------
    SLICE_X34Y77         FDCE (Prop_fdce_C_Q)         0.518     3.447 f  soc_npu_i/myip_npu_OCR_0/inst/u_npu_core/cur_in_w_reg[5]/Q
                         net (fo=133, routed)         1.417     4.864    soc_npu_i/myip_npu_OCR_0/inst/u_npu_core/cur_in_h[5]
    SLICE_X39Y92         LUT2 (Prop_lut2_I1_O)        0.150     5.014 r  soc_npu_i/myip_npu_OCR_0/inst/u_npu_core/patch_ch_offset_wide_i_52/O
                         net (fo=1, routed)           0.582     5.597    soc_npu_i/myip_npu_OCR_0/inst/u_npu_core/u_conv/patch_ch_offset_wide_i_27_1
    SLICE_X40Y92         LUT6 (Prop_lut6_I3_O)        0.326     5.923 r  soc_npu_i/myip_npu_OCR_0/inst/u_npu_core/u_conv/patch_ch_offset_wide_i_47/O
                         net (fo=1, routed)           0.000     5.923    soc_npu_i/myip_npu_OCR_0/inst/u_npu_core/u_conv_n_28
    SLICE_X40Y92         CARRY4 (Prop_carry4_S[1]_O[2])
                                                      0.580     6.503 r  soc_npu_i/myip_npu_OCR_0/inst/u_npu_core/patch_ch_offset_wide_i_27/O[2]
                         net (fo=3, routed)           0.449     6.952    soc_npu_i/myip_npu_OCR_0/inst/u_npu_core/patch_ch_offset_wide_i_27_n_5
    SLICE_X42Y92         LUT5 (Prop_lut5_I2_O)        0.297     7.249 r  soc_npu_i/myip_npu_OCR_0/inst/u_npu_core/patch_ch_offset_wide_i_12/O
                         net (fo=1, routed)           0.789     8.038    soc_npu_i/myip_npu_OCR_0/inst/u_npu_core/patch_ch_offset_wide_i_12_n_0
    SLICE_X41Y92         CARRY4 (Prop_carry4_DI[3]_CO[3])
                                                      0.616     8.654 r  soc_npu_i/myip_npu_OCR_0/inst/u_npu_core/patch_ch_offset_wide_i_2/CO[3]
                         net (fo=1, routed)           0.000     8.654    soc_npu_i/myip_npu_OCR_0/inst/u_npu_core/patch_ch_offset_wide_i_2_n_0
    SLICE_X41Y93         CARRY4 (Prop_carry4_CI_O[0])
                                                      0.222     8.876 r  soc_npu_i/myip_npu_OCR_0/inst/u_npu_core/patch_ch_offset_wide_i_1/O[0]
                         net (fo=1, routed)           0.700     9.576    soc_npu_i/myip_npu_OCR_0/inst/u_npu_core/A[11]
    DSP48_X2Y36          DSP48E1 (Prop_dsp48e1_A[11]_P[3])
                                                      4.016    13.592 r  soc_npu_i/myip_npu_OCR_0/inst/u_npu_core/patch_ch_offset_wide/P[3]
                         net (fo=2, routed)           1.160    14.753    soc_npu_i/myip_npu_OCR_0/inst/u_npu_core/u_conv/P[3]
    SLICE_X43Y89         LUT3 (Prop_lut3_I2_O)        0.149    14.902 r  soc_npu_i/myip_npu_OCR_0/inst/u_npu_core/u_conv/bram_addr[7]_i_6/O
                         net (fo=2, routed)           0.561    15.463    soc_npu_i/myip_npu_OCR_0/inst/u_npu_core/u_conv/bram_addr[7]_i_6_n_0
    SLICE_X43Y90         LUT4 (Prop_lut4_I3_O)        0.332    15.795 r  soc_npu_i/myip_npu_OCR_0/inst/u_npu_core/u_conv/bram_addr[7]_i_10/O
                         net (fo=1, routed)           0.000    15.795    soc_npu_i/myip_npu_OCR_0/inst/u_npu_core/u_conv/bram_addr[7]_i_10_n_0
    SLICE_X43Y90         CARRY4 (Prop_carry4_S[0]_CO[3])
                                                      0.532    16.327 r  soc_npu_i/myip_npu_OCR_0/inst/u_npu_core/u_conv/bram_addr_reg[7]_i_2/CO[3]
                         net (fo=1, routed)           0.000    16.327    soc_npu_i/myip_npu_OCR_0/inst/u_npu_core/u_conv/bram_addr_reg[7]_i_2_n_0
    SLICE_X43Y91         CARRY4 (Prop_carry4_CI_CO[3])
                                                      0.114    16.441 r  soc_npu_i/myip_npu_OCR_0/inst/u_npu_core/u_conv/bram_addr_reg[11]_i_2/CO[3]
                         net (fo=1, routed)           0.000    16.441    soc_npu_i/myip_npu_OCR_0/inst/u_npu_core/u_conv/bram_addr_reg[11]_i_2_n_0
    SLICE_X43Y92         CARRY4 (Prop_carry4_CI_O[2])
                                                      0.239    16.680 r  soc_npu_i/myip_npu_OCR_0/inst/u_npu_core/u_conv/bram_addr_reg[14]_i_2/O[2]
                         net (fo=1, routed)           0.552    17.231    soc_npu_i/myip_npu_OCR_0/inst/u_npu_core/u_conv/u_patch/bram_addr0[14]
    SLICE_X45Y92         LUT5 (Prop_lut5_I0_O)        0.302    17.533 r  soc_npu_i/myip_npu_OCR_0/inst/u_npu_core/u_conv/bram_addr[14]_i_1/O
                         net (fo=1, routed)           0.000    17.533    soc_npu_i/myip_npu_OCR_0/inst/u_npu_core/u_patch/D[14]
    SLICE_X45Y92         FDCE                                         r  soc_npu_i/myip_npu_OCR_0/inst/u_npu_core/u_patch/bram_addr_reg[14]/D
  -------------------------------------------------------------------    -------------------

                         (clock clk_fpga_0 rise edge)
                                                     20.000    20.000 r  
    PS7_X0Y0             PS7                          0.000    20.000 r  soc_npu_i/processing_system7_0/inst/PS7_i/FCLKCLK[0]
                         net (fo=1, routed)           1.088    21.088    soc_npu_i/processing_system7_0/inst/FCLK_CLK_unbuffered[0]
    BUFGCTRL_X0Y16       BUFG (Prop_bufg_I_O)         0.091    21.179 r  soc_npu_i/processing_system7_0/inst/buffer_fclk_clk_0.FCLK_CLK_0_BUFG/O
                         net (fo=5027, routed)        1.477    22.656    soc_npu_i/myip_npu_OCR_0/inst/u_npu_core/u_patch/s00_axi_aclk
    SLICE_X45Y92         FDCE                                         r  soc_npu_i/myip_npu_OCR_0/inst/u_npu_core/u_patch/bram_addr_reg[14]/C
                         clock pessimism              0.229    22.885    
                         clock uncertainty           -0.302    22.583    
    SLICE_X45Y92         FDCE (Setup_fdce_C_D)        0.031    22.614    soc_npu_i/myip_npu_OCR_0/inst/u_npu_core/u_patch/bram_addr_reg[14]
  -------------------------------------------------------------------
                         required time                         22.614    
                         arrival time                         -17.533    
  -------------------------------------------------------------------
                         slack                                  5.080    

Slack (MET) :             5.187ns  (required time - arrival time)
  Source:                 soc_npu_i/myip_npu_OCR_0/inst/u_npu_core/cur_in_w_reg[5]/C
                            (rising edge-triggered cell FDCE clocked by clk_fpga_0  {rise@0.000ns fall@10.000ns period=20.000ns})
  Destination:            soc_npu_i/myip_npu_OCR_0/inst/u_npu_core/u_patch/bram_addr_reg[12]/D
                            (rising edge-triggered cell FDCE clocked by clk_fpga_0  {rise@0.000ns fall@10.000ns period=20.000ns})
  Path Group:             clk_fpga_0
  Path Type:              Setup (Max at Slow Process Corner)
  Requirement:            20.000ns  (clk_fpga_0 rise@20.000ns - clk_fpga_0 rise@0.000ns)
  Data Path Delay:        14.496ns  (logic 8.373ns (57.762%)  route 6.123ns (42.238%))
  Logic Levels:           13  (CARRY4=6 DSP48E1=1 LUT2=1 LUT3=1 LUT4=1 LUT5=2 LUT6=1)
  Clock Path Skew:        -0.044ns (DCD - SCD + CPR)
    Destination Clock Delay (DCD):    2.656ns = ( 22.656 - 20.000 ) 
    Source Clock Delay      (SCD):    2.929ns
    Clock Pessimism Removal (CPR):    0.229ns
  Clock Uncertainty:      0.302ns  ((TSJ^2 + TIJ^2)^1/2 + DJ) / 2 + PE
    Total System Jitter     (TSJ):    0.071ns
    Total Input Jitter      (TIJ):    0.600ns
    Discrete Jitter          (DJ):    0.000ns
    Phase Error              (PE):    0.000ns

    Location             Delay type                Incr(ns)  Path(ns)    Netlist Resource(s)
  -------------------------------------------------------------------    -------------------
                         (clock clk_fpga_0 rise edge)
                                                      0.000     0.000 r  
    PS7_X0Y0             PS7                          0.000     0.000 r  soc_npu_i/processing_system7_0/inst/PS7_i/FCLKCLK[0]
                         net (fo=1, routed)           1.193     1.193    soc_npu_i/processing_system7_0/inst/FCLK_CLK_unbuffered[0]
    BUFGCTRL_X0Y16       BUFG (Prop_bufg_I_O)         0.101     1.294 r  soc_npu_i/processing_system7_0/inst/buffer_fclk_clk_0.FCLK_CLK_0_BUFG/O
                         net (fo=5027, routed)        1.635     2.929    soc_npu_i/myip_npu_OCR_0/inst/u_npu_core/s00_axi_aclk
    SLICE_X34Y77         FDCE                                         r  soc_npu_i/myip_npu_OCR_0/inst/u_npu_core/cur_in_w_reg[5]/C
  -------------------------------------------------------------------    -------------------
    SLICE_X34Y77         FDCE (Prop_fdce_C_Q)         0.518     3.447 f  soc_npu_i/myip_npu_OCR_0/inst/u_npu_core/cur_in_w_reg[5]/Q
                         net (fo=133, routed)         1.417     4.864    soc_npu_i/myip_npu_OCR_0/inst/u_npu_core/cur_in_h[5]
    SLICE_X39Y92         LUT2 (Prop_lut2_I1_O)        0.150     5.014 r  soc_npu_i/myip_npu_OCR_0/inst/u_npu_core/patch_ch_offset_wide_i_52/O
                         net (fo=1, routed)           0.582     5.597    soc_npu_i/myip_npu_OCR_0/inst/u_npu_core/u_conv/patch_ch_offset_wide_i_27_1
    SLICE_X40Y92         LUT6 (Prop_lut6_I3_O)        0.326     5.923 r  soc_npu_i/myip_npu_OCR_0/inst/u_npu_core/u_conv/patch_ch_offset_wide_i_47/O
                         net (fo=1, routed)           0.000     5.923    soc_npu_i/myip_npu_OCR_0/inst/u_npu_core/u_conv_n_28
    SLICE_X40Y92         CARRY4 (Prop_carry4_S[1]_O[2])
                                                      0.580     6.503 r  soc_npu_i/myip_npu_OCR_0/inst/u_npu_core/patch_ch_offset_wide_i_27/O[2]
                         net (fo=3, routed)           0.449     6.952    soc_npu_i/myip_npu_OCR_0/inst/u_npu_core/patch_ch_offset_wide_i_27_n_5
    SLICE_X42Y92         LUT5 (Prop_lut5_I2_O)        0.297     7.249 r  soc_npu_i/myip_npu_OCR_0/inst/u_npu_core/patch_ch_offset_wide_i_12/O
                         net (fo=1, routed)           0.789     8.038    soc_npu_i/myip_npu_OCR_0/inst/u_npu_core/patch_ch_offset_wide_i_12_n_0
    SLICE_X41Y92         CARRY4 (Prop_carry4_DI[3]_CO[3])
                                                      0.616     8.654 r  soc_npu_i/myip_npu_OCR_0/inst/u_npu_core/patch_ch_offset_wide_i_2/CO[3]
                         net (fo=1, routed)           0.000     8.654    soc_npu_i/myip_npu_OCR_0/inst/u_npu_core/patch_ch_offset_wide_i_2_n_0
    SLICE_X41Y93         CARRY4 (Prop_carry4_CI_O[0])
                                                      0.222     8.876 r  soc_npu_i/myip_npu_OCR_0/inst/u_npu_core/patch_ch_offset_wide_i_1/O[0]
                         net (fo=1, routed)           0.700     9.576    soc_npu_i/myip_npu_OCR_0/inst/u_npu_core/A[11]
    DSP48_X2Y36          DSP48E1 (Prop_dsp48e1_A[11]_P[3])
                                                      4.016    13.592 r  soc_npu_i/myip_npu_OCR_0/inst/u_npu_core/patch_ch_offset_wide/P[3]
                         net (fo=2, routed)           1.160    14.753    soc_npu_i/myip_npu_OCR_0/inst/u_npu_core/u_conv/P[3]
    SLICE_X43Y89         LUT3 (Prop_lut3_I2_O)        0.149    14.902 r  soc_npu_i/myip_npu_OCR_0/inst/u_npu_core/u_conv/bram_addr[7]_i_6/O
                         net (fo=2, routed)           0.561    15.463    soc_npu_i/myip_npu_OCR_0/inst/u_npu_core/u_conv/bram_addr[7]_i_6_n_0
    SLICE_X43Y90         LUT4 (Prop_lut4_I3_O)        0.332    15.795 r  soc_npu_i/myip_npu_OCR_0/inst/u_npu_core/u_conv/bram_addr[7]_i_10/O
                         net (fo=1, routed)           0.000    15.795    soc_npu_i/myip_npu_OCR_0/inst/u_npu_core/u_conv/bram_addr[7]_i_10_n_0
    SLICE_X43Y90         CARRY4 (Prop_carry4_S[0]_CO[3])
                                                      0.532    16.327 r  soc_npu_i/myip_npu_OCR_0/inst/u_npu_core/u_conv/bram_addr_reg[7]_i_2/CO[3]
                         net (fo=1, routed)           0.000    16.327    soc_npu_i/myip_npu_OCR_0/inst/u_npu_core/u_conv/bram_addr_reg[7]_i_2_n_0
    SLICE_X43Y91         CARRY4 (Prop_carry4_CI_CO[3])
                                                      0.114    16.441 r  soc_npu_i/myip_npu_OCR_0/inst/u_npu_core/u_conv/bram_addr_reg[11]_i_2/CO[3]
                         net (fo=1, routed)           0.000    16.441    soc_npu_i/myip_npu_OCR_0/inst/u_npu_core/u_conv/bram_addr_reg[11]_i_2_n_0
    SLICE_X43Y92         CARRY4 (Prop_carry4_CI_O[0])
                                                      0.222    16.663 r  soc_npu_i/myip_npu_OCR_0/inst/u_npu_core/u_conv/bram_addr_reg[14]_i_2/O[0]
                         net (fo=1, routed)           0.463    17.126    soc_npu_i/myip_npu_OCR_0/inst/u_npu_core/u_conv/u_patch/bram_addr0[12]
    SLICE_X45Y92         LUT5 (Prop_lut5_I0_O)        0.299    17.425 r  soc_npu_i/myip_npu_OCR_0/inst/u_npu_core/u_conv/bram_addr[12]_i_1/O
                         net (fo=1, routed)           0.000    17.425    soc_npu_i/myip_npu_OCR_0/inst/u_npu_core/u_patch/D[12]
    SLICE_X45Y92         FDCE                                         r  soc_npu_i/myip_npu_OCR_0/inst/u_npu_core/u_patch/bram_addr_reg[12]/D
  -------------------------------------------------------------------    -------------------

                         (clock clk_fpga_0 rise edge)
                                                     20.000    20.000 r  
    PS7_X0Y0             PS7                          0.000    20.000 r  soc_npu_i/processing_system7_0/inst/PS7_i/FCLKCLK[0]
                         net (fo=1, routed)           1.088    21.088    soc_npu_i/processing_system7_0/inst/FCLK_CLK_unbuffered[0]
    BUFGCTRL_X0Y16       BUFG (Prop_bufg_I_O)         0.091    21.179 r  soc_npu_i/processing_system7_0/inst/buffer_fclk_clk_0.FCLK_CLK_0_BUFG/O
                         net (fo=5027, routed)        1.477    22.656    soc_npu_i/myip_npu_OCR_0/inst/u_npu_core/u_patch/s00_axi_aclk
    SLICE_X45Y92         FDCE                                         r  soc_npu_i/myip_npu_OCR_0/inst/u_npu_core/u_patch/bram_addr_reg[12]/C
                         clock pessimism              0.229    22.885    
                         clock uncertainty           -0.302    22.583    
    SLICE_X45Y92         FDCE (Setup_fdce_C_D)        0.029    22.612    soc_npu_i/myip_npu_OCR_0/inst/u_npu_core/u_patch/bram_addr_reg[12]
  -------------------------------------------------------------------
                         required time                         22.612    
                         arrival time                         -17.425    
  -------------------------------------------------------------------
                         slack                                  5.187    

Slack (MET) :             5.221ns  (required time - arrival time)
  Source:                 soc_npu_i/myip_npu_OCR_0/inst/u_npu_core/cur_in_w_reg[5]/C
                            (rising edge-triggered cell FDCE clocked by clk_fpga_0  {rise@0.000ns fall@10.000ns period=20.000ns})
  Destination:            soc_npu_i/myip_npu_OCR_0/inst/u_npu_core/u_patch/bram_addr_reg[9]/D
                            (rising edge-triggered cell FDCE clocked by clk_fpga_0  {rise@0.000ns fall@10.000ns period=20.000ns})
  Path Group:             clk_fpga_0
  Path Type:              Setup (Max at Slow Process Corner)
  Requirement:            20.000ns  (clk_fpga_0 rise@20.000ns - clk_fpga_0 rise@0.000ns)
  Data Path Delay:        14.465ns  (logic 8.375ns (57.899%)  route 6.090ns (42.101%))
  Logic Levels:           12  (CARRY4=5 DSP48E1=1 LUT2=1 LUT3=1 LUT4=1 LUT5=2 LUT6=1)
  Clock Path Skew:        -0.044ns (DCD - SCD + CPR)
    Destination Clock Delay (DCD):    2.656ns = ( 22.656 - 20.000 ) 
    Source Clock Delay      (SCD):    2.929ns
    Clock Pessimism Removal (CPR):    0.229ns
  Clock Uncertainty:      0.302ns  ((TSJ^2 + TIJ^2)^1/2 + DJ) / 2 + PE
    Total System Jitter     (TSJ):    0.071ns
    Total Input Jitter      (TIJ):    0.600ns
    Discrete Jitter          (DJ):    0.000ns
    Phase Error              (PE):    0.000ns

    Location             Delay type                Incr(ns)  Path(ns)    Netlist Resource(s)
  -------------------------------------------------------------------    -------------------
                         (clock clk_fpga_0 rise edge)
                                                      0.000     0.000 r  
    PS7_X0Y0             PS7                          0.000     0.000 r  soc_npu_i/processing_system7_0/inst/PS7_i/FCLKCLK[0]
                         net (fo=1, routed)           1.193     1.193    soc_npu_i/processing_system7_0/inst/FCLK_CLK_unbuffered[0]
    BUFGCTRL_X0Y16       BUFG (Prop_bufg_I_O)         0.101     1.294 r  soc_npu_i/processing_system7_0/inst/buffer_fclk_clk_0.FCLK_CLK_0_BUFG/O
                         net (fo=5027, routed)        1.635     2.929    soc_npu_i/myip_npu_OCR_0/inst/u_npu_core/s00_axi_aclk
    SLICE_X34Y77         FDCE                                         r  soc_npu_i/myip_npu_OCR_0/inst/u_npu_core/cur_in_w_reg[5]/C
  -------------------------------------------------------------------    -------------------
    SLICE_X34Y77         FDCE (Prop_fdce_C_Q)         0.518     3.447 f  soc_npu_i/myip_npu_OCR_0/inst/u_npu_core/cur_in_w_reg[5]/Q
                         net (fo=133, routed)         1.417     4.864    soc_npu_i/myip_npu_OCR_0/inst/u_npu_core/cur_in_h[5]
    SLICE_X39Y92         LUT2 (Prop_lut2_I1_O)        0.150     5.014 r  soc_npu_i/myip_npu_OCR_0/inst/u_npu_core/patch_ch_offset_wide_i_52/O
                         net (fo=1, routed)           0.582     5.597    soc_npu_i/myip_npu_OCR_0/inst/u_npu_core/u_conv/patch_ch_offset_wide_i_27_1
    SLICE_X40Y92         LUT6 (Prop_lut6_I3_O)        0.326     5.923 r  soc_npu_i/myip_npu_OCR_0/inst/u_npu_core/u_conv/patch_ch_offset_wide_i_47/O
                         net (fo=1, routed)           0.000     5.923    soc_npu_i/myip_npu_OCR_0/inst/u_npu_core/u_conv_n_28
    SLICE_X40Y92         CARRY4 (Prop_carry4_S[1]_O[2])
                                                      0.580     6.503 r  soc_npu_i/myip_npu_OCR_0/inst/u_npu_core/patch_ch_offset_wide_i_27/O[2]
                         net (fo=3, routed)           0.449     6.952    soc_npu_i/myip_npu_OCR_0/inst/u_npu_core/patch_ch_offset_wide_i_27_n_5
    SLICE_X42Y92         LUT5 (Prop_lut5_I2_O)        0.297     7.249 r  soc_npu_i/myip_npu_OCR_0/inst/u_npu_core/patch_ch_offset_wide_i_12/O
                         net (fo=1, routed)           0.789     8.038    soc_npu_i/myip_npu_OCR_0/inst/u_npu_core/patch_ch_offset_wide_i_12_n_0
    SLICE_X41Y92         CARRY4 (Prop_carry4_DI[3]_CO[3])
                                                      0.616     8.654 r  soc_npu_i/myip_npu_OCR_0/inst/u_npu_core/patch_ch_offset_wide_i_2/CO[3]
                         net (fo=1, routed)           0.000     8.654    soc_npu_i/myip_npu_OCR_0/inst/u_npu_core/patch_ch_offset_wide_i_2_n_0
    SLICE_X41Y93         CARRY4 (Prop_carry4_CI_O[0])
                                                      0.222     8.876 r  soc_npu_i/myip_npu_OCR_0/inst/u_npu_core/patch_ch_offset_wide_i_1/O[0]
                         net (fo=1, routed)           0.700     9.576    soc_npu_i/myip_npu_OCR_0/inst/u_npu_core/A[11]
    DSP48_X2Y36          DSP48E1 (Prop_dsp48e1_A[11]_P[3])
                                                      4.016    13.592 r  soc_npu_i/myip_npu_OCR_0/inst/u_npu_core/patch_ch_offset_wide/P[3]
                         net (fo=2, routed)           1.160    14.753    soc_npu_i/myip_npu_OCR_0/inst/u_npu_core/u_conv/P[3]
    SLICE_X43Y89         LUT3 (Prop_lut3_I2_O)        0.149    14.902 r  soc_npu_i/myip_npu_OCR_0/inst/u_npu_core/u_conv/bram_addr[7]_i_6/O
                         net (fo=2, routed)           0.561    15.463    soc_npu_i/myip_npu_OCR_0/inst/u_npu_core/u_conv/bram_addr[7]_i_6_n_0
    SLICE_X43Y90         LUT4 (Prop_lut4_I3_O)        0.332    15.795 r  soc_npu_i/myip_npu_OCR_0/inst/u_npu_core/u_conv/bram_addr[7]_i_10/O
                         net (fo=1, routed)           0.000    15.795    soc_npu_i/myip_npu_OCR_0/inst/u_npu_core/u_conv/bram_addr[7]_i_10_n_0
    SLICE_X43Y90         CARRY4 (Prop_carry4_S[0]_CO[3])
                                                      0.532    16.327 r  soc_npu_i/myip_npu_OCR_0/inst/u_npu_core/u_conv/bram_addr_reg[7]_i_2/CO[3]
                         net (fo=1, routed)           0.000    16.327    soc_npu_i/myip_npu_OCR_0/inst/u_npu_core/u_conv/bram_addr_reg[7]_i_2_n_0
    SLICE_X43Y91         CARRY4 (Prop_carry4_CI_O[1])
                                                      0.334    16.661 r  soc_npu_i/myip_npu_OCR_0/inst/u_npu_core/u_conv/bram_addr_reg[11]_i_2/O[1]
                         net (fo=1, routed)           0.430    17.091    soc_npu_i/myip_npu_OCR_0/inst/u_npu_core/u_conv/u_patch/bram_addr0[9]
    SLICE_X45Y92         LUT5 (Prop_lut5_I0_O)        0.303    17.394 r  soc_npu_i/myip_npu_OCR_0/inst/u_npu_core/u_conv/bram_addr[9]_i_1/O
                         net (fo=1, routed)           0.000    17.394    soc_npu_i/myip_npu_OCR_0/inst/u_npu_core/u_patch/D[9]
    SLICE_X45Y92         FDCE                                         r  soc_npu_i/myip_npu_OCR_0/inst/u_npu_core/u_patch/bram_addr_reg[9]/D
  -------------------------------------------------------------------    -------------------

                         (clock clk_fpga_0 rise edge)
                                                     20.000    20.000 r  
    PS7_X0Y0             PS7                          0.000    20.000 r  soc_npu_i/processing_system7_0/inst/PS7_i/FCLKCLK[0]
                         net (fo=1, routed)           1.088    21.088    soc_npu_i/processing_system7_0/inst/FCLK_CLK_unbuffered[0]
    BUFGCTRL_X0Y16       BUFG (Prop_bufg_I_O)         0.091    21.179 r  soc_npu_i/processing_system7_0/inst/buffer_fclk_clk_0.FCLK_CLK_0_BUFG/O
                         net (fo=5027, routed)        1.477    22.656    soc_npu_i/myip_npu_OCR_0/inst/u_npu_core/u_patch/s00_axi_aclk
    SLICE_X45Y92         FDCE                                         r  soc_npu_i/myip_npu_OCR_0/inst/u_npu_core/u_patch/bram_addr_reg[9]/C
                         clock pessimism              0.229    22.885    
                         clock uncertainty           -0.302    22.583    
    SLICE_X45Y92         FDCE (Setup_fdce_C_D)        0.032    22.615    soc_npu_i/myip_npu_OCR_0/inst/u_npu_core/u_patch/bram_addr_reg[9]
  -------------------------------------------------------------------
                         required time                         22.615    
                         arrival time                         -17.394    
  -------------------------------------------------------------------
                         slack                                  5.221    

Slack (MET) :             5.224ns  (required time - arrival time)
  Source:                 soc_npu_i/myip_npu_OCR_0/inst/u_npu_core/cur_in_w_reg[5]/C
                            (rising edge-triggered cell FDCE clocked by clk_fpga_0  {rise@0.000ns fall@10.000ns period=20.000ns})
  Destination:            soc_npu_i/myip_npu_OCR_0/inst/u_npu_core/u_patch/bram_addr_reg[13]/D
                            (rising edge-triggered cell FDCE clocked by clk_fpga_0  {rise@0.000ns fall@10.000ns period=20.000ns})
  Path Group:             clk_fpga_0
  Path Type:              Setup (Max at Slow Process Corner)
  Requirement:            20.000ns  (clk_fpga_0 rise@20.000ns - clk_fpga_0 rise@0.000ns)
  Data Path Delay:        14.459ns  (logic 8.489ns (58.711%)  route 5.970ns (41.289%))
  Logic Levels:           13  (CARRY4=6 DSP48E1=1 LUT2=1 LUT3=1 LUT4=1 LUT5=2 LUT6=1)
  Clock Path Skew:        -0.044ns (DCD - SCD + CPR)
    Destination Clock Delay (DCD):    2.656ns = ( 22.656 - 20.000 ) 
    Source Clock Delay      (SCD):    2.929ns
    Clock Pessimism Removal (CPR):    0.229ns
  Clock Uncertainty:      0.302ns  ((TSJ^2 + TIJ^2)^1/2 + DJ) / 2 + PE
    Total System Jitter     (TSJ):    0.071ns
    Total Input Jitter      (TIJ):    0.600ns
    Discrete Jitter          (DJ):    0.000ns
    Phase Error              (PE):    0.000ns

    Location             Delay type                Incr(ns)  Path(ns)    Netlist Resource(s)
  -------------------------------------------------------------------    -------------------
                         (clock clk_fpga_0 rise edge)
                                                      0.000     0.000 r  
    PS7_X0Y0             PS7                          0.000     0.000 r  soc_npu_i/processing_system7_0/inst/PS7_i/FCLKCLK[0]
                         net (fo=1, routed)           1.193     1.193    soc_npu_i/processing_system7_0/inst/FCLK_CLK_unbuffered[0]
    BUFGCTRL_X0Y16       BUFG (Prop_bufg_I_O)         0.101     1.294 r  soc_npu_i/processing_system7_0/inst/buffer_fclk_clk_0.FCLK_CLK_0_BUFG/O
                         net (fo=5027, routed)        1.635     2.929    soc_npu_i/myip_npu_OCR_0/inst/u_npu_core/s00_axi_aclk
    SLICE_X34Y77         FDCE                                         r  soc_npu_i/myip_npu_OCR_0/inst/u_npu_core/cur_in_w_reg[5]/C
  -------------------------------------------------------------------    -------------------
    SLICE_X34Y77         FDCE (Prop_fdce_C_Q)         0.518     3.447 f  soc_npu_i/myip_npu_OCR_0/inst/u_npu_core/cur_in_w_reg[5]/Q
                         net (fo=133, routed)         1.417     4.864    soc_npu_i/myip_npu_OCR_0/inst/u_npu_core/cur_in_h[5]
    SLICE_X39Y92         LUT2 (Prop_lut2_I1_O)        0.150     5.014 r  soc_npu_i/myip_npu_OCR_0/inst/u_npu_core/patch_ch_offset_wide_i_52/O
                         net (fo=1, routed)           0.582     5.597    soc_npu_i/myip_npu_OCR_0/inst/u_npu_core/u_conv/patch_ch_offset_wide_i_27_1
    SLICE_X40Y92         LUT6 (Prop_lut6_I3_O)        0.326     5.923 r  soc_npu_i/myip_npu_OCR_0/inst/u_npu_core/u_conv/patch_ch_offset_wide_i_47/O
                         net (fo=1, routed)           0.000     5.923    soc_npu_i/myip_npu_OCR_0/inst/u_npu_core/u_conv_n_28
    SLICE_X40Y92         CARRY4 (Prop_carry4_S[1]_O[2])
                                                      0.580     6.503 r  soc_npu_i/myip_npu_OCR_0/inst/u_npu_core/patch_ch_offset_wide_i_27/O[2]
                         net (fo=3, routed)           0.449     6.952    soc_npu_i/myip_npu_OCR_0/inst/u_npu_core/patch_ch_offset_wide_i_27_n_5
    SLICE_X42Y92         LUT5 (Prop_lut5_I2_O)        0.297     7.249 r  soc_npu_i/myip_npu_OCR_0/inst/u_npu_core/patch_ch_offset_wide_i_12/O
                         net (fo=1, routed)           0.789     8.038    soc_npu_i/myip_npu_OCR_0/inst/u_npu_core/patch_ch_offset_wide_i_12_n_0
    SLICE_X41Y92         CARRY4 (Prop_carry4_DI[3]_CO[3])
                                                      0.616     8.654 r  soc_npu_i/myip_npu_OCR_0/inst/u_npu_core/patch_ch_offset_wide_i_2/CO[3]
                         net (fo=1, routed)           0.000     8.654    soc_npu_i/myip_npu_OCR_0/inst/u_npu_core/patch_ch_offset_wide_i_2_n_0
    SLICE_X41Y93         CARRY4 (Prop_carry4_CI_O[0])
                                                      0.222     8.876 r  soc_npu_i/myip_npu_OCR_0/inst/u_npu_core/patch_ch_offset_wide_i_1/O[0]
                         net (fo=1, routed)           0.700     9.576    soc_npu_i/myip_npu_OCR_0/inst/u_npu_core/A[11]
    DSP48_X2Y36          DSP48E1 (Prop_dsp48e1_A[11]_P[3])
                                                      4.016    13.592 r  soc_npu_i/myip_npu_OCR_0/inst/u_npu_core/patch_ch_offset_wide/P[3]
                         net (fo=2, routed)           1.160    14.753    soc_npu_i/myip_npu_OCR_0/inst/u_npu_core/u_conv/P[3]
    SLICE_X43Y89         LUT3 (Prop_lut3_I2_O)        0.149    14.902 r  soc_npu_i/myip_npu_OCR_0/inst/u_npu_core/u_conv/bram_addr[7]_i_6/O
                         net (fo=2, routed)           0.561    15.463    soc_npu_i/myip_npu_OCR_0/inst/u_npu_core/u_conv/bram_addr[7]_i_6_n_0
    SLICE_X43Y90         LUT4 (Prop_lut4_I3_O)        0.332    15.795 r  soc_npu_i/myip_npu_OCR_0/inst/u_npu_core/u_conv/bram_addr[7]_i_10/O
                         net (fo=1, routed)           0.000    15.795    soc_npu_i/myip_npu_OCR_0/inst/u_npu_core/u_conv/bram_addr[7]_i_10_n_0
    SLICE_X43Y90         CARRY4 (Prop_carry4_S[0]_CO[3])
                                                      0.532    16.327 r  soc_npu_i/myip_npu_OCR_0/inst/u_npu_core/u_conv/bram_addr_reg[7]_i_2/CO[3]
                         net (fo=1, routed)           0.000    16.327    soc_npu_i/myip_npu_OCR_0/inst/u_npu_core/u_conv/bram_addr_reg[7]_i_2_n_0
    SLICE_X43Y91         CARRY4 (Prop_carry4_CI_CO[3])
                                                      0.114    16.441 r  soc_npu_i/myip_npu_OCR_0/inst/u_npu_core/u_conv/bram_addr_reg[11]_i_2/CO[3]
                         net (fo=1, routed)           0.000    16.441    soc_npu_i/myip_npu_OCR_0/inst/u_npu_core/u_conv/bram_addr_reg[11]_i_2_n_0
    SLICE_X43Y92         CARRY4 (Prop_carry4_CI_O[1])
                                                      0.334    16.775 r  soc_npu_i/myip_npu_OCR_0/inst/u_npu_core/u_conv/bram_addr_reg[14]_i_2/O[1]
                         net (fo=1, routed)           0.310    17.085    soc_npu_i/myip_npu_OCR_0/inst/u_npu_core/u_conv/u_patch/bram_addr0[13]
    SLICE_X44Y92         LUT5 (Prop_lut5_I0_O)        0.303    17.388 r  soc_npu_i/myip_npu_OCR_0/inst/u_npu_core/u_conv/bram_addr[13]_i_1/O
                         net (fo=1, routed)           0.000    17.388    soc_npu_i/myip_npu_OCR_0/inst/u_npu_core/u_patch/D[13]
    SLICE_X44Y92         FDCE                                         r  soc_npu_i/myip_npu_OCR_0/inst/u_npu_core/u_patch/bram_addr_reg[13]/D
  -------------------------------------------------------------------    -------------------

                         (clock clk_fpga_0 rise edge)
                                                     20.000    20.000 r  
    PS7_X0Y0             PS7                          0.000    20.000 r  soc_npu_i/processing_system7_0/inst/PS7_i/FCLKCLK[0]
                         net (fo=1, routed)           1.088    21.088    soc_npu_i/processing_system7_0/inst/FCLK_CLK_unbuffered[0]
    BUFGCTRL_X0Y16       BUFG (Prop_bufg_I_O)         0.091    21.179 r  soc_npu_i/processing_system7_0/inst/buffer_fclk_clk_0.FCLK_CLK_0_BUFG/O
                         net (fo=5027, routed)        1.477    22.656    soc_npu_i/myip_npu_OCR_0/inst/u_npu_core/u_patch/s00_axi_aclk
    SLICE_X44Y92         FDCE                                         r  soc_npu_i/myip_npu_OCR_0/inst/u_npu_core/u_patch/bram_addr_reg[13]/C
                         clock pessimism              0.229    22.885    
                         clock uncertainty           -0.302    22.583    
    SLICE_X44Y92         FDCE (Setup_fdce_C_D)        0.029    22.612    soc_npu_i/myip_npu_OCR_0/inst/u_npu_core/u_patch/bram_addr_reg[13]
  -------------------------------------------------------------------
                         required time                         22.612    
                         arrival time                         -17.388    
  -------------------------------------------------------------------
                         slack                                  5.224    

Slack (MET) :             5.327ns  (required time - arrival time)
  Source:                 soc_npu_i/myip_npu_OCR_0/inst/u_npu_core/cur_in_w_reg[5]/C
                            (rising edge-triggered cell FDCE clocked by clk_fpga_0  {rise@0.000ns fall@10.000ns period=20.000ns})
  Destination:            soc_npu_i/myip_npu_OCR_0/inst/u_npu_core/u_patch/bram_addr_reg[8]/D
                            (rising edge-triggered cell FDCE clocked by clk_fpga_0  {rise@0.000ns fall@10.000ns period=20.000ns})
  Path Group:             clk_fpga_0
  Path Type:              Setup (Max at Slow Process Corner)
  Requirement:            20.000ns  (clk_fpga_0 rise@20.000ns - clk_fpga_0 rise@0.000ns)
  Data Path Delay:        14.358ns  (logic 8.259ns (57.521%)  route 6.099ns (42.479%))
  Logic Levels:           12  (CARRY4=5 DSP48E1=1 LUT2=1 LUT3=1 LUT4=1 LUT5=2 LUT6=1)
  Clock Path Skew:        -0.044ns (DCD - SCD + CPR)
    Destination Clock Delay (DCD):    2.656ns = ( 22.656 - 20.000 ) 
    Source Clock Delay      (SCD):    2.929ns
    Clock Pessimism Removal (CPR):    0.229ns
  Clock Uncertainty:      0.302ns  ((TSJ^2 + TIJ^2)^1/2 + DJ) / 2 + PE
    Total System Jitter     (TSJ):    0.071ns
    Total Input Jitter      (TIJ):    0.600ns
    Discrete Jitter          (DJ):    0.000ns
    Phase Error              (PE):    0.000ns

    Location             Delay type                Incr(ns)  Path(ns)    Netlist Resource(s)
  -------------------------------------------------------------------    -------------------
                         (clock clk_fpga_0 rise edge)
                                                      0.000     0.000 r  
    PS7_X0Y0             PS7                          0.000     0.000 r  soc_npu_i/processing_system7_0/inst/PS7_i/FCLKCLK[0]
                         net (fo=1, routed)           1.193     1.193    soc_npu_i/processing_system7_0/inst/FCLK_CLK_unbuffered[0]
    BUFGCTRL_X0Y16       BUFG (Prop_bufg_I_O)         0.101     1.294 r  soc_npu_i/processing_system7_0/inst/buffer_fclk_clk_0.FCLK_CLK_0_BUFG/O
                         net (fo=5027, routed)        1.635     2.929    soc_npu_i/myip_npu_OCR_0/inst/u_npu_core/s00_axi_aclk
    SLICE_X34Y77         FDCE                                         r  soc_npu_i/myip_npu_OCR_0/inst/u_npu_core/cur_in_w_reg[5]/C
  -------------------------------------------------------------------    -------------------
    SLICE_X34Y77         FDCE (Prop_fdce_C_Q)         0.518     3.447 f  soc_npu_i/myip_npu_OCR_0/inst/u_npu_core/cur_in_w_reg[5]/Q
                         net (fo=133, routed)         1.417     4.864    soc_npu_i/myip_npu_OCR_0/inst/u_npu_core/cur_in_h[5]
    SLICE_X39Y92         LUT2 (Prop_lut2_I1_O)        0.150     5.014 r  soc_npu_i/myip_npu_OCR_0/inst/u_npu_core/patch_ch_offset_wide_i_52/O
                         net (fo=1, routed)           0.582     5.597    soc_npu_i/myip_npu_OCR_0/inst/u_npu_core/u_conv/patch_ch_offset_wide_i_27_1
    SLICE_X40Y92         LUT6 (Prop_lut6_I3_O)        0.326     5.923 r  soc_npu_i/myip_npu_OCR_0/inst/u_npu_core/u_conv/patch_ch_offset_wide_i_47/O
                         net (fo=1, routed)           0.000     5.923    soc_npu_i/myip_npu_OCR_0/inst/u_npu_core/u_conv_n_28
    SLICE_X40Y92         CARRY4 (Prop_carry4_S[1]_O[2])
                                                      0.580     6.503 r  soc_npu_i/myip_npu_OCR_0/inst/u_npu_core/patch_ch_offset_wide_i_27/O[2]
                         net (fo=3, routed)           0.449     6.952    soc_npu_i/myip_npu_OCR_0/inst/u_npu_core/patch_ch_offset_wide_i_27_n_5
    SLICE_X42Y92         LUT5 (Prop_lut5_I2_O)        0.297     7.249 r  soc_npu_i/myip_npu_OCR_0/inst/u_npu_core/patch_ch_offset_wide_i_12/O
                         net (fo=1, routed)           0.789     8.038    soc_npu_i/myip_npu_OCR_0/inst/u_npu_core/patch_ch_offset_wide_i_12_n_0
    SLICE_X41Y92         CARRY4 (Prop_carry4_DI[3]_CO[3])
                                                      0.616     8.654 r  soc_npu_i/myip_npu_OCR_0/inst/u_npu_core/patch_ch_offset_wide_i_2/CO[3]
                         net (fo=1, routed)           0.000     8.654    soc_npu_i/myip_npu_OCR_0/inst/u_npu_core/patch_ch_offset_wide_i_2_n_0
    SLICE_X41Y93         CARRY4 (Prop_carry4_CI_O[0])
                                                      0.222     8.876 r  soc_npu_i/myip_npu_OCR_0/inst/u_npu_core/patch_ch_offset_wide_i_1/O[0]
                         net (fo=1, routed)           0.700     9.576    soc_npu_i/myip_npu_OCR_0/inst/u_npu_core/A[11]
    DSP48_X2Y36          DSP48E1 (Prop_dsp48e1_A[11]_P[3])
                                                      4.016    13.592 r  soc_npu_i/myip_npu_OCR_0/inst/u_npu_core/patch_ch_offset_wide/P[3]
                         net (fo=2, routed)           1.160    14.753    soc_npu_i/myip_npu_OCR_0/inst/u_npu_core/u_conv/P[3]
    SLICE_X43Y89         LUT3 (Prop_lut3_I2_O)        0.149    14.902 r  soc_npu_i/myip_npu_OCR_0/inst/u_npu_core/u_conv/bram_addr[7]_i_6/O
                         net (fo=2, routed)           0.561    15.463    soc_npu_i/myip_npu_OCR_0/inst/u_npu_core/u_conv/bram_addr[7]_i_6_n_0
    SLICE_X43Y90         LUT4 (Prop_lut4_I3_O)        0.332    15.795 r  soc_npu_i/myip_npu_OCR_0/inst/u_npu_core/u_conv/bram_addr[7]_i_10/O
                         net (fo=1, routed)           0.000    15.795    soc_npu_i/myip_npu_OCR_0/inst/u_npu_core/u_conv/bram_addr[7]_i_10_n_0
    SLICE_X43Y90         CARRY4 (Prop_carry4_S[0]_CO[3])
                                                      0.532    16.327 r  soc_npu_i/myip_npu_OCR_0/inst/u_npu_core/u_conv/bram_addr_reg[7]_i_2/CO[3]
                         net (fo=1, routed)           0.000    16.327    soc_npu_i/myip_npu_OCR_0/inst/u_npu_core/u_conv/bram_addr_reg[7]_i_2_n_0
    SLICE_X43Y91         CARRY4 (Prop_carry4_CI_O[0])
                                                      0.222    16.549 r  soc_npu_i/myip_npu_OCR_0/inst/u_npu_core/u_conv/bram_addr_reg[11]_i_2/O[0]
                         net (fo=1, routed)           0.440    16.988    soc_npu_i/myip_npu_OCR_0/inst/u_npu_core/u_conv/u_patch/bram_addr0[8]
    SLICE_X45Y92         LUT5 (Prop_lut5_I0_O)        0.299    17.287 r  soc_npu_i/myip_npu_OCR_0/inst/u_npu_core/u_conv/bram_addr[8]_i_1/O
                         net (fo=1, routed)           0.000    17.287    soc_npu_i/myip_npu_OCR_0/inst/u_npu_core/u_patch/D[8]
    SLICE_X45Y92         FDCE                                         r  soc_npu_i/myip_npu_OCR_0/inst/u_npu_core/u_patch/bram_addr_reg[8]/D
  -------------------------------------------------------------------    -------------------

                         (clock clk_fpga_0 rise edge)
                                                     20.000    20.000 r  
    PS7_X0Y0             PS7                          0.000    20.000 r  soc_npu_i/processing_system7_0/inst/PS7_i/FCLKCLK[0]
                         net (fo=1, routed)           1.088    21.088    soc_npu_i/processing_system7_0/inst/FCLK_CLK_unbuffered[0]
    BUFGCTRL_X0Y16       BUFG (Prop_bufg_I_O)         0.091    21.179 r  soc_npu_i/processing_system7_0/inst/buffer_fclk_clk_0.FCLK_CLK_0_BUFG/O
                         net (fo=5027, routed)        1.477    22.656    soc_npu_i/myip_npu_OCR_0/inst/u_npu_core/u_patch/s00_axi_aclk
    SLICE_X45Y92         FDCE                                         r  soc_npu_i/myip_npu_OCR_0/inst/u_npu_core/u_patch/bram_addr_reg[8]/C
                         clock pessimism              0.229    22.885    
                         clock uncertainty           -0.302    22.583    
    SLICE_X45Y92         FDCE (Setup_fdce_C_D)        0.031    22.614    soc_npu_i/myip_npu_OCR_0/inst/u_npu_core/u_patch/bram_addr_reg[8]
  -------------------------------------------------------------------
                         required time                         22.614    
                         arrival time                         -17.287    
  -------------------------------------------------------------------
                         slack                                  5.327    

Slack (MET) :             5.401ns  (required time - arrival time)
  Source:                 soc_npu_i/myip_npu_OCR_0/inst/u_npu_core/cur_in_w_reg[5]/C
                            (rising edge-triggered cell FDCE clocked by clk_fpga_0  {rise@0.000ns fall@10.000ns period=20.000ns})
  Destination:            soc_npu_i/myip_npu_OCR_0/inst/u_npu_core/u_patch/bram_addr_reg[11]/D
                            (rising edge-triggered cell FDCE clocked by clk_fpga_0  {rise@0.000ns fall@10.000ns period=20.000ns})
  Path Group:             clk_fpga_0
  Path Type:              Setup (Max at Slow Process Corner)
  Requirement:            20.000ns  (clk_fpga_0 rise@20.000ns - clk_fpga_0 rise@0.000ns)
  Data Path Delay:        14.330ns  (logic 8.357ns (58.320%)  route 5.973ns (41.680%))
  Logic Levels:           12  (CARRY4=5 DSP48E1=1 LUT2=1 LUT3=1 LUT4=1 LUT5=2 LUT6=1)
  Clock Path Skew:        -0.044ns (DCD - SCD + CPR)
    Destination Clock Delay (DCD):    2.656ns = ( 22.656 - 20.000 ) 
    Source Clock Delay      (SCD):    2.929ns
    Clock Pessimism Removal (CPR):    0.229ns
  Clock Uncertainty:      0.302ns  ((TSJ^2 + TIJ^2)^1/2 + DJ) / 2 + PE
    Total System Jitter     (TSJ):    0.071ns
    Total Input Jitter      (TIJ):    0.600ns
    Discrete Jitter          (DJ):    0.000ns
    Phase Error              (PE):    0.000ns

    Location             Delay type                Incr(ns)  Path(ns)    Netlist Resource(s)
  -------------------------------------------------------------------    -------------------
                         (clock clk_fpga_0 rise edge)
                                                      0.000     0.000 r  
    PS7_X0Y0             PS7                          0.000     0.000 r  soc_npu_i/processing_system7_0/inst/PS7_i/FCLKCLK[0]
                         net (fo=1, routed)           1.193     1.193    soc_npu_i/processing_system7_0/inst/FCLK_CLK_unbuffered[0]
    BUFGCTRL_X0Y16       BUFG (Prop_bufg_I_O)         0.101     1.294 r  soc_npu_i/processing_system7_0/inst/buffer_fclk_clk_0.FCLK_CLK_0_BUFG/O
                         net (fo=5027, routed)        1.635     2.929    soc_npu_i/myip_npu_OCR_0/inst/u_npu_core/s00_axi_aclk
    SLICE_X34Y77         FDCE                                         r  soc_npu_i/myip_npu_OCR_0/inst/u_npu_core/cur_in_w_reg[5]/C
  -------------------------------------------------------------------    -------------------
    SLICE_X34Y77         FDCE (Prop_fdce_C_Q)         0.518     3.447 f  soc_npu_i/myip_npu_OCR_0/inst/u_npu_core/cur_in_w_reg[5]/Q
                         net (fo=133, routed)         1.417     4.864    soc_npu_i/myip_npu_OCR_0/inst/u_npu_core/cur_in_h[5]
    SLICE_X39Y92         LUT2 (Prop_lut2_I1_O)        0.150     5.014 r  soc_npu_i/myip_npu_OCR_0/inst/u_npu_core/patch_ch_offset_wide_i_52/O
                         net (fo=1, routed)           0.582     5.597    soc_npu_i/myip_npu_OCR_0/inst/u_npu_core/u_conv/patch_ch_offset_wide_i_27_1
    SLICE_X40Y92         LUT6 (Prop_lut6_I3_O)        0.326     5.923 r  soc_npu_i/myip_npu_OCR_0/inst/u_npu_core/u_conv/patch_ch_offset_wide_i_47/O
                         net (fo=1, routed)           0.000     5.923    soc_npu_i/myip_npu_OCR_0/inst/u_npu_core/u_conv_n_28
    SLICE_X40Y92         CARRY4 (Prop_carry4_S[1]_O[2])
                                                      0.580     6.503 r  soc_npu_i/myip_npu_OCR_0/inst/u_npu_core/patch_ch_offset_wide_i_27/O[2]
                         net (fo=3, routed)           0.449     6.952    soc_npu_i/myip_npu_OCR_0/inst/u_npu_core/patch_ch_offset_wide_i_27_n_5
    SLICE_X42Y92         LUT5 (Prop_lut5_I2_O)        0.297     7.249 r  soc_npu_i/myip_npu_OCR_0/inst/u_npu_core/patch_ch_offset_wide_i_12/O
                         net (fo=1, routed)           0.789     8.038    soc_npu_i/myip_npu_OCR_0/inst/u_npu_core/patch_ch_offset_wide_i_12_n_0
    SLICE_X41Y92         CARRY4 (Prop_carry4_DI[3]_CO[3])
                                                      0.616     8.654 r  soc_npu_i/myip_npu_OCR_0/inst/u_npu_core/patch_ch_offset_wide_i_2/CO[3]
                         net (fo=1, routed)           0.000     8.654    soc_npu_i/myip_npu_OCR_0/inst/u_npu_core/patch_ch_offset_wide_i_2_n_0
    SLICE_X41Y93         CARRY4 (Prop_carry4_CI_O[0])
                                                      0.222     8.876 r  soc_npu_i/myip_npu_OCR_0/inst/u_npu_core/patch_ch_offset_wide_i_1/O[0]
                         net (fo=1, routed)           0.700     9.576    soc_npu_i/myip_npu_OCR_0/inst/u_npu_core/A[11]
    DSP48_X2Y36          DSP48E1 (Prop_dsp48e1_A[11]_P[3])
                                                      4.016    13.592 r  soc_npu_i/myip_npu_OCR_0/inst/u_npu_core/patch_ch_offset_wide/P[3]
                         net (fo=2, routed)           1.160    14.753    soc_npu_i/myip_npu_OCR_0/inst/u_npu_core/u_conv/P[3]
    SLICE_X43Y89         LUT3 (Prop_lut3_I2_O)        0.149    14.902 r  soc_npu_i/myip_npu_OCR_0/inst/u_npu_core/u_conv/bram_addr[7]_i_6/O
                         net (fo=2, routed)           0.561    15.463    soc_npu_i/myip_npu_OCR_0/inst/u_npu_core/u_conv/bram_addr[7]_i_6_n_0
    SLICE_X43Y90         LUT4 (Prop_lut4_I3_O)        0.332    15.795 r  soc_npu_i/myip_npu_OCR_0/inst/u_npu_core/u_conv/bram_addr[7]_i_10/O
                         net (fo=1, routed)           0.000    15.795    soc_npu_i/myip_npu_OCR_0/inst/u_npu_core/u_conv/bram_addr[7]_i_10_n_0
    SLICE_X43Y90         CARRY4 (Prop_carry4_S[0]_CO[3])
                                                      0.532    16.327 r  soc_npu_i/myip_npu_OCR_0/inst/u_npu_core/u_conv/bram_addr_reg[7]_i_2/CO[3]
                         net (fo=1, routed)           0.000    16.327    soc_npu_i/myip_npu_OCR_0/inst/u_npu_core/u_conv/bram_addr_reg[7]_i_2_n_0
    SLICE_X43Y91         CARRY4 (Prop_carry4_CI_O[3])
                                                      0.313    16.640 r  soc_npu_i/myip_npu_OCR_0/inst/u_npu_core/u_conv/bram_addr_reg[11]_i_2/O[3]
                         net (fo=1, routed)           0.313    16.953    soc_npu_i/myip_npu_OCR_0/inst/u_npu_core/u_conv/u_patch/bram_addr0[11]
    SLICE_X42Y89         LUT5 (Prop_lut5_I0_O)        0.306    17.259 r  soc_npu_i/myip_npu_OCR_0/inst/u_npu_core/u_conv/bram_addr[11]_i_1/O
                         net (fo=1, routed)           0.000    17.259    soc_npu_i/myip_npu_OCR_0/inst/u_npu_core/u_patch/D[11]
    SLICE_X42Y89         FDCE                                         r  soc_npu_i/myip_npu_OCR_0/inst/u_npu_core/u_patch/bram_addr_reg[11]/D
  -------------------------------------------------------------------    -------------------

                         (clock clk_fpga_0 rise edge)
                                                     20.000    20.000 r  
    PS7_X0Y0             PS7                          0.000    20.000 r  soc_npu_i/processing_system7_0/inst/PS7_i/FCLKCLK[0]
                         net (fo=1, routed)           1.088    21.088    soc_npu_i/processing_system7_0/inst/FCLK_CLK_unbuffered[0]
    BUFGCTRL_X0Y16       BUFG (Prop_bufg_I_O)         0.091    21.179 r  soc_npu_i/processing_system7_0/inst/buffer_fclk_clk_0.FCLK_CLK_0_BUFG/O
                         net (fo=5027, routed)        1.477    22.656    soc_npu_i/myip_npu_OCR_0/inst/u_npu_core/u_patch/s00_axi_aclk
    SLICE_X42Y89         FDCE                                         r  soc_npu_i/myip_npu_OCR_0/inst/u_npu_core/u_patch/bram_addr_reg[11]/C
                         clock pessimism              0.229    22.885    
                         clock uncertainty           -0.302    22.583    
    SLICE_X42Y89         FDCE (Setup_fdce_C_D)        0.077    22.660    soc_npu_i/myip_npu_OCR_0/inst/u_npu_core/u_patch/bram_addr_reg[11]
  -------------------------------------------------------------------
                         required time                         22.660    
                         arrival time                         -17.259    
  -------------------------------------------------------------------
                         slack                                  5.401    

Slack (MET) :             5.482ns  (required time - arrival time)
  Source:                 soc_npu_i/myip_npu_OCR_0/inst/u_npu_core/cur_in_w_reg[5]/C
                            (rising edge-triggered cell FDCE clocked by clk_fpga_0  {rise@0.000ns fall@10.000ns period=20.000ns})
  Destination:            soc_npu_i/myip_npu_OCR_0/inst/u_npu_core/u_patch/bram_addr_reg[10]/D
                            (rising edge-triggered cell FDCE clocked by clk_fpga_0  {rise@0.000ns fall@10.000ns period=20.000ns})
  Path Group:             clk_fpga_0
  Path Type:              Setup (Max at Slow Process Corner)
  Requirement:            20.000ns  (clk_fpga_0 rise@20.000ns - clk_fpga_0 rise@0.000ns)
  Data Path Delay:        14.249ns  (logic 8.279ns (58.101%)  route 5.970ns (41.899%))
  Logic Levels:           12  (CARRY4=5 DSP48E1=1 LUT2=1 LUT3=1 LUT4=1 LUT5=2 LUT6=1)
  Clock Path Skew:        -0.044ns (DCD - SCD + CPR)
    Destination Clock Delay (DCD):    2.656ns = ( 22.656 - 20.000 ) 
    Source Clock Delay      (SCD):    2.929ns
    Clock Pessimism Removal (CPR):    0.229ns
  Clock Uncertainty:      0.302ns  ((TSJ^2 + TIJ^2)^1/2 + DJ) / 2 + PE
    Total System Jitter     (TSJ):    0.071ns
    Total Input Jitter      (TIJ):    0.600ns
    Discrete Jitter          (DJ):    0.000ns
    Phase Error              (PE):    0.000ns

    Location             Delay type                Incr(ns)  Path(ns)    Netlist Resource(s)
  -------------------------------------------------------------------    -------------------
                         (clock clk_fpga_0 rise edge)
                                                      0.000     0.000 r  
    PS7_X0Y0             PS7                          0.000     0.000 r  soc_npu_i/processing_system7_0/inst/PS7_i/FCLKCLK[0]
                         net (fo=1, routed)           1.193     1.193    soc_npu_i/processing_system7_0/inst/FCLK_CLK_unbuffered[0]
    BUFGCTRL_X0Y16       BUFG (Prop_bufg_I_O)         0.101     1.294 r  soc_npu_i/processing_system7_0/inst/buffer_fclk_clk_0.FCLK_CLK_0_BUFG/O
                         net (fo=5027, routed)        1.635     2.929    soc_npu_i/myip_npu_OCR_0/inst/u_npu_core/s00_axi_aclk
    SLICE_X34Y77         FDCE                                         r  soc_npu_i/myip_npu_OCR_0/inst/u_npu_core/cur_in_w_reg[5]/C
  -------------------------------------------------------------------    -------------------
    SLICE_X34Y77         FDCE (Prop_fdce_C_Q)         0.518     3.447 f  soc_npu_i/myip_npu_OCR_0/inst/u_npu_core/cur_in_w_reg[5]/Q
                         net (fo=133, routed)         1.417     4.864    soc_npu_i/myip_npu_OCR_0/inst/u_npu_core/cur_in_h[5]
    SLICE_X39Y92         LUT2 (Prop_lut2_I1_O)        0.150     5.014 r  soc_npu_i/myip_npu_OCR_0/inst/u_npu_core/patch_ch_offset_wide_i_52/O
                         net (fo=1, routed)           0.582     5.597    soc_npu_i/myip_npu_OCR_0/inst/u_npu_core/u_conv/patch_ch_offset_wide_i_27_1
    SLICE_X40Y92         LUT6 (Prop_lut6_I3_O)        0.326     5.923 r  soc_npu_i/myip_npu_OCR_0/inst/u_npu_core/u_conv/patch_ch_offset_wide_i_47/O
                         net (fo=1, routed)           0.000     5.923    soc_npu_i/myip_npu_OCR_0/inst/u_npu_core/u_conv_n_28
    SLICE_X40Y92         CARRY4 (Prop_carry4_S[1]_O[2])
                                                      0.580     6.503 r  soc_npu_i/myip_npu_OCR_0/inst/u_npu_core/patch_ch_offset_wide_i_27/O[2]
                         net (fo=3, routed)           0.449     6.952    soc_npu_i/myip_npu_OCR_0/inst/u_npu_core/patch_ch_offset_wide_i_27_n_5
    SLICE_X42Y92         LUT5 (Prop_lut5_I2_O)        0.297     7.249 r  soc_npu_i/myip_npu_OCR_0/inst/u_npu_core/patch_ch_offset_wide_i_12/O
                         net (fo=1, routed)           0.789     8.038    soc_npu_i/myip_npu_OCR_0/inst/u_npu_core/patch_ch_offset_wide_i_12_n_0
    SLICE_X41Y92         CARRY4 (Prop_carry4_DI[3]_CO[3])
                                                      0.616     8.654 r  soc_npu_i/myip_npu_OCR_0/inst/u_npu_core/patch_ch_offset_wide_i_2/CO[3]
                         net (fo=1, routed)           0.000     8.654    soc_npu_i/myip_npu_OCR_0/inst/u_npu_core/patch_ch_offset_wide_i_2_n_0
    SLICE_X41Y93         CARRY4 (Prop_carry4_CI_O[0])
                                                      0.222     8.876 r  soc_npu_i/myip_npu_OCR_0/inst/u_npu_core/patch_ch_offset_wide_i_1/O[0]
                         net (fo=1, routed)           0.700     9.576    soc_npu_i/myip_npu_OCR_0/inst/u_npu_core/A[11]
    DSP48_X2Y36          DSP48E1 (Prop_dsp48e1_A[11]_P[3])
                                                      4.016    13.592 r  soc_npu_i/myip_npu_OCR_0/inst/u_npu_core/patch_ch_offset_wide/P[3]
                         net (fo=2, routed)           1.160    14.753    soc_npu_i/myip_npu_OCR_0/inst/u_npu_core/u_conv/P[3]
    SLICE_X43Y89         LUT3 (Prop_lut3_I2_O)        0.149    14.902 r  soc_npu_i/myip_npu_OCR_0/inst/u_npu_core/u_conv/bram_addr[7]_i_6/O
                         net (fo=2, routed)           0.561    15.463    soc_npu_i/myip_npu_OCR_0/inst/u_npu_core/u_conv/bram_addr[7]_i_6_n_0
    SLICE_X43Y90         LUT4 (Prop_lut4_I3_O)        0.332    15.795 r  soc_npu_i/myip_npu_OCR_0/inst/u_npu_core/u_conv/bram_addr[7]_i_10/O
                         net (fo=1, routed)           0.000    15.795    soc_npu_i/myip_npu_OCR_0/inst/u_npu_core/u_conv/bram_addr[7]_i_10_n_0
    SLICE_X43Y90         CARRY4 (Prop_carry4_S[0]_CO[3])
                                                      0.532    16.327 r  soc_npu_i/myip_npu_OCR_0/inst/u_npu_core/u_conv/bram_addr_reg[7]_i_2/CO[3]
                         net (fo=1, routed)           0.000    16.327    soc_npu_i/myip_npu_OCR_0/inst/u_npu_core/u_conv/bram_addr_reg[7]_i_2_n_0
    SLICE_X43Y91         CARRY4 (Prop_carry4_CI_O[2])
                                                      0.239    16.566 r  soc_npu_i/myip_npu_OCR_0/inst/u_npu_core/u_conv/bram_addr_reg[11]_i_2/O[2]
                         net (fo=1, routed)           0.311    16.876    soc_npu_i/myip_npu_OCR_0/inst/u_npu_core/u_conv/u_patch/bram_addr0[10]
    SLICE_X42Y90         LUT5 (Prop_lut5_I0_O)        0.302    17.178 r  soc_npu_i/myip_npu_OCR_0/inst/u_npu_core/u_conv/bram_addr[10]_i_1/O
                         net (fo=1, routed)           0.000    17.178    soc_npu_i/myip_npu_OCR_0/inst/u_npu_core/u_patch/D[10]
    SLICE_X42Y90         FDCE                                         r  soc_npu_i/myip_npu_OCR_0/inst/u_npu_core/u_patch/bram_addr_reg[10]/D
  -------------------------------------------------------------------    -------------------

                         (clock clk_fpga_0 rise edge)
                                                     20.000    20.000 r  
    PS7_X0Y0             PS7                          0.000    20.000 r  soc_npu_i/processing_system7_0/inst/PS7_i/FCLKCLK[0]
                         net (fo=1, routed)           1.088    21.088    soc_npu_i/processing_system7_0/inst/FCLK_CLK_unbuffered[0]
    BUFGCTRL_X0Y16       BUFG (Prop_bufg_I_O)         0.091    21.179 r  soc_npu_i/processing_system7_0/inst/buffer_fclk_clk_0.FCLK_CLK_0_BUFG/O
                         net (fo=5027, routed)        1.477    22.656    soc_npu_i/myip_npu_OCR_0/inst/u_npu_core/u_patch/s00_axi_aclk
    SLICE_X42Y90         FDCE                                         r  soc_npu_i/myip_npu_OCR_0/inst/u_npu_core/u_patch/bram_addr_reg[10]/C
                         clock pessimism              0.229    22.885    
                         clock uncertainty           -0.302    22.583    
    SLICE_X42Y90         FDCE (Setup_fdce_C_D)        0.077    22.660    soc_npu_i/myip_npu_OCR_0/inst/u_npu_core/u_patch/bram_addr_reg[10]
  -------------------------------------------------------------------
                         required time                         22.660    
                         arrival time                         -17.178    
  -------------------------------------------------------------------
                         slack                                  5.482    

Slack (MET) :             5.605ns  (required time - arrival time)
  Source:                 soc_npu_i/myip_npu_OCR_0/inst/u_npu_core/cur_in_w_reg[5]/C
                            (rising edge-triggered cell FDCE clocked by clk_fpga_0  {rise@0.000ns fall@10.000ns period=20.000ns})
  Destination:            soc_npu_i/myip_npu_OCR_0/inst/u_npu_core/u_patch/bram_addr_reg[7]/D
                            (rising edge-triggered cell FDCE clocked by clk_fpga_0  {rise@0.000ns fall@10.000ns period=20.000ns})
  Path Group:             clk_fpga_0
  Path Type:              Setup (Max at Slow Process Corner)
  Requirement:            20.000ns  (clk_fpga_0 rise@20.000ns - clk_fpga_0 rise@0.000ns)
  Data Path Delay:        14.079ns  (logic 8.118ns (57.660%)  route 5.961ns (42.340%))
  Logic Levels:           11  (CARRY4=4 DSP48E1=1 LUT2=1 LUT3=1 LUT4=1 LUT5=2 LUT6=1)
  Clock Path Skew:        -0.045ns (DCD - SCD + CPR)
    Destination Clock Delay (DCD):    2.655ns = ( 22.655 - 20.000 ) 
    Source Clock Delay      (SCD):    2.929ns
    Clock Pessimism Removal (CPR):    0.229ns
  Clock Uncertainty:      0.302ns  ((TSJ^2 + TIJ^2)^1/2 + DJ) / 2 + PE
    Total System Jitter     (TSJ):    0.071ns
    Total Input Jitter      (TIJ):    0.600ns
    Discrete Jitter          (DJ):    0.000ns
    Phase Error              (PE):    0.000ns

    Location             Delay type                Incr(ns)  Path(ns)    Netlist Resource(s)
  -------------------------------------------------------------------    -------------------
                         (clock clk_fpga_0 rise edge)
                                                      0.000     0.000 r  
    PS7_X0Y0             PS7                          0.000     0.000 r  soc_npu_i/processing_system7_0/inst/PS7_i/FCLKCLK[0]
                         net (fo=1, routed)           1.193     1.193    soc_npu_i/processing_system7_0/inst/FCLK_CLK_unbuffered[0]
    BUFGCTRL_X0Y16       BUFG (Prop_bufg_I_O)         0.101     1.294 r  soc_npu_i/processing_system7_0/inst/buffer_fclk_clk_0.FCLK_CLK_0_BUFG/O
                         net (fo=5027, routed)        1.635     2.929    soc_npu_i/myip_npu_OCR_0/inst/u_npu_core/s00_axi_aclk
    SLICE_X34Y77         FDCE                                         r  soc_npu_i/myip_npu_OCR_0/inst/u_npu_core/cur_in_w_reg[5]/C
  -------------------------------------------------------------------    -------------------
    SLICE_X34Y77         FDCE (Prop_fdce_C_Q)         0.518     3.447 f  soc_npu_i/myip_npu_OCR_0/inst/u_npu_core/cur_in_w_reg[5]/Q
                         net (fo=133, routed)         1.417     4.864    soc_npu_i/myip_npu_OCR_0/inst/u_npu_core/cur_in_h[5]
    SLICE_X39Y92         LUT2 (Prop_lut2_I1_O)        0.150     5.014 r  soc_npu_i/myip_npu_OCR_0/inst/u_npu_core/patch_ch_offset_wide_i_52/O
                         net (fo=1, routed)           0.582     5.597    soc_npu_i/myip_npu_OCR_0/inst/u_npu_core/u_conv/patch_ch_offset_wide_i_27_1
    SLICE_X40Y92         LUT6 (Prop_lut6_I3_O)        0.326     5.923 r  soc_npu_i/myip_npu_OCR_0/inst/u_npu_core/u_conv/patch_ch_offset_wide_i_47/O
                         net (fo=1, routed)           0.000     5.923    soc_npu_i/myip_npu_OCR_0/inst/u_npu_core/u_conv_n_28
    SLICE_X40Y92         CARRY4 (Prop_carry4_S[1]_O[2])
                                                      0.580     6.503 r  soc_npu_i/myip_npu_OCR_0/inst/u_npu_core/patch_ch_offset_wide_i_27/O[2]
                         net (fo=3, routed)           0.449     6.952    soc_npu_i/myip_npu_OCR_0/inst/u_npu_core/patch_ch_offset_wide_i_27_n_5
    SLICE_X42Y92         LUT5 (Prop_lut5_I2_O)        0.297     7.249 r  soc_npu_i/myip_npu_OCR_0/inst/u_npu_core/patch_ch_offset_wide_i_12/O
                         net (fo=1, routed)           0.789     8.038    soc_npu_i/myip_npu_OCR_0/inst/u_npu_core/patch_ch_offset_wide_i_12_n_0
    SLICE_X41Y92         CARRY4 (Prop_carry4_DI[3]_CO[3])
                                                      0.616     8.654 r  soc_npu_i/myip_npu_OCR_0/inst/u_npu_core/patch_ch_offset_wide_i_2/CO[3]
                         net (fo=1, routed)           0.000     8.654    soc_npu_i/myip_npu_OCR_0/inst/u_npu_core/patch_ch_offset_wide_i_2_n_0
    SLICE_X41Y93         CARRY4 (Prop_carry4_CI_O[0])
                                                      0.222     8.876 r  soc_npu_i/myip_npu_OCR_0/inst/u_npu_core/patch_ch_offset_wide_i_1/O[0]
                         net (fo=1, routed)           0.700     9.576    soc_npu_i/myip_npu_OCR_0/inst/u_npu_core/A[11]
    DSP48_X2Y36          DSP48E1 (Prop_dsp48e1_A[11]_P[3])
                                                      4.016    13.592 r  soc_npu_i/myip_npu_OCR_0/inst/u_npu_core/patch_ch_offset_wide/P[3]
                         net (fo=2, routed)           1.160    14.753    soc_npu_i/myip_npu_OCR_0/inst/u_npu_core/u_conv/P[3]
    SLICE_X43Y89         LUT3 (Prop_lut3_I2_O)        0.149    14.902 r  soc_npu_i/myip_npu_OCR_0/inst/u_npu_core/u_conv/bram_addr[7]_i_6/O
                         net (fo=2, routed)           0.561    15.463    soc_npu_i/myip_npu_OCR_0/inst/u_npu_core/u_conv/bram_addr[7]_i_6_n_0
    SLICE_X43Y90         LUT4 (Prop_lut4_I3_O)        0.332    15.795 r  soc_npu_i/myip_npu_OCR_0/inst/u_npu_core/u_conv/bram_addr[7]_i_10/O
                         net (fo=1, routed)           0.000    15.795    soc_npu_i/myip_npu_OCR_0/inst/u_npu_core/u_conv/bram_addr[7]_i_10_n_0
    SLICE_X43Y90         CARRY4 (Prop_carry4_S[0]_O[3])
                                                      0.606    16.401 r  soc_npu_i/myip_npu_OCR_0/inst/u_npu_core/u_conv/bram_addr_reg[7]_i_2/O[3]
                         net (fo=1, routed)           0.301    16.702    soc_npu_i/myip_npu_OCR_0/inst/u_npu_core/u_conv/u_patch/bram_addr0[7]
    SLICE_X45Y90         LUT5 (Prop_lut5_I0_O)        0.306    17.008 r  soc_npu_i/myip_npu_OCR_0/inst/u_npu_core/u_conv/bram_addr[7]_i_1/O
                         net (fo=1, routed)           0.000    17.008    soc_npu_i/myip_npu_OCR_0/inst/u_npu_core/u_patch/D[7]
    SLICE_X45Y90         FDCE                                         r  soc_npu_i/myip_npu_OCR_0/inst/u_npu_core/u_patch/bram_addr_reg[7]/D
  -------------------------------------------------------------------    -------------------

                         (clock clk_fpga_0 rise edge)
                                                     20.000    20.000 r  
    PS7_X0Y0             PS7                          0.000    20.000 r  soc_npu_i/processing_system7_0/inst/PS7_i/FCLKCLK[0]
                         net (fo=1, routed)           1.088    21.088    soc_npu_i/processing_system7_0/inst/FCLK_CLK_unbuffered[0]
    BUFGCTRL_X0Y16       BUFG (Prop_bufg_I_O)         0.091    21.179 r  soc_npu_i/processing_system7_0/inst/buffer_fclk_clk_0.FCLK_CLK_0_BUFG/O
                         net (fo=5027, routed)        1.476    22.655    soc_npu_i/myip_npu_OCR_0/inst/u_npu_core/u_patch/s00_axi_aclk
    SLICE_X45Y90         FDCE                                         r  soc_npu_i/myip_npu_OCR_0/inst/u_npu_core/u_patch/bram_addr_reg[7]/C
                         clock pessimism              0.229    22.884    
                         clock uncertainty           -0.302    22.582    
    SLICE_X45Y90         FDCE (Setup_fdce_C_D)        0.031    22.613    soc_npu_i/myip_npu_OCR_0/inst/u_npu_core/u_patch/bram_addr_reg[7]
  -------------------------------------------------------------------
                         required time                         22.613    
                         arrival time                         -17.008    
  -------------------------------------------------------------------
                         slack                                  5.605    

Slack (MET) :             5.655ns  (required time - arrival time)
  Source:                 soc_npu_i/myip_npu_OCR_0/inst/u_npu_core/cur_in_w_reg[5]/C
                            (rising edge-triggered cell FDCE clocked by clk_fpga_0  {rise@0.000ns fall@10.000ns period=20.000ns})
  Destination:            soc_npu_i/myip_npu_OCR_0/inst/u_npu_core/u_patch/bram_addr_reg[6]/D
                            (rising edge-triggered cell FDCE clocked by clk_fpga_0  {rise@0.000ns fall@10.000ns period=20.000ns})
  Path Group:             clk_fpga_0
  Path Type:              Setup (Max at Slow Process Corner)
  Requirement:            20.000ns  (clk_fpga_0 rise@20.000ns - clk_fpga_0 rise@0.000ns)
  Data Path Delay:        14.078ns  (logic 8.055ns (57.216%)  route 6.023ns (42.784%))
  Logic Levels:           11  (CARRY4=4 DSP48E1=1 LUT2=1 LUT3=1 LUT4=1 LUT5=2 LUT6=1)
  Clock Path Skew:        -0.044ns (DCD - SCD + CPR)
    Destination Clock Delay (DCD):    2.656ns = ( 22.656 - 20.000 ) 
    Source Clock Delay      (SCD):    2.929ns
    Clock Pessimism Removal (CPR):    0.229ns
  Clock Uncertainty:      0.302ns  ((TSJ^2 + TIJ^2)^1/2 + DJ) / 2 + PE
    Total System Jitter     (TSJ):    0.071ns
    Total Input Jitter      (TIJ):    0.600ns
    Discrete Jitter          (DJ):    0.000ns
    Phase Error              (PE):    0.000ns

    Location             Delay type                Incr(ns)  Path(ns)    Netlist Resource(s)
  -------------------------------------------------------------------    -------------------
                         (clock clk_fpga_0 rise edge)
                                                      0.000     0.000 r  
    PS7_X0Y0             PS7                          0.000     0.000 r  soc_npu_i/processing_system7_0/inst/PS7_i/FCLKCLK[0]
                         net (fo=1, routed)           1.193     1.193    soc_npu_i/processing_system7_0/inst/FCLK_CLK_unbuffered[0]
    BUFGCTRL_X0Y16       BUFG (Prop_bufg_I_O)         0.101     1.294 r  soc_npu_i/processing_system7_0/inst/buffer_fclk_clk_0.FCLK_CLK_0_BUFG/O
                         net (fo=5027, routed)        1.635     2.929    soc_npu_i/myip_npu_OCR_0/inst/u_npu_core/s00_axi_aclk
    SLICE_X34Y77         FDCE                                         r  soc_npu_i/myip_npu_OCR_0/inst/u_npu_core/cur_in_w_reg[5]/C
  -------------------------------------------------------------------    -------------------
    SLICE_X34Y77         FDCE (Prop_fdce_C_Q)         0.518     3.447 f  soc_npu_i/myip_npu_OCR_0/inst/u_npu_core/cur_in_w_reg[5]/Q
                         net (fo=133, routed)         1.417     4.864    soc_npu_i/myip_npu_OCR_0/inst/u_npu_core/cur_in_h[5]
    SLICE_X39Y92         LUT2 (Prop_lut2_I1_O)        0.150     5.014 r  soc_npu_i/myip_npu_OCR_0/inst/u_npu_core/patch_ch_offset_wide_i_52/O
                         net (fo=1, routed)           0.582     5.597    soc_npu_i/myip_npu_OCR_0/inst/u_npu_core/u_conv/patch_ch_offset_wide_i_27_1
    SLICE_X40Y92         LUT6 (Prop_lut6_I3_O)        0.326     5.923 r  soc_npu_i/myip_npu_OCR_0/inst/u_npu_core/u_conv/patch_ch_offset_wide_i_47/O
                         net (fo=1, routed)           0.000     5.923    soc_npu_i/myip_npu_OCR_0/inst/u_npu_core/u_conv_n_28
    SLICE_X40Y92         CARRY4 (Prop_carry4_S[1]_O[2])
                                                      0.580     6.503 r  soc_npu_i/myip_npu_OCR_0/inst/u_npu_core/patch_ch_offset_wide_i_27/O[2]
                         net (fo=3, routed)           0.449     6.952    soc_npu_i/myip_npu_OCR_0/inst/u_npu_core/patch_ch_offset_wide_i_27_n_5
    SLICE_X42Y92         LUT5 (Prop_lut5_I2_O)        0.297     7.249 r  soc_npu_i/myip_npu_OCR_0/inst/u_npu_core/patch_ch_offset_wide_i_12/O
                         net (fo=1, routed)           0.789     8.038    soc_npu_i/myip_npu_OCR_0/inst/u_npu_core/patch_ch_offset_wide_i_12_n_0
    SLICE_X41Y92         CARRY4 (Prop_carry4_DI[3]_CO[3])
                                                      0.616     8.654 r  soc_npu_i/myip_npu_OCR_0/inst/u_npu_core/patch_ch_offset_wide_i_2/CO[3]
                         net (fo=1, routed)           0.000     8.654    soc_npu_i/myip_npu_OCR_0/inst/u_npu_core/patch_ch_offset_wide_i_2_n_0
    SLICE_X41Y93         CARRY4 (Prop_carry4_CI_O[0])
                                                      0.222     8.876 r  soc_npu_i/myip_npu_OCR_0/inst/u_npu_core/patch_ch_offset_wide_i_1/O[0]
                         net (fo=1, routed)           0.700     9.576    soc_npu_i/myip_npu_OCR_0/inst/u_npu_core/A[11]
    DSP48_X2Y36          DSP48E1 (Prop_dsp48e1_A[11]_P[3])
                                                      4.016    13.592 r  soc_npu_i/myip_npu_OCR_0/inst/u_npu_core/patch_ch_offset_wide/P[3]
                         net (fo=2, routed)           1.160    14.753    soc_npu_i/myip_npu_OCR_0/inst/u_npu_core/u_conv/P[3]
    SLICE_X43Y89         LUT3 (Prop_lut3_I2_O)        0.149    14.902 r  soc_npu_i/myip_npu_OCR_0/inst/u_npu_core/u_conv/bram_addr[7]_i_6/O
                         net (fo=2, routed)           0.561    15.463    soc_npu_i/myip_npu_OCR_0/inst/u_npu_core/u_conv/bram_addr[7]_i_6_n_0
    SLICE_X43Y90         LUT4 (Prop_lut4_I3_O)        0.332    15.795 r  soc_npu_i/myip_npu_OCR_0/inst/u_npu_core/u_conv/bram_addr[7]_i_10/O
                         net (fo=1, routed)           0.000    15.795    soc_npu_i/myip_npu_OCR_0/inst/u_npu_core/u_conv/bram_addr[7]_i_10_n_0
    SLICE_X43Y90         CARRY4 (Prop_carry4_S[0]_O[2])
                                                      0.547    16.342 r  soc_npu_i/myip_npu_OCR_0/inst/u_npu_core/u_conv/bram_addr_reg[7]_i_2/O[2]
                         net (fo=1, routed)           0.363    16.705    soc_npu_i/myip_npu_OCR_0/inst/u_npu_core/u_conv/u_patch/bram_addr0[6]
    SLICE_X42Y90         LUT5 (Prop_lut5_I0_O)        0.302    17.007 r  soc_npu_i/myip_npu_OCR_0/inst/u_npu_core/u_conv/bram_addr[6]_i_1/O
                         net (fo=1, routed)           0.000    17.007    soc_npu_i/myip_npu_OCR_0/inst/u_npu_core/u_patch/D[6]
    SLICE_X42Y90         FDCE                                         r  soc_npu_i/myip_npu_OCR_0/inst/u_npu_core/u_patch/bram_addr_reg[6]/D
  -------------------------------------------------------------------    -------------------

                         (clock clk_fpga_0 rise edge)
                                                     20.000    20.000 r  
    PS7_X0Y0             PS7                          0.000    20.000 r  soc_npu_i/processing_system7_0/inst/PS7_i/FCLKCLK[0]
                         net (fo=1, routed)           1.088    21.088    soc_npu_i/processing_system7_0/inst/FCLK_CLK_unbuffered[0]
    BUFGCTRL_X0Y16       BUFG (Prop_bufg_I_O)         0.091    21.179 r  soc_npu_i/processing_system7_0/inst/buffer_fclk_clk_0.FCLK_CLK_0_BUFG/O
                         net (fo=5027, routed)        1.477    22.656    soc_npu_i/myip_npu_OCR_0/inst/u_npu_core/u_patch/s00_axi_aclk
    SLICE_X42Y90         FDCE                                         r  soc_npu_i/myip_npu_OCR_0/inst/u_npu_core/u_patch/bram_addr_reg[6]/C
                         clock pessimism              0.229    22.885    
                         clock uncertainty           -0.302    22.583    
    SLICE_X42Y90         FDCE (Setup_fdce_C_D)        0.079    22.662    soc_npu_i/myip_npu_OCR_0/inst/u_npu_core/u_patch/bram_addr_reg[6]
  -------------------------------------------------------------------
                         required time                         22.662    
                         arrival time                         -17.007    
  -------------------------------------------------------------------
                         slack                                  5.655    

Slack (MET) :             5.800ns  (required time - arrival time)
  Source:                 soc_npu_i/myip_npu_OCR_0/inst/u_npu_core/cur_in_w_reg[5]/C
                            (rising edge-triggered cell FDCE clocked by clk_fpga_0  {rise@0.000ns fall@10.000ns period=20.000ns})
  Destination:            soc_npu_i/myip_npu_OCR_0/inst/u_npu_core/u_patch/bram_addr_reg[4]/D
                            (rising edge-triggered cell FDCE clocked by clk_fpga_0  {rise@0.000ns fall@10.000ns period=20.000ns})
  Path Group:             clk_fpga_0
  Path Type:              Setup (Max at Slow Process Corner)
  Requirement:            20.000ns  (clk_fpga_0 rise@20.000ns - clk_fpga_0 rise@0.000ns)
  Data Path Delay:        13.882ns  (logic 8.128ns (58.550%)  route 5.754ns (41.450%))
  Logic Levels:           12  (CARRY4=5 DSP48E1=1 LUT2=1 LUT4=2 LUT5=2 LUT6=1)
  Clock Path Skew:        -0.045ns (DCD - SCD + CPR)
    Destination Clock Delay (DCD):    2.655ns = ( 22.655 - 20.000 ) 
    Source Clock Delay      (SCD):    2.929ns
    Clock Pessimism Removal (CPR):    0.229ns
  Clock Uncertainty:      0.302ns  ((TSJ^2 + TIJ^2)^1/2 + DJ) / 2 + PE
    Total System Jitter     (TSJ):    0.071ns
    Total Input Jitter      (TIJ):    0.600ns
    Discrete Jitter          (DJ):    0.000ns
    Phase Error              (PE):    0.000ns

    Location             Delay type                Incr(ns)  Path(ns)    Netlist Resource(s)
  -------------------------------------------------------------------    -------------------
                         (clock clk_fpga_0 rise edge)
                                                      0.000     0.000 r  
    PS7_X0Y0             PS7                          0.000     0.000 r  soc_npu_i/processing_system7_0/inst/PS7_i/FCLKCLK[0]
                         net (fo=1, routed)           1.193     1.193    soc_npu_i/processing_system7_0/inst/FCLK_CLK_unbuffered[0]
    BUFGCTRL_X0Y16       BUFG (Prop_bufg_I_O)         0.101     1.294 r  soc_npu_i/processing_system7_0/inst/buffer_fclk_clk_0.FCLK_CLK_0_BUFG/O
                         net (fo=5027, routed)        1.635     2.929    soc_npu_i/myip_npu_OCR_0/inst/u_npu_core/s00_axi_aclk
    SLICE_X34Y77         FDCE                                         r  soc_npu_i/myip_npu_OCR_0/inst/u_npu_core/cur_in_w_reg[5]/C
  -------------------------------------------------------------------    -------------------
    SLICE_X34Y77         FDCE (Prop_fdce_C_Q)         0.518     3.447 f  soc_npu_i/myip_npu_OCR_0/inst/u_npu_core/cur_in_w_reg[5]/Q
                         net (fo=133, routed)         1.417     4.864    soc_npu_i/myip_npu_OCR_0/inst/u_npu_core/cur_in_h[5]
    SLICE_X39Y92         LUT2 (Prop_lut2_I1_O)        0.150     5.014 r  soc_npu_i/myip_npu_OCR_0/inst/u_npu_core/patch_ch_offset_wide_i_52/O
                         net (fo=1, routed)           0.582     5.597    soc_npu_i/myip_npu_OCR_0/inst/u_npu_core/u_conv/patch_ch_offset_wide_i_27_1
    SLICE_X40Y92         LUT6 (Prop_lut6_I3_O)        0.326     5.923 r  soc_npu_i/myip_npu_OCR_0/inst/u_npu_core/u_conv/patch_ch_offset_wide_i_47/O
                         net (fo=1, routed)           0.000     5.923    soc_npu_i/myip_npu_OCR_0/inst/u_npu_core/u_conv_n_28
    SLICE_X40Y92         CARRY4 (Prop_carry4_S[1]_O[2])
                                                      0.580     6.503 r  soc_npu_i/myip_npu_OCR_0/inst/u_npu_core/patch_ch_offset_wide_i_27/O[2]
                         net (fo=3, routed)           0.449     6.952    soc_npu_i/myip_npu_OCR_0/inst/u_npu_core/patch_ch_offset_wide_i_27_n_5
    SLICE_X42Y92         LUT5 (Prop_lut5_I2_O)        0.297     7.249 r  soc_npu_i/myip_npu_OCR_0/inst/u_npu_core/patch_ch_offset_wide_i_12/O
                         net (fo=1, routed)           0.789     8.038    soc_npu_i/myip_npu_OCR_0/inst/u_npu_core/patch_ch_offset_wide_i_12_n_0
    SLICE_X41Y92         CARRY4 (Prop_carry4_DI[3]_CO[3])
                                                      0.616     8.654 r  soc_npu_i/myip_npu_OCR_0/inst/u_npu_core/patch_ch_offset_wide_i_2/CO[3]
                         net (fo=1, routed)           0.000     8.654    soc_npu_i/myip_npu_OCR_0/inst/u_npu_core/patch_ch_offset_wide_i_2_n_0
    SLICE_X41Y93         CARRY4 (Prop_carry4_CI_O[0])
                                                      0.222     8.876 r  soc_npu_i/myip_npu_OCR_0/inst/u_npu_core/patch_ch_offset_wide_i_1/O[0]
                         net (fo=1, routed)           0.700     9.576    soc_npu_i/myip_npu_OCR_0/inst/u_npu_core/A[11]
    DSP48_X2Y36          DSP48E1 (Prop_dsp48e1_A[11]_P[2])
                                                      4.016    13.592 r  soc_npu_i/myip_npu_OCR_0/inst/u_npu_core/patch_ch_offset_wide/P[2]
                         net (fo=2, routed)           0.961    14.553    soc_npu_i/myip_npu_OCR_0/inst/u_npu_core/u_conv/P[2]
    SLICE_X43Y89         LUT4 (Prop_lut4_I3_O)        0.153    14.706 r  soc_npu_i/myip_npu_OCR_0/inst/u_npu_core/u_conv/bram_addr[3]_i_3/O
                         net (fo=2, routed)           0.415    15.121    soc_npu_i/myip_npu_OCR_0/inst/u_npu_core/u_conv/bram_addr[3]_i_3_n_0
    SLICE_X43Y89         LUT4 (Prop_lut4_I3_O)        0.327    15.448 r  soc_npu_i/myip_npu_OCR_0/inst/u_npu_core/u_conv/bram_addr[3]_i_6/O
                         net (fo=1, routed)           0.000    15.448    soc_npu_i/myip_npu_OCR_0/inst/u_npu_core/u_conv/bram_addr[3]_i_6_n_0
    SLICE_X43Y89         CARRY4 (Prop_carry4_S[3]_CO[3])
                                                      0.401    15.849 r  soc_npu_i/myip_npu_OCR_0/inst/u_npu_core/u_conv/bram_addr_reg[3]_i_2/CO[3]
                         net (fo=1, routed)           0.000    15.849    soc_npu_i/myip_npu_OCR_0/inst/u_npu_core/u_conv/bram_addr_reg[3]_i_2_n_0
    SLICE_X43Y90         CARRY4 (Prop_carry4_CI_O[0])
                                                      0.223    16.072 r  soc_npu_i/myip_npu_OCR_0/inst/u_npu_core/u_conv/bram_addr_reg[7]_i_2/O[0]
                         net (fo=1, routed)           0.440    16.512    soc_npu_i/myip_npu_OCR_0/inst/u_npu_core/u_conv/u_patch/bram_addr0[4]
    SLICE_X45Y90         LUT5 (Prop_lut5_I0_O)        0.299    16.811 r  soc_npu_i/myip_npu_OCR_0/inst/u_npu_core/u_conv/bram_addr[4]_i_1/O
                         net (fo=1, routed)           0.000    16.811    soc_npu_i/myip_npu_OCR_0/inst/u_npu_core/u_patch/D[4]
    SLICE_X45Y90         FDCE                                         r  soc_npu_i/myip_npu_OCR_0/inst/u_npu_core/u_patch/bram_addr_reg[4]/D
  -------------------------------------------------------------------    -------------------

                         (clock clk_fpga_0 rise edge)
                                                     20.000    20.000 r  
    PS7_X0Y0             PS7                          0.000    20.000 r  soc_npu_i/processing_system7_0/inst/PS7_i/FCLKCLK[0]
                         net (fo=1, routed)           1.088    21.088    soc_npu_i/processing_system7_0/inst/FCLK_CLK_unbuffered[0]
    BUFGCTRL_X0Y16       BUFG (Prop_bufg_I_O)         0.091    21.179 r  soc_npu_i/processing_system7_0/inst/buffer_fclk_clk_0.FCLK_CLK_0_BUFG/O
                         net (fo=5027, routed)        1.476    22.655    soc_npu_i/myip_npu_OCR_0/inst/u_npu_core/u_patch/s00_axi_aclk
    SLICE_X45Y90         FDCE                                         r  soc_npu_i/myip_npu_OCR_0/inst/u_npu_core/u_patch/bram_addr_reg[4]/C
                         clock pessimism              0.229    22.884    
                         clock uncertainty           -0.302    22.582    
    SLICE_X45Y90         FDCE (Setup_fdce_C_D)        0.029    22.611    soc_npu_i/myip_npu_OCR_0/inst/u_npu_core/u_patch/bram_addr_reg[4]
  -------------------------------------------------------------------
                         required time                         22.611    
                         arrival time                         -16.811    
  -------------------------------------------------------------------
                         slack                                  5.800    





Min Delay Paths
--------------------------------------------------------------------------------------
Slack (MET) :             0.017ns  (arrival time - required time)
  Source:                 soc_npu_i/axi_dma_0/U0/GEN_SG_ENGINE.I_SG_ENGINE/I_SG_FETCH_MNGR/I_FTCH_SG/ftch_error_addr_reg[8]/C
                            (rising edge-triggered cell FDRE clocked by clk_fpga_0  {rise@0.000ns fall@10.000ns period=20.000ns})
  Destination:            soc_npu_i/axi_dma_0/U0/GEN_SG_ENGINE.I_SG_ENGINE/ftch_error_addr_reg[8]/D
                            (rising edge-triggered cell FDRE clocked by clk_fpga_0  {rise@0.000ns fall@10.000ns period=20.000ns})
  Path Group:             clk_fpga_0
  Path Type:              Hold (Min at Fast Process Corner)
  Requirement:            0.000ns  (clk_fpga_0 rise@0.000ns - clk_fpga_0 rise@0.000ns)
  Data Path Delay:        0.400ns  (logic 0.246ns (61.484%)  route 0.154ns (38.516%))
  Logic Levels:           1  (LUT5=1)
  Clock Path Skew:        0.262ns (DCD - SCD - CPR)
    Destination Clock Delay (DCD):    1.191ns
    Source Clock Delay      (SCD):    0.899ns
    Clock Pessimism Removal (CPR):    0.030ns

    Location             Delay type                Incr(ns)  Path(ns)    Netlist Resource(s)
  -------------------------------------------------------------------    -------------------
                         (clock clk_fpga_0 rise edge)
                                                      0.000     0.000 r  
    PS7_X0Y0             PS7                          0.000     0.000 r  soc_npu_i/processing_system7_0/inst/PS7_i/FCLKCLK[0]
                         net (fo=1, routed)           0.310     0.310    soc_npu_i/processing_system7_0/inst/FCLK_CLK_unbuffered[0]
    BUFGCTRL_X0Y16       BUFG (Prop_bufg_I_O)         0.026     0.336 r  soc_npu_i/processing_system7_0/inst/buffer_fclk_clk_0.FCLK_CLK_0_BUFG/O
                         net (fo=5027, routed)        0.563     0.899    soc_npu_i/axi_dma_0/U0/GEN_SG_ENGINE.I_SG_ENGINE/I_SG_FETCH_MNGR/I_FTCH_SG/m_axi_sg_aclk
    SLICE_X42Y49         FDRE                                         r  soc_npu_i/axi_dma_0/U0/GEN_SG_ENGINE.I_SG_ENGINE/I_SG_FETCH_MNGR/I_FTCH_SG/ftch_error_addr_reg[8]/C
  -------------------------------------------------------------------    -------------------
    SLICE_X42Y49         FDRE (Prop_fdre_C_Q)         0.148     1.047 r  soc_npu_i/axi_dma_0/U0/GEN_SG_ENGINE.I_SG_ENGINE/I_SG_FETCH_MNGR/I_FTCH_SG/ftch_error_addr_reg[8]/Q
                         net (fo=1, routed)           0.154     1.201    soc_npu_i/axi_dma_0/U0/GEN_SG_ENGINE.I_SG_ENGINE/I_SG_FETCH_MNGR/I_FTCH_SG/ftch_error_addr_1[8]
    SLICE_X42Y50         LUT5 (Prop_lut5_I4_O)        0.098     1.299 r  soc_npu_i/axi_dma_0/U0/GEN_SG_ENGINE.I_SG_ENGINE/I_SG_FETCH_MNGR/I_FTCH_SG/ftch_error_addr[8]_i_1/O
                         net (fo=1, routed)           0.000     1.299    soc_npu_i/axi_dma_0/U0/GEN_SG_ENGINE.I_SG_ENGINE/I_SG_FETCH_MNGR_n_87
    SLICE_X42Y50         FDRE                                         r  soc_npu_i/axi_dma_0/U0/GEN_SG_ENGINE.I_SG_ENGINE/ftch_error_addr_reg[8]/D
  -------------------------------------------------------------------    -------------------

                         (clock clk_fpga_0 rise edge)
                                                      0.000     0.000 r  
    PS7_X0Y0             PS7                          0.000     0.000 r  soc_npu_i/processing_system7_0/inst/PS7_i/FCLKCLK[0]
                         net (fo=1, routed)           0.337     0.337    soc_npu_i/processing_system7_0/inst/FCLK_CLK_unbuffered[0]
    BUFGCTRL_X0Y16       BUFG (Prop_bufg_I_O)         0.029     0.366 r  soc_npu_i/processing_system7_0/inst/buffer_fclk_clk_0.FCLK_CLK_0_BUFG/O
                         net (fo=5027, routed)        0.825     1.191    soc_npu_i/axi_dma_0/U0/GEN_SG_ENGINE.I_SG_ENGINE/m_axi_sg_aclk
    SLICE_X42Y50         FDRE                                         r  soc_npu_i/axi_dma_0/U0/GEN_SG_ENGINE.I_SG_ENGINE/ftch_error_addr_reg[8]/C
                         clock pessimism             -0.030     1.161    
    SLICE_X42Y50         FDRE (Hold_fdre_C_D)         0.121     1.282    soc_npu_i/axi_dma_0/U0/GEN_SG_ENGINE.I_SG_ENGINE/ftch_error_addr_reg[8]
  -------------------------------------------------------------------
                         required time                         -1.282    
                         arrival time                           1.299    
  -------------------------------------------------------------------
                         slack                                  0.017    

Slack (MET) :             0.024ns  (arrival time - required time)
  Source:                 soc_npu_i/axi_dma_0/U0/GEN_SG_ENGINE.I_SG_ENGINE/I_SG_FETCH_QUEUE/GEN_QUEUE.FTCH_QUEUE_I/GEN_MM2S.reg1_reg[31]/C
                            (rising edge-triggered cell FDRE clocked by clk_fpga_0  {rise@0.000ns fall@10.000ns period=20.000ns})
  Destination:            soc_npu_i/axi_dma_0/U0/GEN_SG_ENGINE.I_SG_ENGINE/I_SG_FETCH_QUEUE/GEN_QUEUE.FTCH_QUEUE_I/GEN_MM2S.queue_dout_new_reg[31]/D
                            (rising edge-triggered cell FDRE clocked by clk_fpga_0  {rise@0.000ns fall@10.000ns period=20.000ns})
  Path Group:             clk_fpga_0
  Path Type:              Hold (Min at Fast Process Corner)
  Requirement:            0.000ns  (clk_fpga_0 rise@0.000ns - clk_fpga_0 rise@0.000ns)
  Data Path Delay:        0.307ns  (logic 0.148ns (48.278%)  route 0.159ns (51.722%))
  Logic Levels:           0  
  Clock Path Skew:        0.266ns (DCD - SCD - CPR)
    Destination Clock Delay (DCD):    1.193ns
    Source Clock Delay      (SCD):    0.892ns
    Clock Pessimism Removal (CPR):    0.035ns

    Location             Delay type                Incr(ns)  Path(ns)    Netlist Resource(s)
  -------------------------------------------------------------------    -------------------
                         (clock clk_fpga_0 rise edge)
                                                      0.000     0.000 r  
    PS7_X0Y0             PS7                          0.000     0.000 r  soc_npu_i/processing_system7_0/inst/PS7_i/FCLKCLK[0]
                         net (fo=1, routed)           0.310     0.310    soc_npu_i/processing_system7_0/inst/FCLK_CLK_unbuffered[0]
    BUFGCTRL_X0Y16       BUFG (Prop_bufg_I_O)         0.026     0.336 r  soc_npu_i/processing_system7_0/inst/buffer_fclk_clk_0.FCLK_CLK_0_BUFG/O
                         net (fo=5027, routed)        0.556     0.891    soc_npu_i/axi_dma_0/U0/GEN_SG_ENGINE.I_SG_ENGINE/I_SG_FETCH_QUEUE/GEN_QUEUE.FTCH_QUEUE_I/m_axi_sg_aclk
    SLICE_X50Y39         FDRE                                         r  soc_npu_i/axi_dma_0/U0/GEN_SG_ENGINE.I_SG_ENGINE/I_SG_FETCH_QUEUE/GEN_QUEUE.FTCH_QUEUE_I/GEN_MM2S.reg1_reg[31]/C
  -------------------------------------------------------------------    -------------------
    SLICE_X50Y39         FDRE (Prop_fdre_C_Q)         0.148     1.039 r  soc_npu_i/axi_dma_0/U0/GEN_SG_ENGINE.I_SG_ENGINE/I_SG_FETCH_QUEUE/GEN_QUEUE.FTCH_QUEUE_I/GEN_MM2S.reg1_reg[31]/Q
                         net (fo=1, routed)           0.159     1.198    soc_npu_i/axi_dma_0/U0/GEN_SG_ENGINE.I_SG_ENGINE/I_SG_FETCH_QUEUE/GEN_QUEUE.FTCH_QUEUE_I/reg1[31]
    SLICE_X48Y39         FDRE                                         r  soc_npu_i/axi_dma_0/U0/GEN_SG_ENGINE.I_SG_ENGINE/I_SG_FETCH_QUEUE/GEN_QUEUE.FTCH_QUEUE_I/GEN_MM2S.queue_dout_new_reg[31]/D
  -------------------------------------------------------------------    -------------------

                         (clock clk_fpga_0 rise edge)
                                                      0.000     0.000 r  
    PS7_X0Y0             PS7                          0.000     0.000 r  soc_npu_i/processing_system7_0/inst/PS7_i/FCLKCLK[0]
                         net (fo=1, routed)           0.337     0.337    soc_npu_i/processing_system7_0/inst/FCLK_CLK_unbuffered[0]
    BUFGCTRL_X0Y16       BUFG (Prop_bufg_I_O)         0.029     0.366 r  soc_npu_i/processing_system7_0/inst/buffer_fclk_clk_0.FCLK_CLK_0_BUFG/O
                         net (fo=5027, routed)        0.827     1.193    soc_npu_i/axi_dma_0/U0/GEN_SG_ENGINE.I_SG_ENGINE/I_SG_FETCH_QUEUE/GEN_QUEUE.FTCH_QUEUE_I/m_axi_sg_aclk
    SLICE_X48Y39         FDRE                                         r  soc_npu_i/axi_dma_0/U0/GEN_SG_ENGINE.I_SG_ENGINE/I_SG_FETCH_QUEUE/GEN_QUEUE.FTCH_QUEUE_I/GEN_MM2S.queue_dout_new_reg[31]/C
                         clock pessimism             -0.035     1.158    
    SLICE_X48Y39         FDRE (Hold_fdre_C_D)         0.016     1.174    soc_npu_i/axi_dma_0/U0/GEN_SG_ENGINE.I_SG_ENGINE/I_SG_FETCH_QUEUE/GEN_QUEUE.FTCH_QUEUE_I/GEN_MM2S.queue_dout_new_reg[31]
  -------------------------------------------------------------------
                         required time                         -1.174    
                         arrival time                           1.198    
  -------------------------------------------------------------------
                         slack                                  0.024    

Slack (MET) :             0.035ns  (arrival time - required time)
  Source:                 soc_npu_i/axi_dma_0/U0/GEN_SG_ENGINE.I_SG_ENGINE/I_SG_FETCH_QUEUE/GEN_QUEUE.FTCH_QUEUE_I/GEN_MM2S.queue_dout_new_reg[68]/C
                            (rising edge-triggered cell FDRE clocked by clk_fpga_0  {rise@0.000ns fall@10.000ns period=20.000ns})
  Destination:            soc_npu_i/axi_dma_0/U0/INCLUDE_MM2S_SOF_EOF_GENERATOR.I_MM2S_DMA_MNGR/GEN_MM2S_DMA_CONTROL.GEN_SCATTER_GATHER_MODE.I_MM2S_SG_IF/updt_desc_reg0_reg[9]/D
                            (rising edge-triggered cell FDRE clocked by clk_fpga_0  {rise@0.000ns fall@10.000ns period=20.000ns})
  Path Group:             clk_fpga_0
  Path Type:              Hold (Min at Fast Process Corner)
  Requirement:            0.000ns  (clk_fpga_0 rise@0.000ns - clk_fpga_0 rise@0.000ns)
  Data Path Delay:        0.384ns  (logic 0.164ns (42.708%)  route 0.220ns (57.292%))
  Logic Levels:           0  
  Clock Path Skew:        0.273ns (DCD - SCD - CPR)
    Destination Clock Delay (DCD):    1.196ns
    Source Clock Delay      (SCD):    0.893ns
    Clock Pessimism Removal (CPR):    0.030ns

    Location             Delay type                Incr(ns)  Path(ns)    Netlist Resource(s)
  -------------------------------------------------------------------    -------------------
                         (clock clk_fpga_0 rise edge)
                                                      0.000     0.000 r  
    PS7_X0Y0             PS7                          0.000     0.000 r  soc_npu_i/processing_system7_0/inst/PS7_i/FCLKCLK[0]
                         net (fo=1, routed)           0.310     0.310    soc_npu_i/processing_system7_0/inst/FCLK_CLK_unbuffered[0]
    BUFGCTRL_X0Y16       BUFG (Prop_bufg_I_O)         0.026     0.336 r  soc_npu_i/processing_system7_0/inst/buffer_fclk_clk_0.FCLK_CLK_0_BUFG/O
                         net (fo=5027, routed)        0.557     0.893    soc_npu_i/axi_dma_0/U0/GEN_SG_ENGINE.I_SG_ENGINE/I_SG_FETCH_QUEUE/GEN_QUEUE.FTCH_QUEUE_I/m_axi_sg_aclk
    SLICE_X46Y50         FDRE                                         r  soc_npu_i/axi_dma_0/U0/GEN_SG_ENGINE.I_SG_ENGINE/I_SG_FETCH_QUEUE/GEN_QUEUE.FTCH_QUEUE_I/GEN_MM2S.queue_dout_new_reg[68]/C
  -------------------------------------------------------------------    -------------------
    SLICE_X46Y50         FDRE (Prop_fdre_C_Q)         0.164     1.057 r  soc_npu_i/axi_dma_0/U0/GEN_SG_ENGINE.I_SG_ENGINE/I_SG_FETCH_QUEUE/GEN_QUEUE.FTCH_QUEUE_I/GEN_MM2S.queue_dout_new_reg[68]/Q
                         net (fo=2, routed)           0.220     1.277    soc_npu_i/axi_dma_0/U0/INCLUDE_MM2S_SOF_EOF_GENERATOR.I_MM2S_DMA_MNGR/GEN_MM2S_DMA_CONTROL.GEN_SCATTER_GATHER_MODE.I_MM2S_SG_IF/Q[29]
    SLICE_X47Y49         FDRE                                         r  soc_npu_i/axi_dma_0/U0/INCLUDE_MM2S_SOF_EOF_GENERATOR.I_MM2S_DMA_MNGR/GEN_MM2S_DMA_CONTROL.GEN_SCATTER_GATHER_MODE.I_MM2S_SG_IF/updt_desc_reg0_reg[9]/D
  -------------------------------------------------------------------    -------------------

                         (clock clk_fpga_0 rise edge)
                                                      0.000     0.000 r  
    PS7_X0Y0             PS7                          0.000     0.000 r  soc_npu_i/processing_system7_0/inst/PS7_i/FCLKCLK[0]
                         net (fo=1, routed)           0.337     0.337    soc_npu_i/processing_system7_0/inst/FCLK_CLK_unbuffered[0]
    BUFGCTRL_X0Y16       BUFG (Prop_bufg_I_O)         0.029     0.366 r  soc_npu_i/processing_system7_0/inst/buffer_fclk_clk_0.FCLK_CLK_0_BUFG/O
                         net (fo=5027, routed)        0.830     1.196    soc_npu_i/axi_dma_0/U0/INCLUDE_MM2S_SOF_EOF_GENERATOR.I_MM2S_DMA_MNGR/GEN_MM2S_DMA_CONTROL.GEN_SCATTER_GATHER_MODE.I_MM2S_SG_IF/m_axi_sg_aclk
    SLICE_X47Y49         FDRE                                         r  soc_npu_i/axi_dma_0/U0/INCLUDE_MM2S_SOF_EOF_GENERATOR.I_MM2S_DMA_MNGR/GEN_MM2S_DMA_CONTROL.GEN_SCATTER_GATHER_MODE.I_MM2S_SG_IF/updt_desc_reg0_reg[9]/C
                         clock pessimism             -0.030     1.166    
    SLICE_X47Y49         FDRE (Hold_fdre_C_D)         0.076     1.242    soc_npu_i/axi_dma_0/U0/INCLUDE_MM2S_SOF_EOF_GENERATOR.I_MM2S_DMA_MNGR/GEN_MM2S_DMA_CONTROL.GEN_SCATTER_GATHER_MODE.I_MM2S_SG_IF/updt_desc_reg0_reg[9]
  -------------------------------------------------------------------
                         required time                         -1.242    
                         arrival time                           1.277    
  -------------------------------------------------------------------
                         slack                                  0.035    

Slack (MET) :             0.035ns  (arrival time - required time)
  Source:                 soc_npu_i/axi_dma_0/U0/GEN_SG_ENGINE.I_SG_ENGINE/I_SG_FETCH_QUEUE/nxtdesc_int_reg[11]/C
                            (rising edge-triggered cell FDRE clocked by clk_fpga_0  {rise@0.000ns fall@10.000ns period=20.000ns})
  Destination:            soc_npu_i/axi_dma_0/U0/GEN_SG_ENGINE.I_SG_ENGINE/I_SG_FETCH_MNGR/I_FTCH_PNTR_MNGR/GEN_PNTR_FOR_CH1.ch1_fetch_address_i_reg[11]/D
                            (rising edge-triggered cell FDRE clocked by clk_fpga_0  {rise@0.000ns fall@10.000ns period=20.000ns})
  Path Group:             clk_fpga_0
  Path Type:              Hold (Min at Fast Process Corner)
  Requirement:            0.000ns  (clk_fpga_0 rise@0.000ns - clk_fpga_0 rise@0.000ns)
  Data Path Delay:        0.390ns  (logic 0.186ns (47.726%)  route 0.204ns (52.274%))
  Logic Levels:           1  (LUT4=1)
  Clock Path Skew:        0.262ns (DCD - SCD - CPR)
    Destination Clock Delay (DCD):    1.191ns
    Source Clock Delay      (SCD):    0.899ns
    Clock Pessimism Removal (CPR):    0.030ns

    Location             Delay type                Incr(ns)  Path(ns)    Netlist Resource(s)
  -------------------------------------------------------------------    -------------------
                         (clock clk_fpga_0 rise edge)
                                                      0.000     0.000 r  
    PS7_X0Y0             PS7                          0.000     0.000 r  soc_npu_i/processing_system7_0/inst/PS7_i/FCLKCLK[0]
                         net (fo=1, routed)           0.310     0.310    soc_npu_i/processing_system7_0/inst/FCLK_CLK_unbuffered[0]
    BUFGCTRL_X0Y16       BUFG (Prop_bufg_I_O)         0.026     0.336 r  soc_npu_i/processing_system7_0/inst/buffer_fclk_clk_0.FCLK_CLK_0_BUFG/O
                         net (fo=5027, routed)        0.563     0.899    soc_npu_i/axi_dma_0/U0/GEN_SG_ENGINE.I_SG_ENGINE/I_SG_FETCH_QUEUE/m_axi_sg_aclk
    SLICE_X43Y47         FDRE                                         r  soc_npu_i/axi_dma_0/U0/GEN_SG_ENGINE.I_SG_ENGINE/I_SG_FETCH_QUEUE/nxtdesc_int_reg[11]/C
  -------------------------------------------------------------------    -------------------
    SLICE_X43Y47         FDRE (Prop_fdre_C_Q)         0.141     1.040 r  soc_npu_i/axi_dma_0/U0/GEN_SG_ENGINE.I_SG_ENGINE/I_SG_FETCH_QUEUE/nxtdesc_int_reg[11]/Q
                         net (fo=1, routed)           0.204     1.243    soc_npu_i/axi_dma_0/U0/GEN_SG_ENGINE.I_SG_ENGINE/I_SG_FETCH_QUEUE/nxtdesc_int_reg_n_0_[11]
    SLICE_X40Y50         LUT4 (Prop_lut4_I3_O)        0.045     1.288 r  soc_npu_i/axi_dma_0/U0/GEN_SG_ENGINE.I_SG_ENGINE/I_SG_FETCH_QUEUE/GEN_PNTR_FOR_CH1.ch1_fetch_address_i[11]_i_1/O
                         net (fo=1, routed)           0.000     1.288    soc_npu_i/axi_dma_0/U0/GEN_SG_ENGINE.I_SG_ENGINE/I_SG_FETCH_MNGR/I_FTCH_PNTR_MNGR/GEN_PNTR_FOR_CH1.ch1_fetch_address_i_reg[31]_1[5]
    SLICE_X40Y50         FDRE                                         r  soc_npu_i/axi_dma_0/U0/GEN_SG_ENGINE.I_SG_ENGINE/I_SG_FETCH_MNGR/I_FTCH_PNTR_MNGR/GEN_PNTR_FOR_CH1.ch1_fetch_address_i_reg[11]/D
  -------------------------------------------------------------------    -------------------

                         (clock clk_fpga_0 rise edge)
                                                      0.000     0.000 r  
    PS7_X0Y0             PS7                          0.000     0.000 r  soc_npu_i/processing_system7_0/inst/PS7_i/FCLKCLK[0]
                         net (fo=1, routed)           0.337     0.337    soc_npu_i/processing_system7_0/inst/FCLK_CLK_unbuffered[0]
    BUFGCTRL_X0Y16       BUFG (Prop_bufg_I_O)         0.029     0.366 r  soc_npu_i/processing_system7_0/inst/buffer_fclk_clk_0.FCLK_CLK_0_BUFG/O
                         net (fo=5027, routed)        0.825     1.191    soc_npu_i/axi_dma_0/U0/GEN_SG_ENGINE.I_SG_ENGINE/I_SG_FETCH_MNGR/I_FTCH_PNTR_MNGR/m_axi_sg_aclk
    SLICE_X40Y50         FDRE                                         r  soc_npu_i/axi_dma_0/U0/GEN_SG_ENGINE.I_SG_ENGINE/I_SG_FETCH_MNGR/I_FTCH_PNTR_MNGR/GEN_PNTR_FOR_CH1.ch1_fetch_address_i_reg[11]/C
                         clock pessimism             -0.030     1.161    
    SLICE_X40Y50         FDRE (Hold_fdre_C_D)         0.092     1.253    soc_npu_i/axi_dma_0/U0/GEN_SG_ENGINE.I_SG_ENGINE/I_SG_FETCH_MNGR/I_FTCH_PNTR_MNGR/GEN_PNTR_FOR_CH1.ch1_fetch_address_i_reg[11]
  -------------------------------------------------------------------
                         required time                         -1.253    
                         arrival time                           1.288    
  -------------------------------------------------------------------
                         slack                                  0.035    

Slack (MET) :             0.037ns  (arrival time - required time)
  Source:                 soc_npu_i/axi_dma_0/U0/GEN_SG_ENGINE.I_SG_ENGINE/I_SG_FETCH_QUEUE/GEN_QUEUE.FTCH_QUEUE_I/GEN_MM2S.reg1_reg[7]/C
                            (rising edge-triggered cell FDRE clocked by clk_fpga_0  {rise@0.000ns fall@10.000ns period=20.000ns})
  Destination:            soc_npu_i/axi_dma_0/U0/GEN_SG_ENGINE.I_SG_ENGINE/I_SG_FETCH_QUEUE/GEN_QUEUE.FTCH_QUEUE_I/GEN_MM2S.queue_dout_new_reg[7]/D
                            (rising edge-triggered cell FDRE clocked by clk_fpga_0  {rise@0.000ns fall@10.000ns period=20.000ns})
  Path Group:             clk_fpga_0
  Path Type:              Hold (Min at Fast Process Corner)
  Requirement:            0.000ns  (clk_fpga_0 rise@0.000ns - clk_fpga_0 rise@0.000ns)
  Data Path Delay:        0.375ns  (logic 0.164ns (43.683%)  route 0.211ns (56.317%))
  Logic Levels:           0  
  Clock Path Skew:        0.267ns (DCD - SCD - CPR)
    Destination Clock Delay (DCD):    1.193ns
    Source Clock Delay      (SCD):    0.891ns
    Clock Pessimism Removal (CPR):    0.035ns

    Location             Delay type                Incr(ns)  Path(ns)    Netlist Resource(s)
  -------------------------------------------------------------------    -------------------
                         (clock clk_fpga_0 rise edge)
                                                      0.000     0.000 r  
    PS7_X0Y0             PS7                          0.000     0.000 r  soc_npu_i/processing_system7_0/inst/PS7_i/FCLKCLK[0]
                         net (fo=1, routed)           0.310     0.310    soc_npu_i/processing_system7_0/inst/FCLK_CLK_unbuffered[0]
    BUFGCTRL_X0Y16       BUFG (Prop_bufg_I_O)         0.026     0.336 r  soc_npu_i/processing_system7_0/inst/buffer_fclk_clk_0.FCLK_CLK_0_BUFG/O
                         net (fo=5027, routed)        0.555     0.891    soc_npu_i/axi_dma_0/U0/GEN_SG_ENGINE.I_SG_ENGINE/I_SG_FETCH_QUEUE/GEN_QUEUE.FTCH_QUEUE_I/m_axi_sg_aclk
    SLICE_X50Y37         FDRE                                         r  soc_npu_i/axi_dma_0/U0/GEN_SG_ENGINE.I_SG_ENGINE/I_SG_FETCH_QUEUE/GEN_QUEUE.FTCH_QUEUE_I/GEN_MM2S.reg1_reg[7]/C
  -------------------------------------------------------------------    -------------------
    SLICE_X50Y37         FDRE (Prop_fdre_C_Q)         0.164     1.055 r  soc_npu_i/axi_dma_0/U0/GEN_SG_ENGINE.I_SG_ENGINE/I_SG_FETCH_QUEUE/GEN_QUEUE.FTCH_QUEUE_I/GEN_MM2S.reg1_reg[7]/Q
                         net (fo=1, routed)           0.211     1.266    soc_npu_i/axi_dma_0/U0/GEN_SG_ENGINE.I_SG_ENGINE/I_SG_FETCH_QUEUE/GEN_QUEUE.FTCH_QUEUE_I/reg1[7]
    SLICE_X49Y38         FDRE                                         r  soc_npu_i/axi_dma_0/U0/GEN_SG_ENGINE.I_SG_ENGINE/I_SG_FETCH_QUEUE/GEN_QUEUE.FTCH_QUEUE_I/GEN_MM2S.queue_dout_new_reg[7]/D
  -------------------------------------------------------------------    -------------------

                         (clock clk_fpga_0 rise edge)
                                                      0.000     0.000 r  
    PS7_X0Y0             PS7                          0.000     0.000 r  soc_npu_i/processing_system7_0/inst/PS7_i/FCLKCLK[0]
                         net (fo=1, routed)           0.337     0.337    soc_npu_i/processing_system7_0/inst/FCLK_CLK_unbuffered[0]
    BUFGCTRL_X0Y16       BUFG (Prop_bufg_I_O)         0.029     0.366 r  soc_npu_i/processing_system7_0/inst/buffer_fclk_clk_0.FCLK_CLK_0_BUFG/O
                         net (fo=5027, routed)        0.827     1.193    soc_npu_i/axi_dma_0/U0/GEN_SG_ENGINE.I_SG_ENGINE/I_SG_FETCH_QUEUE/GEN_QUEUE.FTCH_QUEUE_I/m_axi_sg_aclk
    SLICE_X49Y38         FDRE                                         r  soc_npu_i/axi_dma_0/U0/GEN_SG_ENGINE.I_SG_ENGINE/I_SG_FETCH_QUEUE/GEN_QUEUE.FTCH_QUEUE_I/GEN_MM2S.queue_dout_new_reg[7]/C
                         clock pessimism             -0.035     1.158    
    SLICE_X49Y38         FDRE (Hold_fdre_C_D)         0.071     1.229    soc_npu_i/axi_dma_0/U0/GEN_SG_ENGINE.I_SG_ENGINE/I_SG_FETCH_QUEUE/GEN_QUEUE.FTCH_QUEUE_I/GEN_MM2S.queue_dout_new_reg[7]
  -------------------------------------------------------------------
                         required time                         -1.229    
                         arrival time                           1.266    
  -------------------------------------------------------------------
                         slack                                  0.037    

Slack (MET) :             0.040ns  (arrival time - required time)
  Source:                 soc_npu_i/axi_dma_0/U0/GEN_SG_ENGINE.I_SG_ENGINE/I_SG_AXI_DATAMOVER/GEN_MM2S_BASIC.I_MM2S_BASIC_WRAPPER/I_CMD_STATUS/I_CMD_FIFO/USE_SINGLE_REG.sig_regfifo_dout_reg_reg[47]/C
                            (rising edge-triggered cell FDRE clocked by clk_fpga_0  {rise@0.000ns fall@10.000ns period=20.000ns})
  Destination:            soc_npu_i/axi_dma_0/U0/GEN_SG_ENGINE.I_SG_ENGINE/I_SG_AXI_DATAMOVER/GEN_MM2S_BASIC.I_MM2S_BASIC_WRAPPER/I_MSTR_SCC/sig_cmd_addr_reg_reg[15]/D
                            (rising edge-triggered cell FDRE clocked by clk_fpga_0  {rise@0.000ns fall@10.000ns period=20.000ns})
  Path Group:             clk_fpga_0
  Path Type:              Hold (Min at Fast Process Corner)
  Requirement:            0.000ns  (clk_fpga_0 rise@0.000ns - clk_fpga_0 rise@0.000ns)
  Data Path Delay:        0.373ns  (logic 0.141ns (37.796%)  route 0.232ns (62.204%))
  Logic Levels:           0  
  Clock Path Skew:        0.273ns (DCD - SCD - CPR)
    Destination Clock Delay (DCD):    1.196ns
    Source Clock Delay      (SCD):    0.893ns
    Clock Pessimism Removal (CPR):    0.030ns

    Location             Delay type                Incr(ns)  Path(ns)    Netlist Resource(s)
  -------------------------------------------------------------------    -------------------
                         (clock clk_fpga_0 rise edge)
                                                      0.000     0.000 r  
    PS7_X0Y0             PS7                          0.000     0.000 r  soc_npu_i/processing_system7_0/inst/PS7_i/FCLKCLK[0]
                         net (fo=1, routed)           0.310     0.310    soc_npu_i/processing_system7_0/inst/FCLK_CLK_unbuffered[0]
    BUFGCTRL_X0Y16       BUFG (Prop_bufg_I_O)         0.026     0.336 r  soc_npu_i/processing_system7_0/inst/buffer_fclk_clk_0.FCLK_CLK_0_BUFG/O
                         net (fo=5027, routed)        0.557     0.893    soc_npu_i/axi_dma_0/U0/GEN_SG_ENGINE.I_SG_ENGINE/I_SG_AXI_DATAMOVER/GEN_MM2S_BASIC.I_MM2S_BASIC_WRAPPER/I_CMD_STATUS/I_CMD_FIFO/m_axi_sg_aclk
    SLICE_X44Y50         FDRE                                         r  soc_npu_i/axi_dma_0/U0/GEN_SG_ENGINE.I_SG_ENGINE/I_SG_AXI_DATAMOVER/GEN_MM2S_BASIC.I_MM2S_BASIC_WRAPPER/I_CMD_STATUS/I_CMD_FIFO/USE_SINGLE_REG.sig_regfifo_dout_reg_reg[47]/C
  -------------------------------------------------------------------    -------------------
    SLICE_X44Y50         FDRE (Prop_fdre_C_Q)         0.141     1.034 r  soc_npu_i/axi_dma_0/U0/GEN_SG_ENGINE.I_SG_ENGINE/I_SG_AXI_DATAMOVER/GEN_MM2S_BASIC.I_MM2S_BASIC_WRAPPER/I_CMD_STATUS/I_CMD_FIFO/USE_SINGLE_REG.sig_regfifo_dout_reg_reg[47]/Q
                         net (fo=1, routed)           0.232     1.266    soc_npu_i/axi_dma_0/U0/GEN_SG_ENGINE.I_SG_ENGINE/I_SG_AXI_DATAMOVER/GEN_MM2S_BASIC.I_MM2S_BASIC_WRAPPER/I_MSTR_SCC/Q[10]
    SLICE_X42Y48         FDRE                                         r  soc_npu_i/axi_dma_0/U0/GEN_SG_ENGINE.I_SG_ENGINE/I_SG_AXI_DATAMOVER/GEN_MM2S_BASIC.I_MM2S_BASIC_WRAPPER/I_MSTR_SCC/sig_cmd_addr_reg_reg[15]/D
  -------------------------------------------------------------------    -------------------

                         (clock clk_fpga_0 rise edge)
                                                      0.000     0.000 r  
    PS7_X0Y0             PS7                          0.000     0.000 r  soc_npu_i/processing_system7_0/inst/PS7_i/FCLKCLK[0]
                         net (fo=1, routed)           0.337     0.337    soc_npu_i/processing_system7_0/inst/FCLK_CLK_unbuffered[0]
    BUFGCTRL_X0Y16       BUFG (Prop_bufg_I_O)         0.029     0.366 r  soc_npu_i/processing_system7_0/inst/buffer_fclk_clk_0.FCLK_CLK_0_BUFG/O
                         net (fo=5027, routed)        0.830     1.196    soc_npu_i/axi_dma_0/U0/GEN_SG_ENGINE.I_SG_ENGINE/I_SG_AXI_DATAMOVER/GEN_MM2S_BASIC.I_MM2S_BASIC_WRAPPER/I_MSTR_SCC/m_axi_sg_aclk
    SLICE_X42Y48         FDRE                                         r  soc_npu_i/axi_dma_0/U0/GEN_SG_ENGINE.I_SG_ENGINE/I_SG_AXI_DATAMOVER/GEN_MM2S_BASIC.I_MM2S_BASIC_WRAPPER/I_MSTR_SCC/sig_cmd_addr_reg_reg[15]/C
                         clock pessimism             -0.030     1.166    
    SLICE_X42Y48         FDRE (Hold_fdre_C_D)         0.060     1.226    soc_npu_i/axi_dma_0/U0/GEN_SG_ENGINE.I_SG_ENGINE/I_SG_AXI_DATAMOVER/GEN_MM2S_BASIC.I_MM2S_BASIC_WRAPPER/I_MSTR_SCC/sig_cmd_addr_reg_reg[15]
  -------------------------------------------------------------------
                         required time                         -1.226    
                         arrival time                           1.266    
  -------------------------------------------------------------------
                         slack                                  0.040    

Slack (MET) :             0.054ns  (arrival time - required time)
  Source:                 soc_npu_i/axi_dma_0/U0/GEN_SG_ENGINE.I_SG_ENGINE/I_SG_AXI_DATAMOVER/GEN_MM2S_BASIC.I_MM2S_BASIC_WRAPPER/I_CMD_STATUS/I_CMD_FIFO/USE_SINGLE_REG.sig_regfifo_dout_reg_reg[48]/C
                            (rising edge-triggered cell FDRE clocked by clk_fpga_0  {rise@0.000ns fall@10.000ns period=20.000ns})
  Destination:            soc_npu_i/axi_dma_0/U0/GEN_SG_ENGINE.I_SG_ENGINE/I_SG_AXI_DATAMOVER/GEN_MM2S_BASIC.I_MM2S_BASIC_WRAPPER/I_MSTR_SCC/sig_cmd_addr_reg_reg[16]/D
                            (rising edge-triggered cell FDRE clocked by clk_fpga_0  {rise@0.000ns fall@10.000ns period=20.000ns})
  Path Group:             clk_fpga_0
  Path Type:              Hold (Min at Fast Process Corner)
  Requirement:            0.000ns  (clk_fpga_0 rise@0.000ns - clk_fpga_0 rise@0.000ns)
  Data Path Delay:        0.380ns  (logic 0.141ns (37.115%)  route 0.239ns (62.885%))
  Logic Levels:           0  
  Clock Path Skew:        0.273ns (DCD - SCD - CPR)
    Destination Clock Delay (DCD):    1.196ns
    Source Clock Delay      (SCD):    0.893ns
    Clock Pessimism Removal (CPR):    0.030ns

    Location             Delay type                Incr(ns)  Path(ns)    Netlist Resource(s)
  -------------------------------------------------------------------    -------------------
                         (clock clk_fpga_0 rise edge)
                                                      0.000     0.000 r  
    PS7_X0Y0             PS7                          0.000     0.000 r  soc_npu_i/processing_system7_0/inst/PS7_i/FCLKCLK[0]
                         net (fo=1, routed)           0.310     0.310    soc_npu_i/processing_system7_0/inst/FCLK_CLK_unbuffered[0]
    BUFGCTRL_X0Y16       BUFG (Prop_bufg_I_O)         0.026     0.336 r  soc_npu_i/processing_system7_0/inst/buffer_fclk_clk_0.FCLK_CLK_0_BUFG/O
                         net (fo=5027, routed)        0.557     0.893    soc_npu_i/axi_dma_0/U0/GEN_SG_ENGINE.I_SG_ENGINE/I_SG_AXI_DATAMOVER/GEN_MM2S_BASIC.I_MM2S_BASIC_WRAPPER/I_CMD_STATUS/I_CMD_FIFO/m_axi_sg_aclk
    SLICE_X44Y50         FDRE                                         r  soc_npu_i/axi_dma_0/U0/GEN_SG_ENGINE.I_SG_ENGINE/I_SG_AXI_DATAMOVER/GEN_MM2S_BASIC.I_MM2S_BASIC_WRAPPER/I_CMD_STATUS/I_CMD_FIFO/USE_SINGLE_REG.sig_regfifo_dout_reg_reg[48]/C
  -------------------------------------------------------------------    -------------------
    SLICE_X44Y50         FDRE (Prop_fdre_C_Q)         0.141     1.034 r  soc_npu_i/axi_dma_0/U0/GEN_SG_ENGINE.I_SG_ENGINE/I_SG_AXI_DATAMOVER/GEN_MM2S_BASIC.I_MM2S_BASIC_WRAPPER/I_CMD_STATUS/I_CMD_FIFO/USE_SINGLE_REG.sig_regfifo_dout_reg_reg[48]/Q
                         net (fo=1, routed)           0.239     1.272    soc_npu_i/axi_dma_0/U0/GEN_SG_ENGINE.I_SG_ENGINE/I_SG_AXI_DATAMOVER/GEN_MM2S_BASIC.I_MM2S_BASIC_WRAPPER/I_MSTR_SCC/Q[11]
    SLICE_X42Y48         FDRE                                         r  soc_npu_i/axi_dma_0/U0/GEN_SG_ENGINE.I_SG_ENGINE/I_SG_AXI_DATAMOVER/GEN_MM2S_BASIC.I_MM2S_BASIC_WRAPPER/I_MSTR_SCC/sig_cmd_addr_reg_reg[16]/D
  -------------------------------------------------------------------    -------------------

                         (clock clk_fpga_0 rise edge)
                                                      0.000     0.000 r  
    PS7_X0Y0             PS7                          0.000     0.000 r  soc_npu_i/processing_system7_0/inst/PS7_i/FCLKCLK[0]
                         net (fo=1, routed)           0.337     0.337    soc_npu_i/processing_system7_0/inst/FCLK_CLK_unbuffered[0]
    BUFGCTRL_X0Y16       BUFG (Prop_bufg_I_O)         0.029     0.366 r  soc_npu_i/processing_system7_0/inst/buffer_fclk_clk_0.FCLK_CLK_0_BUFG/O
                         net (fo=5027, routed)        0.830     1.196    soc_npu_i/axi_dma_0/U0/GEN_SG_ENGINE.I_SG_ENGINE/I_SG_AXI_DATAMOVER/GEN_MM2S_BASIC.I_MM2S_BASIC_WRAPPER/I_MSTR_SCC/m_axi_sg_aclk
    SLICE_X42Y48         FDRE                                         r  soc_npu_i/axi_dma_0/U0/GEN_SG_ENGINE.I_SG_ENGINE/I_SG_AXI_DATAMOVER/GEN_MM2S_BASIC.I_MM2S_BASIC_WRAPPER/I_MSTR_SCC/sig_cmd_addr_reg_reg[16]/C
                         clock pessimism             -0.030     1.166    
    SLICE_X42Y48         FDRE (Hold_fdre_C_D)         0.053     1.219    soc_npu_i/axi_dma_0/U0/GEN_SG_ENGINE.I_SG_ENGINE/I_SG_AXI_DATAMOVER/GEN_MM2S_BASIC.I_MM2S_BASIC_WRAPPER/I_MSTR_SCC/sig_cmd_addr_reg_reg[16]
  -------------------------------------------------------------------
                         required time                         -1.219    
                         arrival time                           1.272    
  -------------------------------------------------------------------
                         slack                                  0.054    

Slack (MET) :             0.064ns  (arrival time - required time)
  Source:                 soc_npu_i/myip_npu_OCR_0/inst/u_npu_core/u_conv/weight_offset_reg[10]/C
                            (rising edge-triggered cell FDCE clocked by clk_fpga_0  {rise@0.000ns fall@10.000ns period=20.000ns})
  Destination:            soc_npu_i/myip_npu_OCR_0/inst/u_npu_core/u_wbuf/mem_reg/ADDRBWRADDR[13]
                            (rising edge-triggered cell RAMB36E1 clocked by clk_fpga_0  {rise@0.000ns fall@10.000ns period=20.000ns})
  Path Group:             clk_fpga_0
  Path Type:              Hold (Min at Fast Process Corner)
  Requirement:            0.000ns  (clk_fpga_0 rise@0.000ns - clk_fpga_0 rise@0.000ns)
  Data Path Delay:        0.639ns  (logic 0.186ns (29.115%)  route 0.453ns (70.885%))
  Logic Levels:           1  (LUT4=1)
  Clock Path Skew:        0.392ns (DCD - SCD - CPR)
    Destination Clock Delay (DCD):    1.319ns
    Source Clock Delay      (SCD):    0.893ns
    Clock Pessimism Removal (CPR):    0.035ns

    Location             Delay type                Incr(ns)  Path(ns)    Netlist Resource(s)
  -------------------------------------------------------------------    -------------------
                         (clock clk_fpga_0 rise edge)
                                                      0.000     0.000 r  
    PS7_X0Y0             PS7                          0.000     0.000 r  soc_npu_i/processing_system7_0/inst/PS7_i/FCLKCLK[0]
                         net (fo=1, routed)           0.310     0.310    soc_npu_i/processing_system7_0/inst/FCLK_CLK_unbuffered[0]
    BUFGCTRL_X0Y16       BUFG (Prop_bufg_I_O)         0.026     0.336 r  soc_npu_i/processing_system7_0/inst/buffer_fclk_clk_0.FCLK_CLK_0_BUFG/O
                         net (fo=5027, routed)        0.557     0.893    soc_npu_i/myip_npu_OCR_0/inst/u_npu_core/u_conv/s00_axi_aclk
    SLICE_X43Y98         FDCE                                         r  soc_npu_i/myip_npu_OCR_0/inst/u_npu_core/u_conv/weight_offset_reg[10]/C
  -------------------------------------------------------------------    -------------------
    SLICE_X43Y98         FDCE (Prop_fdce_C_Q)         0.141     1.034 r  soc_npu_i/myip_npu_OCR_0/inst/u_npu_core/u_conv/weight_offset_reg[10]/Q
                         net (fo=1, routed)           0.056     1.090    soc_npu_i/myip_npu_OCR_0/inst/u_npu_core/u_fc/mem_reg_0[10]
    SLICE_X42Y98         LUT4 (Prop_lut4_I3_O)        0.045     1.135 r  soc_npu_i/myip_npu_OCR_0/inst/u_npu_core/u_fc/mem_reg_i_2__0/O
                         net (fo=1, routed)           0.397     1.531    soc_npu_i/myip_npu_OCR_0/inst/u_npu_core/u_wbuf/ADDRBWRADDR[10]
    RAMB36_X2Y21         RAMB36E1                                     r  soc_npu_i/myip_npu_OCR_0/inst/u_npu_core/u_wbuf/mem_reg/ADDRBWRADDR[13]
  -------------------------------------------------------------------    -------------------

                         (clock clk_fpga_0 rise edge)
                                                      0.000     0.000 r  
    PS7_X0Y0             PS7                          0.000     0.000 r  soc_npu_i/processing_system7_0/inst/PS7_i/FCLKCLK[0]
                         net (fo=1, routed)           0.337     0.337    soc_npu_i/processing_system7_0/inst/FCLK_CLK_unbuffered[0]
    BUFGCTRL_X0Y16       BUFG (Prop_bufg_I_O)         0.029     0.366 r  soc_npu_i/processing_system7_0/inst/buffer_fclk_clk_0.FCLK_CLK_0_BUFG/O
                         net (fo=5027, routed)        0.953     1.319    soc_npu_i/myip_npu_OCR_0/inst/u_npu_core/u_wbuf/s00_axi_aclk
    RAMB36_X2Y21         RAMB36E1                                     r  soc_npu_i/myip_npu_OCR_0/inst/u_npu_core/u_wbuf/mem_reg/CLKBWRCLK
                         clock pessimism             -0.035     1.284    
    RAMB36_X2Y21         RAMB36E1 (Hold_ramb36e1_CLKBWRCLK_ADDRBWRADDR[13])
                                                      0.183     1.467    soc_npu_i/myip_npu_OCR_0/inst/u_npu_core/u_wbuf/mem_reg
  -------------------------------------------------------------------
                         required time                         -1.467    
                         arrival time                           1.531    
  -------------------------------------------------------------------
                         slack                                  0.064    

Slack (MET) :             0.067ns  (arrival time - required time)
  Source:                 soc_npu_i/axi_dma_0/U0/GEN_SG_ENGINE.I_SG_ENGINE/I_SG_FETCH_QUEUE/GEN_QUEUE.FTCH_QUEUE_I/GEN_MM2S.queue_dout_new_reg[90]/C
                            (rising edge-triggered cell FDRE clocked by clk_fpga_0  {rise@0.000ns fall@10.000ns period=20.000ns})
  Destination:            soc_npu_i/axi_dma_0/U0/INCLUDE_MM2S_SOF_EOF_GENERATOR.I_MM2S_DMA_MNGR/GEN_MM2S_DMA_CONTROL.GEN_SCATTER_GATHER_MODE.I_MM2S_SG_IF/updt_desc_reg0_reg[31]/D
                            (rising edge-triggered cell FDRE clocked by clk_fpga_0  {rise@0.000ns fall@10.000ns period=20.000ns})
  Path Group:             clk_fpga_0
  Path Type:              Hold (Min at Fast Process Corner)
  Requirement:            0.000ns  (clk_fpga_0 rise@0.000ns - clk_fpga_0 rise@0.000ns)
  Data Path Delay:        0.334ns  (logic 0.148ns (44.308%)  route 0.186ns (55.692%))
  Logic Levels:           0  
  Clock Path Skew:        0.273ns (DCD - SCD - CPR)
    Destination Clock Delay (DCD):    1.196ns
    Source Clock Delay      (SCD):    0.893ns
    Clock Pessimism Removal (CPR):    0.030ns

    Location             Delay type                Incr(ns)  Path(ns)    Netlist Resource(s)
  -------------------------------------------------------------------    -------------------
                         (clock clk_fpga_0 rise edge)
                                                      0.000     0.000 r  
    PS7_X0Y0             PS7                          0.000     0.000 r  soc_npu_i/processing_system7_0/inst/PS7_i/FCLKCLK[0]
                         net (fo=1, routed)           0.310     0.310    soc_npu_i/processing_system7_0/inst/FCLK_CLK_unbuffered[0]
    BUFGCTRL_X0Y16       BUFG (Prop_bufg_I_O)         0.026     0.336 r  soc_npu_i/processing_system7_0/inst/buffer_fclk_clk_0.FCLK_CLK_0_BUFG/O
                         net (fo=5027, routed)        0.557     0.893    soc_npu_i/axi_dma_0/U0/GEN_SG_ENGINE.I_SG_ENGINE/I_SG_FETCH_QUEUE/GEN_QUEUE.FTCH_QUEUE_I/m_axi_sg_aclk
    SLICE_X46Y50         FDRE                                         r  soc_npu_i/axi_dma_0/U0/GEN_SG_ENGINE.I_SG_ENGINE/I_SG_FETCH_QUEUE/GEN_QUEUE.FTCH_QUEUE_I/GEN_MM2S.queue_dout_new_reg[90]/C
  -------------------------------------------------------------------    -------------------
    SLICE_X46Y50         FDRE (Prop_fdre_C_Q)         0.148     1.041 r  soc_npu_i/axi_dma_0/U0/GEN_SG_ENGINE.I_SG_ENGINE/I_SG_FETCH_QUEUE/GEN_QUEUE.FTCH_QUEUE_I/GEN_MM2S.queue_dout_new_reg[90]/Q
                         net (fo=2, routed)           0.186     1.227    soc_npu_i/axi_dma_0/U0/INCLUDE_MM2S_SOF_EOF_GENERATOR.I_MM2S_DMA_MNGR/GEN_MM2S_DMA_CONTROL.GEN_SCATTER_GATHER_MODE.I_MM2S_SG_IF/Q[51]
    SLICE_X47Y49         FDRE                                         r  soc_npu_i/axi_dma_0/U0/INCLUDE_MM2S_SOF_EOF_GENERATOR.I_MM2S_DMA_MNGR/GEN_MM2S_DMA_CONTROL.GEN_SCATTER_GATHER_MODE.I_MM2S_SG_IF/updt_desc_reg0_reg[31]/D
  -------------------------------------------------------------------    -------------------

                         (clock clk_fpga_0 rise edge)
                                                      0.000     0.000 r  
    PS7_X0Y0             PS7                          0.000     0.000 r  soc_npu_i/processing_system7_0/inst/PS7_i/FCLKCLK[0]
                         net (fo=1, routed)           0.337     0.337    soc_npu_i/processing_system7_0/inst/FCLK_CLK_unbuffered[0]
    BUFGCTRL_X0Y16       BUFG (Prop_bufg_I_O)         0.029     0.366 r  soc_npu_i/processing_system7_0/inst/buffer_fclk_clk_0.FCLK_CLK_0_BUFG/O
                         net (fo=5027, routed)        0.830     1.196    soc_npu_i/axi_dma_0/U0/INCLUDE_MM2S_SOF_EOF_GENERATOR.I_MM2S_DMA_MNGR/GEN_MM2S_DMA_CONTROL.GEN_SCATTER_GATHER_MODE.I_MM2S_SG_IF/m_axi_sg_aclk
    SLICE_X47Y49         FDRE                                         r  soc_npu_i/axi_dma_0/U0/INCLUDE_MM2S_SOF_EOF_GENERATOR.I_MM2S_DMA_MNGR/GEN_MM2S_DMA_CONTROL.GEN_SCATTER_GATHER_MODE.I_MM2S_SG_IF/updt_desc_reg0_reg[31]/C
                         clock pessimism             -0.030     1.166    
    SLICE_X47Y49         FDRE (Hold_fdre_C_D)        -0.006     1.160    soc_npu_i/axi_dma_0/U0/INCLUDE_MM2S_SOF_EOF_GENERATOR.I_MM2S_DMA_MNGR/GEN_MM2S_DMA_CONTROL.GEN_SCATTER_GATHER_MODE.I_MM2S_SG_IF/updt_desc_reg0_reg[31]
  -------------------------------------------------------------------
                         required time                         -1.160    
                         arrival time                           1.227    
  -------------------------------------------------------------------
                         slack                                  0.067    

Slack (MET) :             0.071ns  (arrival time - required time)
  Source:                 soc_npu_i/axi_dma_0/U0/GEN_SG_ENGINE.I_SG_ENGINE/I_SG_FETCH_QUEUE/GEN_QUEUE.FTCH_QUEUE_I/GEN_MM2S.reg1_reg[27]/C
                            (rising edge-triggered cell FDRE clocked by clk_fpga_0  {rise@0.000ns fall@10.000ns period=20.000ns})
  Destination:            soc_npu_i/axi_dma_0/U0/GEN_SG_ENGINE.I_SG_ENGINE/I_SG_FETCH_QUEUE/GEN_QUEUE.FTCH_QUEUE_I/GEN_MM2S.queue_dout_new_reg[27]/D
                            (rising edge-triggered cell FDRE clocked by clk_fpga_0  {rise@0.000ns fall@10.000ns period=20.000ns})
  Path Group:             clk_fpga_0
  Path Type:              Hold (Min at Fast Process Corner)
  Requirement:            0.000ns  (clk_fpga_0 rise@0.000ns - clk_fpga_0 rise@0.000ns)
  Data Path Delay:        0.359ns  (logic 0.148ns (41.237%)  route 0.211ns (58.763%))
  Logic Levels:           0  
  Clock Path Skew:        0.266ns (DCD - SCD - CPR)
    Destination Clock Delay (DCD):    1.193ns
    Source Clock Delay      (SCD):    0.892ns
    Clock Pessimism Removal (CPR):    0.035ns

    Location             Delay type                Incr(ns)  Path(ns)    Netlist Resource(s)
  -------------------------------------------------------------------    -------------------
                         (clock clk_fpga_0 rise edge)
                                                      0.000     0.000 r  
    PS7_X0Y0             PS7                          0.000     0.000 r  soc_npu_i/processing_system7_0/inst/PS7_i/FCLKCLK[0]
                         net (fo=1, routed)           0.310     0.310    soc_npu_i/processing_system7_0/inst/FCLK_CLK_unbuffered[0]
    BUFGCTRL_X0Y16       BUFG (Prop_bufg_I_O)         0.026     0.336 r  soc_npu_i/processing_system7_0/inst/buffer_fclk_clk_0.FCLK_CLK_0_BUFG/O
                         net (fo=5027, routed)        0.556     0.891    soc_npu_i/axi_dma_0/U0/GEN_SG_ENGINE.I_SG_ENGINE/I_SG_FETCH_QUEUE/GEN_QUEUE.FTCH_QUEUE_I/m_axi_sg_aclk
    SLICE_X50Y39         FDRE                                         r  soc_npu_i/axi_dma_0/U0/GEN_SG_ENGINE.I_SG_ENGINE/I_SG_FETCH_QUEUE/GEN_QUEUE.FTCH_QUEUE_I/GEN_MM2S.reg1_reg[27]/C
  -------------------------------------------------------------------    -------------------
    SLICE_X50Y39         FDRE (Prop_fdre_C_Q)         0.148     1.039 r  soc_npu_i/axi_dma_0/U0/GEN_SG_ENGINE.I_SG_ENGINE/I_SG_FETCH_QUEUE/GEN_QUEUE.FTCH_QUEUE_I/GEN_MM2S.reg1_reg[27]/Q
                         net (fo=1, routed)           0.211     1.250    soc_npu_i/axi_dma_0/U0/GEN_SG_ENGINE.I_SG_ENGINE/I_SG_FETCH_QUEUE/GEN_QUEUE.FTCH_QUEUE_I/reg1[27]
    SLICE_X49Y38         FDRE                                         r  soc_npu_i/axi_dma_0/U0/GEN_SG_ENGINE.I_SG_ENGINE/I_SG_FETCH_QUEUE/GEN_QUEUE.FTCH_QUEUE_I/GEN_MM2S.queue_dout_new_reg[27]/D
  -------------------------------------------------------------------    -------------------

                         (clock clk_fpga_0 rise edge)
                                                      0.000     0.000 r  
    PS7_X0Y0             PS7                          0.000     0.000 r  soc_npu_i/processing_system7_0/inst/PS7_i/FCLKCLK[0]
                         net (fo=1, routed)           0.337     0.337    soc_npu_i/processing_system7_0/inst/FCLK_CLK_unbuffered[0]
    BUFGCTRL_X0Y16       BUFG (Prop_bufg_I_O)         0.029     0.366 r  soc_npu_i/processing_system7_0/inst/buffer_fclk_clk_0.FCLK_CLK_0_BUFG/O
                         net (fo=5027, routed)        0.827     1.193    soc_npu_i/axi_dma_0/U0/GEN_SG_ENGINE.I_SG_ENGINE/I_SG_FETCH_QUEUE/GEN_QUEUE.FTCH_QUEUE_I/m_axi_sg_aclk
    SLICE_X49Y38         FDRE                                         r  soc_npu_i/axi_dma_0/U0/GEN_SG_ENGINE.I_SG_ENGINE/I_SG_FETCH_QUEUE/GEN_QUEUE.FTCH_QUEUE_I/GEN_MM2S.queue_dout_new_reg[27]/C
                         clock pessimism             -0.035     1.158    
    SLICE_X49Y38         FDRE (Hold_fdre_C_D)         0.022     1.180    soc_npu_i/axi_dma_0/U0/GEN_SG_ENGINE.I_SG_ENGINE/I_SG_FETCH_QUEUE/GEN_QUEUE.FTCH_QUEUE_I/GEN_MM2S.queue_dout_new_reg[27]
  -------------------------------------------------------------------
                         required time                         -1.180    
                         arrival time                           1.250    
  -------------------------------------------------------------------
                         slack                                  0.071    





Pulse Width Checks
--------------------------------------------------------------------------------------
Clock Name:         clk_fpga_0
Waveform(ns):       { 0.000 10.000 }
Period(ns):         20.000
Sources:            { soc_npu_i/processing_system7_0/inst/PS7_i/FCLKCLK[0] }

Check Type        Corner  Lib Pin             Reference Pin  Required(ns)  Actual(ns)  Slack(ns)  Location      Pin
Min Period        n/a     RAMB36E1/CLKARDCLK  n/a            2.944         20.000      17.056     RAMB36_X3Y18  soc_npu_i/myip_npu_OCR_0/inst/u_npu_core/u_fmap_a/mem_reg_0_0/CLKARDCLK
Min Period        n/a     RAMB36E1/CLKARDCLK  n/a            2.944         20.000      17.056     RAMB36_X3Y17  soc_npu_i/myip_npu_OCR_0/inst/u_npu_core/u_fmap_a/mem_reg_0_1/CLKARDCLK
Min Period        n/a     RAMB36E1/CLKARDCLK  n/a            2.944         20.000      17.056     RAMB36_X3Y19  soc_npu_i/myip_npu_OCR_0/inst/u_npu_core/u_fmap_a/mem_reg_0_2/CLKARDCLK
Min Period        n/a     RAMB36E1/CLKARDCLK  n/a            2.944         20.000      17.056     RAMB36_X2Y17  soc_npu_i/myip_npu_OCR_0/inst/u_npu_core/u_fmap_a/mem_reg_0_3/CLKARDCLK
Min Period        n/a     RAMB36E1/CLKARDCLK  n/a            2.944         20.000      17.056     RAMB36_X2Y19  soc_npu_i/myip_npu_OCR_0/inst/u_npu_core/u_fmap_a/mem_reg_0_4/CLKARDCLK
Min Period        n/a     RAMB36E1/CLKARDCLK  n/a            2.944         20.000      17.056     RAMB36_X2Y18  soc_npu_i/myip_npu_OCR_0/inst/u_npu_core/u_fmap_a/mem_reg_0_5/CLKARDCLK
Min Period        n/a     RAMB36E1/CLKARDCLK  n/a            2.944         20.000      17.056     RAMB36_X3Y20  soc_npu_i/myip_npu_OCR_0/inst/u_npu_core/u_fmap_a/mem_reg_0_6/CLKARDCLK
Min Period        n/a     RAMB36E1/CLKARDCLK  n/a            2.944         20.000      17.056     RAMB36_X2Y20  soc_npu_i/myip_npu_OCR_0/inst/u_npu_core/u_fmap_a/mem_reg_0_7/CLKARDCLK
Min Period        n/a     RAMB36E1/CLKARDCLK  n/a            2.944         20.000      17.056     RAMB36_X3Y12  soc_npu_i/myip_npu_OCR_0/inst/u_npu_core/u_fmap_b/mem_reg_0_0/CLKARDCLK
Min Period        n/a     RAMB36E1/CLKARDCLK  n/a            2.944         20.000      17.056     RAMB36_X3Y14  soc_npu_i/myip_npu_OCR_0/inst/u_npu_core/u_fmap_b/mem_reg_0_1/CLKARDCLK
Low Pulse Width   Slow    RAMD32/CLK          n/a            1.250         10.000      8.750      SLICE_X22Y28  <hidden>
Low Pulse Width   Fast    RAMD32/CLK          n/a            1.250         10.000      8.750      SLICE_X22Y28  <hidden>
Low Pulse Width   Slow    RAMD32/CLK          n/a            1.250         10.000      8.750      SLICE_X22Y28  <hidden>
Low Pulse Width   Fast    RAMD32/CLK          n/a            1.250         10.000      8.750      SLICE_X22Y28  <hidden>
Low Pulse Width   Slow    RAMD32/CLK          n/a            1.250         10.000      8.750      SLICE_X10Y36  <hidden>
Low Pulse Width   Fast    RAMD32/CLK          n/a            1.250         10.000      8.750      SLICE_X10Y36  <hidden>
Low Pulse Width   Slow    RAMD32/CLK          n/a            1.250         10.000      8.750      SLICE_X10Y36  <hidden>
Low Pulse Width   Fast    RAMD32/CLK          n/a            1.250         10.000      8.750      SLICE_X10Y36  <hidden>
Low Pulse Width   Slow    RAMD32/CLK          n/a            1.250         10.000      8.750      SLICE_X10Y36  <hidden>
Low Pulse Width   Fast    RAMD32/CLK          n/a            1.250         10.000      8.750      SLICE_X10Y36  <hidden>
High Pulse Width  Slow    RAMD32/CLK          n/a            1.250         10.000      8.750      SLICE_X22Y28  <hidden>
High Pulse Width  Fast    RAMD32/CLK          n/a            1.250         10.000      8.750      SLICE_X22Y28  <hidden>
High Pulse Width  Slow    RAMD32/CLK          n/a            1.250         10.000      8.750      SLICE_X22Y28  <hidden>
High Pulse Width  Fast    RAMD32/CLK          n/a            1.250         10.000      8.750      SLICE_X22Y28  <hidden>
High Pulse Width  Slow    RAMD32/CLK          n/a            1.250         10.000      8.750      SLICE_X10Y36  <hidden>
High Pulse Width  Fast    RAMD32/CLK          n/a            1.250         10.000      8.750      SLICE_X10Y36  <hidden>
High Pulse Width  Slow    RAMD32/CLK          n/a            1.250         10.000      8.750      SLICE_X10Y36  <hidden>
High Pulse Width  Fast    RAMD32/CLK          n/a            1.250         10.000      8.750      SLICE_X10Y36  <hidden>
High Pulse Width  Slow    RAMD32/CLK          n/a            1.250         10.000      8.750      SLICE_X10Y36  <hidden>
High Pulse Width  Fast    RAMD32/CLK          n/a            1.250         10.000      8.750      SLICE_X10Y36  <hidden>



---------------------------------------------------------------------------------------------------
Path Group:  **async_default**
From Clock:  clk_fpga_0
  To Clock:  clk_fpga_0

Setup :            0  Failing Endpoints,  Worst Slack        9.340ns,  Total Violation        0.000ns
Hold  :            0  Failing Endpoints,  Worst Slack        0.595ns,  Total Violation        0.000ns
---------------------------------------------------------------------------------------------------


Max Delay Paths
--------------------------------------------------------------------------------------
Slack (MET) :             9.340ns  (required time - arrival time)
  Source:                 soc_npu_i/rst_ps7_0_50M/U0/ACTIVE_LOW_PR_OUT_DFF[0].FDRE_PER_N/C
                            (rising edge-triggered cell FDRE clocked by clk_fpga_0  {rise@0.000ns fall@10.000ns period=20.000ns})
  Destination:            soc_npu_i/myip_npu_OCR_0/inst/u_npu_core/ext_co_reg[0]/CLR
                            (recovery check against rising-edge clock clk_fpga_0  {rise@0.000ns fall@10.000ns period=20.000ns})
  Path Group:             **async_default**
  Path Type:              Recovery (Max at Slow Process Corner)
  Requirement:            20.000ns  (clk_fpga_0 rise@20.000ns - clk_fpga_0 rise@0.000ns)
  Data Path Delay:        9.440ns  (logic 0.610ns (6.462%)  route 8.830ns (93.538%))
  Logic Levels:           1  (LUT1=1)
  Clock Path Skew:        -0.309ns (DCD - SCD + CPR)
    Destination Clock Delay (DCD):    2.687ns = ( 22.687 - 20.000 ) 
    Source Clock Delay      (SCD):    3.125ns
    Clock Pessimism Removal (CPR):    0.129ns
  Clock Uncertainty:      0.302ns  ((TSJ^2 + TIJ^2)^1/2 + DJ) / 2 + PE
    Total System Jitter     (TSJ):    0.071ns
    Total Input Jitter      (TIJ):    0.600ns
    Discrete Jitter          (DJ):    0.000ns
    Phase Error              (PE):    0.000ns

    Location             Delay type                Incr(ns)  Path(ns)    Netlist Resource(s)
  -------------------------------------------------------------------    -------------------
                         (clock clk_fpga_0 rise edge)
                                                      0.000     0.000 r  
    PS7_X0Y0             PS7                          0.000     0.000 r  soc_npu_i/processing_system7_0/inst/PS7_i/FCLKCLK[0]
                         net (fo=1, routed)           1.193     1.193    soc_npu_i/processing_system7_0/inst/FCLK_CLK_unbuffered[0]
    BUFGCTRL_X0Y16       BUFG (Prop_bufg_I_O)         0.101     1.294 r  soc_npu_i/processing_system7_0/inst/buffer_fclk_clk_0.FCLK_CLK_0_BUFG/O
                         net (fo=5027, routed)        1.831     3.125    soc_npu_i/rst_ps7_0_50M/U0/slowest_sync_clk
    SLICE_X52Y106        FDRE                                         r  soc_npu_i/rst_ps7_0_50M/U0/ACTIVE_LOW_PR_OUT_DFF[0].FDRE_PER_N/C
  -------------------------------------------------------------------    -------------------
    SLICE_X52Y106        FDRE (Prop_fdre_C_Q)         0.456     3.581 r  soc_npu_i/rst_ps7_0_50M/U0/ACTIVE_LOW_PR_OUT_DFF[0].FDRE_PER_N/Q
                         net (fo=27, routed)          1.194     4.775    soc_npu_i/myip_npu_OCR_0/inst/u_npu_core/u_patch/s00_axi_aresetn
    SLICE_X39Y106        LUT1 (Prop_lut1_I0_O)        0.154     4.929 f  soc_npu_i/myip_npu_OCR_0/inst/u_npu_core/u_patch/s_axis_tready_i_2/O
                         net (fo=824, routed)         7.636    12.565    soc_npu_i/myip_npu_OCR_0/inst/u_npu_core/s00_axi_aresetn_0
    SLICE_X28Y74         FDCE                                         f  soc_npu_i/myip_npu_OCR_0/inst/u_npu_core/ext_co_reg[0]/CLR
  -------------------------------------------------------------------    -------------------

                         (clock clk_fpga_0 rise edge)
                                                     20.000    20.000 r  
    PS7_X0Y0             PS7                          0.000    20.000 r  soc_npu_i/processing_system7_0/inst/PS7_i/FCLKCLK[0]
                         net (fo=1, routed)           1.088    21.088    soc_npu_i/processing_system7_0/inst/FCLK_CLK_unbuffered[0]
    BUFGCTRL_X0Y16       BUFG (Prop_bufg_I_O)         0.091    21.179 r  soc_npu_i/processing_system7_0/inst/buffer_fclk_clk_0.FCLK_CLK_0_BUFG/O
                         net (fo=5027, routed)        1.508    22.687    soc_npu_i/myip_npu_OCR_0/inst/u_npu_core/s00_axi_aclk
    SLICE_X28Y74         FDCE                                         r  soc_npu_i/myip_npu_OCR_0/inst/u_npu_core/ext_co_reg[0]/C
                         clock pessimism              0.129    22.816    
                         clock uncertainty           -0.302    22.514    
    SLICE_X28Y74         FDCE (Recov_fdce_C_CLR)     -0.608    21.906    soc_npu_i/myip_npu_OCR_0/inst/u_npu_core/ext_co_reg[0]
  -------------------------------------------------------------------
                         required time                         21.906    
                         arrival time                         -12.565    
  -------------------------------------------------------------------
                         slack                                  9.340    

Slack (MET) :             9.340ns  (required time - arrival time)
  Source:                 soc_npu_i/rst_ps7_0_50M/U0/ACTIVE_LOW_PR_OUT_DFF[0].FDRE_PER_N/C
                            (rising edge-triggered cell FDRE clocked by clk_fpga_0  {rise@0.000ns fall@10.000ns period=20.000ns})
  Destination:            soc_npu_i/myip_npu_OCR_0/inst/u_npu_core/ext_co_reg[1]/CLR
                            (recovery check against rising-edge clock clk_fpga_0  {rise@0.000ns fall@10.000ns period=20.000ns})
  Path Group:             **async_default**
  Path Type:              Recovery (Max at Slow Process Corner)
  Requirement:            20.000ns  (clk_fpga_0 rise@20.000ns - clk_fpga_0 rise@0.000ns)
  Data Path Delay:        9.440ns  (logic 0.610ns (6.462%)  route 8.830ns (93.538%))
  Logic Levels:           1  (LUT1=1)
  Clock Path Skew:        -0.309ns (DCD - SCD + CPR)
    Destination Clock Delay (DCD):    2.687ns = ( 22.687 - 20.000 ) 
    Source Clock Delay      (SCD):    3.125ns
    Clock Pessimism Removal (CPR):    0.129ns
  Clock Uncertainty:      0.302ns  ((TSJ^2 + TIJ^2)^1/2 + DJ) / 2 + PE
    Total System Jitter     (TSJ):    0.071ns
    Total Input Jitter      (TIJ):    0.600ns
    Discrete Jitter          (DJ):    0.000ns
    Phase Error              (PE):    0.000ns

    Location             Delay type                Incr(ns)  Path(ns)    Netlist Resource(s)
  -------------------------------------------------------------------    -------------------
                         (clock clk_fpga_0 rise edge)
                                                      0.000     0.000 r  
    PS7_X0Y0             PS7                          0.000     0.000 r  soc_npu_i/processing_system7_0/inst/PS7_i/FCLKCLK[0]
                         net (fo=1, routed)           1.193     1.193    soc_npu_i/processing_system7_0/inst/FCLK_CLK_unbuffered[0]
    BUFGCTRL_X0Y16       BUFG (Prop_bufg_I_O)         0.101     1.294 r  soc_npu_i/processing_system7_0/inst/buffer_fclk_clk_0.FCLK_CLK_0_BUFG/O
                         net (fo=5027, routed)        1.831     3.125    soc_npu_i/rst_ps7_0_50M/U0/slowest_sync_clk
    SLICE_X52Y106        FDRE                                         r  soc_npu_i/rst_ps7_0_50M/U0/ACTIVE_LOW_PR_OUT_DFF[0].FDRE_PER_N/C
  -------------------------------------------------------------------    -------------------
    SLICE_X52Y106        FDRE (Prop_fdre_C_Q)         0.456     3.581 r  soc_npu_i/rst_ps7_0_50M/U0/ACTIVE_LOW_PR_OUT_DFF[0].FDRE_PER_N/Q
                         net (fo=27, routed)          1.194     4.775    soc_npu_i/myip_npu_OCR_0/inst/u_npu_core/u_patch/s00_axi_aresetn
    SLICE_X39Y106        LUT1 (Prop_lut1_I0_O)        0.154     4.929 f  soc_npu_i/myip_npu_OCR_0/inst/u_npu_core/u_patch/s_axis_tready_i_2/O
                         net (fo=824, routed)         7.636    12.565    soc_npu_i/myip_npu_OCR_0/inst/u_npu_core/s00_axi_aresetn_0
    SLICE_X28Y74         FDCE                                         f  soc_npu_i/myip_npu_OCR_0/inst/u_npu_core/ext_co_reg[1]/CLR
  -------------------------------------------------------------------    -------------------

                         (clock clk_fpga_0 rise edge)
                                                     20.000    20.000 r  
    PS7_X0Y0             PS7                          0.000    20.000 r  soc_npu_i/processing_system7_0/inst/PS7_i/FCLKCLK[0]
                         net (fo=1, routed)           1.088    21.088    soc_npu_i/processing_system7_0/inst/FCLK_CLK_unbuffered[0]
    BUFGCTRL_X0Y16       BUFG (Prop_bufg_I_O)         0.091    21.179 r  soc_npu_i/processing_system7_0/inst/buffer_fclk_clk_0.FCLK_CLK_0_BUFG/O
                         net (fo=5027, routed)        1.508    22.687    soc_npu_i/myip_npu_OCR_0/inst/u_npu_core/s00_axi_aclk
    SLICE_X28Y74         FDCE                                         r  soc_npu_i/myip_npu_OCR_0/inst/u_npu_core/ext_co_reg[1]/C
                         clock pessimism              0.129    22.816    
                         clock uncertainty           -0.302    22.514    
    SLICE_X28Y74         FDCE (Recov_fdce_C_CLR)     -0.608    21.906    soc_npu_i/myip_npu_OCR_0/inst/u_npu_core/ext_co_reg[1]
  -------------------------------------------------------------------
                         required time                         21.906    
                         arrival time                         -12.565    
  -------------------------------------------------------------------
                         slack                                  9.340    

Slack (MET) :             9.340ns  (required time - arrival time)
  Source:                 soc_npu_i/rst_ps7_0_50M/U0/ACTIVE_LOW_PR_OUT_DFF[0].FDRE_PER_N/C
                            (rising edge-triggered cell FDRE clocked by clk_fpga_0  {rise@0.000ns fall@10.000ns period=20.000ns})
  Destination:            soc_npu_i/myip_npu_OCR_0/inst/u_npu_core/ext_co_reg[7]/CLR
                            (recovery check against rising-edge clock clk_fpga_0  {rise@0.000ns fall@10.000ns period=20.000ns})
  Path Group:             **async_default**
  Path Type:              Recovery (Max at Slow Process Corner)
  Requirement:            20.000ns  (clk_fpga_0 rise@20.000ns - clk_fpga_0 rise@0.000ns)
  Data Path Delay:        9.440ns  (logic 0.610ns (6.462%)  route 8.830ns (93.538%))
  Logic Levels:           1  (LUT1=1)
  Clock Path Skew:        -0.309ns (DCD - SCD + CPR)
    Destination Clock Delay (DCD):    2.687ns = ( 22.687 - 20.000 ) 
    Source Clock Delay      (SCD):    3.125ns
    Clock Pessimism Removal (CPR):    0.129ns
  Clock Uncertainty:      0.302ns  ((TSJ^2 + TIJ^2)^1/2 + DJ) / 2 + PE
    Total System Jitter     (TSJ):    0.071ns
    Total Input Jitter      (TIJ):    0.600ns
    Discrete Jitter          (DJ):    0.000ns
    Phase Error              (PE):    0.000ns

    Location             Delay type                Incr(ns)  Path(ns)    Netlist Resource(s)
  -------------------------------------------------------------------    -------------------
                         (clock clk_fpga_0 rise edge)
                                                      0.000     0.000 r  
    PS7_X0Y0             PS7                          0.000     0.000 r  soc_npu_i/processing_system7_0/inst/PS7_i/FCLKCLK[0]
                         net (fo=1, routed)           1.193     1.193    soc_npu_i/processing_system7_0/inst/FCLK_CLK_unbuffered[0]
    BUFGCTRL_X0Y16       BUFG (Prop_bufg_I_O)         0.101     1.294 r  soc_npu_i/processing_system7_0/inst/buffer_fclk_clk_0.FCLK_CLK_0_BUFG/O
                         net (fo=5027, routed)        1.831     3.125    soc_npu_i/rst_ps7_0_50M/U0/slowest_sync_clk
    SLICE_X52Y106        FDRE                                         r  soc_npu_i/rst_ps7_0_50M/U0/ACTIVE_LOW_PR_OUT_DFF[0].FDRE_PER_N/C
  -------------------------------------------------------------------    -------------------
    SLICE_X52Y106        FDRE (Prop_fdre_C_Q)         0.456     3.581 r  soc_npu_i/rst_ps7_0_50M/U0/ACTIVE_LOW_PR_OUT_DFF[0].FDRE_PER_N/Q
                         net (fo=27, routed)          1.194     4.775    soc_npu_i/myip_npu_OCR_0/inst/u_npu_core/u_patch/s00_axi_aresetn
    SLICE_X39Y106        LUT1 (Prop_lut1_I0_O)        0.154     4.929 f  soc_npu_i/myip_npu_OCR_0/inst/u_npu_core/u_patch/s_axis_tready_i_2/O
                         net (fo=824, routed)         7.636    12.565    soc_npu_i/myip_npu_OCR_0/inst/u_npu_core/s00_axi_aresetn_0
    SLICE_X28Y74         FDCE                                         f  soc_npu_i/myip_npu_OCR_0/inst/u_npu_core/ext_co_reg[7]/CLR
  -------------------------------------------------------------------    -------------------

                         (clock clk_fpga_0 rise edge)
                                                     20.000    20.000 r  
    PS7_X0Y0             PS7                          0.000    20.000 r  soc_npu_i/processing_system7_0/inst/PS7_i/FCLKCLK[0]
                         net (fo=1, routed)           1.088    21.088    soc_npu_i/processing_system7_0/inst/FCLK_CLK_unbuffered[0]
    BUFGCTRL_X0Y16       BUFG (Prop_bufg_I_O)         0.091    21.179 r  soc_npu_i/processing_system7_0/inst/buffer_fclk_clk_0.FCLK_CLK_0_BUFG/O
                         net (fo=5027, routed)        1.508    22.687    soc_npu_i/myip_npu_OCR_0/inst/u_npu_core/s00_axi_aclk
    SLICE_X28Y74         FDCE                                         r  soc_npu_i/myip_npu_OCR_0/inst/u_npu_core/ext_co_reg[7]/C
                         clock pessimism              0.129    22.816    
                         clock uncertainty           -0.302    22.514    
    SLICE_X28Y74         FDCE (Recov_fdce_C_CLR)     -0.608    21.906    soc_npu_i/myip_npu_OCR_0/inst/u_npu_core/ext_co_reg[7]
  -------------------------------------------------------------------
                         required time                         21.906    
                         arrival time                         -12.565    
  -------------------------------------------------------------------
                         slack                                  9.340    

Slack (MET) :             9.340ns  (required time - arrival time)
  Source:                 soc_npu_i/rst_ps7_0_50M/U0/ACTIVE_LOW_PR_OUT_DFF[0].FDRE_PER_N/C
                            (rising edge-triggered cell FDRE clocked by clk_fpga_0  {rise@0.000ns fall@10.000ns period=20.000ns})
  Destination:            soc_npu_i/myip_npu_OCR_0/inst/u_npu_core/ext_co_reg[8]/CLR
                            (recovery check against rising-edge clock clk_fpga_0  {rise@0.000ns fall@10.000ns period=20.000ns})
  Path Group:             **async_default**
  Path Type:              Recovery (Max at Slow Process Corner)
  Requirement:            20.000ns  (clk_fpga_0 rise@20.000ns - clk_fpga_0 rise@0.000ns)
  Data Path Delay:        9.440ns  (logic 0.610ns (6.462%)  route 8.830ns (93.538%))
  Logic Levels:           1  (LUT1=1)
  Clock Path Skew:        -0.309ns (DCD - SCD + CPR)
    Destination Clock Delay (DCD):    2.687ns = ( 22.687 - 20.000 ) 
    Source Clock Delay      (SCD):    3.125ns
    Clock Pessimism Removal (CPR):    0.129ns
  Clock Uncertainty:      0.302ns  ((TSJ^2 + TIJ^2)^1/2 + DJ) / 2 + PE
    Total System Jitter     (TSJ):    0.071ns
    Total Input Jitter      (TIJ):    0.600ns
    Discrete Jitter          (DJ):    0.000ns
    Phase Error              (PE):    0.000ns

    Location             Delay type                Incr(ns)  Path(ns)    Netlist Resource(s)
  -------------------------------------------------------------------    -------------------
                         (clock clk_fpga_0 rise edge)
                                                      0.000     0.000 r  
    PS7_X0Y0             PS7                          0.000     0.000 r  soc_npu_i/processing_system7_0/inst/PS7_i/FCLKCLK[0]
                         net (fo=1, routed)           1.193     1.193    soc_npu_i/processing_system7_0/inst/FCLK_CLK_unbuffered[0]
    BUFGCTRL_X0Y16       BUFG (Prop_bufg_I_O)         0.101     1.294 r  soc_npu_i/processing_system7_0/inst/buffer_fclk_clk_0.FCLK_CLK_0_BUFG/O
                         net (fo=5027, routed)        1.831     3.125    soc_npu_i/rst_ps7_0_50M/U0/slowest_sync_clk
    SLICE_X52Y106        FDRE                                         r  soc_npu_i/rst_ps7_0_50M/U0/ACTIVE_LOW_PR_OUT_DFF[0].FDRE_PER_N/C
  -------------------------------------------------------------------    -------------------
    SLICE_X52Y106        FDRE (Prop_fdre_C_Q)         0.456     3.581 r  soc_npu_i/rst_ps7_0_50M/U0/ACTIVE_LOW_PR_OUT_DFF[0].FDRE_PER_N/Q
                         net (fo=27, routed)          1.194     4.775    soc_npu_i/myip_npu_OCR_0/inst/u_npu_core/u_patch/s00_axi_aresetn
    SLICE_X39Y106        LUT1 (Prop_lut1_I0_O)        0.154     4.929 f  soc_npu_i/myip_npu_OCR_0/inst/u_npu_core/u_patch/s_axis_tready_i_2/O
                         net (fo=824, routed)         7.636    12.565    soc_npu_i/myip_npu_OCR_0/inst/u_npu_core/s00_axi_aresetn_0
    SLICE_X28Y74         FDCE                                         f  soc_npu_i/myip_npu_OCR_0/inst/u_npu_core/ext_co_reg[8]/CLR
  -------------------------------------------------------------------    -------------------

                         (clock clk_fpga_0 rise edge)
                                                     20.000    20.000 r  
    PS7_X0Y0             PS7                          0.000    20.000 r  soc_npu_i/processing_system7_0/inst/PS7_i/FCLKCLK[0]
                         net (fo=1, routed)           1.088    21.088    soc_npu_i/processing_system7_0/inst/FCLK_CLK_unbuffered[0]
    BUFGCTRL_X0Y16       BUFG (Prop_bufg_I_O)         0.091    21.179 r  soc_npu_i/processing_system7_0/inst/buffer_fclk_clk_0.FCLK_CLK_0_BUFG/O
                         net (fo=5027, routed)        1.508    22.687    soc_npu_i/myip_npu_OCR_0/inst/u_npu_core/s00_axi_aclk
    SLICE_X28Y74         FDCE                                         r  soc_npu_i/myip_npu_OCR_0/inst/u_npu_core/ext_co_reg[8]/C
                         clock pessimism              0.129    22.816    
                         clock uncertainty           -0.302    22.514    
    SLICE_X28Y74         FDCE (Recov_fdce_C_CLR)     -0.608    21.906    soc_npu_i/myip_npu_OCR_0/inst/u_npu_core/ext_co_reg[8]
  -------------------------------------------------------------------
                         required time                         21.906    
                         arrival time                         -12.565    
  -------------------------------------------------------------------
                         slack                                  9.340    

Slack (MET) :             9.650ns  (required time - arrival time)
  Source:                 soc_npu_i/rst_ps7_0_50M/U0/ACTIVE_LOW_PR_OUT_DFF[0].FDRE_PER_N/C
                            (rising edge-triggered cell FDRE clocked by clk_fpga_0  {rise@0.000ns fall@10.000ns period=20.000ns})
  Destination:            soc_npu_i/myip_npu_OCR_0/inst/u_npu_core/ext_co_reg[4]/CLR
                            (recovery check against rising-edge clock clk_fpga_0  {rise@0.000ns fall@10.000ns period=20.000ns})
  Path Group:             **async_default**
  Path Type:              Recovery (Max at Slow Process Corner)
  Requirement:            20.000ns  (clk_fpga_0 rise@20.000ns - clk_fpga_0 rise@0.000ns)
  Data Path Delay:        9.131ns  (logic 0.610ns (6.681%)  route 8.521ns (93.319%))
  Logic Levels:           1  (LUT1=1)
  Clock Path Skew:        -0.309ns (DCD - SCD + CPR)
    Destination Clock Delay (DCD):    2.687ns = ( 22.687 - 20.000 ) 
    Source Clock Delay      (SCD):    3.125ns
    Clock Pessimism Removal (CPR):    0.129ns
  Clock Uncertainty:      0.302ns  ((TSJ^2 + TIJ^2)^1/2 + DJ) / 2 + PE
    Total System Jitter     (TSJ):    0.071ns
    Total Input Jitter      (TIJ):    0.600ns
    Discrete Jitter          (DJ):    0.000ns
    Phase Error              (PE):    0.000ns

    Location             Delay type                Incr(ns)  Path(ns)    Netlist Resource(s)
  -------------------------------------------------------------------    -------------------
                         (clock clk_fpga_0 rise edge)
                                                      0.000     0.000 r  
    PS7_X0Y0             PS7                          0.000     0.000 r  soc_npu_i/processing_system7_0/inst/PS7_i/FCLKCLK[0]
                         net (fo=1, routed)           1.193     1.193    soc_npu_i/processing_system7_0/inst/FCLK_CLK_unbuffered[0]
    BUFGCTRL_X0Y16       BUFG (Prop_bufg_I_O)         0.101     1.294 r  soc_npu_i/processing_system7_0/inst/buffer_fclk_clk_0.FCLK_CLK_0_BUFG/O
                         net (fo=5027, routed)        1.831     3.125    soc_npu_i/rst_ps7_0_50M/U0/slowest_sync_clk
    SLICE_X52Y106        FDRE                                         r  soc_npu_i/rst_ps7_0_50M/U0/ACTIVE_LOW_PR_OUT_DFF[0].FDRE_PER_N/C
  -------------------------------------------------------------------    -------------------
    SLICE_X52Y106        FDRE (Prop_fdre_C_Q)         0.456     3.581 r  soc_npu_i/rst_ps7_0_50M/U0/ACTIVE_LOW_PR_OUT_DFF[0].FDRE_PER_N/Q
                         net (fo=27, routed)          1.194     4.775    soc_npu_i/myip_npu_OCR_0/inst/u_npu_core/u_patch/s00_axi_aresetn
    SLICE_X39Y106        LUT1 (Prop_lut1_I0_O)        0.154     4.929 f  soc_npu_i/myip_npu_OCR_0/inst/u_npu_core/u_patch/s_axis_tready_i_2/O
                         net (fo=824, routed)         7.327    12.256    soc_npu_i/myip_npu_OCR_0/inst/u_npu_core/s00_axi_aresetn_0
    SLICE_X28Y75         FDCE                                         f  soc_npu_i/myip_npu_OCR_0/inst/u_npu_core/ext_co_reg[4]/CLR
  -------------------------------------------------------------------    -------------------

                         (clock clk_fpga_0 rise edge)
                                                     20.000    20.000 r  
    PS7_X0Y0             PS7                          0.000    20.000 r  soc_npu_i/processing_system7_0/inst/PS7_i/FCLKCLK[0]
                         net (fo=1, routed)           1.088    21.088    soc_npu_i/processing_system7_0/inst/FCLK_CLK_unbuffered[0]
    BUFGCTRL_X0Y16       BUFG (Prop_bufg_I_O)         0.091    21.179 r  soc_npu_i/processing_system7_0/inst/buffer_fclk_clk_0.FCLK_CLK_0_BUFG/O
                         net (fo=5027, routed)        1.508    22.687    soc_npu_i/myip_npu_OCR_0/inst/u_npu_core/s00_axi_aclk
    SLICE_X28Y75         FDCE                                         r  soc_npu_i/myip_npu_OCR_0/inst/u_npu_core/ext_co_reg[4]/C
                         clock pessimism              0.129    22.816    
                         clock uncertainty           -0.302    22.514    
    SLICE_X28Y75         FDCE (Recov_fdce_C_CLR)     -0.608    21.906    soc_npu_i/myip_npu_OCR_0/inst/u_npu_core/ext_co_reg[4]
  -------------------------------------------------------------------
                         required time                         21.906    
                         arrival time                         -12.256    
  -------------------------------------------------------------------
                         slack                                  9.650    

Slack (MET) :             9.650ns  (required time - arrival time)
  Source:                 soc_npu_i/rst_ps7_0_50M/U0/ACTIVE_LOW_PR_OUT_DFF[0].FDRE_PER_N/C
                            (rising edge-triggered cell FDRE clocked by clk_fpga_0  {rise@0.000ns fall@10.000ns period=20.000ns})
  Destination:            soc_npu_i/myip_npu_OCR_0/inst/u_npu_core/ext_co_reg[5]/CLR
                            (recovery check against rising-edge clock clk_fpga_0  {rise@0.000ns fall@10.000ns period=20.000ns})
  Path Group:             **async_default**
  Path Type:              Recovery (Max at Slow Process Corner)
  Requirement:            20.000ns  (clk_fpga_0 rise@20.000ns - clk_fpga_0 rise@0.000ns)
  Data Path Delay:        9.131ns  (logic 0.610ns (6.681%)  route 8.521ns (93.319%))
  Logic Levels:           1  (LUT1=1)
  Clock Path Skew:        -0.309ns (DCD - SCD + CPR)
    Destination Clock Delay (DCD):    2.687ns = ( 22.687 - 20.000 ) 
    Source Clock Delay      (SCD):    3.125ns
    Clock Pessimism Removal (CPR):    0.129ns
  Clock Uncertainty:      0.302ns  ((TSJ^2 + TIJ^2)^1/2 + DJ) / 2 + PE
    Total System Jitter     (TSJ):    0.071ns
    Total Input Jitter      (TIJ):    0.600ns
    Discrete Jitter          (DJ):    0.000ns
    Phase Error              (PE):    0.000ns

    Location             Delay type                Incr(ns)  Path(ns)    Netlist Resource(s)
  -------------------------------------------------------------------    -------------------
                         (clock clk_fpga_0 rise edge)
                                                      0.000     0.000 r  
    PS7_X0Y0             PS7                          0.000     0.000 r  soc_npu_i/processing_system7_0/inst/PS7_i/FCLKCLK[0]
                         net (fo=1, routed)           1.193     1.193    soc_npu_i/processing_system7_0/inst/FCLK_CLK_unbuffered[0]
    BUFGCTRL_X0Y16       BUFG (Prop_bufg_I_O)         0.101     1.294 r  soc_npu_i/processing_system7_0/inst/buffer_fclk_clk_0.FCLK_CLK_0_BUFG/O
                         net (fo=5027, routed)        1.831     3.125    soc_npu_i/rst_ps7_0_50M/U0/slowest_sync_clk
    SLICE_X52Y106        FDRE                                         r  soc_npu_i/rst_ps7_0_50M/U0/ACTIVE_LOW_PR_OUT_DFF[0].FDRE_PER_N/C
  -------------------------------------------------------------------    -------------------
    SLICE_X52Y106        FDRE (Prop_fdre_C_Q)         0.456     3.581 r  soc_npu_i/rst_ps7_0_50M/U0/ACTIVE_LOW_PR_OUT_DFF[0].FDRE_PER_N/Q
                         net (fo=27, routed)          1.194     4.775    soc_npu_i/myip_npu_OCR_0/inst/u_npu_core/u_patch/s00_axi_aresetn
    SLICE_X39Y106        LUT1 (Prop_lut1_I0_O)        0.154     4.929 f  soc_npu_i/myip_npu_OCR_0/inst/u_npu_core/u_patch/s_axis_tready_i_2/O
                         net (fo=824, routed)         7.327    12.256    soc_npu_i/myip_npu_OCR_0/inst/u_npu_core/s00_axi_aresetn_0
    SLICE_X28Y75         FDCE                                         f  soc_npu_i/myip_npu_OCR_0/inst/u_npu_core/ext_co_reg[5]/CLR
  -------------------------------------------------------------------    -------------------

                         (clock clk_fpga_0 rise edge)
                                                     20.000    20.000 r  
    PS7_X0Y0             PS7                          0.000    20.000 r  soc_npu_i/processing_system7_0/inst/PS7_i/FCLKCLK[0]
                         net (fo=1, routed)           1.088    21.088    soc_npu_i/processing_system7_0/inst/FCLK_CLK_unbuffered[0]
    BUFGCTRL_X0Y16       BUFG (Prop_bufg_I_O)         0.091    21.179 r  soc_npu_i/processing_system7_0/inst/buffer_fclk_clk_0.FCLK_CLK_0_BUFG/O
                         net (fo=5027, routed)        1.508    22.687    soc_npu_i/myip_npu_OCR_0/inst/u_npu_core/s00_axi_aclk
    SLICE_X28Y75         FDCE                                         r  soc_npu_i/myip_npu_OCR_0/inst/u_npu_core/ext_co_reg[5]/C
                         clock pessimism              0.129    22.816    
                         clock uncertainty           -0.302    22.514    
    SLICE_X28Y75         FDCE (Recov_fdce_C_CLR)     -0.608    21.906    soc_npu_i/myip_npu_OCR_0/inst/u_npu_core/ext_co_reg[5]
  -------------------------------------------------------------------
                         required time                         21.906    
                         arrival time                         -12.256    
  -------------------------------------------------------------------
                         slack                                  9.650    

Slack (MET) :             9.650ns  (required time - arrival time)
  Source:                 soc_npu_i/rst_ps7_0_50M/U0/ACTIVE_LOW_PR_OUT_DFF[0].FDRE_PER_N/C
                            (rising edge-triggered cell FDRE clocked by clk_fpga_0  {rise@0.000ns fall@10.000ns period=20.000ns})
  Destination:            soc_npu_i/myip_npu_OCR_0/inst/u_npu_core/ext_co_reg[6]/CLR
                            (recovery check against rising-edge clock clk_fpga_0  {rise@0.000ns fall@10.000ns period=20.000ns})
  Path Group:             **async_default**
  Path Type:              Recovery (Max at Slow Process Corner)
  Requirement:            20.000ns  (clk_fpga_0 rise@20.000ns - clk_fpga_0 rise@0.000ns)
  Data Path Delay:        9.131ns  (logic 0.610ns (6.681%)  route 8.521ns (93.319%))
  Logic Levels:           1  (LUT1=1)
  Clock Path Skew:        -0.309ns (DCD - SCD + CPR)
    Destination Clock Delay (DCD):    2.687ns = ( 22.687 - 20.000 ) 
    Source Clock Delay      (SCD):    3.125ns
    Clock Pessimism Removal (CPR):    0.129ns
  Clock Uncertainty:      0.302ns  ((TSJ^2 + TIJ^2)^1/2 + DJ) / 2 + PE
    Total System Jitter     (TSJ):    0.071ns
    Total Input Jitter      (TIJ):    0.600ns
    Discrete Jitter          (DJ):    0.000ns
    Phase Error              (PE):    0.000ns

    Location             Delay type                Incr(ns)  Path(ns)    Netlist Resource(s)
  -------------------------------------------------------------------    -------------------
                         (clock clk_fpga_0 rise edge)
                                                      0.000     0.000 r  
    PS7_X0Y0             PS7                          0.000     0.000 r  soc_npu_i/processing_system7_0/inst/PS7_i/FCLKCLK[0]
                         net (fo=1, routed)           1.193     1.193    soc_npu_i/processing_system7_0/inst/FCLK_CLK_unbuffered[0]
    BUFGCTRL_X0Y16       BUFG (Prop_bufg_I_O)         0.101     1.294 r  soc_npu_i/processing_system7_0/inst/buffer_fclk_clk_0.FCLK_CLK_0_BUFG/O
                         net (fo=5027, routed)        1.831     3.125    soc_npu_i/rst_ps7_0_50M/U0/slowest_sync_clk
    SLICE_X52Y106        FDRE                                         r  soc_npu_i/rst_ps7_0_50M/U0/ACTIVE_LOW_PR_OUT_DFF[0].FDRE_PER_N/C
  -------------------------------------------------------------------    -------------------
    SLICE_X52Y106        FDRE (Prop_fdre_C_Q)         0.456     3.581 r  soc_npu_i/rst_ps7_0_50M/U0/ACTIVE_LOW_PR_OUT_DFF[0].FDRE_PER_N/Q
                         net (fo=27, routed)          1.194     4.775    soc_npu_i/myip_npu_OCR_0/inst/u_npu_core/u_patch/s00_axi_aresetn
    SLICE_X39Y106        LUT1 (Prop_lut1_I0_O)        0.154     4.929 f  soc_npu_i/myip_npu_OCR_0/inst/u_npu_core/u_patch/s_axis_tready_i_2/O
                         net (fo=824, routed)         7.327    12.256    soc_npu_i/myip_npu_OCR_0/inst/u_npu_core/s00_axi_aresetn_0
    SLICE_X28Y75         FDCE                                         f  soc_npu_i/myip_npu_OCR_0/inst/u_npu_core/ext_co_reg[6]/CLR
  -------------------------------------------------------------------    -------------------

                         (clock clk_fpga_0 rise edge)
                                                     20.000    20.000 r  
    PS7_X0Y0             PS7                          0.000    20.000 r  soc_npu_i/processing_system7_0/inst/PS7_i/FCLKCLK[0]
                         net (fo=1, routed)           1.088    21.088    soc_npu_i/processing_system7_0/inst/FCLK_CLK_unbuffered[0]
    BUFGCTRL_X0Y16       BUFG (Prop_bufg_I_O)         0.091    21.179 r  soc_npu_i/processing_system7_0/inst/buffer_fclk_clk_0.FCLK_CLK_0_BUFG/O
                         net (fo=5027, routed)        1.508    22.687    soc_npu_i/myip_npu_OCR_0/inst/u_npu_core/s00_axi_aclk
    SLICE_X28Y75         FDCE                                         r  soc_npu_i/myip_npu_OCR_0/inst/u_npu_core/ext_co_reg[6]/C
                         clock pessimism              0.129    22.816    
                         clock uncertainty           -0.302    22.514    
    SLICE_X28Y75         FDCE (Recov_fdce_C_CLR)     -0.608    21.906    soc_npu_i/myip_npu_OCR_0/inst/u_npu_core/ext_co_reg[6]
  -------------------------------------------------------------------
                         required time                         21.906    
                         arrival time                         -12.256    
  -------------------------------------------------------------------
                         slack                                  9.650    

Slack (MET) :             9.787ns  (required time - arrival time)
  Source:                 soc_npu_i/rst_ps7_0_50M/U0/ACTIVE_LOW_PR_OUT_DFF[0].FDRE_PER_N/C
                            (rising edge-triggered cell FDRE clocked by clk_fpga_0  {rise@0.000ns fall@10.000ns period=20.000ns})
  Destination:            soc_npu_i/myip_npu_OCR_0/inst/u_npu_core/ext_co_reg[2]/CLR
                            (recovery check against rising-edge clock clk_fpga_0  {rise@0.000ns fall@10.000ns period=20.000ns})
  Path Group:             **async_default**
  Path Type:              Recovery (Max at Slow Process Corner)
  Requirement:            20.000ns  (clk_fpga_0 rise@20.000ns - clk_fpga_0 rise@0.000ns)
  Data Path Delay:        8.994ns  (logic 0.610ns (6.782%)  route 8.384ns (93.218%))
  Logic Levels:           1  (LUT1=1)
  Clock Path Skew:        -0.309ns (DCD - SCD + CPR)
    Destination Clock Delay (DCD):    2.687ns = ( 22.687 - 20.000 ) 
    Source Clock Delay      (SCD):    3.125ns
    Clock Pessimism Removal (CPR):    0.129ns
  Clock Uncertainty:      0.302ns  ((TSJ^2 + TIJ^2)^1/2 + DJ) / 2 + PE
    Total System Jitter     (TSJ):    0.071ns
    Total Input Jitter      (TIJ):    0.600ns
    Discrete Jitter          (DJ):    0.000ns
    Phase Error              (PE):    0.000ns

    Location             Delay type                Incr(ns)  Path(ns)    Netlist Resource(s)
  -------------------------------------------------------------------    -------------------
                         (clock clk_fpga_0 rise edge)
                                                      0.000     0.000 r  
    PS7_X0Y0             PS7                          0.000     0.000 r  soc_npu_i/processing_system7_0/inst/PS7_i/FCLKCLK[0]
                         net (fo=1, routed)           1.193     1.193    soc_npu_i/processing_system7_0/inst/FCLK_CLK_unbuffered[0]
    BUFGCTRL_X0Y16       BUFG (Prop_bufg_I_O)         0.101     1.294 r  soc_npu_i/processing_system7_0/inst/buffer_fclk_clk_0.FCLK_CLK_0_BUFG/O
                         net (fo=5027, routed)        1.831     3.125    soc_npu_i/rst_ps7_0_50M/U0/slowest_sync_clk
    SLICE_X52Y106        FDRE                                         r  soc_npu_i/rst_ps7_0_50M/U0/ACTIVE_LOW_PR_OUT_DFF[0].FDRE_PER_N/C
  -------------------------------------------------------------------    -------------------
    SLICE_X52Y106        FDRE (Prop_fdre_C_Q)         0.456     3.581 r  soc_npu_i/rst_ps7_0_50M/U0/ACTIVE_LOW_PR_OUT_DFF[0].FDRE_PER_N/Q
                         net (fo=27, routed)          1.194     4.775    soc_npu_i/myip_npu_OCR_0/inst/u_npu_core/u_patch/s00_axi_aresetn
    SLICE_X39Y106        LUT1 (Prop_lut1_I0_O)        0.154     4.929 f  soc_npu_i/myip_npu_OCR_0/inst/u_npu_core/u_patch/s_axis_tready_i_2/O
                         net (fo=824, routed)         7.190    12.119    soc_npu_i/myip_npu_OCR_0/inst/u_npu_core/s00_axi_aresetn_0
    SLICE_X31Y74         FDCE                                         f  soc_npu_i/myip_npu_OCR_0/inst/u_npu_core/ext_co_reg[2]/CLR
  -------------------------------------------------------------------    -------------------

                         (clock clk_fpga_0 rise edge)
                                                     20.000    20.000 r  
    PS7_X0Y0             PS7                          0.000    20.000 r  soc_npu_i/processing_system7_0/inst/PS7_i/FCLKCLK[0]
                         net (fo=1, routed)           1.088    21.088    soc_npu_i/processing_system7_0/inst/FCLK_CLK_unbuffered[0]
    BUFGCTRL_X0Y16       BUFG (Prop_bufg_I_O)         0.091    21.179 r  soc_npu_i/processing_system7_0/inst/buffer_fclk_clk_0.FCLK_CLK_0_BUFG/O
                         net (fo=5027, routed)        1.508    22.687    soc_npu_i/myip_npu_OCR_0/inst/u_npu_core/s00_axi_aclk
    SLICE_X31Y74         FDCE                                         r  soc_npu_i/myip_npu_OCR_0/inst/u_npu_core/ext_co_reg[2]/C
                         clock pessimism              0.129    22.816    
                         clock uncertainty           -0.302    22.514    
    SLICE_X31Y74         FDCE (Recov_fdce_C_CLR)     -0.608    21.906    soc_npu_i/myip_npu_OCR_0/inst/u_npu_core/ext_co_reg[2]
  -------------------------------------------------------------------
                         required time                         21.906    
                         arrival time                         -12.119    
  -------------------------------------------------------------------
                         slack                                  9.787    

Slack (MET) :             9.787ns  (required time - arrival time)
  Source:                 soc_npu_i/rst_ps7_0_50M/U0/ACTIVE_LOW_PR_OUT_DFF[0].FDRE_PER_N/C
                            (rising edge-triggered cell FDRE clocked by clk_fpga_0  {rise@0.000ns fall@10.000ns period=20.000ns})
  Destination:            soc_npu_i/myip_npu_OCR_0/inst/u_npu_core/ext_co_reg[3]/CLR
                            (recovery check against rising-edge clock clk_fpga_0  {rise@0.000ns fall@10.000ns period=20.000ns})
  Path Group:             **async_default**
  Path Type:              Recovery (Max at Slow Process Corner)
  Requirement:            20.000ns  (clk_fpga_0 rise@20.000ns - clk_fpga_0 rise@0.000ns)
  Data Path Delay:        8.994ns  (logic 0.610ns (6.782%)  route 8.384ns (93.218%))
  Logic Levels:           1  (LUT1=1)
  Clock Path Skew:        -0.309ns (DCD - SCD + CPR)
    Destination Clock Delay (DCD):    2.687ns = ( 22.687 - 20.000 ) 
    Source Clock Delay      (SCD):    3.125ns
    Clock Pessimism Removal (CPR):    0.129ns
  Clock Uncertainty:      0.302ns  ((TSJ^2 + TIJ^2)^1/2 + DJ) / 2 + PE
    Total System Jitter     (TSJ):    0.071ns
    Total Input Jitter      (TIJ):    0.600ns
    Discrete Jitter          (DJ):    0.000ns
    Phase Error              (PE):    0.000ns

    Location             Delay type                Incr(ns)  Path(ns)    Netlist Resource(s)
  -------------------------------------------------------------------    -------------------
                         (clock clk_fpga_0 rise edge)
                                                      0.000     0.000 r  
    PS7_X0Y0             PS7                          0.000     0.000 r  soc_npu_i/processing_system7_0/inst/PS7_i/FCLKCLK[0]
                         net (fo=1, routed)           1.193     1.193    soc_npu_i/processing_system7_0/inst/FCLK_CLK_unbuffered[0]
    BUFGCTRL_X0Y16       BUFG (Prop_bufg_I_O)         0.101     1.294 r  soc_npu_i/processing_system7_0/inst/buffer_fclk_clk_0.FCLK_CLK_0_BUFG/O
                         net (fo=5027, routed)        1.831     3.125    soc_npu_i/rst_ps7_0_50M/U0/slowest_sync_clk
    SLICE_X52Y106        FDRE                                         r  soc_npu_i/rst_ps7_0_50M/U0/ACTIVE_LOW_PR_OUT_DFF[0].FDRE_PER_N/C
  -------------------------------------------------------------------    -------------------
    SLICE_X52Y106        FDRE (Prop_fdre_C_Q)         0.456     3.581 r  soc_npu_i/rst_ps7_0_50M/U0/ACTIVE_LOW_PR_OUT_DFF[0].FDRE_PER_N/Q
                         net (fo=27, routed)          1.194     4.775    soc_npu_i/myip_npu_OCR_0/inst/u_npu_core/u_patch/s00_axi_aresetn
    SLICE_X39Y106        LUT1 (Prop_lut1_I0_O)        0.154     4.929 f  soc_npu_i/myip_npu_OCR_0/inst/u_npu_core/u_patch/s_axis_tready_i_2/O
                         net (fo=824, routed)         7.190    12.119    soc_npu_i/myip_npu_OCR_0/inst/u_npu_core/s00_axi_aresetn_0
    SLICE_X31Y74         FDCE                                         f  soc_npu_i/myip_npu_OCR_0/inst/u_npu_core/ext_co_reg[3]/CLR
  -------------------------------------------------------------------    -------------------

                         (clock clk_fpga_0 rise edge)
                                                     20.000    20.000 r  
    PS7_X0Y0             PS7                          0.000    20.000 r  soc_npu_i/processing_system7_0/inst/PS7_i/FCLKCLK[0]
                         net (fo=1, routed)           1.088    21.088    soc_npu_i/processing_system7_0/inst/FCLK_CLK_unbuffered[0]
    BUFGCTRL_X0Y16       BUFG (Prop_bufg_I_O)         0.091    21.179 r  soc_npu_i/processing_system7_0/inst/buffer_fclk_clk_0.FCLK_CLK_0_BUFG/O
                         net (fo=5027, routed)        1.508    22.687    soc_npu_i/myip_npu_OCR_0/inst/u_npu_core/s00_axi_aclk
    SLICE_X31Y74         FDCE                                         r  soc_npu_i/myip_npu_OCR_0/inst/u_npu_core/ext_co_reg[3]/C
                         clock pessimism              0.129    22.816    
                         clock uncertainty           -0.302    22.514    
    SLICE_X31Y74         FDCE (Recov_fdce_C_CLR)     -0.608    21.906    soc_npu_i/myip_npu_OCR_0/inst/u_npu_core/ext_co_reg[3]
  -------------------------------------------------------------------
                         required time                         21.906    
                         arrival time                         -12.119    
  -------------------------------------------------------------------
                         slack                                  9.787    

Slack (MET) :             10.012ns  (required time - arrival time)
  Source:                 soc_npu_i/rst_ps7_0_50M/U0/ACTIVE_LOW_PR_OUT_DFF[0].FDRE_PER_N/C
                            (rising edge-triggered cell FDRE clocked by clk_fpga_0  {rise@0.000ns fall@10.000ns period=20.000ns})
  Destination:            soc_npu_i/myip_npu_OCR_0/inst/u_npu_core/u_pool/out_col_reg[3]/CLR
                            (recovery check against rising-edge clock clk_fpga_0  {rise@0.000ns fall@10.000ns period=20.000ns})
  Path Group:             **async_default**
  Path Type:              Recovery (Max at Slow Process Corner)
  Requirement:            20.000ns  (clk_fpga_0 rise@20.000ns - clk_fpga_0 rise@0.000ns)
  Data Path Delay:        8.725ns  (logic 0.610ns (6.992%)  route 8.115ns (93.008%))
  Logic Levels:           1  (LUT1=1)
  Clock Path Skew:        -0.353ns (DCD - SCD + CPR)
    Destination Clock Delay (DCD):    2.643ns = ( 22.643 - 20.000 ) 
    Source Clock Delay      (SCD):    3.125ns
    Clock Pessimism Removal (CPR):    0.129ns
  Clock Uncertainty:      0.302ns  ((TSJ^2 + TIJ^2)^1/2 + DJ) / 2 + PE
    Total System Jitter     (TSJ):    0.071ns
    Total Input Jitter      (TIJ):    0.600ns
    Discrete Jitter          (DJ):    0.000ns
    Phase Error              (PE):    0.000ns

    Location             Delay type                Incr(ns)  Path(ns)    Netlist Resource(s)
  -------------------------------------------------------------------    -------------------
                         (clock clk_fpga_0 rise edge)
                                                      0.000     0.000 r  
    PS7_X0Y0             PS7                          0.000     0.000 r  soc_npu_i/processing_system7_0/inst/PS7_i/FCLKCLK[0]
                         net (fo=1, routed)           1.193     1.193    soc_npu_i/processing_system7_0/inst/FCLK_CLK_unbuffered[0]
    BUFGCTRL_X0Y16       BUFG (Prop_bufg_I_O)         0.101     1.294 r  soc_npu_i/processing_system7_0/inst/buffer_fclk_clk_0.FCLK_CLK_0_BUFG/O
                         net (fo=5027, routed)        1.831     3.125    soc_npu_i/rst_ps7_0_50M/U0/slowest_sync_clk
    SLICE_X52Y106        FDRE                                         r  soc_npu_i/rst_ps7_0_50M/U0/ACTIVE_LOW_PR_OUT_DFF[0].FDRE_PER_N/C
  -------------------------------------------------------------------    -------------------
    SLICE_X52Y106        FDRE (Prop_fdre_C_Q)         0.456     3.581 r  soc_npu_i/rst_ps7_0_50M/U0/ACTIVE_LOW_PR_OUT_DFF[0].FDRE_PER_N/Q
                         net (fo=27, routed)          1.194     4.775    soc_npu_i/myip_npu_OCR_0/inst/u_npu_core/u_patch/s00_axi_aresetn
    SLICE_X39Y106        LUT1 (Prop_lut1_I0_O)        0.154     4.929 f  soc_npu_i/myip_npu_OCR_0/inst/u_npu_core/u_patch/s_axis_tready_i_2/O
                         net (fo=824, routed)         6.921    11.850    soc_npu_i/myip_npu_OCR_0/inst/u_npu_core/u_pool/done_reg_0
    SLICE_X39Y76         FDCE                                         f  soc_npu_i/myip_npu_OCR_0/inst/u_npu_core/u_pool/out_col_reg[3]/CLR
  -------------------------------------------------------------------    -------------------

                         (clock clk_fpga_0 rise edge)
                                                     20.000    20.000 r  
    PS7_X0Y0             PS7                          0.000    20.000 r  soc_npu_i/processing_system7_0/inst/PS7_i/FCLKCLK[0]
                         net (fo=1, routed)           1.088    21.088    soc_npu_i/processing_system7_0/inst/FCLK_CLK_unbuffered[0]
    BUFGCTRL_X0Y16       BUFG (Prop_bufg_I_O)         0.091    21.179 r  soc_npu_i/processing_system7_0/inst/buffer_fclk_clk_0.FCLK_CLK_0_BUFG/O
                         net (fo=5027, routed)        1.464    22.643    soc_npu_i/myip_npu_OCR_0/inst/u_npu_core/u_pool/s00_axi_aclk
    SLICE_X39Y76         FDCE                                         r  soc_npu_i/myip_npu_OCR_0/inst/u_npu_core/u_pool/out_col_reg[3]/C
                         clock pessimism              0.129    22.772    
                         clock uncertainty           -0.302    22.470    
    SLICE_X39Y76         FDCE (Recov_fdce_C_CLR)     -0.608    21.862    soc_npu_i/myip_npu_OCR_0/inst/u_npu_core/u_pool/out_col_reg[3]
  -------------------------------------------------------------------
                         required time                         21.862    
                         arrival time                         -11.850    
  -------------------------------------------------------------------
                         slack                                 10.012    





Min Delay Paths
--------------------------------------------------------------------------------------
Slack (MET) :             0.595ns  (arrival time - required time)
  Source:                 <hidden>
                            (rising edge-triggered cell FDPE clocked by clk_fpga_0  {rise@0.000ns fall@10.000ns period=20.000ns})
  Destination:            <hidden>
                            (removal check against rising-edge clock clk_fpga_0  {rise@0.000ns fall@10.000ns period=20.000ns})
  Path Group:             **async_default**
  Path Type:              Removal (Min at Fast Process Corner)
  Requirement:            0.000ns  (clk_fpga_0 rise@0.000ns - clk_fpga_0 rise@0.000ns)
  Data Path Delay:        0.564ns  (logic 0.246ns (43.644%)  route 0.318ns (56.356%))
  Logic Levels:           1  (LUT3=1)
  Clock Path Skew:        0.036ns (DCD - SCD - CPR)
    Destination Clock Delay (DCD):    1.221ns
    Source Clock Delay      (SCD):    0.922ns
    Clock Pessimism Removal (CPR):    0.263ns

    Location             Delay type                Incr(ns)  Path(ns)    Netlist Resource(s)
  -------------------------------------------------------------------    -------------------
                         (clock clk_fpga_0 rise edge)
                                                      0.000     0.000 r  
    PS7_X0Y0             PS7                          0.000     0.000 r  soc_npu_i/processing_system7_0/inst/PS7_i/FCLKCLK[0]
                         net (fo=1, routed)           0.310     0.310    soc_npu_i/processing_system7_0/inst/FCLK_CLK_unbuffered[0]
    BUFGCTRL_X0Y16       BUFG (Prop_bufg_I_O)         0.026     0.336 r  soc_npu_i/processing_system7_0/inst/buffer_fclk_clk_0.FCLK_CLK_0_BUFG/O
                         net (fo=5027, routed)        0.586     0.922    <hidden>
    SLICE_X16Y29         FDPE                                         r  <hidden>
  -------------------------------------------------------------------    -------------------
    SLICE_X16Y29         FDPE (Prop_fdpe_C_Q)         0.148     1.070 f  <hidden>
                         net (fo=3, routed)           0.138     1.208    <hidden>
    SLICE_X14Y30         LUT3 (Prop_lut3_I2_O)        0.098     1.306 f  <hidden>
                         net (fo=32, routed)          0.180     1.485    <hidden>
    SLICE_X14Y30         FDCE                                         f  <hidden>
  -------------------------------------------------------------------    -------------------

                         (clock clk_fpga_0 rise edge)
                                                      0.000     0.000 r  
    PS7_X0Y0             PS7                          0.000     0.000 r  soc_npu_i/processing_system7_0/inst/PS7_i/FCLKCLK[0]
                         net (fo=1, routed)           0.337     0.337    soc_npu_i/processing_system7_0/inst/FCLK_CLK_unbuffered[0]
    BUFGCTRL_X0Y16       BUFG (Prop_bufg_I_O)         0.029     0.366 r  soc_npu_i/processing_system7_0/inst/buffer_fclk_clk_0.FCLK_CLK_0_BUFG/O
                         net (fo=5027, routed)        0.855     1.221    <hidden>
    SLICE_X14Y30         FDCE                                         r  <hidden>
                         clock pessimism             -0.263     0.957    
    SLICE_X14Y30         FDCE (Remov_fdce_C_CLR)     -0.067     0.890    <hidden>
  -------------------------------------------------------------------
                         required time                         -0.890    
                         arrival time                           1.485    
  -------------------------------------------------------------------
                         slack                                  0.595    

Slack (MET) :             0.599ns  (arrival time - required time)
  Source:                 <hidden>
                            (rising edge-triggered cell FDPE clocked by clk_fpga_0  {rise@0.000ns fall@10.000ns period=20.000ns})
  Destination:            <hidden>
                            (removal check against rising-edge clock clk_fpga_0  {rise@0.000ns fall@10.000ns period=20.000ns})
  Path Group:             **async_default**
  Path Type:              Removal (Min at Fast Process Corner)
  Requirement:            0.000ns  (clk_fpga_0 rise@0.000ns - clk_fpga_0 rise@0.000ns)
  Data Path Delay:        0.564ns  (logic 0.246ns (43.644%)  route 0.318ns (56.356%))
  Logic Levels:           1  (LUT3=1)
  Clock Path Skew:        0.036ns (DCD - SCD - CPR)
    Destination Clock Delay (DCD):    1.221ns
    Source Clock Delay      (SCD):    0.922ns
    Clock Pessimism Removal (CPR):    0.263ns

    Location             Delay type                Incr(ns)  Path(ns)    Netlist Resource(s)
  -------------------------------------------------------------------    -------------------
                         (clock clk_fpga_0 rise edge)
                                                      0.000     0.000 r  
    PS7_X0Y0             PS7                          0.000     0.000 r  soc_npu_i/processing_system7_0/inst/PS7_i/FCLKCLK[0]
                         net (fo=1, routed)           0.310     0.310    soc_npu_i/processing_system7_0/inst/FCLK_CLK_unbuffered[0]
    BUFGCTRL_X0Y16       BUFG (Prop_bufg_I_O)         0.026     0.336 r  soc_npu_i/processing_system7_0/inst/buffer_fclk_clk_0.FCLK_CLK_0_BUFG/O
                         net (fo=5027, routed)        0.586     0.922    <hidden>
    SLICE_X16Y29         FDPE                                         r  <hidden>
  -------------------------------------------------------------------    -------------------
    SLICE_X16Y29         FDPE (Prop_fdpe_C_Q)         0.148     1.070 f  <hidden>
                         net (fo=3, routed)           0.138     1.208    <hidden>
    SLICE_X14Y30         LUT3 (Prop_lut3_I2_O)        0.098     1.306 f  <hidden>
                         net (fo=32, routed)          0.180     1.485    <hidden>
    SLICE_X14Y30         FDPE                                         f  <hidden>
  -------------------------------------------------------------------    -------------------

                         (clock clk_fpga_0 rise edge)
                                                      0.000     0.000 r  
    PS7_X0Y0             PS7                          0.000     0.000 r  soc_npu_i/processing_system7_0/inst/PS7_i/FCLKCLK[0]
                         net (fo=1, routed)           0.337     0.337    soc_npu_i/processing_system7_0/inst/FCLK_CLK_unbuffered[0]
    BUFGCTRL_X0Y16       BUFG (Prop_bufg_I_O)         0.029     0.366 r  soc_npu_i/processing_system7_0/inst/buffer_fclk_clk_0.FCLK_CLK_0_BUFG/O
                         net (fo=5027, routed)        0.855     1.221    <hidden>
    SLICE_X14Y30         FDPE                                         r  <hidden>
                         clock pessimism             -0.263     0.957    
    SLICE_X14Y30         FDPE (Remov_fdpe_C_PRE)     -0.071     0.887    <hidden>
  -------------------------------------------------------------------
                         required time                         -0.887    
                         arrival time                           1.485    
  -------------------------------------------------------------------
                         slack                                  0.599    

Slack (MET) :             0.599ns  (arrival time - required time)
  Source:                 <hidden>
                            (rising edge-triggered cell FDPE clocked by clk_fpga_0  {rise@0.000ns fall@10.000ns period=20.000ns})
  Destination:            <hidden>
                            (removal check against rising-edge clock clk_fpga_0  {rise@0.000ns fall@10.000ns period=20.000ns})
  Path Group:             **async_default**
  Path Type:              Removal (Min at Fast Process Corner)
  Requirement:            0.000ns  (clk_fpga_0 rise@0.000ns - clk_fpga_0 rise@0.000ns)
  Data Path Delay:        0.564ns  (logic 0.246ns (43.644%)  route 0.318ns (56.356%))
  Logic Levels:           1  (LUT3=1)
  Clock Path Skew:        0.036ns (DCD - SCD - CPR)
    Destination Clock Delay (DCD):    1.221ns
    Source Clock Delay      (SCD):    0.922ns
    Clock Pessimism Removal (CPR):    0.263ns

    Location             Delay type                Incr(ns)  Path(ns)    Netlist Resource(s)
  -------------------------------------------------------------------    -------------------
                         (clock clk_fpga_0 rise edge)
                                                      0.000     0.000 r  
    PS7_X0Y0             PS7                          0.000     0.000 r  soc_npu_i/processing_system7_0/inst/PS7_i/FCLKCLK[0]
                         net (fo=1, routed)           0.310     0.310    soc_npu_i/processing_system7_0/inst/FCLK_CLK_unbuffered[0]
    BUFGCTRL_X0Y16       BUFG (Prop_bufg_I_O)         0.026     0.336 r  soc_npu_i/processing_system7_0/inst/buffer_fclk_clk_0.FCLK_CLK_0_BUFG/O
                         net (fo=5027, routed)        0.586     0.922    <hidden>
    SLICE_X16Y29         FDPE                                         r  <hidden>
  -------------------------------------------------------------------    -------------------
    SLICE_X16Y29         FDPE (Prop_fdpe_C_Q)         0.148     1.070 f  <hidden>
                         net (fo=3, routed)           0.138     1.208    <hidden>
    SLICE_X14Y30         LUT3 (Prop_lut3_I2_O)        0.098     1.306 f  <hidden>
                         net (fo=32, routed)          0.180     1.485    <hidden>
    SLICE_X14Y30         FDPE                                         f  <hidden>
  -------------------------------------------------------------------    -------------------

                         (clock clk_fpga_0 rise edge)
                                                      0.000     0.000 r  
    PS7_X0Y0             PS7                          0.000     0.000 r  soc_npu_i/processing_system7_0/inst/PS7_i/FCLKCLK[0]
                         net (fo=1, routed)           0.337     0.337    soc_npu_i/processing_system7_0/inst/FCLK_CLK_unbuffered[0]
    BUFGCTRL_X0Y16       BUFG (Prop_bufg_I_O)         0.029     0.366 r  soc_npu_i/processing_system7_0/inst/buffer_fclk_clk_0.FCLK_CLK_0_BUFG/O
                         net (fo=5027, routed)        0.855     1.221    <hidden>
    SLICE_X14Y30         FDPE                                         r  <hidden>
                         clock pessimism             -0.263     0.957    
    SLICE_X14Y30         FDPE (Remov_fdpe_C_PRE)     -0.071     0.887    <hidden>
  -------------------------------------------------------------------
                         required time                         -0.887    
                         arrival time                           1.485    
  -------------------------------------------------------------------
                         slack                                  0.599    

Slack (MET) :             0.634ns  (arrival time - required time)
  Source:                 <hidden>
                            (rising edge-triggered cell FDPE clocked by clk_fpga_0  {rise@0.000ns fall@10.000ns period=20.000ns})
  Destination:            <hidden>
                            (removal check against rising-edge clock clk_fpga_0  {rise@0.000ns fall@10.000ns period=20.000ns})
  Path Group:             **async_default**
  Path Type:              Removal (Min at Fast Process Corner)
  Requirement:            0.000ns  (clk_fpga_0 rise@0.000ns - clk_fpga_0 rise@0.000ns)
  Data Path Delay:        0.576ns  (logic 0.227ns (39.377%)  route 0.349ns (60.623%))
  Logic Levels:           1  (LUT3=1)
  Clock Path Skew:        0.013ns (DCD - SCD - CPR)
    Destination Clock Delay (DCD):    1.226ns
    Source Clock Delay      (SCD):    0.928ns
    Clock Pessimism Removal (CPR):    0.285ns

    Location             Delay type                Incr(ns)  Path(ns)    Netlist Resource(s)
  -------------------------------------------------------------------    -------------------
                         (clock clk_fpga_0 rise edge)
                                                      0.000     0.000 r  
    PS7_X0Y0             PS7                          0.000     0.000 r  soc_npu_i/processing_system7_0/inst/PS7_i/FCLKCLK[0]
                         net (fo=1, routed)           0.310     0.310    soc_npu_i/processing_system7_0/inst/FCLK_CLK_unbuffered[0]
    BUFGCTRL_X0Y16       BUFG (Prop_bufg_I_O)         0.026     0.336 r  soc_npu_i/processing_system7_0/inst/buffer_fclk_clk_0.FCLK_CLK_0_BUFG/O
                         net (fo=5027, routed)        0.592     0.928    <hidden>
    SLICE_X13Y36         FDPE                                         r  <hidden>
  -------------------------------------------------------------------    -------------------
    SLICE_X13Y36         FDPE (Prop_fdpe_C_Q)         0.128     1.056 f  <hidden>
                         net (fo=3, routed)           0.145     1.200    <hidden>
    SLICE_X12Y36         LUT3 (Prop_lut3_I2_O)        0.099     1.299 f  <hidden>
                         net (fo=32, routed)          0.205     1.504    <hidden>
    SLICE_X12Y36         FDPE                                         f  <hidden>
  -------------------------------------------------------------------    -------------------

                         (clock clk_fpga_0 rise edge)
                                                      0.000     0.000 r  
    PS7_X0Y0             PS7                          0.000     0.000 r  soc_npu_i/processing_system7_0/inst/PS7_i/FCLKCLK[0]
                         net (fo=1, routed)           0.337     0.337    soc_npu_i/processing_system7_0/inst/FCLK_CLK_unbuffered[0]
    BUFGCTRL_X0Y16       BUFG (Prop_bufg_I_O)         0.029     0.366 r  soc_npu_i/processing_system7_0/inst/buffer_fclk_clk_0.FCLK_CLK_0_BUFG/O
                         net (fo=5027, routed)        0.860     1.226    <hidden>
    SLICE_X12Y36         FDPE                                         r  <hidden>
                         clock pessimism             -0.285     0.941    
    SLICE_X12Y36         FDPE (Remov_fdpe_C_PRE)     -0.071     0.870    <hidden>
  -------------------------------------------------------------------
                         required time                         -0.870    
                         arrival time                           1.504    
  -------------------------------------------------------------------
                         slack                                  0.634    

Slack (MET) :             0.636ns  (arrival time - required time)
  Source:                 <hidden>
                            (rising edge-triggered cell FDPE clocked by clk_fpga_0  {rise@0.000ns fall@10.000ns period=20.000ns})
  Destination:            <hidden>
                            (removal check against rising-edge clock clk_fpga_0  {rise@0.000ns fall@10.000ns period=20.000ns})
  Path Group:             **async_default**
  Path Type:              Removal (Min at Fast Process Corner)
  Requirement:            0.000ns  (clk_fpga_0 rise@0.000ns - clk_fpga_0 rise@0.000ns)
  Data Path Delay:        0.604ns  (logic 0.227ns (37.552%)  route 0.377ns (62.448%))
  Logic Levels:           1  (LUT3=1)
  Clock Path Skew:        0.035ns (DCD - SCD - CPR)
    Destination Clock Delay (DCD):    1.226ns
    Source Clock Delay      (SCD):    0.928ns
    Clock Pessimism Removal (CPR):    0.263ns

    Location             Delay type                Incr(ns)  Path(ns)    Netlist Resource(s)
  -------------------------------------------------------------------    -------------------
                         (clock clk_fpga_0 rise edge)
                                                      0.000     0.000 r  
    PS7_X0Y0             PS7                          0.000     0.000 r  soc_npu_i/processing_system7_0/inst/PS7_i/FCLKCLK[0]
                         net (fo=1, routed)           0.310     0.310    soc_npu_i/processing_system7_0/inst/FCLK_CLK_unbuffered[0]
    BUFGCTRL_X0Y16       BUFG (Prop_bufg_I_O)         0.026     0.336 r  soc_npu_i/processing_system7_0/inst/buffer_fclk_clk_0.FCLK_CLK_0_BUFG/O
                         net (fo=5027, routed)        0.592     0.928    <hidden>
    SLICE_X13Y36         FDPE                                         r  <hidden>
  -------------------------------------------------------------------    -------------------
    SLICE_X13Y36         FDPE (Prop_fdpe_C_Q)         0.128     1.056 f  <hidden>
                         net (fo=3, routed)           0.145     1.200    <hidden>
    SLICE_X12Y36         LUT3 (Prop_lut3_I2_O)        0.099     1.299 f  <hidden>
                         net (fo=32, routed)          0.233     1.532    <hidden>
    SLICE_X8Y36          FDCE                                         f  <hidden>
  -------------------------------------------------------------------    -------------------

                         (clock clk_fpga_0 rise edge)
                                                      0.000     0.000 r  
    PS7_X0Y0             PS7                          0.000     0.000 r  soc_npu_i/processing_system7_0/inst/PS7_i/FCLKCLK[0]
                         net (fo=1, routed)           0.337     0.337    soc_npu_i/processing_system7_0/inst/FCLK_CLK_unbuffered[0]
    BUFGCTRL_X0Y16       BUFG (Prop_bufg_I_O)         0.029     0.366 r  soc_npu_i/processing_system7_0/inst/buffer_fclk_clk_0.FCLK_CLK_0_BUFG/O
                         net (fo=5027, routed)        0.860     1.226    <hidden>
    SLICE_X8Y36          FDCE                                         r  <hidden>
                         clock pessimism             -0.263     0.962    
    SLICE_X8Y36          FDCE (Remov_fdce_C_CLR)     -0.067     0.895    <hidden>
  -------------------------------------------------------------------
                         required time                         -0.895    
                         arrival time                           1.532    
  -------------------------------------------------------------------
                         slack                                  0.636    

Slack (MET) :             0.636ns  (arrival time - required time)
  Source:                 <hidden>
                            (rising edge-triggered cell FDPE clocked by clk_fpga_0  {rise@0.000ns fall@10.000ns period=20.000ns})
  Destination:            <hidden>
                            (removal check against rising-edge clock clk_fpga_0  {rise@0.000ns fall@10.000ns period=20.000ns})
  Path Group:             **async_default**
  Path Type:              Removal (Min at Fast Process Corner)
  Requirement:            0.000ns  (clk_fpga_0 rise@0.000ns - clk_fpga_0 rise@0.000ns)
  Data Path Delay:        0.604ns  (logic 0.227ns (37.552%)  route 0.377ns (62.448%))
  Logic Levels:           1  (LUT3=1)
  Clock Path Skew:        0.035ns (DCD - SCD - CPR)
    Destination Clock Delay (DCD):    1.226ns
    Source Clock Delay      (SCD):    0.928ns
    Clock Pessimism Removal (CPR):    0.263ns

    Location             Delay type                Incr(ns)  Path(ns)    Netlist Resource(s)
  -------------------------------------------------------------------    -------------------
                         (clock clk_fpga_0 rise edge)
                                                      0.000     0.000 r  
    PS7_X0Y0             PS7                          0.000     0.000 r  soc_npu_i/processing_system7_0/inst/PS7_i/FCLKCLK[0]
                         net (fo=1, routed)           0.310     0.310    soc_npu_i/processing_system7_0/inst/FCLK_CLK_unbuffered[0]
    BUFGCTRL_X0Y16       BUFG (Prop_bufg_I_O)         0.026     0.336 r  soc_npu_i/processing_system7_0/inst/buffer_fclk_clk_0.FCLK_CLK_0_BUFG/O
                         net (fo=5027, routed)        0.592     0.928    <hidden>
    SLICE_X13Y36         FDPE                                         r  <hidden>
  -------------------------------------------------------------------    -------------------
    SLICE_X13Y36         FDPE (Prop_fdpe_C_Q)         0.128     1.056 f  <hidden>
                         net (fo=3, routed)           0.145     1.200    <hidden>
    SLICE_X12Y36         LUT3 (Prop_lut3_I2_O)        0.099     1.299 f  <hidden>
                         net (fo=32, routed)          0.233     1.532    <hidden>
    SLICE_X8Y36          FDCE                                         f  <hidden>
  -------------------------------------------------------------------    -------------------

                         (clock clk_fpga_0 rise edge)
                                                      0.000     0.000 r  
    PS7_X0Y0             PS7                          0.000     0.000 r  soc_npu_i/processing_system7_0/inst/PS7_i/FCLKCLK[0]
                         net (fo=1, routed)           0.337     0.337    soc_npu_i/processing_system7_0/inst/FCLK_CLK_unbuffered[0]
    BUFGCTRL_X0Y16       BUFG (Prop_bufg_I_O)         0.029     0.366 r  soc_npu_i/processing_system7_0/inst/buffer_fclk_clk_0.FCLK_CLK_0_BUFG/O
                         net (fo=5027, routed)        0.860     1.226    <hidden>
    SLICE_X8Y36          FDCE                                         r  <hidden>
                         clock pessimism             -0.263     0.962    
    SLICE_X8Y36          FDCE (Remov_fdce_C_CLR)     -0.067     0.895    <hidden>
  -------------------------------------------------------------------
                         required time                         -0.895    
                         arrival time                           1.532    
  -------------------------------------------------------------------
                         slack                                  0.636    

Slack (MET) :             0.636ns  (arrival time - required time)
  Source:                 <hidden>
                            (rising edge-triggered cell FDPE clocked by clk_fpga_0  {rise@0.000ns fall@10.000ns period=20.000ns})
  Destination:            <hidden>
                            (removal check against rising-edge clock clk_fpga_0  {rise@0.000ns fall@10.000ns period=20.000ns})
  Path Group:             **async_default**
  Path Type:              Removal (Min at Fast Process Corner)
  Requirement:            0.000ns  (clk_fpga_0 rise@0.000ns - clk_fpga_0 rise@0.000ns)
  Data Path Delay:        0.604ns  (logic 0.227ns (37.552%)  route 0.377ns (62.448%))
  Logic Levels:           1  (LUT3=1)
  Clock Path Skew:        0.035ns (DCD - SCD - CPR)
    Destination Clock Delay (DCD):    1.226ns
    Source Clock Delay      (SCD):    0.928ns
    Clock Pessimism Removal (CPR):    0.263ns

    Location             Delay type                Incr(ns)  Path(ns)    Netlist Resource(s)
  -------------------------------------------------------------------    -------------------
                         (clock clk_fpga_0 rise edge)
                                                      0.000     0.000 r  
    PS7_X0Y0             PS7                          0.000     0.000 r  soc_npu_i/processing_system7_0/inst/PS7_i/FCLKCLK[0]
                         net (fo=1, routed)           0.310     0.310    soc_npu_i/processing_system7_0/inst/FCLK_CLK_unbuffered[0]
    BUFGCTRL_X0Y16       BUFG (Prop_bufg_I_O)         0.026     0.336 r  soc_npu_i/processing_system7_0/inst/buffer_fclk_clk_0.FCLK_CLK_0_BUFG/O
                         net (fo=5027, routed)        0.592     0.928    <hidden>
    SLICE_X13Y36         FDPE                                         r  <hidden>
  -------------------------------------------------------------------    -------------------
    SLICE_X13Y36         FDPE (Prop_fdpe_C_Q)         0.128     1.056 f  <hidden>
                         net (fo=3, routed)           0.145     1.200    <hidden>
    SLICE_X12Y36         LUT3 (Prop_lut3_I2_O)        0.099     1.299 f  <hidden>
                         net (fo=32, routed)          0.233     1.532    <hidden>
    SLICE_X8Y36          FDCE                                         f  <hidden>
  -------------------------------------------------------------------    -------------------

                         (clock clk_fpga_0 rise edge)
                                                      0.000     0.000 r  
    PS7_X0Y0             PS7                          0.000     0.000 r  soc_npu_i/processing_system7_0/inst/PS7_i/FCLKCLK[0]
                         net (fo=1, routed)           0.337     0.337    soc_npu_i/processing_system7_0/inst/FCLK_CLK_unbuffered[0]
    BUFGCTRL_X0Y16       BUFG (Prop_bufg_I_O)         0.029     0.366 r  soc_npu_i/processing_system7_0/inst/buffer_fclk_clk_0.FCLK_CLK_0_BUFG/O
                         net (fo=5027, routed)        0.860     1.226    <hidden>
    SLICE_X8Y36          FDCE                                         r  <hidden>
                         clock pessimism             -0.263     0.962    
    SLICE_X8Y36          FDCE (Remov_fdce_C_CLR)     -0.067     0.895    <hidden>
  -------------------------------------------------------------------
                         required time                         -0.895    
                         arrival time                           1.532    
  -------------------------------------------------------------------
                         slack                                  0.636    

Slack (MET) :             0.636ns  (arrival time - required time)
  Source:                 <hidden>
                            (rising edge-triggered cell FDPE clocked by clk_fpga_0  {rise@0.000ns fall@10.000ns period=20.000ns})
  Destination:            <hidden>
                            (removal check against rising-edge clock clk_fpga_0  {rise@0.000ns fall@10.000ns period=20.000ns})
  Path Group:             **async_default**
  Path Type:              Removal (Min at Fast Process Corner)
  Requirement:            0.000ns  (clk_fpga_0 rise@0.000ns - clk_fpga_0 rise@0.000ns)
  Data Path Delay:        0.604ns  (logic 0.227ns (37.552%)  route 0.377ns (62.448%))
  Logic Levels:           1  (LUT3=1)
  Clock Path Skew:        0.035ns (DCD - SCD - CPR)
    Destination Clock Delay (DCD):    1.226ns
    Source Clock Delay      (SCD):    0.928ns
    Clock Pessimism Removal (CPR):    0.263ns

    Location             Delay type                Incr(ns)  Path(ns)    Netlist Resource(s)
  -------------------------------------------------------------------    -------------------
                         (clock clk_fpga_0 rise edge)
                                                      0.000     0.000 r  
    PS7_X0Y0             PS7                          0.000     0.000 r  soc_npu_i/processing_system7_0/inst/PS7_i/FCLKCLK[0]
                         net (fo=1, routed)           0.310     0.310    soc_npu_i/processing_system7_0/inst/FCLK_CLK_unbuffered[0]
    BUFGCTRL_X0Y16       BUFG (Prop_bufg_I_O)         0.026     0.336 r  soc_npu_i/processing_system7_0/inst/buffer_fclk_clk_0.FCLK_CLK_0_BUFG/O
                         net (fo=5027, routed)        0.592     0.928    <hidden>
    SLICE_X13Y36         FDPE                                         r  <hidden>
  -------------------------------------------------------------------    -------------------
    SLICE_X13Y36         FDPE (Prop_fdpe_C_Q)         0.128     1.056 f  <hidden>
                         net (fo=3, routed)           0.145     1.200    <hidden>
    SLICE_X12Y36         LUT3 (Prop_lut3_I2_O)        0.099     1.299 f  <hidden>
                         net (fo=32, routed)          0.233     1.532    <hidden>
    SLICE_X8Y36          FDCE                                         f  <hidden>
  -------------------------------------------------------------------    -------------------

                         (clock clk_fpga_0 rise edge)
                                                      0.000     0.000 r  
    PS7_X0Y0             PS7                          0.000     0.000 r  soc_npu_i/processing_system7_0/inst/PS7_i/FCLKCLK[0]
                         net (fo=1, routed)           0.337     0.337    soc_npu_i/processing_system7_0/inst/FCLK_CLK_unbuffered[0]
    BUFGCTRL_X0Y16       BUFG (Prop_bufg_I_O)         0.029     0.366 r  soc_npu_i/processing_system7_0/inst/buffer_fclk_clk_0.FCLK_CLK_0_BUFG/O
                         net (fo=5027, routed)        0.860     1.226    <hidden>
    SLICE_X8Y36          FDCE                                         r  <hidden>
                         clock pessimism             -0.263     0.962    
    SLICE_X8Y36          FDCE (Remov_fdce_C_CLR)     -0.067     0.895    <hidden>
  -------------------------------------------------------------------
                         required time                         -0.895    
                         arrival time                           1.532    
  -------------------------------------------------------------------
                         slack                                  0.636    

Slack (MET) :             0.636ns  (arrival time - required time)
  Source:                 <hidden>
                            (rising edge-triggered cell FDPE clocked by clk_fpga_0  {rise@0.000ns fall@10.000ns period=20.000ns})
  Destination:            <hidden>
                            (removal check against rising-edge clock clk_fpga_0  {rise@0.000ns fall@10.000ns period=20.000ns})
  Path Group:             **async_default**
  Path Type:              Removal (Min at Fast Process Corner)
  Requirement:            0.000ns  (clk_fpga_0 rise@0.000ns - clk_fpga_0 rise@0.000ns)
  Data Path Delay:        0.604ns  (logic 0.227ns (37.552%)  route 0.377ns (62.448%))
  Logic Levels:           1  (LUT3=1)
  Clock Path Skew:        0.035ns (DCD - SCD - CPR)
    Destination Clock Delay (DCD):    1.226ns
    Source Clock Delay      (SCD):    0.928ns
    Clock Pessimism Removal (CPR):    0.263ns

    Location             Delay type                Incr(ns)  Path(ns)    Netlist Resource(s)
  -------------------------------------------------------------------    -------------------
                         (clock clk_fpga_0 rise edge)
                                                      0.000     0.000 r  
    PS7_X0Y0             PS7                          0.000     0.000 r  soc_npu_i/processing_system7_0/inst/PS7_i/FCLKCLK[0]
                         net (fo=1, routed)           0.310     0.310    soc_npu_i/processing_system7_0/inst/FCLK_CLK_unbuffered[0]
    BUFGCTRL_X0Y16       BUFG (Prop_bufg_I_O)         0.026     0.336 r  soc_npu_i/processing_system7_0/inst/buffer_fclk_clk_0.FCLK_CLK_0_BUFG/O
                         net (fo=5027, routed)        0.592     0.928    <hidden>
    SLICE_X13Y36         FDPE                                         r  <hidden>
  -------------------------------------------------------------------    -------------------
    SLICE_X13Y36         FDPE (Prop_fdpe_C_Q)         0.128     1.056 f  <hidden>
                         net (fo=3, routed)           0.145     1.200    <hidden>
    SLICE_X12Y36         LUT3 (Prop_lut3_I2_O)        0.099     1.299 f  <hidden>
                         net (fo=32, routed)          0.233     1.532    <hidden>
    SLICE_X8Y36          FDCE                                         f  <hidden>
  -------------------------------------------------------------------    -------------------

                         (clock clk_fpga_0 rise edge)
                                                      0.000     0.000 r  
    PS7_X0Y0             PS7                          0.000     0.000 r  soc_npu_i/processing_system7_0/inst/PS7_i/FCLKCLK[0]
                         net (fo=1, routed)           0.337     0.337    soc_npu_i/processing_system7_0/inst/FCLK_CLK_unbuffered[0]
    BUFGCTRL_X0Y16       BUFG (Prop_bufg_I_O)         0.029     0.366 r  soc_npu_i/processing_system7_0/inst/buffer_fclk_clk_0.FCLK_CLK_0_BUFG/O
                         net (fo=5027, routed)        0.860     1.226    <hidden>
    SLICE_X8Y36          FDCE                                         r  <hidden>
                         clock pessimism             -0.263     0.962    
    SLICE_X8Y36          FDCE (Remov_fdce_C_CLR)     -0.067     0.895    <hidden>
  -------------------------------------------------------------------
                         required time                         -0.895    
                         arrival time                           1.532    
  -------------------------------------------------------------------
                         slack                                  0.636    

Slack (MET) :             0.636ns  (arrival time - required time)
  Source:                 <hidden>
                            (rising edge-triggered cell FDPE clocked by clk_fpga_0  {rise@0.000ns fall@10.000ns period=20.000ns})
  Destination:            <hidden>
                            (removal check against rising-edge clock clk_fpga_0  {rise@0.000ns fall@10.000ns period=20.000ns})
  Path Group:             **async_default**
  Path Type:              Removal (Min at Fast Process Corner)
  Requirement:            0.000ns  (clk_fpga_0 rise@0.000ns - clk_fpga_0 rise@0.000ns)
  Data Path Delay:        0.604ns  (logic 0.227ns (37.552%)  route 0.377ns (62.448%))
  Logic Levels:           1  (LUT3=1)
  Clock Path Skew:        0.035ns (DCD - SCD - CPR)
    Destination Clock Delay (DCD):    1.226ns
    Source Clock Delay      (SCD):    0.928ns
    Clock Pessimism Removal (CPR):    0.263ns

    Location             Delay type                Incr(ns)  Path(ns)    Netlist Resource(s)
  -------------------------------------------------------------------    -------------------
                         (clock clk_fpga_0 rise edge)
                                                      0.000     0.000 r  
    PS7_X0Y0             PS7                          0.000     0.000 r  soc_npu_i/processing_system7_0/inst/PS7_i/FCLKCLK[0]
                         net (fo=1, routed)           0.310     0.310    soc_npu_i/processing_system7_0/inst/FCLK_CLK_unbuffered[0]
    BUFGCTRL_X0Y16       BUFG (Prop_bufg_I_O)         0.026     0.336 r  soc_npu_i/processing_system7_0/inst/buffer_fclk_clk_0.FCLK_CLK_0_BUFG/O
                         net (fo=5027, routed)        0.592     0.928    <hidden>
    SLICE_X13Y36         FDPE                                         r  <hidden>
  -------------------------------------------------------------------    -------------------
    SLICE_X13Y36         FDPE (Prop_fdpe_C_Q)         0.128     1.056 f  <hidden>
                         net (fo=3, routed)           0.145     1.200    <hidden>
    SLICE_X12Y36         LUT3 (Prop_lut3_I2_O)        0.099     1.299 f  <hidden>
                         net (fo=32, routed)          0.233     1.532    <hidden>
    SLICE_X8Y36          FDCE                                         f  <hidden>
  -------------------------------------------------------------------    -------------------

                         (clock clk_fpga_0 rise edge)
                                                      0.000     0.000 r  
    PS7_X0Y0             PS7                          0.000     0.000 r  soc_npu_i/processing_system7_0/inst/PS7_i/FCLKCLK[0]
                         net (fo=1, routed)           0.337     0.337    soc_npu_i/processing_system7_0/inst/FCLK_CLK_unbuffered[0]
    BUFGCTRL_X0Y16       BUFG (Prop_bufg_I_O)         0.029     0.366 r  soc_npu_i/processing_system7_0/inst/buffer_fclk_clk_0.FCLK_CLK_0_BUFG/O
                         net (fo=5027, routed)        0.860     1.226    <hidden>
    SLICE_X8Y36          FDCE                                         r  <hidden>
                         clock pessimism             -0.263     0.962    
    SLICE_X8Y36          FDCE (Remov_fdce_C_CLR)     -0.067     0.895    <hidden>
  -------------------------------------------------------------------
                         required time                         -0.895    
                         arrival time                           1.532    
  -------------------------------------------------------------------
                         slack                                  0.636    





--------------------------------------------------------------------------------------
Path Group:  (none)
From Clock:  
  To Clock:  clk_fpga_0

Max Delay             1 Endpoint
Min Delay             1 Endpoint
--------------------------------------------------------------------------------------


Max Delay Paths
--------------------------------------------------------------------------------------
Slack:                    inf
  Source:                 soc_npu_i/processing_system7_0/inst/PS7_i/FCLKRESETN[0]
                            (internal pin)
  Destination:            soc_npu_i/rst_ps7_0_50M/U0/EXT_LPF/ACTIVE_LOW_EXT.ACT_LO_EXT/GENERATE_LEVEL_P_S_CDC.SINGLE_BIT.CROSS_PLEVEL_IN2SCNDRY_IN_cdc_to/D
                            (rising edge-triggered cell FDRE clocked by clk_fpga_0  {rise@0.000ns fall@10.000ns period=20.000ns})
  Path Group:             (none)
  Path Type:              Setup (Max at Slow Process Corner)
  Data Path Delay:        2.134ns  (logic 0.124ns (5.810%)  route 2.010ns (94.190%))
  Logic Levels:           1  (LUT1=1)
  Clock Uncertainty:      0.301ns  ((TSJ^2 + TIJ^2)^1/2 + DJ) / 2 + PE
    Total System Jitter     (TSJ):    0.050ns
    Total Input Jitter      (TIJ):    0.600ns
    Discrete Jitter          (DJ):    0.000ns
    Phase Error              (PE):    0.000ns
  Timing Exception:       False Path

    Location             Delay type                Incr(ns)  Path(ns)    Netlist Resource(s)
  -------------------------------------------------------------------    -------------------
    PS7_X0Y0             PS7                          0.000     0.000 f  soc_npu_i/processing_system7_0/inst/PS7_i/FCLKRESETN[0]
                         net (fo=1, routed)           2.010     2.010    soc_npu_i/rst_ps7_0_50M/U0/EXT_LPF/ACTIVE_LOW_EXT.ACT_LO_EXT/ext_reset_in
    SLICE_X56Y106        LUT1 (Prop_lut1_I0_O)        0.124     2.134 r  soc_npu_i/rst_ps7_0_50M/U0/EXT_LPF/ACTIVE_LOW_EXT.ACT_LO_EXT/GENERATE_LEVEL_P_S_CDC.SINGLE_BIT.CROSS_PLEVEL_IN2SCNDRY_IN_cdc_to_i_1/O
                         net (fo=1, routed)           0.000     2.134    soc_npu_i/rst_ps7_0_50M/U0/EXT_LPF/ACTIVE_LOW_EXT.ACT_LO_EXT/exr_d1
    SLICE_X56Y106        FDRE                                         r  soc_npu_i/rst_ps7_0_50M/U0/EXT_LPF/ACTIVE_LOW_EXT.ACT_LO_EXT/GENERATE_LEVEL_P_S_CDC.SINGLE_BIT.CROSS_PLEVEL_IN2SCNDRY_IN_cdc_to/D
  -------------------------------------------------------------------    -------------------

                         (clock clk_fpga_0 rise edge)
                                                      0.000     0.000 r  
    PS7_X0Y0             PS7                          0.000     0.000 r  soc_npu_i/processing_system7_0/inst/PS7_i/FCLKCLK[0]
                         net (fo=1, routed)           1.088     1.088    soc_npu_i/processing_system7_0/inst/FCLK_CLK_unbuffered[0]
    BUFGCTRL_X0Y16       BUFG (Prop_bufg_I_O)         0.091     1.179 r  soc_npu_i/processing_system7_0/inst/buffer_fclk_clk_0.FCLK_CLK_0_BUFG/O
                         net (fo=5027, routed)        1.711     2.890    soc_npu_i/rst_ps7_0_50M/U0/EXT_LPF/ACTIVE_LOW_EXT.ACT_LO_EXT/slowest_sync_clk
    SLICE_X56Y106        FDRE                                         r  soc_npu_i/rst_ps7_0_50M/U0/EXT_LPF/ACTIVE_LOW_EXT.ACT_LO_EXT/GENERATE_LEVEL_P_S_CDC.SINGLE_BIT.CROSS_PLEVEL_IN2SCNDRY_IN_cdc_to/C





Min Delay Paths
--------------------------------------------------------------------------------------
Slack:                    inf
  Source:                 soc_npu_i/processing_system7_0/inst/PS7_i/FCLKRESETN[0]
                            (internal pin)
  Destination:            soc_npu_i/rst_ps7_0_50M/U0/EXT_LPF/ACTIVE_LOW_EXT.ACT_LO_EXT/GENERATE_LEVEL_P_S_CDC.SINGLE_BIT.CROSS_PLEVEL_IN2SCNDRY_IN_cdc_to/D
                            (rising edge-triggered cell FDRE clocked by clk_fpga_0  {rise@0.000ns fall@10.000ns period=20.000ns})
  Path Group:             (none)
  Path Type:              Hold (Min at Fast Process Corner)
  Data Path Delay:        0.896ns  (logic 0.045ns (5.022%)  route 0.851ns (94.978%))
  Logic Levels:           1  (LUT1=1)
  Clock Uncertainty:      0.301ns  ((TSJ^2 + TIJ^2)^1/2 + DJ) / 2 + PE
    Total System Jitter     (TSJ):    0.050ns
    Total Input Jitter      (TIJ):    0.600ns
    Discrete Jitter          (DJ):    0.000ns
    Phase Error              (PE):    0.000ns
  Timing Exception:       False Path

    Location             Delay type                Incr(ns)  Path(ns)    Netlist Resource(s)
  -------------------------------------------------------------------    -------------------
    PS7_X0Y0             PS7                          0.000     0.000 f  soc_npu_i/processing_system7_0/inst/PS7_i/FCLKRESETN[0]
                         net (fo=1, routed)           0.851     0.851    soc_npu_i/rst_ps7_0_50M/U0/EXT_LPF/ACTIVE_LOW_EXT.ACT_LO_EXT/ext_reset_in
    SLICE_X56Y106        LUT1 (Prop_lut1_I0_O)        0.045     0.896 r  soc_npu_i/rst_ps7_0_50M/U0/EXT_LPF/ACTIVE_LOW_EXT.ACT_LO_EXT/GENERATE_LEVEL_P_S_CDC.SINGLE_BIT.CROSS_PLEVEL_IN2SCNDRY_IN_cdc_to_i_1/O
                         net (fo=1, routed)           0.000     0.896    soc_npu_i/rst_ps7_0_50M/U0/EXT_LPF/ACTIVE_LOW_EXT.ACT_LO_EXT/exr_d1
    SLICE_X56Y106        FDRE                                         r  soc_npu_i/rst_ps7_0_50M/U0/EXT_LPF/ACTIVE_LOW_EXT.ACT_LO_EXT/GENERATE_LEVEL_P_S_CDC.SINGLE_BIT.CROSS_PLEVEL_IN2SCNDRY_IN_cdc_to/D
  -------------------------------------------------------------------    -------------------

                         (clock clk_fpga_0 rise edge)
                                                      0.000     0.000 r  
    PS7_X0Y0             PS7                          0.000     0.000 r  soc_npu_i/processing_system7_0/inst/PS7_i/FCLKCLK[0]
                         net (fo=1, routed)           0.337     0.337    soc_npu_i/processing_system7_0/inst/FCLK_CLK_unbuffered[0]
    BUFGCTRL_X0Y16       BUFG (Prop_bufg_I_O)         0.029     0.366 r  soc_npu_i/processing_system7_0/inst/buffer_fclk_clk_0.FCLK_CLK_0_BUFG/O
                         net (fo=5027, routed)        0.933     1.299    soc_npu_i/rst_ps7_0_50M/U0/EXT_LPF/ACTIVE_LOW_EXT.ACT_LO_EXT/slowest_sync_clk
    SLICE_X56Y106        FDRE                                         r  soc_npu_i/rst_ps7_0_50M/U0/EXT_LPF/ACTIVE_LOW_EXT.ACT_LO_EXT/GENERATE_LEVEL_P_S_CDC.SINGLE_BIT.CROSS_PLEVEL_IN2SCNDRY_IN_cdc_to/C





--------------------------------------------------------------------------------------
Path Group:  (none)
From Clock:  clk_fpga_0
  To Clock:  clk_fpga_0

Max Delay           169 Endpoints
Min Delay           169 Endpoints
--------------------------------------------------------------------------------------


Max Delay Paths
--------------------------------------------------------------------------------------
Slack:                    inf
  Source:                 soc_npu_i/rst_ps7_0_50M/U0/ACTIVE_LOW_PR_OUT_DFF[0].FDRE_PER_N/C
                            (rising edge-triggered cell FDRE clocked by clk_fpga_0  {rise@0.000ns fall@10.000ns period=20.000ns})
  Destination:            <hidden>
                            (recovery check against rising-edge clock clk_fpga_0  {rise@0.000ns fall@10.000ns period=20.000ns})
  Path Group:             (none)
  Path Type:              Recovery (Max at Slow Process Corner)
  Data Path Delay:        6.308ns  (logic 0.608ns (9.638%)  route 5.700ns (90.362%))
  Logic Levels:           1  (LUT1=1)
  Clock Path Skew:        -0.380ns (DCD - SCD + CPR)
    Destination Clock Delay (DCD):    2.745ns
    Source Clock Delay      (SCD):    3.125ns
    Clock Pessimism Removal (CPR):    0.000ns
  Clock Uncertainty:      0.302ns  ((TSJ^2 + TIJ^2)^1/2 + DJ) / 2 + PE
    Total System Jitter     (TSJ):    0.071ns
    Total Input Jitter      (TIJ):    0.600ns
    Discrete Jitter          (DJ):    0.000ns
    Phase Error              (PE):    0.000ns
  Timing Exception:       False Path

    Location             Delay type                Incr(ns)  Path(ns)    Netlist Resource(s)
  -------------------------------------------------------------------    -------------------
                         (clock clk_fpga_0 rise edge)
                                                      0.000     0.000 r  
    PS7_X0Y0             PS7                          0.000     0.000 r  soc_npu_i/processing_system7_0/inst/PS7_i/FCLKCLK[0]
                         net (fo=1, routed)           1.193     1.193    soc_npu_i/processing_system7_0/inst/FCLK_CLK_unbuffered[0]
    BUFGCTRL_X0Y16       BUFG (Prop_bufg_I_O)         0.101     1.294 r  soc_npu_i/processing_system7_0/inst/buffer_fclk_clk_0.FCLK_CLK_0_BUFG/O
                         net (fo=5027, routed)        1.831     3.125    soc_npu_i/rst_ps7_0_50M/U0/slowest_sync_clk
    SLICE_X52Y106        FDRE                                         r  soc_npu_i/rst_ps7_0_50M/U0/ACTIVE_LOW_PR_OUT_DFF[0].FDRE_PER_N/C
  -------------------------------------------------------------------    -------------------
    SLICE_X52Y106        FDRE (Prop_fdre_C_Q)         0.456     3.581 r  soc_npu_i/rst_ps7_0_50M/U0/ACTIVE_LOW_PR_OUT_DFF[0].FDRE_PER_N/Q
                         net (fo=27, routed)          4.683     8.264    soc_npu_i/axi_mem_intercon/m00_couplers/auto_pc/inst/gen_axi4_axi3.axi3_conv_inst/USE_WRITE.write_addr_inst/USE_BURSTS.cmd_queue/inst/aresetn
    SLICE_X17Y36         LUT1 (Prop_lut1_I0_O)        0.152     8.416 f  soc_npu_i/axi_mem_intercon/m00_couplers/auto_pc/inst/gen_axi4_axi3.axi3_conv_inst/USE_WRITE.write_addr_inst/USE_BURSTS.cmd_queue/inst/S_AXI_AREADY_I_i_1/O
                         net (fo=190, routed)         1.017     9.433    <hidden>
    SLICE_X23Y28         FDPE                                         f  <hidden>
  -------------------------------------------------------------------    -------------------

                         (clock clk_fpga_0 rise edge)
                                                      0.000     0.000 r  
    PS7_X0Y0             PS7                          0.000     0.000 r  soc_npu_i/processing_system7_0/inst/PS7_i/FCLKCLK[0]
                         net (fo=1, routed)           1.088     1.088    soc_npu_i/processing_system7_0/inst/FCLK_CLK_unbuffered[0]
    BUFGCTRL_X0Y16       BUFG (Prop_bufg_I_O)         0.091     1.179 r  soc_npu_i/processing_system7_0/inst/buffer_fclk_clk_0.FCLK_CLK_0_BUFG/O
                         net (fo=5027, routed)        1.566     2.745    <hidden>
    SLICE_X23Y28         FDPE                                         r  <hidden>

Slack:                    inf
  Source:                 soc_npu_i/rst_ps7_0_50M/U0/ACTIVE_LOW_PR_OUT_DFF[0].FDRE_PER_N/C
                            (rising edge-triggered cell FDRE clocked by clk_fpga_0  {rise@0.000ns fall@10.000ns period=20.000ns})
  Destination:            <hidden>
                            (recovery check against rising-edge clock clk_fpga_0  {rise@0.000ns fall@10.000ns period=20.000ns})
  Path Group:             (none)
  Path Type:              Recovery (Max at Slow Process Corner)
  Data Path Delay:        6.308ns  (logic 0.608ns (9.638%)  route 5.700ns (90.362%))
  Logic Levels:           1  (LUT1=1)
  Clock Path Skew:        -0.380ns (DCD - SCD + CPR)
    Destination Clock Delay (DCD):    2.745ns
    Source Clock Delay      (SCD):    3.125ns
    Clock Pessimism Removal (CPR):    0.000ns
  Clock Uncertainty:      0.302ns  ((TSJ^2 + TIJ^2)^1/2 + DJ) / 2 + PE
    Total System Jitter     (TSJ):    0.071ns
    Total Input Jitter      (TIJ):    0.600ns
    Discrete Jitter          (DJ):    0.000ns
    Phase Error              (PE):    0.000ns
  Timing Exception:       False Path

    Location             Delay type                Incr(ns)  Path(ns)    Netlist Resource(s)
  -------------------------------------------------------------------    -------------------
                         (clock clk_fpga_0 rise edge)
                                                      0.000     0.000 r  
    PS7_X0Y0             PS7                          0.000     0.000 r  soc_npu_i/processing_system7_0/inst/PS7_i/FCLKCLK[0]
                         net (fo=1, routed)           1.193     1.193    soc_npu_i/processing_system7_0/inst/FCLK_CLK_unbuffered[0]
    BUFGCTRL_X0Y16       BUFG (Prop_bufg_I_O)         0.101     1.294 r  soc_npu_i/processing_system7_0/inst/buffer_fclk_clk_0.FCLK_CLK_0_BUFG/O
                         net (fo=5027, routed)        1.831     3.125    soc_npu_i/rst_ps7_0_50M/U0/slowest_sync_clk
    SLICE_X52Y106        FDRE                                         r  soc_npu_i/rst_ps7_0_50M/U0/ACTIVE_LOW_PR_OUT_DFF[0].FDRE_PER_N/C
  -------------------------------------------------------------------    -------------------
    SLICE_X52Y106        FDRE (Prop_fdre_C_Q)         0.456     3.581 r  soc_npu_i/rst_ps7_0_50M/U0/ACTIVE_LOW_PR_OUT_DFF[0].FDRE_PER_N/Q
                         net (fo=27, routed)          4.683     8.264    soc_npu_i/axi_mem_intercon/m00_couplers/auto_pc/inst/gen_axi4_axi3.axi3_conv_inst/USE_WRITE.write_addr_inst/USE_BURSTS.cmd_queue/inst/aresetn
    SLICE_X17Y36         LUT1 (Prop_lut1_I0_O)        0.152     8.416 f  soc_npu_i/axi_mem_intercon/m00_couplers/auto_pc/inst/gen_axi4_axi3.axi3_conv_inst/USE_WRITE.write_addr_inst/USE_BURSTS.cmd_queue/inst/S_AXI_AREADY_I_i_1/O
                         net (fo=190, routed)         1.017     9.433    <hidden>
    SLICE_X23Y28         FDPE                                         f  <hidden>
  -------------------------------------------------------------------    -------------------

                         (clock clk_fpga_0 rise edge)
                                                      0.000     0.000 r  
    PS7_X0Y0             PS7                          0.000     0.000 r  soc_npu_i/processing_system7_0/inst/PS7_i/FCLKCLK[0]
                         net (fo=1, routed)           1.088     1.088    soc_npu_i/processing_system7_0/inst/FCLK_CLK_unbuffered[0]
    BUFGCTRL_X0Y16       BUFG (Prop_bufg_I_O)         0.091     1.179 r  soc_npu_i/processing_system7_0/inst/buffer_fclk_clk_0.FCLK_CLK_0_BUFG/O
                         net (fo=5027, routed)        1.566     2.745    <hidden>
    SLICE_X23Y28         FDPE                                         r  <hidden>

Slack:                    inf
  Source:                 soc_npu_i/rst_ps7_0_50M/U0/ACTIVE_LOW_PR_OUT_DFF[0].FDRE_PER_N/C
                            (rising edge-triggered cell FDRE clocked by clk_fpga_0  {rise@0.000ns fall@10.000ns period=20.000ns})
  Destination:            <hidden>
                            (recovery check against rising-edge clock clk_fpga_0  {rise@0.000ns fall@10.000ns period=20.000ns})
  Path Group:             (none)
  Path Type:              Recovery (Max at Slow Process Corner)
  Data Path Delay:        6.284ns  (logic 0.608ns (9.675%)  route 5.676ns (90.325%))
  Logic Levels:           1  (LUT1=1)
  Clock Path Skew:        -0.377ns (DCD - SCD + CPR)
    Destination Clock Delay (DCD):    2.748ns
    Source Clock Delay      (SCD):    3.125ns
    Clock Pessimism Removal (CPR):    0.000ns
  Clock Uncertainty:      0.302ns  ((TSJ^2 + TIJ^2)^1/2 + DJ) / 2 + PE
    Total System Jitter     (TSJ):    0.071ns
    Total Input Jitter      (TIJ):    0.600ns
    Discrete Jitter          (DJ):    0.000ns
    Phase Error              (PE):    0.000ns
  Timing Exception:       False Path

    Location             Delay type                Incr(ns)  Path(ns)    Netlist Resource(s)
  -------------------------------------------------------------------    -------------------
                         (clock clk_fpga_0 rise edge)
                                                      0.000     0.000 r  
    PS7_X0Y0             PS7                          0.000     0.000 r  soc_npu_i/processing_system7_0/inst/PS7_i/FCLKCLK[0]
                         net (fo=1, routed)           1.193     1.193    soc_npu_i/processing_system7_0/inst/FCLK_CLK_unbuffered[0]
    BUFGCTRL_X0Y16       BUFG (Prop_bufg_I_O)         0.101     1.294 r  soc_npu_i/processing_system7_0/inst/buffer_fclk_clk_0.FCLK_CLK_0_BUFG/O
                         net (fo=5027, routed)        1.831     3.125    soc_npu_i/rst_ps7_0_50M/U0/slowest_sync_clk
    SLICE_X52Y106        FDRE                                         r  soc_npu_i/rst_ps7_0_50M/U0/ACTIVE_LOW_PR_OUT_DFF[0].FDRE_PER_N/C
  -------------------------------------------------------------------    -------------------
    SLICE_X52Y106        FDRE (Prop_fdre_C_Q)         0.456     3.581 r  soc_npu_i/rst_ps7_0_50M/U0/ACTIVE_LOW_PR_OUT_DFF[0].FDRE_PER_N/Q
                         net (fo=27, routed)          4.683     8.264    soc_npu_i/axi_mem_intercon/m00_couplers/auto_pc/inst/gen_axi4_axi3.axi3_conv_inst/USE_WRITE.write_addr_inst/USE_BURSTS.cmd_queue/inst/aresetn
    SLICE_X17Y36         LUT1 (Prop_lut1_I0_O)        0.152     8.416 f  soc_npu_i/axi_mem_intercon/m00_couplers/auto_pc/inst/gen_axi4_axi3.axi3_conv_inst/USE_WRITE.write_addr_inst/USE_BURSTS.cmd_queue/inst/S_AXI_AREADY_I_i_1/O
                         net (fo=190, routed)         0.993     9.409    <hidden>
    SLICE_X16Y29         FDPE                                         f  <hidden>
  -------------------------------------------------------------------    -------------------

                         (clock clk_fpga_0 rise edge)
                                                      0.000     0.000 r  
    PS7_X0Y0             PS7                          0.000     0.000 r  soc_npu_i/processing_system7_0/inst/PS7_i/FCLKCLK[0]
                         net (fo=1, routed)           1.088     1.088    soc_npu_i/processing_system7_0/inst/FCLK_CLK_unbuffered[0]
    BUFGCTRL_X0Y16       BUFG (Prop_bufg_I_O)         0.091     1.179 r  soc_npu_i/processing_system7_0/inst/buffer_fclk_clk_0.FCLK_CLK_0_BUFG/O
                         net (fo=5027, routed)        1.569     2.748    <hidden>
    SLICE_X16Y29         FDPE                                         r  <hidden>

Slack:                    inf
  Source:                 soc_npu_i/rst_ps7_0_50M/U0/ACTIVE_LOW_PR_OUT_DFF[0].FDRE_PER_N/C
                            (rising edge-triggered cell FDRE clocked by clk_fpga_0  {rise@0.000ns fall@10.000ns period=20.000ns})
  Destination:            <hidden>
                            (recovery check against rising-edge clock clk_fpga_0  {rise@0.000ns fall@10.000ns period=20.000ns})
  Path Group:             (none)
  Path Type:              Recovery (Max at Slow Process Corner)
  Data Path Delay:        6.284ns  (logic 0.608ns (9.675%)  route 5.676ns (90.325%))
  Logic Levels:           1  (LUT1=1)
  Clock Path Skew:        -0.377ns (DCD - SCD + CPR)
    Destination Clock Delay (DCD):    2.748ns
    Source Clock Delay      (SCD):    3.125ns
    Clock Pessimism Removal (CPR):    0.000ns
  Clock Uncertainty:      0.302ns  ((TSJ^2 + TIJ^2)^1/2 + DJ) / 2 + PE
    Total System Jitter     (TSJ):    0.071ns
    Total Input Jitter      (TIJ):    0.600ns
    Discrete Jitter          (DJ):    0.000ns
    Phase Error              (PE):    0.000ns
  Timing Exception:       False Path

    Location             Delay type                Incr(ns)  Path(ns)    Netlist Resource(s)
  -------------------------------------------------------------------    -------------------
                         (clock clk_fpga_0 rise edge)
                                                      0.000     0.000 r  
    PS7_X0Y0             PS7                          0.000     0.000 r  soc_npu_i/processing_system7_0/inst/PS7_i/FCLKCLK[0]
                         net (fo=1, routed)           1.193     1.193    soc_npu_i/processing_system7_0/inst/FCLK_CLK_unbuffered[0]
    BUFGCTRL_X0Y16       BUFG (Prop_bufg_I_O)         0.101     1.294 r  soc_npu_i/processing_system7_0/inst/buffer_fclk_clk_0.FCLK_CLK_0_BUFG/O
                         net (fo=5027, routed)        1.831     3.125    soc_npu_i/rst_ps7_0_50M/U0/slowest_sync_clk
    SLICE_X52Y106        FDRE                                         r  soc_npu_i/rst_ps7_0_50M/U0/ACTIVE_LOW_PR_OUT_DFF[0].FDRE_PER_N/C
  -------------------------------------------------------------------    -------------------
    SLICE_X52Y106        FDRE (Prop_fdre_C_Q)         0.456     3.581 r  soc_npu_i/rst_ps7_0_50M/U0/ACTIVE_LOW_PR_OUT_DFF[0].FDRE_PER_N/Q
                         net (fo=27, routed)          4.683     8.264    soc_npu_i/axi_mem_intercon/m00_couplers/auto_pc/inst/gen_axi4_axi3.axi3_conv_inst/USE_WRITE.write_addr_inst/USE_BURSTS.cmd_queue/inst/aresetn
    SLICE_X17Y36         LUT1 (Prop_lut1_I0_O)        0.152     8.416 f  soc_npu_i/axi_mem_intercon/m00_couplers/auto_pc/inst/gen_axi4_axi3.axi3_conv_inst/USE_WRITE.write_addr_inst/USE_BURSTS.cmd_queue/inst/S_AXI_AREADY_I_i_1/O
                         net (fo=190, routed)         0.993     9.409    <hidden>
    SLICE_X16Y29         FDPE                                         f  <hidden>
  -------------------------------------------------------------------    -------------------

                         (clock clk_fpga_0 rise edge)
                                                      0.000     0.000 r  
    PS7_X0Y0             PS7                          0.000     0.000 r  soc_npu_i/processing_system7_0/inst/PS7_i/FCLKCLK[0]
                         net (fo=1, routed)           1.088     1.088    soc_npu_i/processing_system7_0/inst/FCLK_CLK_unbuffered[0]
    BUFGCTRL_X0Y16       BUFG (Prop_bufg_I_O)         0.091     1.179 r  soc_npu_i/processing_system7_0/inst/buffer_fclk_clk_0.FCLK_CLK_0_BUFG/O
                         net (fo=5027, routed)        1.569     2.748    <hidden>
    SLICE_X16Y29         FDPE                                         r  <hidden>

Slack:                    inf
  Source:                 soc_npu_i/rst_ps7_0_50M/U0/ACTIVE_LOW_PR_OUT_DFF[0].FDRE_PER_N/C
                            (rising edge-triggered cell FDRE clocked by clk_fpga_0  {rise@0.000ns fall@10.000ns period=20.000ns})
  Destination:            <hidden>
                            (recovery check against rising-edge clock clk_fpga_0  {rise@0.000ns fall@10.000ns period=20.000ns})
  Path Group:             (none)
  Path Type:              Recovery (Max at Slow Process Corner)
  Data Path Delay:        6.236ns  (logic 0.608ns (9.750%)  route 5.628ns (90.250%))
  Logic Levels:           1  (LUT1=1)
  Clock Path Skew:        -0.371ns (DCD - SCD + CPR)
    Destination Clock Delay (DCD):    2.754ns
    Source Clock Delay      (SCD):    3.125ns
    Clock Pessimism Removal (CPR):    0.000ns
  Clock Uncertainty:      0.302ns  ((TSJ^2 + TIJ^2)^1/2 + DJ) / 2 + PE
    Total System Jitter     (TSJ):    0.071ns
    Total Input Jitter      (TIJ):    0.600ns
    Discrete Jitter          (DJ):    0.000ns
    Phase Error              (PE):    0.000ns
  Timing Exception:       False Path

    Location             Delay type                Incr(ns)  Path(ns)    Netlist Resource(s)
  -------------------------------------------------------------------    -------------------
                         (clock clk_fpga_0 rise edge)
                                                      0.000     0.000 r  
    PS7_X0Y0             PS7                          0.000     0.000 r  soc_npu_i/processing_system7_0/inst/PS7_i/FCLKCLK[0]
                         net (fo=1, routed)           1.193     1.193    soc_npu_i/processing_system7_0/inst/FCLK_CLK_unbuffered[0]
    BUFGCTRL_X0Y16       BUFG (Prop_bufg_I_O)         0.101     1.294 r  soc_npu_i/processing_system7_0/inst/buffer_fclk_clk_0.FCLK_CLK_0_BUFG/O
                         net (fo=5027, routed)        1.831     3.125    soc_npu_i/rst_ps7_0_50M/U0/slowest_sync_clk
    SLICE_X52Y106        FDRE                                         r  soc_npu_i/rst_ps7_0_50M/U0/ACTIVE_LOW_PR_OUT_DFF[0].FDRE_PER_N/C
  -------------------------------------------------------------------    -------------------
    SLICE_X52Y106        FDRE (Prop_fdre_C_Q)         0.456     3.581 r  soc_npu_i/rst_ps7_0_50M/U0/ACTIVE_LOW_PR_OUT_DFF[0].FDRE_PER_N/Q
                         net (fo=27, routed)          4.683     8.264    soc_npu_i/axi_mem_intercon/m00_couplers/auto_pc/inst/gen_axi4_axi3.axi3_conv_inst/USE_WRITE.write_addr_inst/USE_BURSTS.cmd_queue/inst/aresetn
    SLICE_X17Y36         LUT1 (Prop_lut1_I0_O)        0.152     8.416 f  soc_npu_i/axi_mem_intercon/m00_couplers/auto_pc/inst/gen_axi4_axi3.axi3_conv_inst/USE_WRITE.write_addr_inst/USE_BURSTS.cmd_queue/inst/S_AXI_AREADY_I_i_1/O
                         net (fo=190, routed)         0.945     9.361    <hidden>
    SLICE_X13Y36         FDPE                                         f  <hidden>
  -------------------------------------------------------------------    -------------------

                         (clock clk_fpga_0 rise edge)
                                                      0.000     0.000 r  
    PS7_X0Y0             PS7                          0.000     0.000 r  soc_npu_i/processing_system7_0/inst/PS7_i/FCLKCLK[0]
                         net (fo=1, routed)           1.088     1.088    soc_npu_i/processing_system7_0/inst/FCLK_CLK_unbuffered[0]
    BUFGCTRL_X0Y16       BUFG (Prop_bufg_I_O)         0.091     1.179 r  soc_npu_i/processing_system7_0/inst/buffer_fclk_clk_0.FCLK_CLK_0_BUFG/O
                         net (fo=5027, routed)        1.575     2.754    <hidden>
    SLICE_X13Y36         FDPE                                         r  <hidden>

Slack:                    inf
  Source:                 soc_npu_i/rst_ps7_0_50M/U0/ACTIVE_LOW_PR_OUT_DFF[0].FDRE_PER_N/C
                            (rising edge-triggered cell FDRE clocked by clk_fpga_0  {rise@0.000ns fall@10.000ns period=20.000ns})
  Destination:            <hidden>
                            (recovery check against rising-edge clock clk_fpga_0  {rise@0.000ns fall@10.000ns period=20.000ns})
  Path Group:             (none)
  Path Type:              Recovery (Max at Slow Process Corner)
  Data Path Delay:        6.236ns  (logic 0.608ns (9.750%)  route 5.628ns (90.250%))
  Logic Levels:           1  (LUT1=1)
  Clock Path Skew:        -0.371ns (DCD - SCD + CPR)
    Destination Clock Delay (DCD):    2.754ns
    Source Clock Delay      (SCD):    3.125ns
    Clock Pessimism Removal (CPR):    0.000ns
  Clock Uncertainty:      0.302ns  ((TSJ^2 + TIJ^2)^1/2 + DJ) / 2 + PE
    Total System Jitter     (TSJ):    0.071ns
    Total Input Jitter      (TIJ):    0.600ns
    Discrete Jitter          (DJ):    0.000ns
    Phase Error              (PE):    0.000ns
  Timing Exception:       False Path

    Location             Delay type                Incr(ns)  Path(ns)    Netlist Resource(s)
  -------------------------------------------------------------------    -------------------
                         (clock clk_fpga_0 rise edge)
                                                      0.000     0.000 r  
    PS7_X0Y0             PS7                          0.000     0.000 r  soc_npu_i/processing_system7_0/inst/PS7_i/FCLKCLK[0]
                         net (fo=1, routed)           1.193     1.193    soc_npu_i/processing_system7_0/inst/FCLK_CLK_unbuffered[0]
    BUFGCTRL_X0Y16       BUFG (Prop_bufg_I_O)         0.101     1.294 r  soc_npu_i/processing_system7_0/inst/buffer_fclk_clk_0.FCLK_CLK_0_BUFG/O
                         net (fo=5027, routed)        1.831     3.125    soc_npu_i/rst_ps7_0_50M/U0/slowest_sync_clk
    SLICE_X52Y106        FDRE                                         r  soc_npu_i/rst_ps7_0_50M/U0/ACTIVE_LOW_PR_OUT_DFF[0].FDRE_PER_N/C
  -------------------------------------------------------------------    -------------------
    SLICE_X52Y106        FDRE (Prop_fdre_C_Q)         0.456     3.581 r  soc_npu_i/rst_ps7_0_50M/U0/ACTIVE_LOW_PR_OUT_DFF[0].FDRE_PER_N/Q
                         net (fo=27, routed)          4.683     8.264    soc_npu_i/axi_mem_intercon/m00_couplers/auto_pc/inst/gen_axi4_axi3.axi3_conv_inst/USE_WRITE.write_addr_inst/USE_BURSTS.cmd_queue/inst/aresetn
    SLICE_X17Y36         LUT1 (Prop_lut1_I0_O)        0.152     8.416 f  soc_npu_i/axi_mem_intercon/m00_couplers/auto_pc/inst/gen_axi4_axi3.axi3_conv_inst/USE_WRITE.write_addr_inst/USE_BURSTS.cmd_queue/inst/S_AXI_AREADY_I_i_1/O
                         net (fo=190, routed)         0.945     9.361    <hidden>
    SLICE_X13Y36         FDPE                                         f  <hidden>
  -------------------------------------------------------------------    -------------------

                         (clock clk_fpga_0 rise edge)
                                                      0.000     0.000 r  
    PS7_X0Y0             PS7                          0.000     0.000 r  soc_npu_i/processing_system7_0/inst/PS7_i/FCLKCLK[0]
                         net (fo=1, routed)           1.088     1.088    soc_npu_i/processing_system7_0/inst/FCLK_CLK_unbuffered[0]
    BUFGCTRL_X0Y16       BUFG (Prop_bufg_I_O)         0.091     1.179 r  soc_npu_i/processing_system7_0/inst/buffer_fclk_clk_0.FCLK_CLK_0_BUFG/O
                         net (fo=5027, routed)        1.575     2.754    <hidden>
    SLICE_X13Y36         FDPE                                         r  <hidden>

Slack:                    inf
  Source:                 soc_npu_i/axi_smc/inst/clk_map/psr_aclk/U0/ACTIVE_LOW_BSR_OUT_DFF[0].FDRE_BSR_N/C
                            (rising edge-triggered cell FDRE clocked by clk_fpga_0  {rise@0.000ns fall@10.000ns period=20.000ns})
  Destination:            <hidden>
                            (recovery check against rising-edge clock clk_fpga_0  {rise@0.000ns fall@10.000ns period=20.000ns})
  Path Group:             (none)
  Path Type:              Recovery (Max at Slow Process Corner)
  Data Path Delay:        3.933ns  (logic 0.580ns (14.745%)  route 3.353ns (85.255%))
  Logic Levels:           1  (LUT1=1)
  Clock Path Skew:        -0.262ns (DCD - SCD + CPR)
    Destination Clock Delay (DCD):    2.873ns
    Source Clock Delay      (SCD):    3.135ns
    Clock Pessimism Removal (CPR):    0.000ns
  Clock Uncertainty:      0.302ns  ((TSJ^2 + TIJ^2)^1/2 + DJ) / 2 + PE
    Total System Jitter     (TSJ):    0.071ns
    Total Input Jitter      (TIJ):    0.600ns
    Discrete Jitter          (DJ):    0.000ns
    Phase Error              (PE):    0.000ns
  Timing Exception:       False Path

    Location             Delay type                Incr(ns)  Path(ns)    Netlist Resource(s)
  -------------------------------------------------------------------    -------------------
                         (clock clk_fpga_0 rise edge)
                                                      0.000     0.000 r  
    PS7_X0Y0             PS7                          0.000     0.000 r  soc_npu_i/processing_system7_0/inst/PS7_i/FCLKCLK[0]
                         net (fo=1, routed)           1.193     1.193    soc_npu_i/processing_system7_0/inst/FCLK_CLK_unbuffered[0]
    BUFGCTRL_X0Y16       BUFG (Prop_bufg_I_O)         0.101     1.294 r  soc_npu_i/processing_system7_0/inst/buffer_fclk_clk_0.FCLK_CLK_0_BUFG/O
                         net (fo=5027, routed)        1.841     3.135    soc_npu_i/axi_smc/inst/clk_map/psr_aclk/U0/aclk
    SLICE_X41Y109        FDRE                                         r  soc_npu_i/axi_smc/inst/clk_map/psr_aclk/U0/ACTIVE_LOW_BSR_OUT_DFF[0].FDRE_BSR_N/C
  -------------------------------------------------------------------    -------------------
    SLICE_X41Y109        FDRE (Prop_fdre_C_Q)         0.456     3.591 r  soc_npu_i/axi_smc/inst/clk_map/psr_aclk/U0/ACTIVE_LOW_BSR_OUT_DFF[0].FDRE_BSR_N/Q
                         net (fo=25, routed)          2.405     5.996    <hidden>
    SLICE_X31Y114        LUT1 (Prop_lut1_I0_O)        0.124     6.120 f  <hidden>
                         net (fo=3, routed)           0.949     7.068    <hidden>
    SLICE_X30Y114        FDCE                                         f  <hidden>
  -------------------------------------------------------------------    -------------------

                         (clock clk_fpga_0 rise edge)
                                                      0.000     0.000 r  
    PS7_X0Y0             PS7                          0.000     0.000 r  soc_npu_i/processing_system7_0/inst/PS7_i/FCLKCLK[0]
                         net (fo=1, routed)           1.088     1.088    soc_npu_i/processing_system7_0/inst/FCLK_CLK_unbuffered[0]
    BUFGCTRL_X0Y16       BUFG (Prop_bufg_I_O)         0.091     1.179 r  soc_npu_i/processing_system7_0/inst/buffer_fclk_clk_0.FCLK_CLK_0_BUFG/O
                         net (fo=5027, routed)        1.694     2.873    <hidden>
    SLICE_X30Y114        FDCE                                         r  <hidden>

Slack:                    inf
  Source:                 soc_npu_i/axi_smc/inst/clk_map/psr_aclk/U0/ACTIVE_LOW_BSR_OUT_DFF[0].FDRE_BSR_N/C
                            (rising edge-triggered cell FDRE clocked by clk_fpga_0  {rise@0.000ns fall@10.000ns period=20.000ns})
  Destination:            <hidden>
                            (recovery check against rising-edge clock clk_fpga_0  {rise@0.000ns fall@10.000ns period=20.000ns})
  Path Group:             (none)
  Path Type:              Recovery (Max at Slow Process Corner)
  Data Path Delay:        3.933ns  (logic 0.580ns (14.745%)  route 3.353ns (85.255%))
  Logic Levels:           1  (LUT1=1)
  Clock Path Skew:        -0.262ns (DCD - SCD + CPR)
    Destination Clock Delay (DCD):    2.873ns
    Source Clock Delay      (SCD):    3.135ns
    Clock Pessimism Removal (CPR):    0.000ns
  Clock Uncertainty:      0.302ns  ((TSJ^2 + TIJ^2)^1/2 + DJ) / 2 + PE
    Total System Jitter     (TSJ):    0.071ns
    Total Input Jitter      (TIJ):    0.600ns
    Discrete Jitter          (DJ):    0.000ns
    Phase Error              (PE):    0.000ns
  Timing Exception:       False Path

    Location             Delay type                Incr(ns)  Path(ns)    Netlist Resource(s)
  -------------------------------------------------------------------    -------------------
                         (clock clk_fpga_0 rise edge)
                                                      0.000     0.000 r  
    PS7_X0Y0             PS7                          0.000     0.000 r  soc_npu_i/processing_system7_0/inst/PS7_i/FCLKCLK[0]
                         net (fo=1, routed)           1.193     1.193    soc_npu_i/processing_system7_0/inst/FCLK_CLK_unbuffered[0]
    BUFGCTRL_X0Y16       BUFG (Prop_bufg_I_O)         0.101     1.294 r  soc_npu_i/processing_system7_0/inst/buffer_fclk_clk_0.FCLK_CLK_0_BUFG/O
                         net (fo=5027, routed)        1.841     3.135    soc_npu_i/axi_smc/inst/clk_map/psr_aclk/U0/aclk
    SLICE_X41Y109        FDRE                                         r  soc_npu_i/axi_smc/inst/clk_map/psr_aclk/U0/ACTIVE_LOW_BSR_OUT_DFF[0].FDRE_BSR_N/C
  -------------------------------------------------------------------    -------------------
    SLICE_X41Y109        FDRE (Prop_fdre_C_Q)         0.456     3.591 r  soc_npu_i/axi_smc/inst/clk_map/psr_aclk/U0/ACTIVE_LOW_BSR_OUT_DFF[0].FDRE_BSR_N/Q
                         net (fo=25, routed)          2.405     5.996    <hidden>
    SLICE_X31Y114        LUT1 (Prop_lut1_I0_O)        0.124     6.120 f  <hidden>
                         net (fo=3, routed)           0.949     7.068    <hidden>
    SLICE_X30Y114        FDCE                                         f  <hidden>
  -------------------------------------------------------------------    -------------------

                         (clock clk_fpga_0 rise edge)
                                                      0.000     0.000 r  
    PS7_X0Y0             PS7                          0.000     0.000 r  soc_npu_i/processing_system7_0/inst/PS7_i/FCLKCLK[0]
                         net (fo=1, routed)           1.088     1.088    soc_npu_i/processing_system7_0/inst/FCLK_CLK_unbuffered[0]
    BUFGCTRL_X0Y16       BUFG (Prop_bufg_I_O)         0.091     1.179 r  soc_npu_i/processing_system7_0/inst/buffer_fclk_clk_0.FCLK_CLK_0_BUFG/O
                         net (fo=5027, routed)        1.694     2.873    <hidden>
    SLICE_X30Y114        FDCE                                         r  <hidden>

Slack:                    inf
  Source:                 soc_npu_i/axi_smc/inst/clk_map/psr_aclk/U0/ACTIVE_LOW_BSR_OUT_DFF[0].FDRE_BSR_N/C
                            (rising edge-triggered cell FDRE clocked by clk_fpga_0  {rise@0.000ns fall@10.000ns period=20.000ns})
  Destination:            <hidden>
                            (recovery check against rising-edge clock clk_fpga_0  {rise@0.000ns fall@10.000ns period=20.000ns})
  Path Group:             (none)
  Path Type:              Recovery (Max at Slow Process Corner)
  Data Path Delay:        3.933ns  (logic 0.580ns (14.745%)  route 3.353ns (85.255%))
  Logic Levels:           1  (LUT1=1)
  Clock Path Skew:        -0.262ns (DCD - SCD + CPR)
    Destination Clock Delay (DCD):    2.873ns
    Source Clock Delay      (SCD):    3.135ns
    Clock Pessimism Removal (CPR):    0.000ns
  Clock Uncertainty:      0.302ns  ((TSJ^2 + TIJ^2)^1/2 + DJ) / 2 + PE
    Total System Jitter     (TSJ):    0.071ns
    Total Input Jitter      (TIJ):    0.600ns
    Discrete Jitter          (DJ):    0.000ns
    Phase Error              (PE):    0.000ns
  Timing Exception:       False Path

    Location             Delay type                Incr(ns)  Path(ns)    Netlist Resource(s)
  -------------------------------------------------------------------    -------------------
                         (clock clk_fpga_0 rise edge)
                                                      0.000     0.000 r  
    PS7_X0Y0             PS7                          0.000     0.000 r  soc_npu_i/processing_system7_0/inst/PS7_i/FCLKCLK[0]
                         net (fo=1, routed)           1.193     1.193    soc_npu_i/processing_system7_0/inst/FCLK_CLK_unbuffered[0]
    BUFGCTRL_X0Y16       BUFG (Prop_bufg_I_O)         0.101     1.294 r  soc_npu_i/processing_system7_0/inst/buffer_fclk_clk_0.FCLK_CLK_0_BUFG/O
                         net (fo=5027, routed)        1.841     3.135    soc_npu_i/axi_smc/inst/clk_map/psr_aclk/U0/aclk
    SLICE_X41Y109        FDRE                                         r  soc_npu_i/axi_smc/inst/clk_map/psr_aclk/U0/ACTIVE_LOW_BSR_OUT_DFF[0].FDRE_BSR_N/C
  -------------------------------------------------------------------    -------------------
    SLICE_X41Y109        FDRE (Prop_fdre_C_Q)         0.456     3.591 r  soc_npu_i/axi_smc/inst/clk_map/psr_aclk/U0/ACTIVE_LOW_BSR_OUT_DFF[0].FDRE_BSR_N/Q
                         net (fo=25, routed)          2.405     5.996    <hidden>
    SLICE_X31Y114        LUT1 (Prop_lut1_I0_O)        0.124     6.120 f  <hidden>
                         net (fo=3, routed)           0.949     7.068    <hidden>
    SLICE_X30Y114        FDCE                                         f  <hidden>
  -------------------------------------------------------------------    -------------------

                         (clock clk_fpga_0 rise edge)
                                                      0.000     0.000 r  
    PS7_X0Y0             PS7                          0.000     0.000 r  soc_npu_i/processing_system7_0/inst/PS7_i/FCLKCLK[0]
                         net (fo=1, routed)           1.088     1.088    soc_npu_i/processing_system7_0/inst/FCLK_CLK_unbuffered[0]
    BUFGCTRL_X0Y16       BUFG (Prop_bufg_I_O)         0.091     1.179 r  soc_npu_i/processing_system7_0/inst/buffer_fclk_clk_0.FCLK_CLK_0_BUFG/O
                         net (fo=5027, routed)        1.694     2.873    <hidden>
    SLICE_X30Y114        FDCE                                         r  <hidden>

Slack:                    inf
  Source:                 soc_npu_i/axi_smc/inst/clk_map/psr_aclk/U0/ACTIVE_LOW_BSR_OUT_DFF[0].FDRE_BSR_N/C
                            (rising edge-triggered cell FDRE clocked by clk_fpga_0  {rise@0.000ns fall@10.000ns period=20.000ns})
  Destination:            <hidden>
                            (recovery check against rising-edge clock clk_fpga_0  {rise@0.000ns fall@10.000ns period=20.000ns})
  Path Group:             (none)
  Path Type:              Recovery (Max at Slow Process Corner)
  Data Path Delay:        3.833ns  (logic 0.580ns (15.133%)  route 3.253ns (84.867%))
  Logic Levels:           1  (LUT1=1)
  Clock Path Skew:        -0.257ns (DCD - SCD + CPR)
    Destination Clock Delay (DCD):    2.878ns
    Source Clock Delay      (SCD):    3.135ns
    Clock Pessimism Removal (CPR):    0.000ns
  Clock Uncertainty:      0.302ns  ((TSJ^2 + TIJ^2)^1/2 + DJ) / 2 + PE
    Total System Jitter     (TSJ):    0.071ns
    Total Input Jitter      (TIJ):    0.600ns
    Discrete Jitter          (DJ):    0.000ns
    Phase Error              (PE):    0.000ns
  Timing Exception:       False Path

    Location             Delay type                Incr(ns)  Path(ns)    Netlist Resource(s)
  -------------------------------------------------------------------    -------------------
                         (clock clk_fpga_0 rise edge)
                                                      0.000     0.000 r  
    PS7_X0Y0             PS7                          0.000     0.000 r  soc_npu_i/processing_system7_0/inst/PS7_i/FCLKCLK[0]
                         net (fo=1, routed)           1.193     1.193    soc_npu_i/processing_system7_0/inst/FCLK_CLK_unbuffered[0]
    BUFGCTRL_X0Y16       BUFG (Prop_bufg_I_O)         0.101     1.294 r  soc_npu_i/processing_system7_0/inst/buffer_fclk_clk_0.FCLK_CLK_0_BUFG/O
                         net (fo=5027, routed)        1.841     3.135    soc_npu_i/axi_smc/inst/clk_map/psr_aclk/U0/aclk
    SLICE_X41Y109        FDRE                                         r  soc_npu_i/axi_smc/inst/clk_map/psr_aclk/U0/ACTIVE_LOW_BSR_OUT_DFF[0].FDRE_BSR_N/C
  -------------------------------------------------------------------    -------------------
    SLICE_X41Y109        FDRE (Prop_fdre_C_Q)         0.456     3.591 r  soc_npu_i/axi_smc/inst/clk_map/psr_aclk/U0/ACTIVE_LOW_BSR_OUT_DFF[0].FDRE_BSR_N/Q
                         net (fo=25, routed)          2.627     6.218    <hidden>
    SLICE_X28Y104        LUT1 (Prop_lut1_I0_O)        0.124     6.342 f  <hidden>
                         net (fo=3, routed)           0.626     6.968    <hidden>
    SLICE_X28Y104        FDCE                                         f  <hidden>
  -------------------------------------------------------------------    -------------------

                         (clock clk_fpga_0 rise edge)
                                                      0.000     0.000 r  
    PS7_X0Y0             PS7                          0.000     0.000 r  soc_npu_i/processing_system7_0/inst/PS7_i/FCLKCLK[0]
                         net (fo=1, routed)           1.088     1.088    soc_npu_i/processing_system7_0/inst/FCLK_CLK_unbuffered[0]
    BUFGCTRL_X0Y16       BUFG (Prop_bufg_I_O)         0.091     1.179 r  soc_npu_i/processing_system7_0/inst/buffer_fclk_clk_0.FCLK_CLK_0_BUFG/O
                         net (fo=5027, routed)        1.699     2.878    <hidden>
    SLICE_X28Y104        FDCE                                         r  <hidden>





Min Delay Paths
--------------------------------------------------------------------------------------
Slack:                    inf
  Source:                 soc_npu_i/axi_dma_0/U0/I_AXI_DMA_REG_MODULE/GEN_AXI_LITE_IF.AXI_LITE_IF_I/GEN_ASYNC_READ.lite_rdata_cdc_from_reg[20]/C
                            (rising edge-triggered cell FDRE clocked by clk_fpga_0  {rise@0.000ns fall@10.000ns period=20.000ns})
  Destination:            soc_npu_i/axi_dma_0/U0/I_AXI_DMA_REG_MODULE/GEN_AXI_LITE_IF.AXI_LITE_IF_I/GEN_ASYNC_READ.REG_DATA2LITE_CLOCK/GENERATE_LEVEL_P_S_CDC.MULTI_BIT.FOR_IN_cdc_to[20].CROSS2_PLEVEL_IN2SCNDRY_IN_cdc_to/D
                            (rising edge-triggered cell FDRE clocked by clk_fpga_0  {rise@0.000ns fall@10.000ns period=20.000ns})
  Path Group:             (none)
  Path Type:              Hold (Min at Fast Process Corner)
  Data Path Delay:        0.238ns  (logic 0.128ns (53.830%)  route 0.110ns (46.170%))
  Logic Levels:           0  
  Clock Path Skew:        0.296ns (DCD - SCD - CPR)
    Destination Clock Delay (DCD):    1.180ns
    Source Clock Delay      (SCD):    0.884ns
    Clock Pessimism Removal (CPR):    -0.000ns
  Clock Uncertainty:      0.302ns  ((TSJ^2 + TIJ^2)^1/2 + DJ) / 2 + PE
    Total System Jitter     (TSJ):    0.071ns
    Total Input Jitter      (TIJ):    0.600ns
    Discrete Jitter          (DJ):    0.000ns
    Phase Error              (PE):    0.000ns
  Timing Exception:       False Path

    Location             Delay type                Incr(ns)  Path(ns)    Netlist Resource(s)
  -------------------------------------------------------------------    -------------------
                         (clock clk_fpga_0 rise edge)
                                                      0.000     0.000 r  
    PS7_X0Y0             PS7                          0.000     0.000 r  soc_npu_i/processing_system7_0/inst/PS7_i/FCLKCLK[0]
                         net (fo=1, routed)           0.310     0.310    soc_npu_i/processing_system7_0/inst/FCLK_CLK_unbuffered[0]
    BUFGCTRL_X0Y16       BUFG (Prop_bufg_I_O)         0.026     0.336 r  soc_npu_i/processing_system7_0/inst/buffer_fclk_clk_0.FCLK_CLK_0_BUFG/O
                         net (fo=5027, routed)        0.548     0.884    soc_npu_i/axi_dma_0/U0/I_AXI_DMA_REG_MODULE/GEN_AXI_LITE_IF.AXI_LITE_IF_I/m_axi_sg_aclk
    SLICE_X33Y78         FDRE                                         r  soc_npu_i/axi_dma_0/U0/I_AXI_DMA_REG_MODULE/GEN_AXI_LITE_IF.AXI_LITE_IF_I/GEN_ASYNC_READ.lite_rdata_cdc_from_reg[20]/C
  -------------------------------------------------------------------    -------------------
    SLICE_X33Y78         FDRE (Prop_fdre_C_Q)         0.128     1.012 r  soc_npu_i/axi_dma_0/U0/I_AXI_DMA_REG_MODULE/GEN_AXI_LITE_IF.AXI_LITE_IF_I/GEN_ASYNC_READ.lite_rdata_cdc_from_reg[20]/Q
                         net (fo=1, routed)           0.110     1.121    soc_npu_i/axi_dma_0/U0/I_AXI_DMA_REG_MODULE/GEN_AXI_LITE_IF.AXI_LITE_IF_I/GEN_ASYNC_READ.REG_DATA2LITE_CLOCK/prmry_vect_in[20]
    SLICE_X33Y79         FDRE                                         r  soc_npu_i/axi_dma_0/U0/I_AXI_DMA_REG_MODULE/GEN_AXI_LITE_IF.AXI_LITE_IF_I/GEN_ASYNC_READ.REG_DATA2LITE_CLOCK/GENERATE_LEVEL_P_S_CDC.MULTI_BIT.FOR_IN_cdc_to[20].CROSS2_PLEVEL_IN2SCNDRY_IN_cdc_to/D
  -------------------------------------------------------------------    -------------------

                         (clock clk_fpga_0 rise edge)
                                                      0.000     0.000 r  
    PS7_X0Y0             PS7                          0.000     0.000 r  soc_npu_i/processing_system7_0/inst/PS7_i/FCLKCLK[0]
                         net (fo=1, routed)           0.337     0.337    soc_npu_i/processing_system7_0/inst/FCLK_CLK_unbuffered[0]
    BUFGCTRL_X0Y16       BUFG (Prop_bufg_I_O)         0.029     0.366 r  soc_npu_i/processing_system7_0/inst/buffer_fclk_clk_0.FCLK_CLK_0_BUFG/O
                         net (fo=5027, routed)        0.814     1.180    soc_npu_i/axi_dma_0/U0/I_AXI_DMA_REG_MODULE/GEN_AXI_LITE_IF.AXI_LITE_IF_I/GEN_ASYNC_READ.REG_DATA2LITE_CLOCK/s_axi_lite_aclk
    SLICE_X33Y79         FDRE                                         r  soc_npu_i/axi_dma_0/U0/I_AXI_DMA_REG_MODULE/GEN_AXI_LITE_IF.AXI_LITE_IF_I/GEN_ASYNC_READ.REG_DATA2LITE_CLOCK/GENERATE_LEVEL_P_S_CDC.MULTI_BIT.FOR_IN_cdc_to[20].CROSS2_PLEVEL_IN2SCNDRY_IN_cdc_to/C

Slack:                    inf
  Source:                 soc_npu_i/axi_dma_0/U0/I_AXI_DMA_REG_MODULE/GEN_AXI_LITE_IF.AXI_LITE_IF_I/GEN_ASYNC_READ.lite_rdata_cdc_from_reg[26]/C
                            (rising edge-triggered cell FDRE clocked by clk_fpga_0  {rise@0.000ns fall@10.000ns period=20.000ns})
  Destination:            soc_npu_i/axi_dma_0/U0/I_AXI_DMA_REG_MODULE/GEN_AXI_LITE_IF.AXI_LITE_IF_I/GEN_ASYNC_READ.REG_DATA2LITE_CLOCK/GENERATE_LEVEL_P_S_CDC.MULTI_BIT.FOR_IN_cdc_to[26].CROSS2_PLEVEL_IN2SCNDRY_IN_cdc_to/D
                            (rising edge-triggered cell FDRE clocked by clk_fpga_0  {rise@0.000ns fall@10.000ns period=20.000ns})
  Path Group:             (none)
  Path Type:              Hold (Min at Fast Process Corner)
  Data Path Delay:        0.238ns  (logic 0.128ns (53.830%)  route 0.110ns (46.170%))
  Logic Levels:           0  
  Clock Path Skew:        0.297ns (DCD - SCD - CPR)
    Destination Clock Delay (DCD):    1.181ns
    Source Clock Delay      (SCD):    0.884ns
    Clock Pessimism Removal (CPR):    -0.000ns
  Clock Uncertainty:      0.302ns  ((TSJ^2 + TIJ^2)^1/2 + DJ) / 2 + PE
    Total System Jitter     (TSJ):    0.071ns
    Total Input Jitter      (TIJ):    0.600ns
    Discrete Jitter          (DJ):    0.000ns
    Phase Error              (PE):    0.000ns
  Timing Exception:       False Path

    Location             Delay type                Incr(ns)  Path(ns)    Netlist Resource(s)
  -------------------------------------------------------------------    -------------------
                         (clock clk_fpga_0 rise edge)
                                                      0.000     0.000 r  
    PS7_X0Y0             PS7                          0.000     0.000 r  soc_npu_i/processing_system7_0/inst/PS7_i/FCLKCLK[0]
                         net (fo=1, routed)           0.310     0.310    soc_npu_i/processing_system7_0/inst/FCLK_CLK_unbuffered[0]
    BUFGCTRL_X0Y16       BUFG (Prop_bufg_I_O)         0.026     0.336 r  soc_npu_i/processing_system7_0/inst/buffer_fclk_clk_0.FCLK_CLK_0_BUFG/O
                         net (fo=5027, routed)        0.548     0.884    soc_npu_i/axi_dma_0/U0/I_AXI_DMA_REG_MODULE/GEN_AXI_LITE_IF.AXI_LITE_IF_I/m_axi_sg_aclk
    SLICE_X39Y80         FDRE                                         r  soc_npu_i/axi_dma_0/U0/I_AXI_DMA_REG_MODULE/GEN_AXI_LITE_IF.AXI_LITE_IF_I/GEN_ASYNC_READ.lite_rdata_cdc_from_reg[26]/C
  -------------------------------------------------------------------    -------------------
    SLICE_X39Y80         FDRE (Prop_fdre_C_Q)         0.128     1.012 r  soc_npu_i/axi_dma_0/U0/I_AXI_DMA_REG_MODULE/GEN_AXI_LITE_IF.AXI_LITE_IF_I/GEN_ASYNC_READ.lite_rdata_cdc_from_reg[26]/Q
                         net (fo=1, routed)           0.110     1.121    soc_npu_i/axi_dma_0/U0/I_AXI_DMA_REG_MODULE/GEN_AXI_LITE_IF.AXI_LITE_IF_I/GEN_ASYNC_READ.REG_DATA2LITE_CLOCK/prmry_vect_in[26]
    SLICE_X39Y81         FDRE                                         r  soc_npu_i/axi_dma_0/U0/I_AXI_DMA_REG_MODULE/GEN_AXI_LITE_IF.AXI_LITE_IF_I/GEN_ASYNC_READ.REG_DATA2LITE_CLOCK/GENERATE_LEVEL_P_S_CDC.MULTI_BIT.FOR_IN_cdc_to[26].CROSS2_PLEVEL_IN2SCNDRY_IN_cdc_to/D
  -------------------------------------------------------------------    -------------------

                         (clock clk_fpga_0 rise edge)
                                                      0.000     0.000 r  
    PS7_X0Y0             PS7                          0.000     0.000 r  soc_npu_i/processing_system7_0/inst/PS7_i/FCLKCLK[0]
                         net (fo=1, routed)           0.337     0.337    soc_npu_i/processing_system7_0/inst/FCLK_CLK_unbuffered[0]
    BUFGCTRL_X0Y16       BUFG (Prop_bufg_I_O)         0.029     0.366 r  soc_npu_i/processing_system7_0/inst/buffer_fclk_clk_0.FCLK_CLK_0_BUFG/O
                         net (fo=5027, routed)        0.815     1.181    soc_npu_i/axi_dma_0/U0/I_AXI_DMA_REG_MODULE/GEN_AXI_LITE_IF.AXI_LITE_IF_I/GEN_ASYNC_READ.REG_DATA2LITE_CLOCK/s_axi_lite_aclk
    SLICE_X39Y81         FDRE                                         r  soc_npu_i/axi_dma_0/U0/I_AXI_DMA_REG_MODULE/GEN_AXI_LITE_IF.AXI_LITE_IF_I/GEN_ASYNC_READ.REG_DATA2LITE_CLOCK/GENERATE_LEVEL_P_S_CDC.MULTI_BIT.FOR_IN_cdc_to[26].CROSS2_PLEVEL_IN2SCNDRY_IN_cdc_to/C

Slack:                    inf
  Source:                 soc_npu_i/axi_dma_0/U0/I_AXI_DMA_REG_MODULE/GEN_AXI_LITE_IF.AXI_LITE_IF_I/GEN_ASYNC_READ.lite_rdata_cdc_from_reg[12]/C
                            (rising edge-triggered cell FDRE clocked by clk_fpga_0  {rise@0.000ns fall@10.000ns period=20.000ns})
  Destination:            soc_npu_i/axi_dma_0/U0/I_AXI_DMA_REG_MODULE/GEN_AXI_LITE_IF.AXI_LITE_IF_I/GEN_ASYNC_READ.REG_DATA2LITE_CLOCK/GENERATE_LEVEL_P_S_CDC.MULTI_BIT.FOR_IN_cdc_to[12].CROSS2_PLEVEL_IN2SCNDRY_IN_cdc_to/D
                            (rising edge-triggered cell FDRE clocked by clk_fpga_0  {rise@0.000ns fall@10.000ns period=20.000ns})
  Path Group:             (none)
  Path Type:              Hold (Min at Fast Process Corner)
  Data Path Delay:        0.238ns  (logic 0.128ns (53.830%)  route 0.110ns (46.170%))
  Logic Levels:           0  
  Clock Path Skew:        0.296ns (DCD - SCD - CPR)
    Destination Clock Delay (DCD):    1.182ns
    Source Clock Delay      (SCD):    0.886ns
    Clock Pessimism Removal (CPR):    -0.000ns
  Clock Uncertainty:      0.302ns  ((TSJ^2 + TIJ^2)^1/2 + DJ) / 2 + PE
    Total System Jitter     (TSJ):    0.071ns
    Total Input Jitter      (TIJ):    0.600ns
    Discrete Jitter          (DJ):    0.000ns
    Phase Error              (PE):    0.000ns
  Timing Exception:       False Path

    Location             Delay type                Incr(ns)  Path(ns)    Netlist Resource(s)
  -------------------------------------------------------------------    -------------------
                         (clock clk_fpga_0 rise edge)
                                                      0.000     0.000 r  
    PS7_X0Y0             PS7                          0.000     0.000 r  soc_npu_i/processing_system7_0/inst/PS7_i/FCLKCLK[0]
                         net (fo=1, routed)           0.310     0.310    soc_npu_i/processing_system7_0/inst/FCLK_CLK_unbuffered[0]
    BUFGCTRL_X0Y16       BUFG (Prop_bufg_I_O)         0.026     0.336 r  soc_npu_i/processing_system7_0/inst/buffer_fclk_clk_0.FCLK_CLK_0_BUFG/O
                         net (fo=5027, routed)        0.550     0.886    soc_npu_i/axi_dma_0/U0/I_AXI_DMA_REG_MODULE/GEN_AXI_LITE_IF.AXI_LITE_IF_I/m_axi_sg_aclk
    SLICE_X33Y80         FDRE                                         r  soc_npu_i/axi_dma_0/U0/I_AXI_DMA_REG_MODULE/GEN_AXI_LITE_IF.AXI_LITE_IF_I/GEN_ASYNC_READ.lite_rdata_cdc_from_reg[12]/C
  -------------------------------------------------------------------    -------------------
    SLICE_X33Y80         FDRE (Prop_fdre_C_Q)         0.128     1.014 r  soc_npu_i/axi_dma_0/U0/I_AXI_DMA_REG_MODULE/GEN_AXI_LITE_IF.AXI_LITE_IF_I/GEN_ASYNC_READ.lite_rdata_cdc_from_reg[12]/Q
                         net (fo=1, routed)           0.110     1.123    soc_npu_i/axi_dma_0/U0/I_AXI_DMA_REG_MODULE/GEN_AXI_LITE_IF.AXI_LITE_IF_I/GEN_ASYNC_READ.REG_DATA2LITE_CLOCK/prmry_vect_in[12]
    SLICE_X33Y81         FDRE                                         r  soc_npu_i/axi_dma_0/U0/I_AXI_DMA_REG_MODULE/GEN_AXI_LITE_IF.AXI_LITE_IF_I/GEN_ASYNC_READ.REG_DATA2LITE_CLOCK/GENERATE_LEVEL_P_S_CDC.MULTI_BIT.FOR_IN_cdc_to[12].CROSS2_PLEVEL_IN2SCNDRY_IN_cdc_to/D
  -------------------------------------------------------------------    -------------------

                         (clock clk_fpga_0 rise edge)
                                                      0.000     0.000 r  
    PS7_X0Y0             PS7                          0.000     0.000 r  soc_npu_i/processing_system7_0/inst/PS7_i/FCLKCLK[0]
                         net (fo=1, routed)           0.337     0.337    soc_npu_i/processing_system7_0/inst/FCLK_CLK_unbuffered[0]
    BUFGCTRL_X0Y16       BUFG (Prop_bufg_I_O)         0.029     0.366 r  soc_npu_i/processing_system7_0/inst/buffer_fclk_clk_0.FCLK_CLK_0_BUFG/O
                         net (fo=5027, routed)        0.816     1.182    soc_npu_i/axi_dma_0/U0/I_AXI_DMA_REG_MODULE/GEN_AXI_LITE_IF.AXI_LITE_IF_I/GEN_ASYNC_READ.REG_DATA2LITE_CLOCK/s_axi_lite_aclk
    SLICE_X33Y81         FDRE                                         r  soc_npu_i/axi_dma_0/U0/I_AXI_DMA_REG_MODULE/GEN_AXI_LITE_IF.AXI_LITE_IF_I/GEN_ASYNC_READ.REG_DATA2LITE_CLOCK/GENERATE_LEVEL_P_S_CDC.MULTI_BIT.FOR_IN_cdc_to[12].CROSS2_PLEVEL_IN2SCNDRY_IN_cdc_to/C

Slack:                    inf
  Source:                 soc_npu_i/axi_dma_0/U0/I_AXI_DMA_REG_MODULE/GEN_AXI_LITE_IF.AXI_LITE_IF_I/GEN_ASYNC_READ.lite_rdata_cdc_from_reg[28]/C
                            (rising edge-triggered cell FDRE clocked by clk_fpga_0  {rise@0.000ns fall@10.000ns period=20.000ns})
  Destination:            soc_npu_i/axi_dma_0/U0/I_AXI_DMA_REG_MODULE/GEN_AXI_LITE_IF.AXI_LITE_IF_I/GEN_ASYNC_READ.REG_DATA2LITE_CLOCK/GENERATE_LEVEL_P_S_CDC.MULTI_BIT.FOR_IN_cdc_to[28].CROSS2_PLEVEL_IN2SCNDRY_IN_cdc_to/D
                            (rising edge-triggered cell FDRE clocked by clk_fpga_0  {rise@0.000ns fall@10.000ns period=20.000ns})
  Path Group:             (none)
  Path Type:              Hold (Min at Fast Process Corner)
  Data Path Delay:        0.238ns  (logic 0.128ns (53.830%)  route 0.110ns (46.170%))
  Logic Levels:           0  
  Clock Path Skew:        0.297ns (DCD - SCD - CPR)
    Destination Clock Delay (DCD):    1.183ns
    Source Clock Delay      (SCD):    0.886ns
    Clock Pessimism Removal (CPR):    -0.000ns
  Clock Uncertainty:      0.302ns  ((TSJ^2 + TIJ^2)^1/2 + DJ) / 2 + PE
    Total System Jitter     (TSJ):    0.071ns
    Total Input Jitter      (TIJ):    0.600ns
    Discrete Jitter          (DJ):    0.000ns
    Phase Error              (PE):    0.000ns
  Timing Exception:       False Path

    Location             Delay type                Incr(ns)  Path(ns)    Netlist Resource(s)
  -------------------------------------------------------------------    -------------------
                         (clock clk_fpga_0 rise edge)
                                                      0.000     0.000 r  
    PS7_X0Y0             PS7                          0.000     0.000 r  soc_npu_i/processing_system7_0/inst/PS7_i/FCLKCLK[0]
                         net (fo=1, routed)           0.310     0.310    soc_npu_i/processing_system7_0/inst/FCLK_CLK_unbuffered[0]
    BUFGCTRL_X0Y16       BUFG (Prop_bufg_I_O)         0.026     0.336 r  soc_npu_i/processing_system7_0/inst/buffer_fclk_clk_0.FCLK_CLK_0_BUFG/O
                         net (fo=5027, routed)        0.550     0.886    soc_npu_i/axi_dma_0/U0/I_AXI_DMA_REG_MODULE/GEN_AXI_LITE_IF.AXI_LITE_IF_I/m_axi_sg_aclk
    SLICE_X39Y82         FDRE                                         r  soc_npu_i/axi_dma_0/U0/I_AXI_DMA_REG_MODULE/GEN_AXI_LITE_IF.AXI_LITE_IF_I/GEN_ASYNC_READ.lite_rdata_cdc_from_reg[28]/C
  -------------------------------------------------------------------    -------------------
    SLICE_X39Y82         FDRE (Prop_fdre_C_Q)         0.128     1.014 r  soc_npu_i/axi_dma_0/U0/I_AXI_DMA_REG_MODULE/GEN_AXI_LITE_IF.AXI_LITE_IF_I/GEN_ASYNC_READ.lite_rdata_cdc_from_reg[28]/Q
                         net (fo=1, routed)           0.110     1.123    soc_npu_i/axi_dma_0/U0/I_AXI_DMA_REG_MODULE/GEN_AXI_LITE_IF.AXI_LITE_IF_I/GEN_ASYNC_READ.REG_DATA2LITE_CLOCK/prmry_vect_in[28]
    SLICE_X39Y83         FDRE                                         r  soc_npu_i/axi_dma_0/U0/I_AXI_DMA_REG_MODULE/GEN_AXI_LITE_IF.AXI_LITE_IF_I/GEN_ASYNC_READ.REG_DATA2LITE_CLOCK/GENERATE_LEVEL_P_S_CDC.MULTI_BIT.FOR_IN_cdc_to[28].CROSS2_PLEVEL_IN2SCNDRY_IN_cdc_to/D
  -------------------------------------------------------------------    -------------------

                         (clock clk_fpga_0 rise edge)
                                                      0.000     0.000 r  
    PS7_X0Y0             PS7                          0.000     0.000 r  soc_npu_i/processing_system7_0/inst/PS7_i/FCLKCLK[0]
                         net (fo=1, routed)           0.337     0.337    soc_npu_i/processing_system7_0/inst/FCLK_CLK_unbuffered[0]
    BUFGCTRL_X0Y16       BUFG (Prop_bufg_I_O)         0.029     0.366 r  soc_npu_i/processing_system7_0/inst/buffer_fclk_clk_0.FCLK_CLK_0_BUFG/O
                         net (fo=5027, routed)        0.817     1.183    soc_npu_i/axi_dma_0/U0/I_AXI_DMA_REG_MODULE/GEN_AXI_LITE_IF.AXI_LITE_IF_I/GEN_ASYNC_READ.REG_DATA2LITE_CLOCK/s_axi_lite_aclk
    SLICE_X39Y83         FDRE                                         r  soc_npu_i/axi_dma_0/U0/I_AXI_DMA_REG_MODULE/GEN_AXI_LITE_IF.AXI_LITE_IF_I/GEN_ASYNC_READ.REG_DATA2LITE_CLOCK/GENERATE_LEVEL_P_S_CDC.MULTI_BIT.FOR_IN_cdc_to[28].CROSS2_PLEVEL_IN2SCNDRY_IN_cdc_to/C

Slack:                    inf
  Source:                 soc_npu_i/axi_dma_0/U0/I_AXI_DMA_REG_MODULE/GEN_AXI_LITE_IF.AXI_LITE_IF_I/GEN_ASYNC_READ.lite_rdata_cdc_from_reg[21]/C
                            (rising edge-triggered cell FDRE clocked by clk_fpga_0  {rise@0.000ns fall@10.000ns period=20.000ns})
  Destination:            soc_npu_i/axi_dma_0/U0/I_AXI_DMA_REG_MODULE/GEN_AXI_LITE_IF.AXI_LITE_IF_I/GEN_ASYNC_READ.REG_DATA2LITE_CLOCK/GENERATE_LEVEL_P_S_CDC.MULTI_BIT.FOR_IN_cdc_to[21].CROSS2_PLEVEL_IN2SCNDRY_IN_cdc_to/D
                            (rising edge-triggered cell FDRE clocked by clk_fpga_0  {rise@0.000ns fall@10.000ns period=20.000ns})
  Path Group:             (none)
  Path Type:              Hold (Min at Fast Process Corner)
  Data Path Delay:        0.238ns  (logic 0.128ns (53.830%)  route 0.110ns (46.170%))
  Logic Levels:           0  
  Clock Path Skew:        0.296ns (DCD - SCD - CPR)
    Destination Clock Delay (DCD):    1.184ns
    Source Clock Delay      (SCD):    0.888ns
    Clock Pessimism Removal (CPR):    -0.000ns
  Clock Uncertainty:      0.302ns  ((TSJ^2 + TIJ^2)^1/2 + DJ) / 2 + PE
    Total System Jitter     (TSJ):    0.071ns
    Total Input Jitter      (TIJ):    0.600ns
    Discrete Jitter          (DJ):    0.000ns
    Phase Error              (PE):    0.000ns
  Timing Exception:       False Path

    Location             Delay type                Incr(ns)  Path(ns)    Netlist Resource(s)
  -------------------------------------------------------------------    -------------------
                         (clock clk_fpga_0 rise edge)
                                                      0.000     0.000 r  
    PS7_X0Y0             PS7                          0.000     0.000 r  soc_npu_i/processing_system7_0/inst/PS7_i/FCLKCLK[0]
                         net (fo=1, routed)           0.310     0.310    soc_npu_i/processing_system7_0/inst/FCLK_CLK_unbuffered[0]
    BUFGCTRL_X0Y16       BUFG (Prop_bufg_I_O)         0.026     0.336 r  soc_npu_i/processing_system7_0/inst/buffer_fclk_clk_0.FCLK_CLK_0_BUFG/O
                         net (fo=5027, routed)        0.552     0.888    soc_npu_i/axi_dma_0/U0/I_AXI_DMA_REG_MODULE/GEN_AXI_LITE_IF.AXI_LITE_IF_I/m_axi_sg_aclk
    SLICE_X33Y82         FDRE                                         r  soc_npu_i/axi_dma_0/U0/I_AXI_DMA_REG_MODULE/GEN_AXI_LITE_IF.AXI_LITE_IF_I/GEN_ASYNC_READ.lite_rdata_cdc_from_reg[21]/C
  -------------------------------------------------------------------    -------------------
    SLICE_X33Y82         FDRE (Prop_fdre_C_Q)         0.128     1.016 r  soc_npu_i/axi_dma_0/U0/I_AXI_DMA_REG_MODULE/GEN_AXI_LITE_IF.AXI_LITE_IF_I/GEN_ASYNC_READ.lite_rdata_cdc_from_reg[21]/Q
                         net (fo=1, routed)           0.110     1.125    soc_npu_i/axi_dma_0/U0/I_AXI_DMA_REG_MODULE/GEN_AXI_LITE_IF.AXI_LITE_IF_I/GEN_ASYNC_READ.REG_DATA2LITE_CLOCK/prmry_vect_in[21]
    SLICE_X33Y83         FDRE                                         r  soc_npu_i/axi_dma_0/U0/I_AXI_DMA_REG_MODULE/GEN_AXI_LITE_IF.AXI_LITE_IF_I/GEN_ASYNC_READ.REG_DATA2LITE_CLOCK/GENERATE_LEVEL_P_S_CDC.MULTI_BIT.FOR_IN_cdc_to[21].CROSS2_PLEVEL_IN2SCNDRY_IN_cdc_to/D
  -------------------------------------------------------------------    -------------------

                         (clock clk_fpga_0 rise edge)
                                                      0.000     0.000 r  
    PS7_X0Y0             PS7                          0.000     0.000 r  soc_npu_i/processing_system7_0/inst/PS7_i/FCLKCLK[0]
                         net (fo=1, routed)           0.337     0.337    soc_npu_i/processing_system7_0/inst/FCLK_CLK_unbuffered[0]
    BUFGCTRL_X0Y16       BUFG (Prop_bufg_I_O)         0.029     0.366 r  soc_npu_i/processing_system7_0/inst/buffer_fclk_clk_0.FCLK_CLK_0_BUFG/O
                         net (fo=5027, routed)        0.818     1.184    soc_npu_i/axi_dma_0/U0/I_AXI_DMA_REG_MODULE/GEN_AXI_LITE_IF.AXI_LITE_IF_I/GEN_ASYNC_READ.REG_DATA2LITE_CLOCK/s_axi_lite_aclk
    SLICE_X33Y83         FDRE                                         r  soc_npu_i/axi_dma_0/U0/I_AXI_DMA_REG_MODULE/GEN_AXI_LITE_IF.AXI_LITE_IF_I/GEN_ASYNC_READ.REG_DATA2LITE_CLOCK/GENERATE_LEVEL_P_S_CDC.MULTI_BIT.FOR_IN_cdc_to[21].CROSS2_PLEVEL_IN2SCNDRY_IN_cdc_to/C

Slack:                    inf
  Source:                 soc_npu_i/axi_dma_0/U0/I_AXI_DMA_REG_MODULE/GEN_AXI_LITE_IF.AXI_LITE_IF_I/GEN_ASYNC_READ.lite_rdata_cdc_from_reg[24]/C
                            (rising edge-triggered cell FDRE clocked by clk_fpga_0  {rise@0.000ns fall@10.000ns period=20.000ns})
  Destination:            soc_npu_i/axi_dma_0/U0/I_AXI_DMA_REG_MODULE/GEN_AXI_LITE_IF.AXI_LITE_IF_I/GEN_ASYNC_READ.REG_DATA2LITE_CLOCK/GENERATE_LEVEL_P_S_CDC.MULTI_BIT.FOR_IN_cdc_to[24].CROSS2_PLEVEL_IN2SCNDRY_IN_cdc_to/D
                            (rising edge-triggered cell FDRE clocked by clk_fpga_0  {rise@0.000ns fall@10.000ns period=20.000ns})
  Path Group:             (none)
  Path Type:              Hold (Min at Fast Process Corner)
  Data Path Delay:        0.238ns  (logic 0.128ns (53.830%)  route 0.110ns (46.170%))
  Logic Levels:           0  
  Clock Path Skew:        0.297ns (DCD - SCD - CPR)
    Destination Clock Delay (DCD):    1.185ns
    Source Clock Delay      (SCD):    0.888ns
    Clock Pessimism Removal (CPR):    -0.000ns
  Clock Uncertainty:      0.302ns  ((TSJ^2 + TIJ^2)^1/2 + DJ) / 2 + PE
    Total System Jitter     (TSJ):    0.071ns
    Total Input Jitter      (TIJ):    0.600ns
    Discrete Jitter          (DJ):    0.000ns
    Phase Error              (PE):    0.000ns
  Timing Exception:       False Path

    Location             Delay type                Incr(ns)  Path(ns)    Netlist Resource(s)
  -------------------------------------------------------------------    -------------------
                         (clock clk_fpga_0 rise edge)
                                                      0.000     0.000 r  
    PS7_X0Y0             PS7                          0.000     0.000 r  soc_npu_i/processing_system7_0/inst/PS7_i/FCLKCLK[0]
                         net (fo=1, routed)           0.310     0.310    soc_npu_i/processing_system7_0/inst/FCLK_CLK_unbuffered[0]
    BUFGCTRL_X0Y16       BUFG (Prop_bufg_I_O)         0.026     0.336 r  soc_npu_i/processing_system7_0/inst/buffer_fclk_clk_0.FCLK_CLK_0_BUFG/O
                         net (fo=5027, routed)        0.552     0.888    soc_npu_i/axi_dma_0/U0/I_AXI_DMA_REG_MODULE/GEN_AXI_LITE_IF.AXI_LITE_IF_I/m_axi_sg_aclk
    SLICE_X37Y85         FDRE                                         r  soc_npu_i/axi_dma_0/U0/I_AXI_DMA_REG_MODULE/GEN_AXI_LITE_IF.AXI_LITE_IF_I/GEN_ASYNC_READ.lite_rdata_cdc_from_reg[24]/C
  -------------------------------------------------------------------    -------------------
    SLICE_X37Y85         FDRE (Prop_fdre_C_Q)         0.128     1.016 r  soc_npu_i/axi_dma_0/U0/I_AXI_DMA_REG_MODULE/GEN_AXI_LITE_IF.AXI_LITE_IF_I/GEN_ASYNC_READ.lite_rdata_cdc_from_reg[24]/Q
                         net (fo=1, routed)           0.110     1.125    soc_npu_i/axi_dma_0/U0/I_AXI_DMA_REG_MODULE/GEN_AXI_LITE_IF.AXI_LITE_IF_I/GEN_ASYNC_READ.REG_DATA2LITE_CLOCK/prmry_vect_in[24]
    SLICE_X37Y86         FDRE                                         r  soc_npu_i/axi_dma_0/U0/I_AXI_DMA_REG_MODULE/GEN_AXI_LITE_IF.AXI_LITE_IF_I/GEN_ASYNC_READ.REG_DATA2LITE_CLOCK/GENERATE_LEVEL_P_S_CDC.MULTI_BIT.FOR_IN_cdc_to[24].CROSS2_PLEVEL_IN2SCNDRY_IN_cdc_to/D
  -------------------------------------------------------------------    -------------------

                         (clock clk_fpga_0 rise edge)
                                                      0.000     0.000 r  
    PS7_X0Y0             PS7                          0.000     0.000 r  soc_npu_i/processing_system7_0/inst/PS7_i/FCLKCLK[0]
                         net (fo=1, routed)           0.337     0.337    soc_npu_i/processing_system7_0/inst/FCLK_CLK_unbuffered[0]
    BUFGCTRL_X0Y16       BUFG (Prop_bufg_I_O)         0.029     0.366 r  soc_npu_i/processing_system7_0/inst/buffer_fclk_clk_0.FCLK_CLK_0_BUFG/O
                         net (fo=5027, routed)        0.819     1.185    soc_npu_i/axi_dma_0/U0/I_AXI_DMA_REG_MODULE/GEN_AXI_LITE_IF.AXI_LITE_IF_I/GEN_ASYNC_READ.REG_DATA2LITE_CLOCK/s_axi_lite_aclk
    SLICE_X37Y86         FDRE                                         r  soc_npu_i/axi_dma_0/U0/I_AXI_DMA_REG_MODULE/GEN_AXI_LITE_IF.AXI_LITE_IF_I/GEN_ASYNC_READ.REG_DATA2LITE_CLOCK/GENERATE_LEVEL_P_S_CDC.MULTI_BIT.FOR_IN_cdc_to[24].CROSS2_PLEVEL_IN2SCNDRY_IN_cdc_to/C

Slack:                    inf
  Source:                 soc_npu_i/axi_dma_0/U0/I_AXI_DMA_REG_MODULE/GEN_AXI_LITE_IF.AXI_LITE_IF_I/GEN_ASYNC_READ.lite_rdata_cdc_from_reg[27]/C
                            (rising edge-triggered cell FDRE clocked by clk_fpga_0  {rise@0.000ns fall@10.000ns period=20.000ns})
  Destination:            soc_npu_i/axi_dma_0/U0/I_AXI_DMA_REG_MODULE/GEN_AXI_LITE_IF.AXI_LITE_IF_I/GEN_ASYNC_READ.REG_DATA2LITE_CLOCK/GENERATE_LEVEL_P_S_CDC.MULTI_BIT.FOR_IN_cdc_to[27].CROSS2_PLEVEL_IN2SCNDRY_IN_cdc_to/D
                            (rising edge-triggered cell FDRE clocked by clk_fpga_0  {rise@0.000ns fall@10.000ns period=20.000ns})
  Path Group:             (none)
  Path Type:              Hold (Min at Fast Process Corner)
  Data Path Delay:        0.238ns  (logic 0.128ns (53.830%)  route 0.110ns (46.170%))
  Logic Levels:           0  
  Clock Path Skew:        0.297ns (DCD - SCD - CPR)
    Destination Clock Delay (DCD):    1.185ns
    Source Clock Delay      (SCD):    0.888ns
    Clock Pessimism Removal (CPR):    -0.000ns
  Clock Uncertainty:      0.302ns  ((TSJ^2 + TIJ^2)^1/2 + DJ) / 2 + PE
    Total System Jitter     (TSJ):    0.071ns
    Total Input Jitter      (TIJ):    0.600ns
    Discrete Jitter          (DJ):    0.000ns
    Phase Error              (PE):    0.000ns
  Timing Exception:       False Path

    Location             Delay type                Incr(ns)  Path(ns)    Netlist Resource(s)
  -------------------------------------------------------------------    -------------------
                         (clock clk_fpga_0 rise edge)
                                                      0.000     0.000 r  
    PS7_X0Y0             PS7                          0.000     0.000 r  soc_npu_i/processing_system7_0/inst/PS7_i/FCLKCLK[0]
                         net (fo=1, routed)           0.310     0.310    soc_npu_i/processing_system7_0/inst/FCLK_CLK_unbuffered[0]
    BUFGCTRL_X0Y16       BUFG (Prop_bufg_I_O)         0.026     0.336 r  soc_npu_i/processing_system7_0/inst/buffer_fclk_clk_0.FCLK_CLK_0_BUFG/O
                         net (fo=5027, routed)        0.552     0.888    soc_npu_i/axi_dma_0/U0/I_AXI_DMA_REG_MODULE/GEN_AXI_LITE_IF.AXI_LITE_IF_I/m_axi_sg_aclk
    SLICE_X39Y84         FDRE                                         r  soc_npu_i/axi_dma_0/U0/I_AXI_DMA_REG_MODULE/GEN_AXI_LITE_IF.AXI_LITE_IF_I/GEN_ASYNC_READ.lite_rdata_cdc_from_reg[27]/C
  -------------------------------------------------------------------    -------------------
    SLICE_X39Y84         FDRE (Prop_fdre_C_Q)         0.128     1.016 r  soc_npu_i/axi_dma_0/U0/I_AXI_DMA_REG_MODULE/GEN_AXI_LITE_IF.AXI_LITE_IF_I/GEN_ASYNC_READ.lite_rdata_cdc_from_reg[27]/Q
                         net (fo=1, routed)           0.110     1.125    soc_npu_i/axi_dma_0/U0/I_AXI_DMA_REG_MODULE/GEN_AXI_LITE_IF.AXI_LITE_IF_I/GEN_ASYNC_READ.REG_DATA2LITE_CLOCK/prmry_vect_in[27]
    SLICE_X39Y85         FDRE                                         r  soc_npu_i/axi_dma_0/U0/I_AXI_DMA_REG_MODULE/GEN_AXI_LITE_IF.AXI_LITE_IF_I/GEN_ASYNC_READ.REG_DATA2LITE_CLOCK/GENERATE_LEVEL_P_S_CDC.MULTI_BIT.FOR_IN_cdc_to[27].CROSS2_PLEVEL_IN2SCNDRY_IN_cdc_to/D
  -------------------------------------------------------------------    -------------------

                         (clock clk_fpga_0 rise edge)
                                                      0.000     0.000 r  
    PS7_X0Y0             PS7                          0.000     0.000 r  soc_npu_i/processing_system7_0/inst/PS7_i/FCLKCLK[0]
                         net (fo=1, routed)           0.337     0.337    soc_npu_i/processing_system7_0/inst/FCLK_CLK_unbuffered[0]
    BUFGCTRL_X0Y16       BUFG (Prop_bufg_I_O)         0.029     0.366 r  soc_npu_i/processing_system7_0/inst/buffer_fclk_clk_0.FCLK_CLK_0_BUFG/O
                         net (fo=5027, routed)        0.819     1.185    soc_npu_i/axi_dma_0/U0/I_AXI_DMA_REG_MODULE/GEN_AXI_LITE_IF.AXI_LITE_IF_I/GEN_ASYNC_READ.REG_DATA2LITE_CLOCK/s_axi_lite_aclk
    SLICE_X39Y85         FDRE                                         r  soc_npu_i/axi_dma_0/U0/I_AXI_DMA_REG_MODULE/GEN_AXI_LITE_IF.AXI_LITE_IF_I/GEN_ASYNC_READ.REG_DATA2LITE_CLOCK/GENERATE_LEVEL_P_S_CDC.MULTI_BIT.FOR_IN_cdc_to[27].CROSS2_PLEVEL_IN2SCNDRY_IN_cdc_to/C

Slack:                    inf
  Source:                 soc_npu_i/axi_dma_0/U0/I_AXI_DMA_REG_MODULE/GEN_AXI_LITE_IF.AXI_LITE_IF_I/GEN_ASYNC_READ.lite_rdata_cdc_from_reg[6]/C
                            (rising edge-triggered cell FDRE clocked by clk_fpga_0  {rise@0.000ns fall@10.000ns period=20.000ns})
  Destination:            soc_npu_i/axi_dma_0/U0/I_AXI_DMA_REG_MODULE/GEN_AXI_LITE_IF.AXI_LITE_IF_I/GEN_ASYNC_READ.REG_DATA2LITE_CLOCK/GENERATE_LEVEL_P_S_CDC.MULTI_BIT.FOR_IN_cdc_to[6].CROSS2_PLEVEL_IN2SCNDRY_IN_cdc_to/D
                            (rising edge-triggered cell FDRE clocked by clk_fpga_0  {rise@0.000ns fall@10.000ns period=20.000ns})
  Path Group:             (none)
  Path Type:              Hold (Min at Fast Process Corner)
  Data Path Delay:        0.245ns  (logic 0.128ns (52.210%)  route 0.117ns (47.790%))
  Logic Levels:           0  
  Clock Path Skew:        0.297ns (DCD - SCD - CPR)
    Destination Clock Delay (DCD):    1.179ns
    Source Clock Delay      (SCD):    0.882ns
    Clock Pessimism Removal (CPR):    -0.000ns
  Clock Uncertainty:      0.302ns  ((TSJ^2 + TIJ^2)^1/2 + DJ) / 2 + PE
    Total System Jitter     (TSJ):    0.071ns
    Total Input Jitter      (TIJ):    0.600ns
    Discrete Jitter          (DJ):    0.000ns
    Phase Error              (PE):    0.000ns
  Timing Exception:       False Path

    Location             Delay type                Incr(ns)  Path(ns)    Netlist Resource(s)
  -------------------------------------------------------------------    -------------------
                         (clock clk_fpga_0 rise edge)
                                                      0.000     0.000 r  
    PS7_X0Y0             PS7                          0.000     0.000 r  soc_npu_i/processing_system7_0/inst/PS7_i/FCLKCLK[0]
                         net (fo=1, routed)           0.310     0.310    soc_npu_i/processing_system7_0/inst/FCLK_CLK_unbuffered[0]
    BUFGCTRL_X0Y16       BUFG (Prop_bufg_I_O)         0.026     0.336 r  soc_npu_i/processing_system7_0/inst/buffer_fclk_clk_0.FCLK_CLK_0_BUFG/O
                         net (fo=5027, routed)        0.546     0.882    soc_npu_i/axi_dma_0/U0/I_AXI_DMA_REG_MODULE/GEN_AXI_LITE_IF.AXI_LITE_IF_I/m_axi_sg_aclk
    SLICE_X40Y78         FDRE                                         r  soc_npu_i/axi_dma_0/U0/I_AXI_DMA_REG_MODULE/GEN_AXI_LITE_IF.AXI_LITE_IF_I/GEN_ASYNC_READ.lite_rdata_cdc_from_reg[6]/C
  -------------------------------------------------------------------    -------------------
    SLICE_X40Y78         FDRE (Prop_fdre_C_Q)         0.128     1.010 r  soc_npu_i/axi_dma_0/U0/I_AXI_DMA_REG_MODULE/GEN_AXI_LITE_IF.AXI_LITE_IF_I/GEN_ASYNC_READ.lite_rdata_cdc_from_reg[6]/Q
                         net (fo=1, routed)           0.117     1.127    soc_npu_i/axi_dma_0/U0/I_AXI_DMA_REG_MODULE/GEN_AXI_LITE_IF.AXI_LITE_IF_I/GEN_ASYNC_READ.REG_DATA2LITE_CLOCK/prmry_vect_in[6]
    SLICE_X40Y79         FDRE                                         r  soc_npu_i/axi_dma_0/U0/I_AXI_DMA_REG_MODULE/GEN_AXI_LITE_IF.AXI_LITE_IF_I/GEN_ASYNC_READ.REG_DATA2LITE_CLOCK/GENERATE_LEVEL_P_S_CDC.MULTI_BIT.FOR_IN_cdc_to[6].CROSS2_PLEVEL_IN2SCNDRY_IN_cdc_to/D
  -------------------------------------------------------------------    -------------------

                         (clock clk_fpga_0 rise edge)
                                                      0.000     0.000 r  
    PS7_X0Y0             PS7                          0.000     0.000 r  soc_npu_i/processing_system7_0/inst/PS7_i/FCLKCLK[0]
                         net (fo=1, routed)           0.337     0.337    soc_npu_i/processing_system7_0/inst/FCLK_CLK_unbuffered[0]
    BUFGCTRL_X0Y16       BUFG (Prop_bufg_I_O)         0.029     0.366 r  soc_npu_i/processing_system7_0/inst/buffer_fclk_clk_0.FCLK_CLK_0_BUFG/O
                         net (fo=5027, routed)        0.813     1.179    soc_npu_i/axi_dma_0/U0/I_AXI_DMA_REG_MODULE/GEN_AXI_LITE_IF.AXI_LITE_IF_I/GEN_ASYNC_READ.REG_DATA2LITE_CLOCK/s_axi_lite_aclk
    SLICE_X40Y79         FDRE                                         r  soc_npu_i/axi_dma_0/U0/I_AXI_DMA_REG_MODULE/GEN_AXI_LITE_IF.AXI_LITE_IF_I/GEN_ASYNC_READ.REG_DATA2LITE_CLOCK/GENERATE_LEVEL_P_S_CDC.MULTI_BIT.FOR_IN_cdc_to[6].CROSS2_PLEVEL_IN2SCNDRY_IN_cdc_to/C

Slack:                    inf
  Source:                 soc_npu_i/axi_dma_0/U0/I_AXI_DMA_REG_MODULE/GEN_AXI_LITE_IF.AXI_LITE_IF_I/GEN_ASYNC_READ.lite_rdata_cdc_from_reg[5]/C
                            (rising edge-triggered cell FDRE clocked by clk_fpga_0  {rise@0.000ns fall@10.000ns period=20.000ns})
  Destination:            soc_npu_i/axi_dma_0/U0/I_AXI_DMA_REG_MODULE/GEN_AXI_LITE_IF.AXI_LITE_IF_I/GEN_ASYNC_READ.REG_DATA2LITE_CLOCK/GENERATE_LEVEL_P_S_CDC.MULTI_BIT.FOR_IN_cdc_to[5].CROSS2_PLEVEL_IN2SCNDRY_IN_cdc_to/D
                            (rising edge-triggered cell FDRE clocked by clk_fpga_0  {rise@0.000ns fall@10.000ns period=20.000ns})
  Path Group:             (none)
  Path Type:              Hold (Min at Fast Process Corner)
  Data Path Delay:        0.238ns  (logic 0.128ns (53.830%)  route 0.110ns (46.170%))
  Logic Levels:           0  
  Clock Path Skew:        0.296ns (DCD - SCD - CPR)
    Destination Clock Delay (DCD):    1.186ns
    Source Clock Delay      (SCD):    0.890ns
    Clock Pessimism Removal (CPR):    -0.000ns
  Clock Uncertainty:      0.302ns  ((TSJ^2 + TIJ^2)^1/2 + DJ) / 2 + PE
    Total System Jitter     (TSJ):    0.071ns
    Total Input Jitter      (TIJ):    0.600ns
    Discrete Jitter          (DJ):    0.000ns
    Phase Error              (PE):    0.000ns
  Timing Exception:       False Path

    Location             Delay type                Incr(ns)  Path(ns)    Netlist Resource(s)
  -------------------------------------------------------------------    -------------------
                         (clock clk_fpga_0 rise edge)
                                                      0.000     0.000 r  
    PS7_X0Y0             PS7                          0.000     0.000 r  soc_npu_i/processing_system7_0/inst/PS7_i/FCLKCLK[0]
                         net (fo=1, routed)           0.310     0.310    soc_npu_i/processing_system7_0/inst/FCLK_CLK_unbuffered[0]
    BUFGCTRL_X0Y16       BUFG (Prop_bufg_I_O)         0.026     0.336 r  soc_npu_i/processing_system7_0/inst/buffer_fclk_clk_0.FCLK_CLK_0_BUFG/O
                         net (fo=5027, routed)        0.554     0.890    soc_npu_i/axi_dma_0/U0/I_AXI_DMA_REG_MODULE/GEN_AXI_LITE_IF.AXI_LITE_IF_I/m_axi_sg_aclk
    SLICE_X33Y84         FDRE                                         r  soc_npu_i/axi_dma_0/U0/I_AXI_DMA_REG_MODULE/GEN_AXI_LITE_IF.AXI_LITE_IF_I/GEN_ASYNC_READ.lite_rdata_cdc_from_reg[5]/C
  -------------------------------------------------------------------    -------------------
    SLICE_X33Y84         FDRE (Prop_fdre_C_Q)         0.128     1.018 r  soc_npu_i/axi_dma_0/U0/I_AXI_DMA_REG_MODULE/GEN_AXI_LITE_IF.AXI_LITE_IF_I/GEN_ASYNC_READ.lite_rdata_cdc_from_reg[5]/Q
                         net (fo=1, routed)           0.110     1.127    soc_npu_i/axi_dma_0/U0/I_AXI_DMA_REG_MODULE/GEN_AXI_LITE_IF.AXI_LITE_IF_I/GEN_ASYNC_READ.REG_DATA2LITE_CLOCK/prmry_vect_in[5]
    SLICE_X33Y85         FDRE                                         r  soc_npu_i/axi_dma_0/U0/I_AXI_DMA_REG_MODULE/GEN_AXI_LITE_IF.AXI_LITE_IF_I/GEN_ASYNC_READ.REG_DATA2LITE_CLOCK/GENERATE_LEVEL_P_S_CDC.MULTI_BIT.FOR_IN_cdc_to[5].CROSS2_PLEVEL_IN2SCNDRY_IN_cdc_to/D
  -------------------------------------------------------------------    -------------------

                         (clock clk_fpga_0 rise edge)
                                                      0.000     0.000 r  
    PS7_X0Y0             PS7                          0.000     0.000 r  soc_npu_i/processing_system7_0/inst/PS7_i/FCLKCLK[0]
                         net (fo=1, routed)           0.337     0.337    soc_npu_i/processing_system7_0/inst/FCLK_CLK_unbuffered[0]
    BUFGCTRL_X0Y16       BUFG (Prop_bufg_I_O)         0.029     0.366 r  soc_npu_i/processing_system7_0/inst/buffer_fclk_clk_0.FCLK_CLK_0_BUFG/O
                         net (fo=5027, routed)        0.820     1.186    soc_npu_i/axi_dma_0/U0/I_AXI_DMA_REG_MODULE/GEN_AXI_LITE_IF.AXI_LITE_IF_I/GEN_ASYNC_READ.REG_DATA2LITE_CLOCK/s_axi_lite_aclk
    SLICE_X33Y85         FDRE                                         r  soc_npu_i/axi_dma_0/U0/I_AXI_DMA_REG_MODULE/GEN_AXI_LITE_IF.AXI_LITE_IF_I/GEN_ASYNC_READ.REG_DATA2LITE_CLOCK/GENERATE_LEVEL_P_S_CDC.MULTI_BIT.FOR_IN_cdc_to[5].CROSS2_PLEVEL_IN2SCNDRY_IN_cdc_to/C

Slack:                    inf
  Source:                 <hidden>
                            (rising edge-triggered cell FDRE clocked by clk_fpga_0  {rise@0.000ns fall@10.000ns period=20.000ns})
  Destination:            soc_npu_i/axi_dma_0/U0/I_AXI_DMA_REG_MODULE/GEN_AXI_LITE_IF.AXI_LITE_IF_I/GEN_ASYNC_READ.REG_RADDR_TO_IPCLK/GENERATE_LEVEL_P_S_CDC.MULTI_BIT.FOR_IN_cdc_to[9].CROSS2_PLEVEL_IN2SCNDRY_IN_cdc_to/D
                            (rising edge-triggered cell FDRE clocked by clk_fpga_0  {rise@0.000ns fall@10.000ns period=20.000ns})
  Path Group:             (none)
  Path Type:              Hold (Min at Fast Process Corner)
  Data Path Delay:        0.241ns  (logic 0.128ns (53.138%)  route 0.113ns (46.862%))
  Logic Levels:           0  
  Clock Path Skew:        0.297ns (DCD - SCD - CPR)
    Destination Clock Delay (DCD):    1.190ns
    Source Clock Delay      (SCD):    0.893ns
    Clock Pessimism Removal (CPR):    -0.000ns
  Clock Uncertainty:      0.302ns  ((TSJ^2 + TIJ^2)^1/2 + DJ) / 2 + PE
    Total System Jitter     (TSJ):    0.071ns
    Total Input Jitter      (TIJ):    0.600ns
    Discrete Jitter          (DJ):    0.000ns
    Phase Error              (PE):    0.000ns
  Timing Exception:       False Path

    Location             Delay type                Incr(ns)  Path(ns)    Netlist Resource(s)
  -------------------------------------------------------------------    -------------------
                         (clock clk_fpga_0 rise edge)
                                                      0.000     0.000 r  
    PS7_X0Y0             PS7                          0.000     0.000 r  soc_npu_i/processing_system7_0/inst/PS7_i/FCLKCLK[0]
                         net (fo=1, routed)           0.310     0.310    soc_npu_i/processing_system7_0/inst/FCLK_CLK_unbuffered[0]
    BUFGCTRL_X0Y16       BUFG (Prop_bufg_I_O)         0.026     0.336 r  soc_npu_i/processing_system7_0/inst/buffer_fclk_clk_0.FCLK_CLK_0_BUFG/O
                         net (fo=5027, routed)        0.557     0.893    <hidden>
    SLICE_X33Y90         FDRE                                         r  <hidden>
  -------------------------------------------------------------------    -------------------
    SLICE_X33Y90         FDRE (Prop_fdre_C_Q)         0.128     1.021 r  <hidden>
                         net (fo=1, routed)           0.113     1.133    soc_npu_i/axi_dma_0/U0/I_AXI_DMA_REG_MODULE/GEN_AXI_LITE_IF.AXI_LITE_IF_I/GEN_ASYNC_READ.REG_RADDR_TO_IPCLK/s_axi_lite_araddr[9]
    SLICE_X34Y90         FDRE                                         r  soc_npu_i/axi_dma_0/U0/I_AXI_DMA_REG_MODULE/GEN_AXI_LITE_IF.AXI_LITE_IF_I/GEN_ASYNC_READ.REG_RADDR_TO_IPCLK/GENERATE_LEVEL_P_S_CDC.MULTI_BIT.FOR_IN_cdc_to[9].CROSS2_PLEVEL_IN2SCNDRY_IN_cdc_to/D
  -------------------------------------------------------------------    -------------------

                         (clock clk_fpga_0 rise edge)
                                                      0.000     0.000 r  
    PS7_X0Y0             PS7                          0.000     0.000 r  soc_npu_i/processing_system7_0/inst/PS7_i/FCLKCLK[0]
                         net (fo=1, routed)           0.337     0.337    soc_npu_i/processing_system7_0/inst/FCLK_CLK_unbuffered[0]
    BUFGCTRL_X0Y16       BUFG (Prop_bufg_I_O)         0.029     0.366 r  soc_npu_i/processing_system7_0/inst/buffer_fclk_clk_0.FCLK_CLK_0_BUFG/O
                         net (fo=5027, routed)        0.824     1.190    soc_npu_i/axi_dma_0/U0/I_AXI_DMA_REG_MODULE/GEN_AXI_LITE_IF.AXI_LITE_IF_I/GEN_ASYNC_READ.REG_RADDR_TO_IPCLK/m_axi_sg_aclk
    SLICE_X34Y90         FDRE                                         r  soc_npu_i/axi_dma_0/U0/I_AXI_DMA_REG_MODULE/GEN_AXI_LITE_IF.AXI_LITE_IF_I/GEN_ASYNC_READ.REG_RADDR_TO_IPCLK/GENERATE_LEVEL_P_S_CDC.MULTI_BIT.FOR_IN_cdc_to[9].CROSS2_PLEVEL_IN2SCNDRY_IN_cdc_to/C





