Copyright 1986-2022 Xilinx, Inc. All Rights Reserved. Copyright 2022-2024 Advanced Micro Devices, Inc. All Rights Reserved.
---------------------------------------------------------------------------------------------------------------------------------------------
| Tool Version : Vivado v.2024.2 (lin64) Build 5239630 Fri Nov 08 22:34:34 MST 2024
| Date         : Wed Mar 18 13:27:40 2026
| Host         : jaehyeok95-AORUS-5-MB running 64-bit Ubuntu 24.04.3 LTS
| Command      : report_drc -file soc_npu_wrapper_drc_opted.rpt -pb soc_npu_wrapper_drc_opted.pb -rpx soc_npu_wrapper_drc_opted.rpx
| Design       : soc_npu_wrapper
| Device       : xc7z020clg400-1
| Speed File   : -1
| Design State : Synthesized
---------------------------------------------------------------------------------------------------------------------------------------------

Report DRC

Table of Contents
-----------------
1. REPORT SUMMARY
2. REPORT DETAILS

1. REPORT SUMMARY
-----------------
            Netlist: netlist
          Floorplan: design_1
      Design limits: <entire design considered>
           Ruledeck: default
             Max checks: <unlimited>
             Checks found: 487
+-----------+----------+-----------------------------+--------+
| Rule      | Severity | Description                 | Checks |
+-----------+----------+-----------------------------+--------+
| CHECK-3   | Warning  | Report rule limit reached   | 1      |
| DPIP-1    | Warning  | Input pipelining            | 318    |
| DPOP-1    | Warning  | PREG Output pipelining      | 42     |
| DPOP-2    | Warning  | MREG Output pipelining      | 74     |
| DPREG-4   | Warning  | DSP48E1_PregDynOpmodeZmuxP: | 32     |
| REQP-1839 | Warning  | RAMB36 async control check  | 20     |
+-----------+----------+-----------------------------+--------+

2. REPORT DETAILS
-----------------
CHECK-3#1 Warning
Report rule limit reached  
REQP-1839 rule limit reached: 20 violations have been found.
Related violations: <none>

DPIP-1#1 Warning
Input pipelining  
DSP soc_npu_i/myip_npu_OCR_0/inst/u_conv_engine/fmap_wr_addr0 input soc_npu_i/myip_npu_OCR_0/inst/u_conv_engine/fmap_wr_addr0/A[29:0] is not pipelined. Pipelining DSP48 input will improve performance.
Related violations: <none>

DPIP-1#2 Warning
Input pipelining  
DSP soc_npu_i/myip_npu_OCR_0/inst/u_conv_engine/fmap_wr_addr0 input soc_npu_i/myip_npu_OCR_0/inst/u_conv_engine/fmap_wr_addr0/B[17:0] is not pipelined. Pipelining DSP48 input will improve performance.
Related violations: <none>

DPIP-1#3 Warning
Input pipelining  
DSP soc_npu_i/myip_npu_OCR_0/inst/u_conv_engine/fmap_wr_addr2 input soc_npu_i/myip_npu_OCR_0/inst/u_conv_engine/fmap_wr_addr2/A[29:0] is not pipelined. Pipelining DSP48 input will improve performance.
Related violations: <none>

DPIP-1#4 Warning
Input pipelining  
DSP soc_npu_i/myip_npu_OCR_0/inst/u_conv_engine/fmap_wr_addr2 input soc_npu_i/myip_npu_OCR_0/inst/u_conv_engine/fmap_wr_addr2/B[17:0] is not pipelined. Pipelining DSP48 input will improve performance.
Related violations: <none>

DPIP-1#5 Warning
Input pipelining  
DSP soc_npu_i/myip_npu_OCR_0/inst/u_conv_engine/line_load_base_addr2 input soc_npu_i/myip_npu_OCR_0/inst/u_conv_engine/line_load_base_addr2/A[29:0] is not pipelined. Pipelining DSP48 input will improve performance.
Related violations: <none>

DPIP-1#6 Warning
Input pipelining  
DSP soc_npu_i/myip_npu_OCR_0/inst/u_conv_engine/line_load_base_addr2 input soc_npu_i/myip_npu_OCR_0/inst/u_conv_engine/line_load_base_addr2/B[17:0] is not pipelined. Pipelining DSP48 input will improve performance.
Related violations: <none>

DPIP-1#7 Warning
Input pipelining  
DSP soc_npu_i/myip_npu_OCR_0/inst/u_pe_array/gen_ch[0].gen_k[0].u_pe/p0 input soc_npu_i/myip_npu_OCR_0/inst/u_pe_array/gen_ch[0].gen_k[0].u_pe/p0/A[29:0] is not pipelined. Pipelining DSP48 input will improve performance.
Related violations: <none>

DPIP-1#8 Warning
Input pipelining  
DSP soc_npu_i/myip_npu_OCR_0/inst/u_pe_array/gen_ch[0].gen_k[0].u_pe/p0 input soc_npu_i/myip_npu_OCR_0/inst/u_pe_array/gen_ch[0].gen_k[0].u_pe/p0/B[17:0] is not pipelined. Pipelining DSP48 input will improve performance.
Related violations: <none>

DPIP-1#9 Warning
Input pipelining  
DSP soc_npu_i/myip_npu_OCR_0/inst/u_pe_array/gen_ch[0].gen_k[1].u_pe/p0 input soc_npu_i/myip_npu_OCR_0/inst/u_pe_array/gen_ch[0].gen_k[1].u_pe/p0/A[29:0] is not pipelined. Pipelining DSP48 input will improve performance.
Related violations: <none>

DPIP-1#10 Warning
Input pipelining  
DSP soc_npu_i/myip_npu_OCR_0/inst/u_pe_array/gen_ch[0].gen_k[1].u_pe/p0 input soc_npu_i/myip_npu_OCR_0/inst/u_pe_array/gen_ch[0].gen_k[1].u_pe/p0/B[17:0] is not pipelined. Pipelining DSP48 input will improve performance.
Related violations: <none>

DPIP-1#11 Warning
Input pipelining  
DSP soc_npu_i/myip_npu_OCR_0/inst/u_pe_array/gen_ch[0].gen_k[2].u_pe/p0 input soc_npu_i/myip_npu_OCR_0/inst/u_pe_array/gen_ch[0].gen_k[2].u_pe/p0/A[29:0] is not pipelined. Pipelining DSP48 input will improve performance.
Related violations: <none>

DPIP-1#12 Warning
Input pipelining  
DSP soc_npu_i/myip_npu_OCR_0/inst/u_pe_array/gen_ch[0].gen_k[2].u_pe/p0 input soc_npu_i/myip_npu_OCR_0/inst/u_pe_array/gen_ch[0].gen_k[2].u_pe/p0/B[17:0] is not pipelined. Pipelining DSP48 input will improve performance.
Related violations: <none>

DPIP-1#13 Warning
Input pipelining  
DSP soc_npu_i/myip_npu_OCR_0/inst/u_pe_array/gen_ch[0].gen_k[3].u_pe/p0 input soc_npu_i/myip_npu_OCR_0/inst/u_pe_array/gen_ch[0].gen_k[3].u_pe/p0/A[29:0] is not pipelined. Pipelining DSP48 input will improve performance.
Related violations: <none>

DPIP-1#14 Warning
Input pipelining  
DSP soc_npu_i/myip_npu_OCR_0/inst/u_pe_array/gen_ch[0].gen_k[3].u_pe/p0 input soc_npu_i/myip_npu_OCR_0/inst/u_pe_array/gen_ch[0].gen_k[3].u_pe/p0/B[17:0] is not pipelined. Pipelining DSP48 input will improve performance.
Related violations: <none>

DPIP-1#15 Warning
Input pipelining  
DSP soc_npu_i/myip_npu_OCR_0/inst/u_pe_array/gen_ch[0].gen_k[4].u_pe/p0 input soc_npu_i/myip_npu_OCR_0/inst/u_pe_array/gen_ch[0].gen_k[4].u_pe/p0/A[29:0] is not pipelined. Pipelining DSP48 input will improve performance.
Related violations: <none>

DPIP-1#16 Warning
Input pipelining  
DSP soc_npu_i/myip_npu_OCR_0/inst/u_pe_array/gen_ch[0].gen_k[4].u_pe/p0 input soc_npu_i/myip_npu_OCR_0/inst/u_pe_array/gen_ch[0].gen_k[4].u_pe/p0/B[17:0] is not pipelined. Pipelining DSP48 input will improve performance.
Related violations: <none>

DPIP-1#17 Warning
Input pipelining  
DSP soc_npu_i/myip_npu_OCR_0/inst/u_pe_array/gen_ch[0].gen_k[5].u_pe/p0 input soc_npu_i/myip_npu_OCR_0/inst/u_pe_array/gen_ch[0].gen_k[5].u_pe/p0/A[29:0] is not pipelined. Pipelining DSP48 input will improve performance.
Related violations: <none>

DPIP-1#18 Warning
Input pipelining  
DSP soc_npu_i/myip_npu_OCR_0/inst/u_pe_array/gen_ch[0].gen_k[5].u_pe/p0 input soc_npu_i/myip_npu_OCR_0/inst/u_pe_array/gen_ch[0].gen_k[5].u_pe/p0/B[17:0] is not pipelined. Pipelining DSP48 input will improve performance.
Related violations: <none>

DPIP-1#19 Warning
Input pipelining  
DSP soc_npu_i/myip_npu_OCR_0/inst/u_pe_array/gen_ch[0].gen_k[6].u_pe/p0 input soc_npu_i/myip_npu_OCR_0/inst/u_pe_array/gen_ch[0].gen_k[6].u_pe/p0/A[29:0] is not pipelined. Pipelining DSP48 input will improve performance.
Related violations: <none>

DPIP-1#20 Warning
Input pipelining  
DSP soc_npu_i/myip_npu_OCR_0/inst/u_pe_array/gen_ch[0].gen_k[6].u_pe/p0 input soc_npu_i/myip_npu_OCR_0/inst/u_pe_array/gen_ch[0].gen_k[6].u_pe/p0/B[17:0] is not pipelined. Pipelining DSP48 input will improve performance.
Related violations: <none>

DPIP-1#21 Warning
Input pipelining  
DSP soc_npu_i/myip_npu_OCR_0/inst/u_pe_array/gen_ch[0].gen_k[7].u_pe/p0 input soc_npu_i/myip_npu_OCR_0/inst/u_pe_array/gen_ch[0].gen_k[7].u_pe/p0/A[29:0] is not pipelined. Pipelining DSP48 input will improve performance.
Related violations: <none>

DPIP-1#22 Warning
Input pipelining  
DSP soc_npu_i/myip_npu_OCR_0/inst/u_pe_array/gen_ch[0].gen_k[7].u_pe/p0 input soc_npu_i/myip_npu_OCR_0/inst/u_pe_array/gen_ch[0].gen_k[7].u_pe/p0/B[17:0] is not pipelined. Pipelining DSP48 input will improve performance.
Related violations: <none>

DPIP-1#23 Warning
Input pipelining  
DSP soc_npu_i/myip_npu_OCR_0/inst/u_pe_array/gen_ch[0].gen_k[8].u_pe/p0 input soc_npu_i/myip_npu_OCR_0/inst/u_pe_array/gen_ch[0].gen_k[8].u_pe/p0/A[29:0] is not pipelined. Pipelining DSP48 input will improve performance.
Related violations: <none>

DPIP-1#24 Warning
Input pipelining  
DSP soc_npu_i/myip_npu_OCR_0/inst/u_pe_array/gen_ch[0].gen_k[8].u_pe/p0 input soc_npu_i/myip_npu_OCR_0/inst/u_pe_array/gen_ch[0].gen_k[8].u_pe/p0/B[17:0] is not pipelined. Pipelining DSP48 input will improve performance.
Related violations: <none>

DPIP-1#25 Warning
Input pipelining  
DSP soc_npu_i/myip_npu_OCR_0/inst/u_pe_array/gen_ch[1].gen_k[0].u_pe/p0 input soc_npu_i/myip_npu_OCR_0/inst/u_pe_array/gen_ch[1].gen_k[0].u_pe/p0/A[29:0] is not pipelined. Pipelining DSP48 input will improve performance.
Related violations: <none>

DPIP-1#26 Warning
Input pipelining  
DSP soc_npu_i/myip_npu_OCR_0/inst/u_pe_array/gen_ch[1].gen_k[0].u_pe/p0 input soc_npu_i/myip_npu_OCR_0/inst/u_pe_array/gen_ch[1].gen_k[0].u_pe/p0/B[17:0] is not pipelined. Pipelining DSP48 input will improve performance.
Related violations: <none>

DPIP-1#27 Warning
Input pipelining  
DSP soc_npu_i/myip_npu_OCR_0/inst/u_pe_array/gen_ch[1].gen_k[1].u_pe/p0 input soc_npu_i/myip_npu_OCR_0/inst/u_pe_array/gen_ch[1].gen_k[1].u_pe/p0/A[29:0] is not pipelined. Pipelining DSP48 input will improve performance.
Related violations: <none>

DPIP-1#28 Warning
Input pipelining  
DSP soc_npu_i/myip_npu_OCR_0/inst/u_pe_array/gen_ch[1].gen_k[1].u_pe/p0 input soc_npu_i/myip_npu_OCR_0/inst/u_pe_array/gen_ch[1].gen_k[1].u_pe/p0/B[17:0] is not pipelined. Pipelining DSP48 input will improve performance.
Related violations: <none>

DPIP-1#29 Warning
Input pipelining  
DSP soc_npu_i/myip_npu_OCR_0/inst/u_pe_array/gen_ch[1].gen_k[2].u_pe/p0 input soc_npu_i/myip_npu_OCR_0/inst/u_pe_array/gen_ch[1].gen_k[2].u_pe/p0/A[29:0] is not pipelined. Pipelining DSP48 input will improve performance.
Related violations: <none>

DPIP-1#30 Warning
Input pipelining  
DSP soc_npu_i/myip_npu_OCR_0/inst/u_pe_array/gen_ch[1].gen_k[2].u_pe/p0 input soc_npu_i/myip_npu_OCR_0/inst/u_pe_array/gen_ch[1].gen_k[2].u_pe/p0/B[17:0] is not pipelined. Pipelining DSP48 input will improve performance.
Related violations: <none>

DPIP-1#31 Warning
Input pipelining  
DSP soc_npu_i/myip_npu_OCR_0/inst/u_pe_array/gen_ch[1].gen_k[3].u_pe/p0 input soc_npu_i/myip_npu_OCR_0/inst/u_pe_array/gen_ch[1].gen_k[3].u_pe/p0/A[29:0] is not pipelined. Pipelining DSP48 input will improve performance.
Related violations: <none>

DPIP-1#32 Warning
Input pipelining  
DSP soc_npu_i/myip_npu_OCR_0/inst/u_pe_array/gen_ch[1].gen_k[3].u_pe/p0 input soc_npu_i/myip_npu_OCR_0/inst/u_pe_array/gen_ch[1].gen_k[3].u_pe/p0/B[17:0] is not pipelined. Pipelining DSP48 input will improve performance.
Related violations: <none>

DPIP-1#33 Warning
Input pipelining  
DSP soc_npu_i/myip_npu_OCR_0/inst/u_pe_array/gen_ch[1].gen_k[4].u_pe/p0 input soc_npu_i/myip_npu_OCR_0/inst/u_pe_array/gen_ch[1].gen_k[4].u_pe/p0/A[29:0] is not pipelined. Pipelining DSP48 input will improve performance.
Related violations: <none>

DPIP-1#34 Warning
Input pipelining  
DSP soc_npu_i/myip_npu_OCR_0/inst/u_pe_array/gen_ch[1].gen_k[4].u_pe/p0 input soc_npu_i/myip_npu_OCR_0/inst/u_pe_array/gen_ch[1].gen_k[4].u_pe/p0/B[17:0] is not pipelined. Pipelining DSP48 input will improve performance.
Related violations: <none>

DPIP-1#35 Warning
Input pipelining  
DSP soc_npu_i/myip_npu_OCR_0/inst/u_pe_array/gen_ch[1].gen_k[5].u_pe/p0 input soc_npu_i/myip_npu_OCR_0/inst/u_pe_array/gen_ch[1].gen_k[5].u_pe/p0/A[29:0] is not pipelined. Pipelining DSP48 input will improve performance.
Related violations: <none>

DPIP-1#36 Warning
Input pipelining  
DSP soc_npu_i/myip_npu_OCR_0/inst/u_pe_array/gen_ch[1].gen_k[5].u_pe/p0 input soc_npu_i/myip_npu_OCR_0/inst/u_pe_array/gen_ch[1].gen_k[5].u_pe/p0/B[17:0] is not pipelined. Pipelining DSP48 input will improve performance.
Related violations: <none>

DPIP-1#37 Warning
Input pipelining  
DSP soc_npu_i/myip_npu_OCR_0/inst/u_pe_array/gen_ch[1].gen_k[6].u_pe/p0 input soc_npu_i/myip_npu_OCR_0/inst/u_pe_array/gen_ch[1].gen_k[6].u_pe/p0/A[29:0] is not pipelined. Pipelining DSP48 input will improve performance.
Related violations: <none>

DPIP-1#38 Warning
Input pipelining  
DSP soc_npu_i/myip_npu_OCR_0/inst/u_pe_array/gen_ch[1].gen_k[6].u_pe/p0 input soc_npu_i/myip_npu_OCR_0/inst/u_pe_array/gen_ch[1].gen_k[6].u_pe/p0/B[17:0] is not pipelined. Pipelining DSP48 input will improve performance.
Related violations: <none>

DPIP-1#39 Warning
Input pipelining  
DSP soc_npu_i/myip_npu_OCR_0/inst/u_pe_array/gen_ch[1].gen_k[7].u_pe/p0 input soc_npu_i/myip_npu_OCR_0/inst/u_pe_array/gen_ch[1].gen_k[7].u_pe/p0/A[29:0] is not pipelined. Pipelining DSP48 input will improve performance.
Related violations: <none>

DPIP-1#40 Warning
Input pipelining  
DSP soc_npu_i/myip_npu_OCR_0/inst/u_pe_array/gen_ch[1].gen_k[7].u_pe/p0 input soc_npu_i/myip_npu_OCR_0/inst/u_pe_array/gen_ch[1].gen_k[7].u_pe/p0/B[17:0] is not pipelined. Pipelining DSP48 input will improve performance.
Related violations: <none>

DPIP-1#41 Warning
Input pipelining  
DSP soc_npu_i/myip_npu_OCR_0/inst/u_pe_array/gen_ch[1].gen_k[8].u_pe/p0 input soc_npu_i/myip_npu_OCR_0/inst/u_pe_array/gen_ch[1].gen_k[8].u_pe/p0/A[29:0] is not pipelined. Pipelining DSP48 input will improve performance.
Related violations: <none>

DPIP-1#42 Warning
Input pipelining  
DSP soc_npu_i/myip_npu_OCR_0/inst/u_pe_array/gen_ch[1].gen_k[8].u_pe/p0 input soc_npu_i/myip_npu_OCR_0/inst/u_pe_array/gen_ch[1].gen_k[8].u_pe/p0/B[17:0] is not pipelined. Pipelining DSP48 input will improve performance.
Related violations: <none>

DPIP-1#43 Warning
Input pipelining  
DSP soc_npu_i/myip_npu_OCR_0/inst/u_pe_array/gen_ch[2].gen_k[0].u_pe/p0 input soc_npu_i/myip_npu_OCR_0/inst/u_pe_array/gen_ch[2].gen_k[0].u_pe/p0/A[29:0] is not pipelined. Pipelining DSP48 input will improve performance.
Related violations: <none>

DPIP-1#44 Warning
Input pipelining  
DSP soc_npu_i/myip_npu_OCR_0/inst/u_pe_array/gen_ch[2].gen_k[0].u_pe/p0 input soc_npu_i/myip_npu_OCR_0/inst/u_pe_array/gen_ch[2].gen_k[0].u_pe/p0/B[17:0] is not pipelined. Pipelining DSP48 input will improve performance.
Related violations: <none>

DPIP-1#45 Warning
Input pipelining  
DSP soc_npu_i/myip_npu_OCR_0/inst/u_pe_array/gen_ch[2].gen_k[1].u_pe/p0 input soc_npu_i/myip_npu_OCR_0/inst/u_pe_array/gen_ch[2].gen_k[1].u_pe/p0/A[29:0] is not pipelined. Pipelining DSP48 input will improve performance.
Related violations: <none>

DPIP-1#46 Warning
Input pipelining  
DSP soc_npu_i/myip_npu_OCR_0/inst/u_pe_array/gen_ch[2].gen_k[1].u_pe/p0 input soc_npu_i/myip_npu_OCR_0/inst/u_pe_array/gen_ch[2].gen_k[1].u_pe/p0/B[17:0] is not pipelined. Pipelining DSP48 input will improve performance.
Related violations: <none>

DPIP-1#47 Warning
Input pipelining  
DSP soc_npu_i/myip_npu_OCR_0/inst/u_pe_array/gen_ch[2].gen_k[2].u_pe/p0 input soc_npu_i/myip_npu_OCR_0/inst/u_pe_array/gen_ch[2].gen_k[2].u_pe/p0/A[29:0] is not pipelined. Pipelining DSP48 input will improve performance.
Related violations: <none>

DPIP-1#48 Warning
Input pipelining  
DSP soc_npu_i/myip_npu_OCR_0/inst/u_pe_array/gen_ch[2].gen_k[2].u_pe/p0 input soc_npu_i/myip_npu_OCR_0/inst/u_pe_array/gen_ch[2].gen_k[2].u_pe/p0/B[17:0] is not pipelined. Pipelining DSP48 input will improve performance.
Related violations: <none>

DPIP-1#49 Warning
Input pipelining  
DSP soc_npu_i/myip_npu_OCR_0/inst/u_pe_array/gen_ch[2].gen_k[3].u_pe/p0 input soc_npu_i/myip_npu_OCR_0/inst/u_pe_array/gen_ch[2].gen_k[3].u_pe/p0/A[29:0] is not pipelined. Pipelining DSP48 input will improve performance.
Related violations: <none>

DPIP-1#50 Warning
Input pipelining  
DSP soc_npu_i/myip_npu_OCR_0/inst/u_pe_array/gen_ch[2].gen_k[3].u_pe/p0 input soc_npu_i/myip_npu_OCR_0/inst/u_pe_array/gen_ch[2].gen_k[3].u_pe/p0/B[17:0] is not pipelined. Pipelining DSP48 input will improve performance.
Related violations: <none>

DPIP-1#51 Warning
Input pipelining  
DSP soc_npu_i/myip_npu_OCR_0/inst/u_pe_array/gen_ch[2].gen_k[4].u_pe/p0 input soc_npu_i/myip_npu_OCR_0/inst/u_pe_array/gen_ch[2].gen_k[4].u_pe/p0/A[29:0] is not pipelined. Pipelining DSP48 input will improve performance.
Related violations: <none>

DPIP-1#52 Warning
Input pipelining  
DSP soc_npu_i/myip_npu_OCR_0/inst/u_pe_array/gen_ch[2].gen_k[4].u_pe/p0 input soc_npu_i/myip_npu_OCR_0/inst/u_pe_array/gen_ch[2].gen_k[4].u_pe/p0/B[17:0] is not pipelined. Pipelining DSP48 input will improve performance.
Related violations: <none>

DPIP-1#53 Warning
Input pipelining  
DSP soc_npu_i/myip_npu_OCR_0/inst/u_pe_array/gen_ch[2].gen_k[5].u_pe/p0 input soc_npu_i/myip_npu_OCR_0/inst/u_pe_array/gen_ch[2].gen_k[5].u_pe/p0/A[29:0] is not pipelined. Pipelining DSP48 input will improve performance.
Related violations: <none>

DPIP-1#54 Warning
Input pipelining  
DSP soc_npu_i/myip_npu_OCR_0/inst/u_pe_array/gen_ch[2].gen_k[5].u_pe/p0 input soc_npu_i/myip_npu_OCR_0/inst/u_pe_array/gen_ch[2].gen_k[5].u_pe/p0/B[17:0] is not pipelined. Pipelining DSP48 input will improve performance.
Related violations: <none>

DPIP-1#55 Warning
Input pipelining  
DSP soc_npu_i/myip_npu_OCR_0/inst/u_pe_array/gen_ch[2].gen_k[6].u_pe/p0 input soc_npu_i/myip_npu_OCR_0/inst/u_pe_array/gen_ch[2].gen_k[6].u_pe/p0/A[29:0] is not pipelined. Pipelining DSP48 input will improve performance.
Related violations: <none>

DPIP-1#56 Warning
Input pipelining  
DSP soc_npu_i/myip_npu_OCR_0/inst/u_pe_array/gen_ch[2].gen_k[6].u_pe/p0 input soc_npu_i/myip_npu_OCR_0/inst/u_pe_array/gen_ch[2].gen_k[6].u_pe/p0/B[17:0] is not pipelined. Pipelining DSP48 input will improve performance.
Related violations: <none>

DPIP-1#57 Warning
Input pipelining  
DSP soc_npu_i/myip_npu_OCR_0/inst/u_pe_array/gen_ch[2].gen_k[7].u_pe/p0 input soc_npu_i/myip_npu_OCR_0/inst/u_pe_array/gen_ch[2].gen_k[7].u_pe/p0/A[29:0] is not pipelined. Pipelining DSP48 input will improve performance.
Related violations: <none>

DPIP-1#58 Warning
Input pipelining  
DSP soc_npu_i/myip_npu_OCR_0/inst/u_pe_array/gen_ch[2].gen_k[7].u_pe/p0 input soc_npu_i/myip_npu_OCR_0/inst/u_pe_array/gen_ch[2].gen_k[7].u_pe/p0/B[17:0] is not pipelined. Pipelining DSP48 input will improve performance.
Related violations: <none>

DPIP-1#59 Warning
Input pipelining  
DSP soc_npu_i/myip_npu_OCR_0/inst/u_pe_array/gen_ch[2].gen_k[8].u_pe/p0 input soc_npu_i/myip_npu_OCR_0/inst/u_pe_array/gen_ch[2].gen_k[8].u_pe/p0/A[29:0] is not pipelined. Pipelining DSP48 input will improve performance.
Related violations: <none>

DPIP-1#60 Warning
Input pipelining  
DSP soc_npu_i/myip_npu_OCR_0/inst/u_pe_array/gen_ch[2].gen_k[8].u_pe/p0 input soc_npu_i/myip_npu_OCR_0/inst/u_pe_array/gen_ch[2].gen_k[8].u_pe/p0/B[17:0] is not pipelined. Pipelining DSP48 input will improve performance.
Related violations: <none>

DPIP-1#61 Warning
Input pipelining  
DSP soc_npu_i/myip_npu_OCR_0/inst/u_pe_array/gen_ch[3].gen_k[0].u_pe/p0 input soc_npu_i/myip_npu_OCR_0/inst/u_pe_array/gen_ch[3].gen_k[0].u_pe/p0/A[29:0] is not pipelined. Pipelining DSP48 input will improve performance.
Related violations: <none>

DPIP-1#62 Warning
Input pipelining  
DSP soc_npu_i/myip_npu_OCR_0/inst/u_pe_array/gen_ch[3].gen_k[0].u_pe/p0 input soc_npu_i/myip_npu_OCR_0/inst/u_pe_array/gen_ch[3].gen_k[0].u_pe/p0/B[17:0] is not pipelined. Pipelining DSP48 input will improve performance.
Related violations: <none>

DPIP-1#63 Warning
Input pipelining  
DSP soc_npu_i/myip_npu_OCR_0/inst/u_pe_array/gen_ch[3].gen_k[1].u_pe/p0 input soc_npu_i/myip_npu_OCR_0/inst/u_pe_array/gen_ch[3].gen_k[1].u_pe/p0/A[29:0] is not pipelined. Pipelining DSP48 input will improve performance.
Related violations: <none>

DPIP-1#64 Warning
Input pipelining  
DSP soc_npu_i/myip_npu_OCR_0/inst/u_pe_array/gen_ch[3].gen_k[1].u_pe/p0 input soc_npu_i/myip_npu_OCR_0/inst/u_pe_array/gen_ch[3].gen_k[1].u_pe/p0/B[17:0] is not pipelined. Pipelining DSP48 input will improve performance.
Related violations: <none>

DPIP-1#65 Warning
Input pipelining  
DSP soc_npu_i/myip_npu_OCR_0/inst/u_pe_array/gen_ch[3].gen_k[2].u_pe/p0 input soc_npu_i/myip_npu_OCR_0/inst/u_pe_array/gen_ch[3].gen_k[2].u_pe/p0/A[29:0] is not pipelined. Pipelining DSP48 input will improve performance.
Related violations: <none>

DPIP-1#66 Warning
Input pipelining  
DSP soc_npu_i/myip_npu_OCR_0/inst/u_pe_array/gen_ch[3].gen_k[2].u_pe/p0 input soc_npu_i/myip_npu_OCR_0/inst/u_pe_array/gen_ch[3].gen_k[2].u_pe/p0/B[17:0] is not pipelined. Pipelining DSP48 input will improve performance.
Related violations: <none>

DPIP-1#67 Warning
Input pipelining  
DSP soc_npu_i/myip_npu_OCR_0/inst/u_pe_array/gen_ch[3].gen_k[3].u_pe/p0 input soc_npu_i/myip_npu_OCR_0/inst/u_pe_array/gen_ch[3].gen_k[3].u_pe/p0/A[29:0] is not pipelined. Pipelining DSP48 input will improve performance.
Related violations: <none>

DPIP-1#68 Warning
Input pipelining  
DSP soc_npu_i/myip_npu_OCR_0/inst/u_pe_array/gen_ch[3].gen_k[3].u_pe/p0 input soc_npu_i/myip_npu_OCR_0/inst/u_pe_array/gen_ch[3].gen_k[3].u_pe/p0/B[17:0] is not pipelined. Pipelining DSP48 input will improve performance.
Related violations: <none>

DPIP-1#69 Warning
Input pipelining  
DSP soc_npu_i/myip_npu_OCR_0/inst/u_pe_array/gen_ch[3].gen_k[4].u_pe/p0 input soc_npu_i/myip_npu_OCR_0/inst/u_pe_array/gen_ch[3].gen_k[4].u_pe/p0/A[29:0] is not pipelined. Pipelining DSP48 input will improve performance.
Related violations: <none>

DPIP-1#70 Warning
Input pipelining  
DSP soc_npu_i/myip_npu_OCR_0/inst/u_pe_array/gen_ch[3].gen_k[4].u_pe/p0 input soc_npu_i/myip_npu_OCR_0/inst/u_pe_array/gen_ch[3].gen_k[4].u_pe/p0/B[17:0] is not pipelined. Pipelining DSP48 input will improve performance.
Related violations: <none>

DPIP-1#71 Warning
Input pipelining  
DSP soc_npu_i/myip_npu_OCR_0/inst/u_pe_array/gen_ch[3].gen_k[5].u_pe/p0 input soc_npu_i/myip_npu_OCR_0/inst/u_pe_array/gen_ch[3].gen_k[5].u_pe/p0/A[29:0] is not pipelined. Pipelining DSP48 input will improve performance.
Related violations: <none>

DPIP-1#72 Warning
Input pipelining  
DSP soc_npu_i/myip_npu_OCR_0/inst/u_pe_array/gen_ch[3].gen_k[5].u_pe/p0 input soc_npu_i/myip_npu_OCR_0/inst/u_pe_array/gen_ch[3].gen_k[5].u_pe/p0/B[17:0] is not pipelined. Pipelining DSP48 input will improve performance.
Related violations: <none>

DPIP-1#73 Warning
Input pipelining  
DSP soc_npu_i/myip_npu_OCR_0/inst/u_pe_array/gen_ch[3].gen_k[6].u_pe/p0 input soc_npu_i/myip_npu_OCR_0/inst/u_pe_array/gen_ch[3].gen_k[6].u_pe/p0/A[29:0] is not pipelined. Pipelining DSP48 input will improve performance.
Related violations: <none>

DPIP-1#74 Warning
Input pipelining  
DSP soc_npu_i/myip_npu_OCR_0/inst/u_pe_array/gen_ch[3].gen_k[6].u_pe/p0 input soc_npu_i/myip_npu_OCR_0/inst/u_pe_array/gen_ch[3].gen_k[6].u_pe/p0/B[17:0] is not pipelined. Pipelining DSP48 input will improve performance.
Related violations: <none>

DPIP-1#75 Warning
Input pipelining  
DSP soc_npu_i/myip_npu_OCR_0/inst/u_pe_array/gen_ch[3].gen_k[7].u_pe/p0 input soc_npu_i/myip_npu_OCR_0/inst/u_pe_array/gen_ch[3].gen_k[7].u_pe/p0/A[29:0] is not pipelined. Pipelining DSP48 input will improve performance.
Related violations: <none>

DPIP-1#76 Warning
Input pipelining  
DSP soc_npu_i/myip_npu_OCR_0/inst/u_pe_array/gen_ch[3].gen_k[7].u_pe/p0 input soc_npu_i/myip_npu_OCR_0/inst/u_pe_array/gen_ch[3].gen_k[7].u_pe/p0/B[17:0] is not pipelined. Pipelining DSP48 input will improve performance.
Related violations: <none>

DPIP-1#77 Warning
Input pipelining  
DSP soc_npu_i/myip_npu_OCR_0/inst/u_pe_array/gen_ch[3].gen_k[8].u_pe/p0 input soc_npu_i/myip_npu_OCR_0/inst/u_pe_array/gen_ch[3].gen_k[8].u_pe/p0/A[29:0] is not pipelined. Pipelining DSP48 input will improve performance.
Related violations: <none>

DPIP-1#78 Warning
Input pipelining  
DSP soc_npu_i/myip_npu_OCR_0/inst/u_pe_array/gen_ch[3].gen_k[8].u_pe/p0 input soc_npu_i/myip_npu_OCR_0/inst/u_pe_array/gen_ch[3].gen_k[8].u_pe/p0/B[17:0] is not pipelined. Pipelining DSP48 input will improve performance.
Related violations: <none>

DPIP-1#79 Warning
Input pipelining  
DSP soc_npu_i/myip_npu_OCR_0/inst/u_pe_array/gen_ch[4].gen_k[0].u_pe/p0 input soc_npu_i/myip_npu_OCR_0/inst/u_pe_array/gen_ch[4].gen_k[0].u_pe/p0/A[29:0] is not pipelined. Pipelining DSP48 input will improve performance.
Related violations: <none>

DPIP-1#80 Warning
Input pipelining  
DSP soc_npu_i/myip_npu_OCR_0/inst/u_pe_array/gen_ch[4].gen_k[0].u_pe/p0 input soc_npu_i/myip_npu_OCR_0/inst/u_pe_array/gen_ch[4].gen_k[0].u_pe/p0/B[17:0] is not pipelined. Pipelining DSP48 input will improve performance.
Related violations: <none>

DPIP-1#81 Warning
Input pipelining  
DSP soc_npu_i/myip_npu_OCR_0/inst/u_pe_array/gen_ch[4].gen_k[1].u_pe/p0 input soc_npu_i/myip_npu_OCR_0/inst/u_pe_array/gen_ch[4].gen_k[1].u_pe/p0/A[29:0] is not pipelined. Pipelining DSP48 input will improve performance.
Related violations: <none>

DPIP-1#82 Warning
Input pipelining  
DSP soc_npu_i/myip_npu_OCR_0/inst/u_pe_array/gen_ch[4].gen_k[1].u_pe/p0 input soc_npu_i/myip_npu_OCR_0/inst/u_pe_array/gen_ch[4].gen_k[1].u_pe/p0/B[17:0] is not pipelined. Pipelining DSP48 input will improve performance.
Related violations: <none>

DPIP-1#83 Warning
Input pipelining  
DSP soc_npu_i/myip_npu_OCR_0/inst/u_pe_array/gen_ch[4].gen_k[2].u_pe/p0 input soc_npu_i/myip_npu_OCR_0/inst/u_pe_array/gen_ch[4].gen_k[2].u_pe/p0/A[29:0] is not pipelined. Pipelining DSP48 input will improve performance.
Related violations: <none>

DPIP-1#84 Warning
Input pipelining  
DSP soc_npu_i/myip_npu_OCR_0/inst/u_pe_array/gen_ch[4].gen_k[2].u_pe/p0 input soc_npu_i/myip_npu_OCR_0/inst/u_pe_array/gen_ch[4].gen_k[2].u_pe/p0/B[17:0] is not pipelined. Pipelining DSP48 input will improve performance.
Related violations: <none>

DPIP-1#85 Warning
Input pipelining  
DSP soc_npu_i/myip_npu_OCR_0/inst/u_pe_array/gen_ch[4].gen_k[3].u_pe/p0 input soc_npu_i/myip_npu_OCR_0/inst/u_pe_array/gen_ch[4].gen_k[3].u_pe/p0/A[29:0] is not pipelined. Pipelining DSP48 input will improve performance.
Related violations: <none>

DPIP-1#86 Warning
Input pipelining  
DSP soc_npu_i/myip_npu_OCR_0/inst/u_pe_array/gen_ch[4].gen_k[3].u_pe/p0 input soc_npu_i/myip_npu_OCR_0/inst/u_pe_array/gen_ch[4].gen_k[3].u_pe/p0/B[17:0] is not pipelined. Pipelining DSP48 input will improve performance.
Related violations: <none>

DPIP-1#87 Warning
Input pipelining  
DSP soc_npu_i/myip_npu_OCR_0/inst/u_pe_array/gen_ch[4].gen_k[4].u_pe/p0 input soc_npu_i/myip_npu_OCR_0/inst/u_pe_array/gen_ch[4].gen_k[4].u_pe/p0/A[29:0] is not pipelined. Pipelining DSP48 input will improve performance.
Related violations: <none>

DPIP-1#88 Warning
Input pipelining  
DSP soc_npu_i/myip_npu_OCR_0/inst/u_pe_array/gen_ch[4].gen_k[4].u_pe/p0 input soc_npu_i/myip_npu_OCR_0/inst/u_pe_array/gen_ch[4].gen_k[4].u_pe/p0/B[17:0] is not pipelined. Pipelining DSP48 input will improve performance.
Related violations: <none>

DPIP-1#89 Warning
Input pipelining  
DSP soc_npu_i/myip_npu_OCR_0/inst/u_pe_array/gen_ch[4].gen_k[5].u_pe/p0 input soc_npu_i/myip_npu_OCR_0/inst/u_pe_array/gen_ch[4].gen_k[5].u_pe/p0/A[29:0] is not pipelined. Pipelining DSP48 input will improve performance.
Related violations: <none>

DPIP-1#90 Warning
Input pipelining  
DSP soc_npu_i/myip_npu_OCR_0/inst/u_pe_array/gen_ch[4].gen_k[5].u_pe/p0 input soc_npu_i/myip_npu_OCR_0/inst/u_pe_array/gen_ch[4].gen_k[5].u_pe/p0/B[17:0] is not pipelined. Pipelining DSP48 input will improve performance.
Related violations: <none>

DPIP-1#91 Warning
Input pipelining  
DSP soc_npu_i/myip_npu_OCR_0/inst/u_pe_array/gen_ch[4].gen_k[6].u_pe/p0 input soc_npu_i/myip_npu_OCR_0/inst/u_pe_array/gen_ch[4].gen_k[6].u_pe/p0/A[29:0] is not pipelined. Pipelining DSP48 input will improve performance.
Related violations: <none>

DPIP-1#92 Warning
Input pipelining  
DSP soc_npu_i/myip_npu_OCR_0/inst/u_pe_array/gen_ch[4].gen_k[6].u_pe/p0 input soc_npu_i/myip_npu_OCR_0/inst/u_pe_array/gen_ch[4].gen_k[6].u_pe/p0/B[17:0] is not pipelined. Pipelining DSP48 input will improve performance.
Related violations: <none>

DPIP-1#93 Warning
Input pipelining  
DSP soc_npu_i/myip_npu_OCR_0/inst/u_pe_array/gen_ch[4].gen_k[7].u_pe/p0 input soc_npu_i/myip_npu_OCR_0/inst/u_pe_array/gen_ch[4].gen_k[7].u_pe/p0/A[29:0] is not pipelined. Pipelining DSP48 input will improve performance.
Related violations: <none>

DPIP-1#94 Warning
Input pipelining  
DSP soc_npu_i/myip_npu_OCR_0/inst/u_pe_array/gen_ch[4].gen_k[7].u_pe/p0 input soc_npu_i/myip_npu_OCR_0/inst/u_pe_array/gen_ch[4].gen_k[7].u_pe/p0/B[17:0] is not pipelined. Pipelining DSP48 input will improve performance.
Related violations: <none>

DPIP-1#95 Warning
Input pipelining  
DSP soc_npu_i/myip_npu_OCR_0/inst/u_pe_array/gen_ch[4].gen_k[8].u_pe/p0 input soc_npu_i/myip_npu_OCR_0/inst/u_pe_array/gen_ch[4].gen_k[8].u_pe/p0/A[29:0] is not pipelined. Pipelining DSP48 input will improve performance.
Related violations: <none>

DPIP-1#96 Warning
Input pipelining  
DSP soc_npu_i/myip_npu_OCR_0/inst/u_pe_array/gen_ch[4].gen_k[8].u_pe/p0 input soc_npu_i/myip_npu_OCR_0/inst/u_pe_array/gen_ch[4].gen_k[8].u_pe/p0/B[17:0] is not pipelined. Pipelining DSP48 input will improve performance.
Related violations: <none>

DPIP-1#97 Warning
Input pipelining  
DSP soc_npu_i/myip_npu_OCR_0/inst/u_pe_array/gen_ch[5].gen_k[0].u_pe/p0 input soc_npu_i/myip_npu_OCR_0/inst/u_pe_array/gen_ch[5].gen_k[0].u_pe/p0/A[29:0] is not pipelined. Pipelining DSP48 input will improve performance.
Related violations: <none>

DPIP-1#98 Warning
Input pipelining  
DSP soc_npu_i/myip_npu_OCR_0/inst/u_pe_array/gen_ch[5].gen_k[0].u_pe/p0 input soc_npu_i/myip_npu_OCR_0/inst/u_pe_array/gen_ch[5].gen_k[0].u_pe/p0/B[17:0] is not pipelined. Pipelining DSP48 input will improve performance.
Related violations: <none>

DPIP-1#99 Warning
Input pipelining  
DSP soc_npu_i/myip_npu_OCR_0/inst/u_pe_array/gen_ch[5].gen_k[1].u_pe/p0 input soc_npu_i/myip_npu_OCR_0/inst/u_pe_array/gen_ch[5].gen_k[1].u_pe/p0/A[29:0] is not pipelined. Pipelining DSP48 input will improve performance.
Related violations: <none>

DPIP-1#100 Warning
Input pipelining  
DSP soc_npu_i/myip_npu_OCR_0/inst/u_pe_array/gen_ch[5].gen_k[1].u_pe/p0 input soc_npu_i/myip_npu_OCR_0/inst/u_pe_array/gen_ch[5].gen_k[1].u_pe/p0/B[17:0] is not pipelined. Pipelining DSP48 input will improve performance.
Related violations: <none>

DPIP-1#101 Warning
Input pipelining  
DSP soc_npu_i/myip_npu_OCR_0/inst/u_pe_array/gen_ch[5].gen_k[2].u_pe/p0 input soc_npu_i/myip_npu_OCR_0/inst/u_pe_array/gen_ch[5].gen_k[2].u_pe/p0/A[29:0] is not pipelined. Pipelining DSP48 input will improve performance.
Related violations: <none>

DPIP-1#102 Warning
Input pipelining  
DSP soc_npu_i/myip_npu_OCR_0/inst/u_pe_array/gen_ch[5].gen_k[2].u_pe/p0 input soc_npu_i/myip_npu_OCR_0/inst/u_pe_array/gen_ch[5].gen_k[2].u_pe/p0/B[17:0] is not pipelined. Pipelining DSP48 input will improve performance.
Related violations: <none>

DPIP-1#103 Warning
Input pipelining  
DSP soc_npu_i/myip_npu_OCR_0/inst/u_pe_array/gen_ch[5].gen_k[3].u_pe/p0 input soc_npu_i/myip_npu_OCR_0/inst/u_pe_array/gen_ch[5].gen_k[3].u_pe/p0/A[29:0] is not pipelined. Pipelining DSP48 input will improve performance.
Related violations: <none>

DPIP-1#104 Warning
Input pipelining  
DSP soc_npu_i/myip_npu_OCR_0/inst/u_pe_array/gen_ch[5].gen_k[3].u_pe/p0 input soc_npu_i/myip_npu_OCR_0/inst/u_pe_array/gen_ch[5].gen_k[3].u_pe/p0/B[17:0] is not pipelined. Pipelining DSP48 input will improve performance.
Related violations: <none>

DPIP-1#105 Warning
Input pipelining  
DSP soc_npu_i/myip_npu_OCR_0/inst/u_pe_array/gen_ch[5].gen_k[4].u_pe/p0 input soc_npu_i/myip_npu_OCR_0/inst/u_pe_array/gen_ch[5].gen_k[4].u_pe/p0/A[29:0] is not pipelined. Pipelining DSP48 input will improve performance.
Related violations: <none>

DPIP-1#106 Warning
Input pipelining  
DSP soc_npu_i/myip_npu_OCR_0/inst/u_pe_array/gen_ch[5].gen_k[4].u_pe/p0 input soc_npu_i/myip_npu_OCR_0/inst/u_pe_array/gen_ch[5].gen_k[4].u_pe/p0/B[17:0] is not pipelined. Pipelining DSP48 input will improve performance.
Related violations: <none>

DPIP-1#107 Warning
Input pipelining  
DSP soc_npu_i/myip_npu_OCR_0/inst/u_pe_array/gen_ch[5].gen_k[5].u_pe/p0 input soc_npu_i/myip_npu_OCR_0/inst/u_pe_array/gen_ch[5].gen_k[5].u_pe/p0/A[29:0] is not pipelined. Pipelining DSP48 input will improve performance.
Related violations: <none>

DPIP-1#108 Warning
Input pipelining  
DSP soc_npu_i/myip_npu_OCR_0/inst/u_pe_array/gen_ch[5].gen_k[5].u_pe/p0 input soc_npu_i/myip_npu_OCR_0/inst/u_pe_array/gen_ch[5].gen_k[5].u_pe/p0/B[17:0] is not pipelined. Pipelining DSP48 input will improve performance.
Related violations: <none>

DPIP-1#109 Warning
Input pipelining  
DSP soc_npu_i/myip_npu_OCR_0/inst/u_pe_array/gen_ch[5].gen_k[6].u_pe/p0 input soc_npu_i/myip_npu_OCR_0/inst/u_pe_array/gen_ch[5].gen_k[6].u_pe/p0/A[29:0] is not pipelined. Pipelining DSP48 input will improve performance.
Related violations: <none>

DPIP-1#110 Warning
Input pipelining  
DSP soc_npu_i/myip_npu_OCR_0/inst/u_pe_array/gen_ch[5].gen_k[6].u_pe/p0 input soc_npu_i/myip_npu_OCR_0/inst/u_pe_array/gen_ch[5].gen_k[6].u_pe/p0/B[17:0] is not pipelined. Pipelining DSP48 input will improve performance.
Related violations: <none>

DPIP-1#111 Warning
Input pipelining  
DSP soc_npu_i/myip_npu_OCR_0/inst/u_pe_array/gen_ch[5].gen_k[7].u_pe/p0 input soc_npu_i/myip_npu_OCR_0/inst/u_pe_array/gen_ch[5].gen_k[7].u_pe/p0/A[29:0] is not pipelined. Pipelining DSP48 input will improve performance.
Related violations: <none>

DPIP-1#112 Warning
Input pipelining  
DSP soc_npu_i/myip_npu_OCR_0/inst/u_pe_array/gen_ch[5].gen_k[7].u_pe/p0 input soc_npu_i/myip_npu_OCR_0/inst/u_pe_array/gen_ch[5].gen_k[7].u_pe/p0/B[17:0] is not pipelined. Pipelining DSP48 input will improve performance.
Related violations: <none>

DPIP-1#113 Warning
Input pipelining  
DSP soc_npu_i/myip_npu_OCR_0/inst/u_pe_array/gen_ch[5].gen_k[8].u_pe/p0 input soc_npu_i/myip_npu_OCR_0/inst/u_pe_array/gen_ch[5].gen_k[8].u_pe/p0/A[29:0] is not pipelined. Pipelining DSP48 input will improve performance.
Related violations: <none>

DPIP-1#114 Warning
Input pipelining  
DSP soc_npu_i/myip_npu_OCR_0/inst/u_pe_array/gen_ch[5].gen_k[8].u_pe/p0 input soc_npu_i/myip_npu_OCR_0/inst/u_pe_array/gen_ch[5].gen_k[8].u_pe/p0/B[17:0] is not pipelined. Pipelining DSP48 input will improve performance.
Related violations: <none>

DPIP-1#115 Warning
Input pipelining  
DSP soc_npu_i/myip_npu_OCR_0/inst/u_pe_array/gen_ch[6].gen_k[0].u_pe/p0 input soc_npu_i/myip_npu_OCR_0/inst/u_pe_array/gen_ch[6].gen_k[0].u_pe/p0/A[29:0] is not pipelined. Pipelining DSP48 input will improve performance.
Related violations: <none>

DPIP-1#116 Warning
Input pipelining  
DSP soc_npu_i/myip_npu_OCR_0/inst/u_pe_array/gen_ch[6].gen_k[0].u_pe/p0 input soc_npu_i/myip_npu_OCR_0/inst/u_pe_array/gen_ch[6].gen_k[0].u_pe/p0/B[17:0] is not pipelined. Pipelining DSP48 input will improve performance.
Related violations: <none>

DPIP-1#117 Warning
Input pipelining  
DSP soc_npu_i/myip_npu_OCR_0/inst/u_pe_array/gen_ch[6].gen_k[1].u_pe/p0 input soc_npu_i/myip_npu_OCR_0/inst/u_pe_array/gen_ch[6].gen_k[1].u_pe/p0/A[29:0] is not pipelined. Pipelining DSP48 input will improve performance.
Related violations: <none>

DPIP-1#118 Warning
Input pipelining  
DSP soc_npu_i/myip_npu_OCR_0/inst/u_pe_array/gen_ch[6].gen_k[1].u_pe/p0 input soc_npu_i/myip_npu_OCR_0/inst/u_pe_array/gen_ch[6].gen_k[1].u_pe/p0/B[17:0] is not pipelined. Pipelining DSP48 input will improve performance.
Related violations: <none>

DPIP-1#119 Warning
Input pipelining  
DSP soc_npu_i/myip_npu_OCR_0/inst/u_pe_array/gen_ch[6].gen_k[2].u_pe/p0 input soc_npu_i/myip_npu_OCR_0/inst/u_pe_array/gen_ch[6].gen_k[2].u_pe/p0/A[29:0] is not pipelined. Pipelining DSP48 input will improve performance.
Related violations: <none>

DPIP-1#120 Warning
Input pipelining  
DSP soc_npu_i/myip_npu_OCR_0/inst/u_pe_array/gen_ch[6].gen_k[2].u_pe/p0 input soc_npu_i/myip_npu_OCR_0/inst/u_pe_array/gen_ch[6].gen_k[2].u_pe/p0/B[17:0] is not pipelined. Pipelining DSP48 input will improve performance.
Related violations: <none>

DPIP-1#121 Warning
Input pipelining  
DSP soc_npu_i/myip_npu_OCR_0/inst/u_pe_array/gen_ch[6].gen_k[3].u_pe/p0 input soc_npu_i/myip_npu_OCR_0/inst/u_pe_array/gen_ch[6].gen_k[3].u_pe/p0/A[29:0] is not pipelined. Pipelining DSP48 input will improve performance.
Related violations: <none>

DPIP-1#122 Warning
Input pipelining  
DSP soc_npu_i/myip_npu_OCR_0/inst/u_pe_array/gen_ch[6].gen_k[3].u_pe/p0 input soc_npu_i/myip_npu_OCR_0/inst/u_pe_array/gen_ch[6].gen_k[3].u_pe/p0/B[17:0] is not pipelined. Pipelining DSP48 input will improve performance.
Related violations: <none>

DPIP-1#123 Warning
Input pipelining  
DSP soc_npu_i/myip_npu_OCR_0/inst/u_pe_array/gen_ch[6].gen_k[4].u_pe/p0 input soc_npu_i/myip_npu_OCR_0/inst/u_pe_array/gen_ch[6].gen_k[4].u_pe/p0/A[29:0] is not pipelined. Pipelining DSP48 input will improve performance.
Related violations: <none>

DPIP-1#124 Warning
Input pipelining  
DSP soc_npu_i/myip_npu_OCR_0/inst/u_pe_array/gen_ch[6].gen_k[4].u_pe/p0 input soc_npu_i/myip_npu_OCR_0/inst/u_pe_array/gen_ch[6].gen_k[4].u_pe/p0/B[17:0] is not pipelined. Pipelining DSP48 input will improve performance.
Related violations: <none>

DPIP-1#125 Warning
Input pipelining  
DSP soc_npu_i/myip_npu_OCR_0/inst/u_pe_array/gen_ch[6].gen_k[5].u_pe/p0 input soc_npu_i/myip_npu_OCR_0/inst/u_pe_array/gen_ch[6].gen_k[5].u_pe/p0/A[29:0] is not pipelined. Pipelining DSP48 input will improve performance.
Related violations: <none>

DPIP-1#126 Warning
Input pipelining  
DSP soc_npu_i/myip_npu_OCR_0/inst/u_pe_array/gen_ch[6].gen_k[5].u_pe/p0 input soc_npu_i/myip_npu_OCR_0/inst/u_pe_array/gen_ch[6].gen_k[5].u_pe/p0/B[17:0] is not pipelined. Pipelining DSP48 input will improve performance.
Related violations: <none>

DPIP-1#127 Warning
Input pipelining  
DSP soc_npu_i/myip_npu_OCR_0/inst/u_pe_array/gen_ch[6].gen_k[6].u_pe/p0 input soc_npu_i/myip_npu_OCR_0/inst/u_pe_array/gen_ch[6].gen_k[6].u_pe/p0/A[29:0] is not pipelined. Pipelining DSP48 input will improve performance.
Related violations: <none>

DPIP-1#128 Warning
Input pipelining  
DSP soc_npu_i/myip_npu_OCR_0/inst/u_pe_array/gen_ch[6].gen_k[6].u_pe/p0 input soc_npu_i/myip_npu_OCR_0/inst/u_pe_array/gen_ch[6].gen_k[6].u_pe/p0/B[17:0] is not pipelined. Pipelining DSP48 input will improve performance.
Related violations: <none>

DPIP-1#129 Warning
Input pipelining  
DSP soc_npu_i/myip_npu_OCR_0/inst/u_pe_array/gen_ch[6].gen_k[7].u_pe/p0 input soc_npu_i/myip_npu_OCR_0/inst/u_pe_array/gen_ch[6].gen_k[7].u_pe/p0/A[29:0] is not pipelined. Pipelining DSP48 input will improve performance.
Related violations: <none>

DPIP-1#130 Warning
Input pipelining  
DSP soc_npu_i/myip_npu_OCR_0/inst/u_pe_array/gen_ch[6].gen_k[7].u_pe/p0 input soc_npu_i/myip_npu_OCR_0/inst/u_pe_array/gen_ch[6].gen_k[7].u_pe/p0/B[17:0] is not pipelined. Pipelining DSP48 input will improve performance.
Related violations: <none>

DPIP-1#131 Warning
Input pipelining  
DSP soc_npu_i/myip_npu_OCR_0/inst/u_pe_array/gen_ch[6].gen_k[8].u_pe/p0 input soc_npu_i/myip_npu_OCR_0/inst/u_pe_array/gen_ch[6].gen_k[8].u_pe/p0/A[29:0] is not pipelined. Pipelining DSP48 input will improve performance.
Related violations: <none>

DPIP-1#132 Warning
Input pipelining  
DSP soc_npu_i/myip_npu_OCR_0/inst/u_pe_array/gen_ch[6].gen_k[8].u_pe/p0 input soc_npu_i/myip_npu_OCR_0/inst/u_pe_array/gen_ch[6].gen_k[8].u_pe/p0/B[17:0] is not pipelined. Pipelining DSP48 input will improve performance.
Related violations: <none>

DPIP-1#133 Warning
Input pipelining  
DSP soc_npu_i/myip_npu_OCR_0/inst/u_pe_array/gen_ch[7].gen_k[0].u_pe/p0 input soc_npu_i/myip_npu_OCR_0/inst/u_pe_array/gen_ch[7].gen_k[0].u_pe/p0/A[29:0] is not pipelined. Pipelining DSP48 input will improve performance.
Related violations: <none>

DPIP-1#134 Warning
Input pipelining  
DSP soc_npu_i/myip_npu_OCR_0/inst/u_pe_array/gen_ch[7].gen_k[0].u_pe/p0 input soc_npu_i/myip_npu_OCR_0/inst/u_pe_array/gen_ch[7].gen_k[0].u_pe/p0/B[17:0] is not pipelined. Pipelining DSP48 input will improve performance.
Related violations: <none>

DPIP-1#135 Warning
Input pipelining  
DSP soc_npu_i/myip_npu_OCR_0/inst/u_pe_array/gen_ch[7].gen_k[1].u_pe/p0 input soc_npu_i/myip_npu_OCR_0/inst/u_pe_array/gen_ch[7].gen_k[1].u_pe/p0/A[29:0] is not pipelined. Pipelining DSP48 input will improve performance.
Related violations: <none>

DPIP-1#136 Warning
Input pipelining  
DSP soc_npu_i/myip_npu_OCR_0/inst/u_pe_array/gen_ch[7].gen_k[1].u_pe/p0 input soc_npu_i/myip_npu_OCR_0/inst/u_pe_array/gen_ch[7].gen_k[1].u_pe/p0/B[17:0] is not pipelined. Pipelining DSP48 input will improve performance.
Related violations: <none>

DPIP-1#137 Warning
Input pipelining  
DSP soc_npu_i/myip_npu_OCR_0/inst/u_pe_array/gen_ch[7].gen_k[2].u_pe/p0 input soc_npu_i/myip_npu_OCR_0/inst/u_pe_array/gen_ch[7].gen_k[2].u_pe/p0/A[29:0] is not pipelined. Pipelining DSP48 input will improve performance.
Related violations: <none>

DPIP-1#138 Warning
Input pipelining  
DSP soc_npu_i/myip_npu_OCR_0/inst/u_pe_array/gen_ch[7].gen_k[2].u_pe/p0 input soc_npu_i/myip_npu_OCR_0/inst/u_pe_array/gen_ch[7].gen_k[2].u_pe/p0/B[17:0] is not pipelined. Pipelining DSP48 input will improve performance.
Related violations: <none>

DPIP-1#139 Warning
Input pipelining  
DSP soc_npu_i/myip_npu_OCR_0/inst/u_pe_array/gen_ch[7].gen_k[3].u_pe/p0 input soc_npu_i/myip_npu_OCR_0/inst/u_pe_array/gen_ch[7].gen_k[3].u_pe/p0/A[29:0] is not pipelined. Pipelining DSP48 input will improve performance.
Related violations: <none>

DPIP-1#140 Warning
Input pipelining  
DSP soc_npu_i/myip_npu_OCR_0/inst/u_pe_array/gen_ch[7].gen_k[3].u_pe/p0 input soc_npu_i/myip_npu_OCR_0/inst/u_pe_array/gen_ch[7].gen_k[3].u_pe/p0/B[17:0] is not pipelined. Pipelining DSP48 input will improve performance.
Related violations: <none>

DPIP-1#141 Warning
Input pipelining  
DSP soc_npu_i/myip_npu_OCR_0/inst/u_pe_array/gen_ch[7].gen_k[4].u_pe/p0 input soc_npu_i/myip_npu_OCR_0/inst/u_pe_array/gen_ch[7].gen_k[4].u_pe/p0/A[29:0] is not pipelined. Pipelining DSP48 input will improve performance.
Related violations: <none>

DPIP-1#142 Warning
Input pipelining  
DSP soc_npu_i/myip_npu_OCR_0/inst/u_pe_array/gen_ch[7].gen_k[4].u_pe/p0 input soc_npu_i/myip_npu_OCR_0/inst/u_pe_array/gen_ch[7].gen_k[4].u_pe/p0/B[17:0] is not pipelined. Pipelining DSP48 input will improve performance.
Related violations: <none>

DPIP-1#143 Warning
Input pipelining  
DSP soc_npu_i/myip_npu_OCR_0/inst/u_pe_array/gen_ch[7].gen_k[5].u_pe/p0 input soc_npu_i/myip_npu_OCR_0/inst/u_pe_array/gen_ch[7].gen_k[5].u_pe/p0/A[29:0] is not pipelined. Pipelining DSP48 input will improve performance.
Related violations: <none>

DPIP-1#144 Warning
Input pipelining  
DSP soc_npu_i/myip_npu_OCR_0/inst/u_pe_array/gen_ch[7].gen_k[5].u_pe/p0 input soc_npu_i/myip_npu_OCR_0/inst/u_pe_array/gen_ch[7].gen_k[5].u_pe/p0/B[17:0] is not pipelined. Pipelining DSP48 input will improve performance.
Related violations: <none>

DPIP-1#145 Warning
Input pipelining  
DSP soc_npu_i/myip_npu_OCR_0/inst/u_pe_array/gen_ch[7].gen_k[6].u_pe/p0 input soc_npu_i/myip_npu_OCR_0/inst/u_pe_array/gen_ch[7].gen_k[6].u_pe/p0/A[29:0] is not pipelined. Pipelining DSP48 input will improve performance.
Related violations: <none>

DPIP-1#146 Warning
Input pipelining  
DSP soc_npu_i/myip_npu_OCR_0/inst/u_pe_array/gen_ch[7].gen_k[6].u_pe/p0 input soc_npu_i/myip_npu_OCR_0/inst/u_pe_array/gen_ch[7].gen_k[6].u_pe/p0/B[17:0] is not pipelined. Pipelining DSP48 input will improve performance.
Related violations: <none>

DPIP-1#147 Warning
Input pipelining  
DSP soc_npu_i/myip_npu_OCR_0/inst/u_pe_array/gen_ch[7].gen_k[7].u_pe/p0 input soc_npu_i/myip_npu_OCR_0/inst/u_pe_array/gen_ch[7].gen_k[7].u_pe/p0/A[29:0] is not pipelined. Pipelining DSP48 input will improve performance.
Related violations: <none>

DPIP-1#148 Warning
Input pipelining  
DSP soc_npu_i/myip_npu_OCR_0/inst/u_pe_array/gen_ch[7].gen_k[7].u_pe/p0 input soc_npu_i/myip_npu_OCR_0/inst/u_pe_array/gen_ch[7].gen_k[7].u_pe/p0/B[17:0] is not pipelined. Pipelining DSP48 input will improve performance.
Related violations: <none>

DPIP-1#149 Warning
Input pipelining  
DSP soc_npu_i/myip_npu_OCR_0/inst/u_pe_array/gen_ch[7].gen_k[8].u_pe/p0 input soc_npu_i/myip_npu_OCR_0/inst/u_pe_array/gen_ch[7].gen_k[8].u_pe/p0/A[29:0] is not pipelined. Pipelining DSP48 input will improve performance.
Related violations: <none>

DPIP-1#150 Warning
Input pipelining  
DSP soc_npu_i/myip_npu_OCR_0/inst/u_pe_array/gen_ch[7].gen_k[8].u_pe/p0 input soc_npu_i/myip_npu_OCR_0/inst/u_pe_array/gen_ch[7].gen_k[8].u_pe/p0/B[17:0] is not pipelined. Pipelining DSP48 input will improve performance.
Related violations: <none>

DPIP-1#151 Warning
Input pipelining  
DSP soc_npu_i/myip_npu_OCR_0/inst/u_pe_array/p_0_in input soc_npu_i/myip_npu_OCR_0/inst/u_pe_array/p_0_in/A[29:0] is not pipelined. Pipelining DSP48 input will improve performance.
Related violations: <none>

DPIP-1#152 Warning
Input pipelining  
DSP soc_npu_i/myip_npu_OCR_0/inst/u_pe_array/p_0_in input soc_npu_i/myip_npu_OCR_0/inst/u_pe_array/p_0_in/B[17:0] is not pipelined. Pipelining DSP48 input will improve performance.
Related violations: <none>

DPIP-1#153 Warning
Input pipelining  
DSP soc_npu_i/myip_npu_OCR_0/inst/u_pe_array/p_0_in input soc_npu_i/myip_npu_OCR_0/inst/u_pe_array/p_0_in/C[47:0] is not pipelined. Pipelining DSP48 input will improve performance.
Related violations: <none>

DPIP-1#154 Warning
Input pipelining  
DSP soc_npu_i/myip_npu_OCR_0/inst/u_pe_array/p_0_in__0 input soc_npu_i/myip_npu_OCR_0/inst/u_pe_array/p_0_in__0/A[29:0] is not pipelined. Pipelining DSP48 input will improve performance.
Related violations: <none>

DPIP-1#155 Warning
Input pipelining  
DSP soc_npu_i/myip_npu_OCR_0/inst/u_pe_array/p_0_in__0 input soc_npu_i/myip_npu_OCR_0/inst/u_pe_array/p_0_in__0/B[17:0] is not pipelined. Pipelining DSP48 input will improve performance.
Related violations: <none>

DPIP-1#156 Warning
Input pipelining  
DSP soc_npu_i/myip_npu_OCR_0/inst/u_pe_array/p_0_in__0 input soc_npu_i/myip_npu_OCR_0/inst/u_pe_array/p_0_in__0/C[47:0] is not pipelined. Pipelining DSP48 input will improve performance.
Related violations: <none>

DPIP-1#157 Warning
Input pipelining  
DSP soc_npu_i/myip_npu_OCR_0/inst/u_pe_array/p_0_in__1 input soc_npu_i/myip_npu_OCR_0/inst/u_pe_array/p_0_in__1/A[29:0] is not pipelined. Pipelining DSP48 input will improve performance.
Related violations: <none>

DPIP-1#158 Warning
Input pipelining  
DSP soc_npu_i/myip_npu_OCR_0/inst/u_pe_array/p_0_in__1 input soc_npu_i/myip_npu_OCR_0/inst/u_pe_array/p_0_in__1/B[17:0] is not pipelined. Pipelining DSP48 input will improve performance.
Related violations: <none>

DPIP-1#159 Warning
Input pipelining  
DSP soc_npu_i/myip_npu_OCR_0/inst/u_pe_array/p_0_in__1 input soc_npu_i/myip_npu_OCR_0/inst/u_pe_array/p_0_in__1/C[47:0] is not pipelined. Pipelining DSP48 input will improve performance.
Related violations: <none>

DPIP-1#160 Warning
Input pipelining  
DSP soc_npu_i/myip_npu_OCR_0/inst/u_pe_array/p_0_in__10 input soc_npu_i/myip_npu_OCR_0/inst/u_pe_array/p_0_in__10/A[29:0] is not pipelined. Pipelining DSP48 input will improve performance.
Related violations: <none>

DPIP-1#161 Warning
Input pipelining  
DSP soc_npu_i/myip_npu_OCR_0/inst/u_pe_array/p_0_in__10 input soc_npu_i/myip_npu_OCR_0/inst/u_pe_array/p_0_in__10/B[17:0] is not pipelined. Pipelining DSP48 input will improve performance.
Related violations: <none>

DPIP-1#162 Warning
Input pipelining  
DSP soc_npu_i/myip_npu_OCR_0/inst/u_pe_array/p_0_in__10 input soc_npu_i/myip_npu_OCR_0/inst/u_pe_array/p_0_in__10/C[47:0] is not pipelined. Pipelining DSP48 input will improve performance.
Related violations: <none>

DPIP-1#163 Warning
Input pipelining  
DSP soc_npu_i/myip_npu_OCR_0/inst/u_pe_array/p_0_in__11 input soc_npu_i/myip_npu_OCR_0/inst/u_pe_array/p_0_in__11/A[29:0] is not pipelined. Pipelining DSP48 input will improve performance.
Related violations: <none>

DPIP-1#164 Warning
Input pipelining  
DSP soc_npu_i/myip_npu_OCR_0/inst/u_pe_array/p_0_in__11 input soc_npu_i/myip_npu_OCR_0/inst/u_pe_array/p_0_in__11/B[17:0] is not pipelined. Pipelining DSP48 input will improve performance.
Related violations: <none>

DPIP-1#165 Warning
Input pipelining  
DSP soc_npu_i/myip_npu_OCR_0/inst/u_pe_array/p_0_in__11 input soc_npu_i/myip_npu_OCR_0/inst/u_pe_array/p_0_in__11/C[47:0] is not pipelined. Pipelining DSP48 input will improve performance.
Related violations: <none>

DPIP-1#166 Warning
Input pipelining  
DSP soc_npu_i/myip_npu_OCR_0/inst/u_pe_array/p_0_in__12 input soc_npu_i/myip_npu_OCR_0/inst/u_pe_array/p_0_in__12/A[29:0] is not pipelined. Pipelining DSP48 input will improve performance.
Related violations: <none>

DPIP-1#167 Warning
Input pipelining  
DSP soc_npu_i/myip_npu_OCR_0/inst/u_pe_array/p_0_in__12 input soc_npu_i/myip_npu_OCR_0/inst/u_pe_array/p_0_in__12/B[17:0] is not pipelined. Pipelining DSP48 input will improve performance.
Related violations: <none>

DPIP-1#168 Warning
Input pipelining  
DSP soc_npu_i/myip_npu_OCR_0/inst/u_pe_array/p_0_in__12 input soc_npu_i/myip_npu_OCR_0/inst/u_pe_array/p_0_in__12/C[47:0] is not pipelined. Pipelining DSP48 input will improve performance.
Related violations: <none>

DPIP-1#169 Warning
Input pipelining  
DSP soc_npu_i/myip_npu_OCR_0/inst/u_pe_array/p_0_in__13 input soc_npu_i/myip_npu_OCR_0/inst/u_pe_array/p_0_in__13/A[29:0] is not pipelined. Pipelining DSP48 input will improve performance.
Related violations: <none>

DPIP-1#170 Warning
Input pipelining  
DSP soc_npu_i/myip_npu_OCR_0/inst/u_pe_array/p_0_in__13 input soc_npu_i/myip_npu_OCR_0/inst/u_pe_array/p_0_in__13/B[17:0] is not pipelined. Pipelining DSP48 input will improve performance.
Related violations: <none>

DPIP-1#171 Warning
Input pipelining  
DSP soc_npu_i/myip_npu_OCR_0/inst/u_pe_array/p_0_in__13 input soc_npu_i/myip_npu_OCR_0/inst/u_pe_array/p_0_in__13/C[47:0] is not pipelined. Pipelining DSP48 input will improve performance.
Related violations: <none>

DPIP-1#172 Warning
Input pipelining  
DSP soc_npu_i/myip_npu_OCR_0/inst/u_pe_array/p_0_in__14 input soc_npu_i/myip_npu_OCR_0/inst/u_pe_array/p_0_in__14/A[29:0] is not pipelined. Pipelining DSP48 input will improve performance.
Related violations: <none>

DPIP-1#173 Warning
Input pipelining  
DSP soc_npu_i/myip_npu_OCR_0/inst/u_pe_array/p_0_in__14 input soc_npu_i/myip_npu_OCR_0/inst/u_pe_array/p_0_in__14/B[17:0] is not pipelined. Pipelining DSP48 input will improve performance.
Related violations: <none>

DPIP-1#174 Warning
Input pipelining  
DSP soc_npu_i/myip_npu_OCR_0/inst/u_pe_array/p_0_in__14 input soc_npu_i/myip_npu_OCR_0/inst/u_pe_array/p_0_in__14/C[47:0] is not pipelined. Pipelining DSP48 input will improve performance.
Related violations: <none>

DPIP-1#175 Warning
Input pipelining  
DSP soc_npu_i/myip_npu_OCR_0/inst/u_pe_array/p_0_in__15 input soc_npu_i/myip_npu_OCR_0/inst/u_pe_array/p_0_in__15/A[29:0] is not pipelined. Pipelining DSP48 input will improve performance.
Related violations: <none>

DPIP-1#176 Warning
Input pipelining  
DSP soc_npu_i/myip_npu_OCR_0/inst/u_pe_array/p_0_in__15 input soc_npu_i/myip_npu_OCR_0/inst/u_pe_array/p_0_in__15/B[17:0] is not pipelined. Pipelining DSP48 input will improve performance.
Related violations: <none>

DPIP-1#177 Warning
Input pipelining  
DSP soc_npu_i/myip_npu_OCR_0/inst/u_pe_array/p_0_in__15 input soc_npu_i/myip_npu_OCR_0/inst/u_pe_array/p_0_in__15/C[47:0] is not pipelined. Pipelining DSP48 input will improve performance.
Related violations: <none>

DPIP-1#178 Warning
Input pipelining  
DSP soc_npu_i/myip_npu_OCR_0/inst/u_pe_array/p_0_in__16 input soc_npu_i/myip_npu_OCR_0/inst/u_pe_array/p_0_in__16/A[29:0] is not pipelined. Pipelining DSP48 input will improve performance.
Related violations: <none>

DPIP-1#179 Warning
Input pipelining  
DSP soc_npu_i/myip_npu_OCR_0/inst/u_pe_array/p_0_in__16 input soc_npu_i/myip_npu_OCR_0/inst/u_pe_array/p_0_in__16/B[17:0] is not pipelined. Pipelining DSP48 input will improve performance.
Related violations: <none>

DPIP-1#180 Warning
Input pipelining  
DSP soc_npu_i/myip_npu_OCR_0/inst/u_pe_array/p_0_in__16 input soc_npu_i/myip_npu_OCR_0/inst/u_pe_array/p_0_in__16/C[47:0] is not pipelined. Pipelining DSP48 input will improve performance.
Related violations: <none>

DPIP-1#181 Warning
Input pipelining  
DSP soc_npu_i/myip_npu_OCR_0/inst/u_pe_array/p_0_in__17 input soc_npu_i/myip_npu_OCR_0/inst/u_pe_array/p_0_in__17/A[29:0] is not pipelined. Pipelining DSP48 input will improve performance.
Related violations: <none>

DPIP-1#182 Warning
Input pipelining  
DSP soc_npu_i/myip_npu_OCR_0/inst/u_pe_array/p_0_in__17 input soc_npu_i/myip_npu_OCR_0/inst/u_pe_array/p_0_in__17/B[17:0] is not pipelined. Pipelining DSP48 input will improve performance.
Related violations: <none>

DPIP-1#183 Warning
Input pipelining  
DSP soc_npu_i/myip_npu_OCR_0/inst/u_pe_array/p_0_in__17 input soc_npu_i/myip_npu_OCR_0/inst/u_pe_array/p_0_in__17/C[47:0] is not pipelined. Pipelining DSP48 input will improve performance.
Related violations: <none>

DPIP-1#184 Warning
Input pipelining  
DSP soc_npu_i/myip_npu_OCR_0/inst/u_pe_array/p_0_in__18 input soc_npu_i/myip_npu_OCR_0/inst/u_pe_array/p_0_in__18/A[29:0] is not pipelined. Pipelining DSP48 input will improve performance.
Related violations: <none>

DPIP-1#185 Warning
Input pipelining  
DSP soc_npu_i/myip_npu_OCR_0/inst/u_pe_array/p_0_in__18 input soc_npu_i/myip_npu_OCR_0/inst/u_pe_array/p_0_in__18/B[17:0] is not pipelined. Pipelining DSP48 input will improve performance.
Related violations: <none>

DPIP-1#186 Warning
Input pipelining  
DSP soc_npu_i/myip_npu_OCR_0/inst/u_pe_array/p_0_in__18 input soc_npu_i/myip_npu_OCR_0/inst/u_pe_array/p_0_in__18/C[47:0] is not pipelined. Pipelining DSP48 input will improve performance.
Related violations: <none>

DPIP-1#187 Warning
Input pipelining  
DSP soc_npu_i/myip_npu_OCR_0/inst/u_pe_array/p_0_in__19 input soc_npu_i/myip_npu_OCR_0/inst/u_pe_array/p_0_in__19/A[29:0] is not pipelined. Pipelining DSP48 input will improve performance.
Related violations: <none>

DPIP-1#188 Warning
Input pipelining  
DSP soc_npu_i/myip_npu_OCR_0/inst/u_pe_array/p_0_in__19 input soc_npu_i/myip_npu_OCR_0/inst/u_pe_array/p_0_in__19/B[17:0] is not pipelined. Pipelining DSP48 input will improve performance.
Related violations: <none>

DPIP-1#189 Warning
Input pipelining  
DSP soc_npu_i/myip_npu_OCR_0/inst/u_pe_array/p_0_in__19 input soc_npu_i/myip_npu_OCR_0/inst/u_pe_array/p_0_in__19/C[47:0] is not pipelined. Pipelining DSP48 input will improve performance.
Related violations: <none>

DPIP-1#190 Warning
Input pipelining  
DSP soc_npu_i/myip_npu_OCR_0/inst/u_pe_array/p_0_in__2 input soc_npu_i/myip_npu_OCR_0/inst/u_pe_array/p_0_in__2/A[29:0] is not pipelined. Pipelining DSP48 input will improve performance.
Related violations: <none>

DPIP-1#191 Warning
Input pipelining  
DSP soc_npu_i/myip_npu_OCR_0/inst/u_pe_array/p_0_in__2 input soc_npu_i/myip_npu_OCR_0/inst/u_pe_array/p_0_in__2/B[17:0] is not pipelined. Pipelining DSP48 input will improve performance.
Related violations: <none>

DPIP-1#192 Warning
Input pipelining  
DSP soc_npu_i/myip_npu_OCR_0/inst/u_pe_array/p_0_in__2 input soc_npu_i/myip_npu_OCR_0/inst/u_pe_array/p_0_in__2/C[47:0] is not pipelined. Pipelining DSP48 input will improve performance.
Related violations: <none>

DPIP-1#193 Warning
Input pipelining  
DSP soc_npu_i/myip_npu_OCR_0/inst/u_pe_array/p_0_in__20 input soc_npu_i/myip_npu_OCR_0/inst/u_pe_array/p_0_in__20/A[29:0] is not pipelined. Pipelining DSP48 input will improve performance.
Related violations: <none>

DPIP-1#194 Warning
Input pipelining  
DSP soc_npu_i/myip_npu_OCR_0/inst/u_pe_array/p_0_in__20 input soc_npu_i/myip_npu_OCR_0/inst/u_pe_array/p_0_in__20/B[17:0] is not pipelined. Pipelining DSP48 input will improve performance.
Related violations: <none>

DPIP-1#195 Warning
Input pipelining  
DSP soc_npu_i/myip_npu_OCR_0/inst/u_pe_array/p_0_in__20 input soc_npu_i/myip_npu_OCR_0/inst/u_pe_array/p_0_in__20/C[47:0] is not pipelined. Pipelining DSP48 input will improve performance.
Related violations: <none>

DPIP-1#196 Warning
Input pipelining  
DSP soc_npu_i/myip_npu_OCR_0/inst/u_pe_array/p_0_in__21 input soc_npu_i/myip_npu_OCR_0/inst/u_pe_array/p_0_in__21/A[29:0] is not pipelined. Pipelining DSP48 input will improve performance.
Related violations: <none>

DPIP-1#197 Warning
Input pipelining  
DSP soc_npu_i/myip_npu_OCR_0/inst/u_pe_array/p_0_in__21 input soc_npu_i/myip_npu_OCR_0/inst/u_pe_array/p_0_in__21/B[17:0] is not pipelined. Pipelining DSP48 input will improve performance.
Related violations: <none>

DPIP-1#198 Warning
Input pipelining  
DSP soc_npu_i/myip_npu_OCR_0/inst/u_pe_array/p_0_in__21 input soc_npu_i/myip_npu_OCR_0/inst/u_pe_array/p_0_in__21/C[47:0] is not pipelined. Pipelining DSP48 input will improve performance.
Related violations: <none>

DPIP-1#199 Warning
Input pipelining  
DSP soc_npu_i/myip_npu_OCR_0/inst/u_pe_array/p_0_in__22 input soc_npu_i/myip_npu_OCR_0/inst/u_pe_array/p_0_in__22/A[29:0] is not pipelined. Pipelining DSP48 input will improve performance.
Related violations: <none>

DPIP-1#200 Warning
Input pipelining  
DSP soc_npu_i/myip_npu_OCR_0/inst/u_pe_array/p_0_in__22 input soc_npu_i/myip_npu_OCR_0/inst/u_pe_array/p_0_in__22/B[17:0] is not pipelined. Pipelining DSP48 input will improve performance.
Related violations: <none>

DPIP-1#201 Warning
Input pipelining  
DSP soc_npu_i/myip_npu_OCR_0/inst/u_pe_array/p_0_in__22 input soc_npu_i/myip_npu_OCR_0/inst/u_pe_array/p_0_in__22/C[47:0] is not pipelined. Pipelining DSP48 input will improve performance.
Related violations: <none>

DPIP-1#202 Warning
Input pipelining  
DSP soc_npu_i/myip_npu_OCR_0/inst/u_pe_array/p_0_in__3 input soc_npu_i/myip_npu_OCR_0/inst/u_pe_array/p_0_in__3/A[29:0] is not pipelined. Pipelining DSP48 input will improve performance.
Related violations: <none>

DPIP-1#203 Warning
Input pipelining  
DSP soc_npu_i/myip_npu_OCR_0/inst/u_pe_array/p_0_in__3 input soc_npu_i/myip_npu_OCR_0/inst/u_pe_array/p_0_in__3/B[17:0] is not pipelined. Pipelining DSP48 input will improve performance.
Related violations: <none>

DPIP-1#204 Warning
Input pipelining  
DSP soc_npu_i/myip_npu_OCR_0/inst/u_pe_array/p_0_in__3 input soc_npu_i/myip_npu_OCR_0/inst/u_pe_array/p_0_in__3/C[47:0] is not pipelined. Pipelining DSP48 input will improve performance.
Related violations: <none>

DPIP-1#205 Warning
Input pipelining  
DSP soc_npu_i/myip_npu_OCR_0/inst/u_pe_array/p_0_in__4 input soc_npu_i/myip_npu_OCR_0/inst/u_pe_array/p_0_in__4/A[29:0] is not pipelined. Pipelining DSP48 input will improve performance.
Related violations: <none>

DPIP-1#206 Warning
Input pipelining  
DSP soc_npu_i/myip_npu_OCR_0/inst/u_pe_array/p_0_in__4 input soc_npu_i/myip_npu_OCR_0/inst/u_pe_array/p_0_in__4/B[17:0] is not pipelined. Pipelining DSP48 input will improve performance.
Related violations: <none>

DPIP-1#207 Warning
Input pipelining  
DSP soc_npu_i/myip_npu_OCR_0/inst/u_pe_array/p_0_in__4 input soc_npu_i/myip_npu_OCR_0/inst/u_pe_array/p_0_in__4/C[47:0] is not pipelined. Pipelining DSP48 input will improve performance.
Related violations: <none>

DPIP-1#208 Warning
Input pipelining  
DSP soc_npu_i/myip_npu_OCR_0/inst/u_pe_array/p_0_in__5 input soc_npu_i/myip_npu_OCR_0/inst/u_pe_array/p_0_in__5/A[29:0] is not pipelined. Pipelining DSP48 input will improve performance.
Related violations: <none>

DPIP-1#209 Warning
Input pipelining  
DSP soc_npu_i/myip_npu_OCR_0/inst/u_pe_array/p_0_in__5 input soc_npu_i/myip_npu_OCR_0/inst/u_pe_array/p_0_in__5/B[17:0] is not pipelined. Pipelining DSP48 input will improve performance.
Related violations: <none>

DPIP-1#210 Warning
Input pipelining  
DSP soc_npu_i/myip_npu_OCR_0/inst/u_pe_array/p_0_in__5 input soc_npu_i/myip_npu_OCR_0/inst/u_pe_array/p_0_in__5/C[47:0] is not pipelined. Pipelining DSP48 input will improve performance.
Related violations: <none>

DPIP-1#211 Warning
Input pipelining  
DSP soc_npu_i/myip_npu_OCR_0/inst/u_pe_array/p_0_in__6 input soc_npu_i/myip_npu_OCR_0/inst/u_pe_array/p_0_in__6/A[29:0] is not pipelined. Pipelining DSP48 input will improve performance.
Related violations: <none>

DPIP-1#212 Warning
Input pipelining  
DSP soc_npu_i/myip_npu_OCR_0/inst/u_pe_array/p_0_in__6 input soc_npu_i/myip_npu_OCR_0/inst/u_pe_array/p_0_in__6/B[17:0] is not pipelined. Pipelining DSP48 input will improve performance.
Related violations: <none>

DPIP-1#213 Warning
Input pipelining  
DSP soc_npu_i/myip_npu_OCR_0/inst/u_pe_array/p_0_in__6 input soc_npu_i/myip_npu_OCR_0/inst/u_pe_array/p_0_in__6/C[47:0] is not pipelined. Pipelining DSP48 input will improve performance.
Related violations: <none>

DPIP-1#214 Warning
Input pipelining  
DSP soc_npu_i/myip_npu_OCR_0/inst/u_pe_array/p_0_in__7 input soc_npu_i/myip_npu_OCR_0/inst/u_pe_array/p_0_in__7/A[29:0] is not pipelined. Pipelining DSP48 input will improve performance.
Related violations: <none>

DPIP-1#215 Warning
Input pipelining  
DSP soc_npu_i/myip_npu_OCR_0/inst/u_pe_array/p_0_in__7 input soc_npu_i/myip_npu_OCR_0/inst/u_pe_array/p_0_in__7/B[17:0] is not pipelined. Pipelining DSP48 input will improve performance.
Related violations: <none>

DPIP-1#216 Warning
Input pipelining  
DSP soc_npu_i/myip_npu_OCR_0/inst/u_pe_array/p_0_in__7 input soc_npu_i/myip_npu_OCR_0/inst/u_pe_array/p_0_in__7/C[47:0] is not pipelined. Pipelining DSP48 input will improve performance.
Related violations: <none>

DPIP-1#217 Warning
Input pipelining  
DSP soc_npu_i/myip_npu_OCR_0/inst/u_pe_array/p_0_in__8 input soc_npu_i/myip_npu_OCR_0/inst/u_pe_array/p_0_in__8/A[29:0] is not pipelined. Pipelining DSP48 input will improve performance.
Related violations: <none>

DPIP-1#218 Warning
Input pipelining  
DSP soc_npu_i/myip_npu_OCR_0/inst/u_pe_array/p_0_in__8 input soc_npu_i/myip_npu_OCR_0/inst/u_pe_array/p_0_in__8/B[17:0] is not pipelined. Pipelining DSP48 input will improve performance.
Related violations: <none>

DPIP-1#219 Warning
Input pipelining  
DSP soc_npu_i/myip_npu_OCR_0/inst/u_pe_array/p_0_in__8 input soc_npu_i/myip_npu_OCR_0/inst/u_pe_array/p_0_in__8/C[47:0] is not pipelined. Pipelining DSP48 input will improve performance.
Related violations: <none>

DPIP-1#220 Warning
Input pipelining  
DSP soc_npu_i/myip_npu_OCR_0/inst/u_pe_array/p_0_in__9 input soc_npu_i/myip_npu_OCR_0/inst/u_pe_array/p_0_in__9/A[29:0] is not pipelined. Pipelining DSP48 input will improve performance.
Related violations: <none>

DPIP-1#221 Warning
Input pipelining  
DSP soc_npu_i/myip_npu_OCR_0/inst/u_pe_array/p_0_in__9 input soc_npu_i/myip_npu_OCR_0/inst/u_pe_array/p_0_in__9/B[17:0] is not pipelined. Pipelining DSP48 input will improve performance.
Related violations: <none>

DPIP-1#222 Warning
Input pipelining  
DSP soc_npu_i/myip_npu_OCR_0/inst/u_pe_array/p_0_in__9 input soc_npu_i/myip_npu_OCR_0/inst/u_pe_array/p_0_in__9/C[47:0] is not pipelined. Pipelining DSP48 input will improve performance.
Related violations: <none>

DPIP-1#223 Warning
Input pipelining  
DSP soc_npu_i/myip_npu_OCR_0/inst/u_pe_array/p_0_out input soc_npu_i/myip_npu_OCR_0/inst/u_pe_array/p_0_out/A[29:0] is not pipelined. Pipelining DSP48 input will improve performance.
Related violations: <none>

DPIP-1#224 Warning
Input pipelining  
DSP soc_npu_i/myip_npu_OCR_0/inst/u_pe_array/p_0_out input soc_npu_i/myip_npu_OCR_0/inst/u_pe_array/p_0_out/B[17:0] is not pipelined. Pipelining DSP48 input will improve performance.
Related violations: <none>

DPIP-1#225 Warning
Input pipelining  
DSP soc_npu_i/myip_npu_OCR_0/inst/u_pe_array/p_0_out input soc_npu_i/myip_npu_OCR_0/inst/u_pe_array/p_0_out/C[47:0] is not pipelined. Pipelining DSP48 input will improve performance.
Related violations: <none>

DPIP-1#226 Warning
Input pipelining  
DSP soc_npu_i/myip_npu_OCR_0/inst/u_pe_array/p_1_in input soc_npu_i/myip_npu_OCR_0/inst/u_pe_array/p_1_in/A[29:0] is not pipelined. Pipelining DSP48 input will improve performance.
Related violations: <none>

DPIP-1#227 Warning
Input pipelining  
DSP soc_npu_i/myip_npu_OCR_0/inst/u_pe_array/p_1_in input soc_npu_i/myip_npu_OCR_0/inst/u_pe_array/p_1_in/B[17:0] is not pipelined. Pipelining DSP48 input will improve performance.
Related violations: <none>

DPIP-1#228 Warning
Input pipelining  
DSP soc_npu_i/myip_npu_OCR_0/inst/u_pe_array/p_1_in input soc_npu_i/myip_npu_OCR_0/inst/u_pe_array/p_1_in/C[47:0] is not pipelined. Pipelining DSP48 input will improve performance.
Related violations: <none>

DPIP-1#229 Warning
Input pipelining  
DSP soc_npu_i/myip_npu_OCR_0/inst/u_pe_array/p_1_in__0 input soc_npu_i/myip_npu_OCR_0/inst/u_pe_array/p_1_in__0/A[29:0] is not pipelined. Pipelining DSP48 input will improve performance.
Related violations: <none>

DPIP-1#230 Warning
Input pipelining  
DSP soc_npu_i/myip_npu_OCR_0/inst/u_pe_array/p_1_in__0 input soc_npu_i/myip_npu_OCR_0/inst/u_pe_array/p_1_in__0/B[17:0] is not pipelined. Pipelining DSP48 input will improve performance.
Related violations: <none>

DPIP-1#231 Warning
Input pipelining  
DSP soc_npu_i/myip_npu_OCR_0/inst/u_pe_array/p_1_in__0 input soc_npu_i/myip_npu_OCR_0/inst/u_pe_array/p_1_in__0/C[47:0] is not pipelined. Pipelining DSP48 input will improve performance.
Related violations: <none>

DPIP-1#232 Warning
Input pipelining  
DSP soc_npu_i/myip_npu_OCR_0/inst/u_pe_array/p_1_in__1 input soc_npu_i/myip_npu_OCR_0/inst/u_pe_array/p_1_in__1/A[29:0] is not pipelined. Pipelining DSP48 input will improve performance.
Related violations: <none>

DPIP-1#233 Warning
Input pipelining  
DSP soc_npu_i/myip_npu_OCR_0/inst/u_pe_array/p_1_in__1 input soc_npu_i/myip_npu_OCR_0/inst/u_pe_array/p_1_in__1/B[17:0] is not pipelined. Pipelining DSP48 input will improve performance.
Related violations: <none>

DPIP-1#234 Warning
Input pipelining  
DSP soc_npu_i/myip_npu_OCR_0/inst/u_pe_array/p_1_in__1 input soc_npu_i/myip_npu_OCR_0/inst/u_pe_array/p_1_in__1/C[47:0] is not pipelined. Pipelining DSP48 input will improve performance.
Related violations: <none>

DPIP-1#235 Warning
Input pipelining  
DSP soc_npu_i/myip_npu_OCR_0/inst/u_pe_array/p_1_in__11 input soc_npu_i/myip_npu_OCR_0/inst/u_pe_array/p_1_in__11/A[29:0] is not pipelined. Pipelining DSP48 input will improve performance.
Related violations: <none>

DPIP-1#236 Warning
Input pipelining  
DSP soc_npu_i/myip_npu_OCR_0/inst/u_pe_array/p_1_in__11 input soc_npu_i/myip_npu_OCR_0/inst/u_pe_array/p_1_in__11/B[17:0] is not pipelined. Pipelining DSP48 input will improve performance.
Related violations: <none>

DPIP-1#237 Warning
Input pipelining  
DSP soc_npu_i/myip_npu_OCR_0/inst/u_pe_array/p_1_in__11 input soc_npu_i/myip_npu_OCR_0/inst/u_pe_array/p_1_in__11/C[47:0] is not pipelined. Pipelining DSP48 input will improve performance.
Related violations: <none>

DPIP-1#238 Warning
Input pipelining  
DSP soc_npu_i/myip_npu_OCR_0/inst/u_pe_array/p_1_in__12 input soc_npu_i/myip_npu_OCR_0/inst/u_pe_array/p_1_in__12/A[29:0] is not pipelined. Pipelining DSP48 input will improve performance.
Related violations: <none>

DPIP-1#239 Warning
Input pipelining  
DSP soc_npu_i/myip_npu_OCR_0/inst/u_pe_array/p_1_in__12 input soc_npu_i/myip_npu_OCR_0/inst/u_pe_array/p_1_in__12/B[17:0] is not pipelined. Pipelining DSP48 input will improve performance.
Related violations: <none>

DPIP-1#240 Warning
Input pipelining  
DSP soc_npu_i/myip_npu_OCR_0/inst/u_pe_array/p_1_in__12 input soc_npu_i/myip_npu_OCR_0/inst/u_pe_array/p_1_in__12/C[47:0] is not pipelined. Pipelining DSP48 input will improve performance.
Related violations: <none>

DPIP-1#241 Warning
Input pipelining  
DSP soc_npu_i/myip_npu_OCR_0/inst/u_pe_array/p_1_in__13 input soc_npu_i/myip_npu_OCR_0/inst/u_pe_array/p_1_in__13/A[29:0] is not pipelined. Pipelining DSP48 input will improve performance.
Related violations: <none>

DPIP-1#242 Warning
Input pipelining  
DSP soc_npu_i/myip_npu_OCR_0/inst/u_pe_array/p_1_in__13 input soc_npu_i/myip_npu_OCR_0/inst/u_pe_array/p_1_in__13/B[17:0] is not pipelined. Pipelining DSP48 input will improve performance.
Related violations: <none>

DPIP-1#243 Warning
Input pipelining  
DSP soc_npu_i/myip_npu_OCR_0/inst/u_pe_array/p_1_in__13 input soc_npu_i/myip_npu_OCR_0/inst/u_pe_array/p_1_in__13/C[47:0] is not pipelined. Pipelining DSP48 input will improve performance.
Related violations: <none>

DPIP-1#244 Warning
Input pipelining  
DSP soc_npu_i/myip_npu_OCR_0/inst/u_pe_array/p_1_in__15 input soc_npu_i/myip_npu_OCR_0/inst/u_pe_array/p_1_in__15/A[29:0] is not pipelined. Pipelining DSP48 input will improve performance.
Related violations: <none>

DPIP-1#245 Warning
Input pipelining  
DSP soc_npu_i/myip_npu_OCR_0/inst/u_pe_array/p_1_in__15 input soc_npu_i/myip_npu_OCR_0/inst/u_pe_array/p_1_in__15/B[17:0] is not pipelined. Pipelining DSP48 input will improve performance.
Related violations: <none>

DPIP-1#246 Warning
Input pipelining  
DSP soc_npu_i/myip_npu_OCR_0/inst/u_pe_array/p_1_in__15 input soc_npu_i/myip_npu_OCR_0/inst/u_pe_array/p_1_in__15/C[47:0] is not pipelined. Pipelining DSP48 input will improve performance.
Related violations: <none>

DPIP-1#247 Warning
Input pipelining  
DSP soc_npu_i/myip_npu_OCR_0/inst/u_pe_array/p_1_in__16 input soc_npu_i/myip_npu_OCR_0/inst/u_pe_array/p_1_in__16/A[29:0] is not pipelined. Pipelining DSP48 input will improve performance.
Related violations: <none>

DPIP-1#248 Warning
Input pipelining  
DSP soc_npu_i/myip_npu_OCR_0/inst/u_pe_array/p_1_in__16 input soc_npu_i/myip_npu_OCR_0/inst/u_pe_array/p_1_in__16/B[17:0] is not pipelined. Pipelining DSP48 input will improve performance.
Related violations: <none>

DPIP-1#249 Warning
Input pipelining  
DSP soc_npu_i/myip_npu_OCR_0/inst/u_pe_array/p_1_in__16 input soc_npu_i/myip_npu_OCR_0/inst/u_pe_array/p_1_in__16/C[47:0] is not pipelined. Pipelining DSP48 input will improve performance.
Related violations: <none>

DPIP-1#250 Warning
Input pipelining  
DSP soc_npu_i/myip_npu_OCR_0/inst/u_pe_array/p_1_in__17 input soc_npu_i/myip_npu_OCR_0/inst/u_pe_array/p_1_in__17/A[29:0] is not pipelined. Pipelining DSP48 input will improve performance.
Related violations: <none>

DPIP-1#251 Warning
Input pipelining  
DSP soc_npu_i/myip_npu_OCR_0/inst/u_pe_array/p_1_in__17 input soc_npu_i/myip_npu_OCR_0/inst/u_pe_array/p_1_in__17/B[17:0] is not pipelined. Pipelining DSP48 input will improve performance.
Related violations: <none>

DPIP-1#252 Warning
Input pipelining  
DSP soc_npu_i/myip_npu_OCR_0/inst/u_pe_array/p_1_in__17 input soc_npu_i/myip_npu_OCR_0/inst/u_pe_array/p_1_in__17/C[47:0] is not pipelined. Pipelining DSP48 input will improve performance.
Related violations: <none>

DPIP-1#253 Warning
Input pipelining  
DSP soc_npu_i/myip_npu_OCR_0/inst/u_pe_array/p_1_in__19 input soc_npu_i/myip_npu_OCR_0/inst/u_pe_array/p_1_in__19/A[29:0] is not pipelined. Pipelining DSP48 input will improve performance.
Related violations: <none>

DPIP-1#254 Warning
Input pipelining  
DSP soc_npu_i/myip_npu_OCR_0/inst/u_pe_array/p_1_in__19 input soc_npu_i/myip_npu_OCR_0/inst/u_pe_array/p_1_in__19/B[17:0] is not pipelined. Pipelining DSP48 input will improve performance.
Related violations: <none>

DPIP-1#255 Warning
Input pipelining  
DSP soc_npu_i/myip_npu_OCR_0/inst/u_pe_array/p_1_in__19 input soc_npu_i/myip_npu_OCR_0/inst/u_pe_array/p_1_in__19/C[47:0] is not pipelined. Pipelining DSP48 input will improve performance.
Related violations: <none>

DPIP-1#256 Warning
Input pipelining  
DSP soc_npu_i/myip_npu_OCR_0/inst/u_pe_array/p_1_in__20 input soc_npu_i/myip_npu_OCR_0/inst/u_pe_array/p_1_in__20/A[29:0] is not pipelined. Pipelining DSP48 input will improve performance.
Related violations: <none>

DPIP-1#257 Warning
Input pipelining  
DSP soc_npu_i/myip_npu_OCR_0/inst/u_pe_array/p_1_in__20 input soc_npu_i/myip_npu_OCR_0/inst/u_pe_array/p_1_in__20/B[17:0] is not pipelined. Pipelining DSP48 input will improve performance.
Related violations: <none>

DPIP-1#258 Warning
Input pipelining  
DSP soc_npu_i/myip_npu_OCR_0/inst/u_pe_array/p_1_in__20 input soc_npu_i/myip_npu_OCR_0/inst/u_pe_array/p_1_in__20/C[47:0] is not pipelined. Pipelining DSP48 input will improve performance.
Related violations: <none>

DPIP-1#259 Warning
Input pipelining  
DSP soc_npu_i/myip_npu_OCR_0/inst/u_pe_array/p_1_in__21 input soc_npu_i/myip_npu_OCR_0/inst/u_pe_array/p_1_in__21/A[29:0] is not pipelined. Pipelining DSP48 input will improve performance.
Related violations: <none>

DPIP-1#260 Warning
Input pipelining  
DSP soc_npu_i/myip_npu_OCR_0/inst/u_pe_array/p_1_in__21 input soc_npu_i/myip_npu_OCR_0/inst/u_pe_array/p_1_in__21/B[17:0] is not pipelined. Pipelining DSP48 input will improve performance.
Related violations: <none>

DPIP-1#261 Warning
Input pipelining  
DSP soc_npu_i/myip_npu_OCR_0/inst/u_pe_array/p_1_in__21 input soc_npu_i/myip_npu_OCR_0/inst/u_pe_array/p_1_in__21/C[47:0] is not pipelined. Pipelining DSP48 input will improve performance.
Related violations: <none>

DPIP-1#262 Warning
Input pipelining  
DSP soc_npu_i/myip_npu_OCR_0/inst/u_pe_array/p_1_in__23 input soc_npu_i/myip_npu_OCR_0/inst/u_pe_array/p_1_in__23/A[29:0] is not pipelined. Pipelining DSP48 input will improve performance.
Related violations: <none>

DPIP-1#263 Warning
Input pipelining  
DSP soc_npu_i/myip_npu_OCR_0/inst/u_pe_array/p_1_in__23 input soc_npu_i/myip_npu_OCR_0/inst/u_pe_array/p_1_in__23/B[17:0] is not pipelined. Pipelining DSP48 input will improve performance.
Related violations: <none>

DPIP-1#264 Warning
Input pipelining  
DSP soc_npu_i/myip_npu_OCR_0/inst/u_pe_array/p_1_in__23 input soc_npu_i/myip_npu_OCR_0/inst/u_pe_array/p_1_in__23/C[47:0] is not pipelined. Pipelining DSP48 input will improve performance.
Related violations: <none>

DPIP-1#265 Warning
Input pipelining  
DSP soc_npu_i/myip_npu_OCR_0/inst/u_pe_array/p_1_in__24 input soc_npu_i/myip_npu_OCR_0/inst/u_pe_array/p_1_in__24/A[29:0] is not pipelined. Pipelining DSP48 input will improve performance.
Related violations: <none>

DPIP-1#266 Warning
Input pipelining  
DSP soc_npu_i/myip_npu_OCR_0/inst/u_pe_array/p_1_in__24 input soc_npu_i/myip_npu_OCR_0/inst/u_pe_array/p_1_in__24/B[17:0] is not pipelined. Pipelining DSP48 input will improve performance.
Related violations: <none>

DPIP-1#267 Warning
Input pipelining  
DSP soc_npu_i/myip_npu_OCR_0/inst/u_pe_array/p_1_in__24 input soc_npu_i/myip_npu_OCR_0/inst/u_pe_array/p_1_in__24/C[47:0] is not pipelined. Pipelining DSP48 input will improve performance.
Related violations: <none>

DPIP-1#268 Warning
Input pipelining  
DSP soc_npu_i/myip_npu_OCR_0/inst/u_pe_array/p_1_in__25 input soc_npu_i/myip_npu_OCR_0/inst/u_pe_array/p_1_in__25/A[29:0] is not pipelined. Pipelining DSP48 input will improve performance.
Related violations: <none>

DPIP-1#269 Warning
Input pipelining  
DSP soc_npu_i/myip_npu_OCR_0/inst/u_pe_array/p_1_in__25 input soc_npu_i/myip_npu_OCR_0/inst/u_pe_array/p_1_in__25/B[17:0] is not pipelined. Pipelining DSP48 input will improve performance.
Related violations: <none>

DPIP-1#270 Warning
Input pipelining  
DSP soc_npu_i/myip_npu_OCR_0/inst/u_pe_array/p_1_in__25 input soc_npu_i/myip_npu_OCR_0/inst/u_pe_array/p_1_in__25/C[47:0] is not pipelined. Pipelining DSP48 input will improve performance.
Related violations: <none>

DPIP-1#271 Warning
Input pipelining  
DSP soc_npu_i/myip_npu_OCR_0/inst/u_pe_array/p_1_in__27 input soc_npu_i/myip_npu_OCR_0/inst/u_pe_array/p_1_in__27/A[29:0] is not pipelined. Pipelining DSP48 input will improve performance.
Related violations: <none>

DPIP-1#272 Warning
Input pipelining  
DSP soc_npu_i/myip_npu_OCR_0/inst/u_pe_array/p_1_in__27 input soc_npu_i/myip_npu_OCR_0/inst/u_pe_array/p_1_in__27/B[17:0] is not pipelined. Pipelining DSP48 input will improve performance.
Related violations: <none>

DPIP-1#273 Warning
Input pipelining  
DSP soc_npu_i/myip_npu_OCR_0/inst/u_pe_array/p_1_in__27 input soc_npu_i/myip_npu_OCR_0/inst/u_pe_array/p_1_in__27/C[47:0] is not pipelined. Pipelining DSP48 input will improve performance.
Related violations: <none>

DPIP-1#274 Warning
Input pipelining  
DSP soc_npu_i/myip_npu_OCR_0/inst/u_pe_array/p_1_in__28 input soc_npu_i/myip_npu_OCR_0/inst/u_pe_array/p_1_in__28/A[29:0] is not pipelined. Pipelining DSP48 input will improve performance.
Related violations: <none>

DPIP-1#275 Warning
Input pipelining  
DSP soc_npu_i/myip_npu_OCR_0/inst/u_pe_array/p_1_in__28 input soc_npu_i/myip_npu_OCR_0/inst/u_pe_array/p_1_in__28/B[17:0] is not pipelined. Pipelining DSP48 input will improve performance.
Related violations: <none>

DPIP-1#276 Warning
Input pipelining  
DSP soc_npu_i/myip_npu_OCR_0/inst/u_pe_array/p_1_in__28 input soc_npu_i/myip_npu_OCR_0/inst/u_pe_array/p_1_in__28/C[47:0] is not pipelined. Pipelining DSP48 input will improve performance.
Related violations: <none>

DPIP-1#277 Warning
Input pipelining  
DSP soc_npu_i/myip_npu_OCR_0/inst/u_pe_array/p_1_in__29 input soc_npu_i/myip_npu_OCR_0/inst/u_pe_array/p_1_in__29/A[29:0] is not pipelined. Pipelining DSP48 input will improve performance.
Related violations: <none>

DPIP-1#278 Warning
Input pipelining  
DSP soc_npu_i/myip_npu_OCR_0/inst/u_pe_array/p_1_in__29 input soc_npu_i/myip_npu_OCR_0/inst/u_pe_array/p_1_in__29/B[17:0] is not pipelined. Pipelining DSP48 input will improve performance.
Related violations: <none>

DPIP-1#279 Warning
Input pipelining  
DSP soc_npu_i/myip_npu_OCR_0/inst/u_pe_array/p_1_in__29 input soc_npu_i/myip_npu_OCR_0/inst/u_pe_array/p_1_in__29/C[47:0] is not pipelined. Pipelining DSP48 input will improve performance.
Related violations: <none>

DPIP-1#280 Warning
Input pipelining  
DSP soc_npu_i/myip_npu_OCR_0/inst/u_pe_array/p_1_in__3 input soc_npu_i/myip_npu_OCR_0/inst/u_pe_array/p_1_in__3/A[29:0] is not pipelined. Pipelining DSP48 input will improve performance.
Related violations: <none>

DPIP-1#281 Warning
Input pipelining  
DSP soc_npu_i/myip_npu_OCR_0/inst/u_pe_array/p_1_in__3 input soc_npu_i/myip_npu_OCR_0/inst/u_pe_array/p_1_in__3/B[17:0] is not pipelined. Pipelining DSP48 input will improve performance.
Related violations: <none>

DPIP-1#282 Warning
Input pipelining  
DSP soc_npu_i/myip_npu_OCR_0/inst/u_pe_array/p_1_in__3 input soc_npu_i/myip_npu_OCR_0/inst/u_pe_array/p_1_in__3/C[47:0] is not pipelined. Pipelining DSP48 input will improve performance.
Related violations: <none>

DPIP-1#283 Warning
Input pipelining  
DSP soc_npu_i/myip_npu_OCR_0/inst/u_pe_array/p_1_in__4 input soc_npu_i/myip_npu_OCR_0/inst/u_pe_array/p_1_in__4/A[29:0] is not pipelined. Pipelining DSP48 input will improve performance.
Related violations: <none>

DPIP-1#284 Warning
Input pipelining  
DSP soc_npu_i/myip_npu_OCR_0/inst/u_pe_array/p_1_in__4 input soc_npu_i/myip_npu_OCR_0/inst/u_pe_array/p_1_in__4/B[17:0] is not pipelined. Pipelining DSP48 input will improve performance.
Related violations: <none>

DPIP-1#285 Warning
Input pipelining  
DSP soc_npu_i/myip_npu_OCR_0/inst/u_pe_array/p_1_in__4 input soc_npu_i/myip_npu_OCR_0/inst/u_pe_array/p_1_in__4/C[47:0] is not pipelined. Pipelining DSP48 input will improve performance.
Related violations: <none>

DPIP-1#286 Warning
Input pipelining  
DSP soc_npu_i/myip_npu_OCR_0/inst/u_pe_array/p_1_in__5 input soc_npu_i/myip_npu_OCR_0/inst/u_pe_array/p_1_in__5/A[29:0] is not pipelined. Pipelining DSP48 input will improve performance.
Related violations: <none>

DPIP-1#287 Warning
Input pipelining  
DSP soc_npu_i/myip_npu_OCR_0/inst/u_pe_array/p_1_in__5 input soc_npu_i/myip_npu_OCR_0/inst/u_pe_array/p_1_in__5/B[17:0] is not pipelined. Pipelining DSP48 input will improve performance.
Related violations: <none>

DPIP-1#288 Warning
Input pipelining  
DSP soc_npu_i/myip_npu_OCR_0/inst/u_pe_array/p_1_in__5 input soc_npu_i/myip_npu_OCR_0/inst/u_pe_array/p_1_in__5/C[47:0] is not pipelined. Pipelining DSP48 input will improve performance.
Related violations: <none>

DPIP-1#289 Warning
Input pipelining  
DSP soc_npu_i/myip_npu_OCR_0/inst/u_pe_array/p_1_in__7 input soc_npu_i/myip_npu_OCR_0/inst/u_pe_array/p_1_in__7/A[29:0] is not pipelined. Pipelining DSP48 input will improve performance.
Related violations: <none>

DPIP-1#290 Warning
Input pipelining  
DSP soc_npu_i/myip_npu_OCR_0/inst/u_pe_array/p_1_in__7 input soc_npu_i/myip_npu_OCR_0/inst/u_pe_array/p_1_in__7/B[17:0] is not pipelined. Pipelining DSP48 input will improve performance.
Related violations: <none>

DPIP-1#291 Warning
Input pipelining  
DSP soc_npu_i/myip_npu_OCR_0/inst/u_pe_array/p_1_in__7 input soc_npu_i/myip_npu_OCR_0/inst/u_pe_array/p_1_in__7/C[47:0] is not pipelined. Pipelining DSP48 input will improve performance.
Related violations: <none>

DPIP-1#292 Warning
Input pipelining  
DSP soc_npu_i/myip_npu_OCR_0/inst/u_pe_array/p_1_in__8 input soc_npu_i/myip_npu_OCR_0/inst/u_pe_array/p_1_in__8/A[29:0] is not pipelined. Pipelining DSP48 input will improve performance.
Related violations: <none>

DPIP-1#293 Warning
Input pipelining  
DSP soc_npu_i/myip_npu_OCR_0/inst/u_pe_array/p_1_in__8 input soc_npu_i/myip_npu_OCR_0/inst/u_pe_array/p_1_in__8/B[17:0] is not pipelined. Pipelining DSP48 input will improve performance.
Related violations: <none>

DPIP-1#294 Warning
Input pipelining  
DSP soc_npu_i/myip_npu_OCR_0/inst/u_pe_array/p_1_in__8 input soc_npu_i/myip_npu_OCR_0/inst/u_pe_array/p_1_in__8/C[47:0] is not pipelined. Pipelining DSP48 input will improve performance.
Related violations: <none>

DPIP-1#295 Warning
Input pipelining  
DSP soc_npu_i/myip_npu_OCR_0/inst/u_pe_array/p_1_in__9 input soc_npu_i/myip_npu_OCR_0/inst/u_pe_array/p_1_in__9/A[29:0] is not pipelined. Pipelining DSP48 input will improve performance.
Related violations: <none>

DPIP-1#296 Warning
Input pipelining  
DSP soc_npu_i/myip_npu_OCR_0/inst/u_pe_array/p_1_in__9 input soc_npu_i/myip_npu_OCR_0/inst/u_pe_array/p_1_in__9/B[17:0] is not pipelined. Pipelining DSP48 input will improve performance.
Related violations: <none>

DPIP-1#297 Warning
Input pipelining  
DSP soc_npu_i/myip_npu_OCR_0/inst/u_pe_array/p_1_in__9 input soc_npu_i/myip_npu_OCR_0/inst/u_pe_array/p_1_in__9/C[47:0] is not pipelined. Pipelining DSP48 input will improve performance.
Related violations: <none>

DPIP-1#298 Warning
Input pipelining  
DSP soc_npu_i/myip_npu_OCR_0/inst/u_pe_array/p_1_out input soc_npu_i/myip_npu_OCR_0/inst/u_pe_array/p_1_out/A[29:0] is not pipelined. Pipelining DSP48 input will improve performance.
Related violations: <none>

DPIP-1#299 Warning
Input pipelining  
DSP soc_npu_i/myip_npu_OCR_0/inst/u_pe_array/p_1_out input soc_npu_i/myip_npu_OCR_0/inst/u_pe_array/p_1_out/B[17:0] is not pipelined. Pipelining DSP48 input will improve performance.
Related violations: <none>

DPIP-1#300 Warning
Input pipelining  
DSP soc_npu_i/myip_npu_OCR_0/inst/u_pe_array/p_1_out input soc_npu_i/myip_npu_OCR_0/inst/u_pe_array/p_1_out/C[47:0] is not pipelined. Pipelining DSP48 input will improve performance.
Related violations: <none>

DPIP-1#301 Warning
Input pipelining  
DSP soc_npu_i/myip_npu_OCR_0/inst/u_pe_array/p_2_out input soc_npu_i/myip_npu_OCR_0/inst/u_pe_array/p_2_out/A[29:0] is not pipelined. Pipelining DSP48 input will improve performance.
Related violations: <none>

DPIP-1#302 Warning
Input pipelining  
DSP soc_npu_i/myip_npu_OCR_0/inst/u_pe_array/p_2_out input soc_npu_i/myip_npu_OCR_0/inst/u_pe_array/p_2_out/B[17:0] is not pipelined. Pipelining DSP48 input will improve performance.
Related violations: <none>

DPIP-1#303 Warning
Input pipelining  
DSP soc_npu_i/myip_npu_OCR_0/inst/u_pe_array/p_2_out input soc_npu_i/myip_npu_OCR_0/inst/u_pe_array/p_2_out/C[47:0] is not pipelined. Pipelining DSP48 input will improve performance.
Related violations: <none>

DPIP-1#304 Warning
Input pipelining  
DSP soc_npu_i/myip_npu_OCR_0/inst/u_pe_array/p_3_out input soc_npu_i/myip_npu_OCR_0/inst/u_pe_array/p_3_out/A[29:0] is not pipelined. Pipelining DSP48 input will improve performance.
Related violations: <none>

DPIP-1#305 Warning
Input pipelining  
DSP soc_npu_i/myip_npu_OCR_0/inst/u_pe_array/p_3_out input soc_npu_i/myip_npu_OCR_0/inst/u_pe_array/p_3_out/B[17:0] is not pipelined. Pipelining DSP48 input will improve performance.
Related violations: <none>

DPIP-1#306 Warning
Input pipelining  
DSP soc_npu_i/myip_npu_OCR_0/inst/u_pe_array/p_3_out input soc_npu_i/myip_npu_OCR_0/inst/u_pe_array/p_3_out/C[47:0] is not pipelined. Pipelining DSP48 input will improve performance.
Related violations: <none>

DPIP-1#307 Warning
Input pipelining  
DSP soc_npu_i/myip_npu_OCR_0/inst/u_pe_array/p_4_out input soc_npu_i/myip_npu_OCR_0/inst/u_pe_array/p_4_out/A[29:0] is not pipelined. Pipelining DSP48 input will improve performance.
Related violations: <none>

DPIP-1#308 Warning
Input pipelining  
DSP soc_npu_i/myip_npu_OCR_0/inst/u_pe_array/p_4_out input soc_npu_i/myip_npu_OCR_0/inst/u_pe_array/p_4_out/B[17:0] is not pipelined. Pipelining DSP48 input will improve performance.
Related violations: <none>

DPIP-1#309 Warning
Input pipelining  
DSP soc_npu_i/myip_npu_OCR_0/inst/u_pe_array/p_4_out input soc_npu_i/myip_npu_OCR_0/inst/u_pe_array/p_4_out/C[47:0] is not pipelined. Pipelining DSP48 input will improve performance.
Related violations: <none>

DPIP-1#310 Warning
Input pipelining  
DSP soc_npu_i/myip_npu_OCR_0/inst/u_pe_array/p_5_out input soc_npu_i/myip_npu_OCR_0/inst/u_pe_array/p_5_out/A[29:0] is not pipelined. Pipelining DSP48 input will improve performance.
Related violations: <none>

DPIP-1#311 Warning
Input pipelining  
DSP soc_npu_i/myip_npu_OCR_0/inst/u_pe_array/p_5_out input soc_npu_i/myip_npu_OCR_0/inst/u_pe_array/p_5_out/B[17:0] is not pipelined. Pipelining DSP48 input will improve performance.
Related violations: <none>

DPIP-1#312 Warning
Input pipelining  
DSP soc_npu_i/myip_npu_OCR_0/inst/u_pe_array/p_5_out input soc_npu_i/myip_npu_OCR_0/inst/u_pe_array/p_5_out/C[47:0] is not pipelined. Pipelining DSP48 input will improve performance.
Related violations: <none>

DPIP-1#313 Warning
Input pipelining  
DSP soc_npu_i/myip_npu_OCR_0/inst/u_pe_array/p_6_out input soc_npu_i/myip_npu_OCR_0/inst/u_pe_array/p_6_out/A[29:0] is not pipelined. Pipelining DSP48 input will improve performance.
Related violations: <none>

DPIP-1#314 Warning
Input pipelining  
DSP soc_npu_i/myip_npu_OCR_0/inst/u_pe_array/p_6_out input soc_npu_i/myip_npu_OCR_0/inst/u_pe_array/p_6_out/B[17:0] is not pipelined. Pipelining DSP48 input will improve performance.
Related violations: <none>

DPIP-1#315 Warning
Input pipelining  
DSP soc_npu_i/myip_npu_OCR_0/inst/u_pe_array/p_6_out input soc_npu_i/myip_npu_OCR_0/inst/u_pe_array/p_6_out/C[47:0] is not pipelined. Pipelining DSP48 input will improve performance.
Related violations: <none>

DPIP-1#316 Warning
Input pipelining  
DSP soc_npu_i/myip_npu_OCR_0/inst/u_pe_array/p_7_out input soc_npu_i/myip_npu_OCR_0/inst/u_pe_array/p_7_out/A[29:0] is not pipelined. Pipelining DSP48 input will improve performance.
Related violations: <none>

DPIP-1#317 Warning
Input pipelining  
DSP soc_npu_i/myip_npu_OCR_0/inst/u_pe_array/p_7_out input soc_npu_i/myip_npu_OCR_0/inst/u_pe_array/p_7_out/B[17:0] is not pipelined. Pipelining DSP48 input will improve performance.
Related violations: <none>

DPIP-1#318 Warning
Input pipelining  
DSP soc_npu_i/myip_npu_OCR_0/inst/u_pe_array/p_7_out input soc_npu_i/myip_npu_OCR_0/inst/u_pe_array/p_7_out/C[47:0] is not pipelined. Pipelining DSP48 input will improve performance.
Related violations: <none>

DPOP-1#1 Warning
PREG Output pipelining  
DSP soc_npu_i/myip_npu_OCR_0/inst/u_conv_engine/fmap_wr_addr0 output soc_npu_i/myip_npu_OCR_0/inst/u_conv_engine/fmap_wr_addr0/P[47:0] is not pipelined (PREG=0). Pipelining the DSP48 output will improve performance and often saves power so it is suggested whenever possible to fully pipeline this function.  If this DSP48 function was inferred, it is suggested to describe an additional register stage after this function.  If the DSP48 was instantiated in the design, it is suggested to set the PREG attribute to 1.
Related violations: <none>

DPOP-1#2 Warning
PREG Output pipelining  
DSP soc_npu_i/myip_npu_OCR_0/inst/u_conv_engine/line_load_base_addr2 output soc_npu_i/myip_npu_OCR_0/inst/u_conv_engine/line_load_base_addr2/P[47:0] is not pipelined (PREG=0). Pipelining the DSP48 output will improve performance and often saves power so it is suggested whenever possible to fully pipeline this function.  If this DSP48 function was inferred, it is suggested to describe an additional register stage after this function.  If the DSP48 was instantiated in the design, it is suggested to set the PREG attribute to 1.
Related violations: <none>

DPOP-1#3 Warning
PREG Output pipelining  
DSP soc_npu_i/myip_npu_OCR_0/inst/u_pe_array/p_0_in output soc_npu_i/myip_npu_OCR_0/inst/u_pe_array/p_0_in/P[47:0] is not pipelined (PREG=0). Pipelining the DSP48 output will improve performance and often saves power so it is suggested whenever possible to fully pipeline this function.  If this DSP48 function was inferred, it is suggested to describe an additional register stage after this function.  If the DSP48 was instantiated in the design, it is suggested to set the PREG attribute to 1.
Related violations: <none>

DPOP-1#4 Warning
PREG Output pipelining  
DSP soc_npu_i/myip_npu_OCR_0/inst/u_pe_array/p_0_in__0 output soc_npu_i/myip_npu_OCR_0/inst/u_pe_array/p_0_in__0/P[47:0] is not pipelined (PREG=0). Pipelining the DSP48 output will improve performance and often saves power so it is suggested whenever possible to fully pipeline this function.  If this DSP48 function was inferred, it is suggested to describe an additional register stage after this function.  If the DSP48 was instantiated in the design, it is suggested to set the PREG attribute to 1.
Related violations: <none>

DPOP-1#5 Warning
PREG Output pipelining  
DSP soc_npu_i/myip_npu_OCR_0/inst/u_pe_array/p_0_in__11 output soc_npu_i/myip_npu_OCR_0/inst/u_pe_array/p_0_in__11/P[47:0] is not pipelined (PREG=0). Pipelining the DSP48 output will improve performance and often saves power so it is suggested whenever possible to fully pipeline this function.  If this DSP48 function was inferred, it is suggested to describe an additional register stage after this function.  If the DSP48 was instantiated in the design, it is suggested to set the PREG attribute to 1.
Related violations: <none>

DPOP-1#6 Warning
PREG Output pipelining  
DSP soc_npu_i/myip_npu_OCR_0/inst/u_pe_array/p_0_in__12 output soc_npu_i/myip_npu_OCR_0/inst/u_pe_array/p_0_in__12/P[47:0] is not pipelined (PREG=0). Pipelining the DSP48 output will improve performance and often saves power so it is suggested whenever possible to fully pipeline this function.  If this DSP48 function was inferred, it is suggested to describe an additional register stage after this function.  If the DSP48 was instantiated in the design, it is suggested to set the PREG attribute to 1.
Related violations: <none>

DPOP-1#7 Warning
PREG Output pipelining  
DSP soc_npu_i/myip_npu_OCR_0/inst/u_pe_array/p_0_in__14 output soc_npu_i/myip_npu_OCR_0/inst/u_pe_array/p_0_in__14/P[47:0] is not pipelined (PREG=0). Pipelining the DSP48 output will improve performance and often saves power so it is suggested whenever possible to fully pipeline this function.  If this DSP48 function was inferred, it is suggested to describe an additional register stage after this function.  If the DSP48 was instantiated in the design, it is suggested to set the PREG attribute to 1.
Related violations: <none>

DPOP-1#8 Warning
PREG Output pipelining  
DSP soc_npu_i/myip_npu_OCR_0/inst/u_pe_array/p_0_in__15 output soc_npu_i/myip_npu_OCR_0/inst/u_pe_array/p_0_in__15/P[47:0] is not pipelined (PREG=0). Pipelining the DSP48 output will improve performance and often saves power so it is suggested whenever possible to fully pipeline this function.  If this DSP48 function was inferred, it is suggested to describe an additional register stage after this function.  If the DSP48 was instantiated in the design, it is suggested to set the PREG attribute to 1.
Related violations: <none>

DPOP-1#9 Warning
PREG Output pipelining  
DSP soc_npu_i/myip_npu_OCR_0/inst/u_pe_array/p_0_in__17 output soc_npu_i/myip_npu_OCR_0/inst/u_pe_array/p_0_in__17/P[47:0] is not pipelined (PREG=0). Pipelining the DSP48 output will improve performance and often saves power so it is suggested whenever possible to fully pipeline this function.  If this DSP48 function was inferred, it is suggested to describe an additional register stage after this function.  If the DSP48 was instantiated in the design, it is suggested to set the PREG attribute to 1.
Related violations: <none>

DPOP-1#10 Warning
PREG Output pipelining  
DSP soc_npu_i/myip_npu_OCR_0/inst/u_pe_array/p_0_in__18 output soc_npu_i/myip_npu_OCR_0/inst/u_pe_array/p_0_in__18/P[47:0] is not pipelined (PREG=0). Pipelining the DSP48 output will improve performance and often saves power so it is suggested whenever possible to fully pipeline this function.  If this DSP48 function was inferred, it is suggested to describe an additional register stage after this function.  If the DSP48 was instantiated in the design, it is suggested to set the PREG attribute to 1.
Related violations: <none>

DPOP-1#11 Warning
PREG Output pipelining  
DSP soc_npu_i/myip_npu_OCR_0/inst/u_pe_array/p_0_in__2 output soc_npu_i/myip_npu_OCR_0/inst/u_pe_array/p_0_in__2/P[47:0] is not pipelined (PREG=0). Pipelining the DSP48 output will improve performance and often saves power so it is suggested whenever possible to fully pipeline this function.  If this DSP48 function was inferred, it is suggested to describe an additional register stage after this function.  If the DSP48 was instantiated in the design, it is suggested to set the PREG attribute to 1.
Related violations: <none>

DPOP-1#12 Warning
PREG Output pipelining  
DSP soc_npu_i/myip_npu_OCR_0/inst/u_pe_array/p_0_in__20 output soc_npu_i/myip_npu_OCR_0/inst/u_pe_array/p_0_in__20/P[47:0] is not pipelined (PREG=0). Pipelining the DSP48 output will improve performance and often saves power so it is suggested whenever possible to fully pipeline this function.  If this DSP48 function was inferred, it is suggested to describe an additional register stage after this function.  If the DSP48 was instantiated in the design, it is suggested to set the PREG attribute to 1.
Related violations: <none>

DPOP-1#13 Warning
PREG Output pipelining  
DSP soc_npu_i/myip_npu_OCR_0/inst/u_pe_array/p_0_in__21 output soc_npu_i/myip_npu_OCR_0/inst/u_pe_array/p_0_in__21/P[47:0] is not pipelined (PREG=0). Pipelining the DSP48 output will improve performance and often saves power so it is suggested whenever possible to fully pipeline this function.  If this DSP48 function was inferred, it is suggested to describe an additional register stage after this function.  If the DSP48 was instantiated in the design, it is suggested to set the PREG attribute to 1.
Related violations: <none>

DPOP-1#14 Warning
PREG Output pipelining  
DSP soc_npu_i/myip_npu_OCR_0/inst/u_pe_array/p_0_in__3 output soc_npu_i/myip_npu_OCR_0/inst/u_pe_array/p_0_in__3/P[47:0] is not pipelined (PREG=0). Pipelining the DSP48 output will improve performance and often saves power so it is suggested whenever possible to fully pipeline this function.  If this DSP48 function was inferred, it is suggested to describe an additional register stage after this function.  If the DSP48 was instantiated in the design, it is suggested to set the PREG attribute to 1.
Related violations: <none>

DPOP-1#15 Warning
PREG Output pipelining  
DSP soc_npu_i/myip_npu_OCR_0/inst/u_pe_array/p_0_in__5 output soc_npu_i/myip_npu_OCR_0/inst/u_pe_array/p_0_in__5/P[47:0] is not pipelined (PREG=0). Pipelining the DSP48 output will improve performance and often saves power so it is suggested whenever possible to fully pipeline this function.  If this DSP48 function was inferred, it is suggested to describe an additional register stage after this function.  If the DSP48 was instantiated in the design, it is suggested to set the PREG attribute to 1.
Related violations: <none>

DPOP-1#16 Warning
PREG Output pipelining  
DSP soc_npu_i/myip_npu_OCR_0/inst/u_pe_array/p_0_in__6 output soc_npu_i/myip_npu_OCR_0/inst/u_pe_array/p_0_in__6/P[47:0] is not pipelined (PREG=0). Pipelining the DSP48 output will improve performance and often saves power so it is suggested whenever possible to fully pipeline this function.  If this DSP48 function was inferred, it is suggested to describe an additional register stage after this function.  If the DSP48 was instantiated in the design, it is suggested to set the PREG attribute to 1.
Related violations: <none>

DPOP-1#17 Warning
PREG Output pipelining  
DSP soc_npu_i/myip_npu_OCR_0/inst/u_pe_array/p_0_in__8 output soc_npu_i/myip_npu_OCR_0/inst/u_pe_array/p_0_in__8/P[47:0] is not pipelined (PREG=0). Pipelining the DSP48 output will improve performance and often saves power so it is suggested whenever possible to fully pipeline this function.  If this DSP48 function was inferred, it is suggested to describe an additional register stage after this function.  If the DSP48 was instantiated in the design, it is suggested to set the PREG attribute to 1.
Related violations: <none>

DPOP-1#18 Warning
PREG Output pipelining  
DSP soc_npu_i/myip_npu_OCR_0/inst/u_pe_array/p_0_in__9 output soc_npu_i/myip_npu_OCR_0/inst/u_pe_array/p_0_in__9/P[47:0] is not pipelined (PREG=0). Pipelining the DSP48 output will improve performance and often saves power so it is suggested whenever possible to fully pipeline this function.  If this DSP48 function was inferred, it is suggested to describe an additional register stage after this function.  If the DSP48 was instantiated in the design, it is suggested to set the PREG attribute to 1.
Related violations: <none>

DPOP-1#19 Warning
PREG Output pipelining  
DSP soc_npu_i/myip_npu_OCR_0/inst/u_pe_array/p_1_in output soc_npu_i/myip_npu_OCR_0/inst/u_pe_array/p_1_in/P[47:0] is not pipelined (PREG=0). Pipelining the DSP48 output will improve performance and often saves power so it is suggested whenever possible to fully pipeline this function.  If this DSP48 function was inferred, it is suggested to describe an additional register stage after this function.  If the DSP48 was instantiated in the design, it is suggested to set the PREG attribute to 1.
Related violations: <none>

DPOP-1#20 Warning
PREG Output pipelining  
DSP soc_npu_i/myip_npu_OCR_0/inst/u_pe_array/p_1_in__0 output soc_npu_i/myip_npu_OCR_0/inst/u_pe_array/p_1_in__0/P[47:0] is not pipelined (PREG=0). Pipelining the DSP48 output will improve performance and often saves power so it is suggested whenever possible to fully pipeline this function.  If this DSP48 function was inferred, it is suggested to describe an additional register stage after this function.  If the DSP48 was instantiated in the design, it is suggested to set the PREG attribute to 1.
Related violations: <none>

DPOP-1#21 Warning
PREG Output pipelining  
DSP soc_npu_i/myip_npu_OCR_0/inst/u_pe_array/p_1_in__1 output soc_npu_i/myip_npu_OCR_0/inst/u_pe_array/p_1_in__1/P[47:0] is not pipelined (PREG=0). Pipelining the DSP48 output will improve performance and often saves power so it is suggested whenever possible to fully pipeline this function.  If this DSP48 function was inferred, it is suggested to describe an additional register stage after this function.  If the DSP48 was instantiated in the design, it is suggested to set the PREG attribute to 1.
Related violations: <none>

DPOP-1#22 Warning
PREG Output pipelining  
DSP soc_npu_i/myip_npu_OCR_0/inst/u_pe_array/p_1_in__11 output soc_npu_i/myip_npu_OCR_0/inst/u_pe_array/p_1_in__11/P[47:0] is not pipelined (PREG=0). Pipelining the DSP48 output will improve performance and often saves power so it is suggested whenever possible to fully pipeline this function.  If this DSP48 function was inferred, it is suggested to describe an additional register stage after this function.  If the DSP48 was instantiated in the design, it is suggested to set the PREG attribute to 1.
Related violations: <none>

DPOP-1#23 Warning
PREG Output pipelining  
DSP soc_npu_i/myip_npu_OCR_0/inst/u_pe_array/p_1_in__12 output soc_npu_i/myip_npu_OCR_0/inst/u_pe_array/p_1_in__12/P[47:0] is not pipelined (PREG=0). Pipelining the DSP48 output will improve performance and often saves power so it is suggested whenever possible to fully pipeline this function.  If this DSP48 function was inferred, it is suggested to describe an additional register stage after this function.  If the DSP48 was instantiated in the design, it is suggested to set the PREG attribute to 1.
Related violations: <none>

DPOP-1#24 Warning
PREG Output pipelining  
DSP soc_npu_i/myip_npu_OCR_0/inst/u_pe_array/p_1_in__13 output soc_npu_i/myip_npu_OCR_0/inst/u_pe_array/p_1_in__13/P[47:0] is not pipelined (PREG=0). Pipelining the DSP48 output will improve performance and often saves power so it is suggested whenever possible to fully pipeline this function.  If this DSP48 function was inferred, it is suggested to describe an additional register stage after this function.  If the DSP48 was instantiated in the design, it is suggested to set the PREG attribute to 1.
Related violations: <none>

DPOP-1#25 Warning
PREG Output pipelining  
DSP soc_npu_i/myip_npu_OCR_0/inst/u_pe_array/p_1_in__15 output soc_npu_i/myip_npu_OCR_0/inst/u_pe_array/p_1_in__15/P[47:0] is not pipelined (PREG=0). Pipelining the DSP48 output will improve performance and often saves power so it is suggested whenever possible to fully pipeline this function.  If this DSP48 function was inferred, it is suggested to describe an additional register stage after this function.  If the DSP48 was instantiated in the design, it is suggested to set the PREG attribute to 1.
Related violations: <none>

DPOP-1#26 Warning
PREG Output pipelining  
DSP soc_npu_i/myip_npu_OCR_0/inst/u_pe_array/p_1_in__16 output soc_npu_i/myip_npu_OCR_0/inst/u_pe_array/p_1_in__16/P[47:0] is not pipelined (PREG=0). Pipelining the DSP48 output will improve performance and often saves power so it is suggested whenever possible to fully pipeline this function.  If this DSP48 function was inferred, it is suggested to describe an additional register stage after this function.  If the DSP48 was instantiated in the design, it is suggested to set the PREG attribute to 1.
Related violations: <none>

DPOP-1#27 Warning
PREG Output pipelining  
DSP soc_npu_i/myip_npu_OCR_0/inst/u_pe_array/p_1_in__17 output soc_npu_i/myip_npu_OCR_0/inst/u_pe_array/p_1_in__17/P[47:0] is not pipelined (PREG=0). Pipelining the DSP48 output will improve performance and often saves power so it is suggested whenever possible to fully pipeline this function.  If this DSP48 function was inferred, it is suggested to describe an additional register stage after this function.  If the DSP48 was instantiated in the design, it is suggested to set the PREG attribute to 1.
Related violations: <none>

DPOP-1#28 Warning
PREG Output pipelining  
DSP soc_npu_i/myip_npu_OCR_0/inst/u_pe_array/p_1_in__19 output soc_npu_i/myip_npu_OCR_0/inst/u_pe_array/p_1_in__19/P[47:0] is not pipelined (PREG=0). Pipelining the DSP48 output will improve performance and often saves power so it is suggested whenever possible to fully pipeline this function.  If this DSP48 function was inferred, it is suggested to describe an additional register stage after this function.  If the DSP48 was instantiated in the design, it is suggested to set the PREG attribute to 1.
Related violations: <none>

DPOP-1#29 Warning
PREG Output pipelining  
DSP soc_npu_i/myip_npu_OCR_0/inst/u_pe_array/p_1_in__20 output soc_npu_i/myip_npu_OCR_0/inst/u_pe_array/p_1_in__20/P[47:0] is not pipelined (PREG=0). Pipelining the DSP48 output will improve performance and often saves power so it is suggested whenever possible to fully pipeline this function.  If this DSP48 function was inferred, it is suggested to describe an additional register stage after this function.  If the DSP48 was instantiated in the design, it is suggested to set the PREG attribute to 1.
Related violations: <none>

DPOP-1#30 Warning
PREG Output pipelining  
DSP soc_npu_i/myip_npu_OCR_0/inst/u_pe_array/p_1_in__21 output soc_npu_i/myip_npu_OCR_0/inst/u_pe_array/p_1_in__21/P[47:0] is not pipelined (PREG=0). Pipelining the DSP48 output will improve performance and often saves power so it is suggested whenever possible to fully pipeline this function.  If this DSP48 function was inferred, it is suggested to describe an additional register stage after this function.  If the DSP48 was instantiated in the design, it is suggested to set the PREG attribute to 1.
Related violations: <none>

DPOP-1#31 Warning
PREG Output pipelining  
DSP soc_npu_i/myip_npu_OCR_0/inst/u_pe_array/p_1_in__23 output soc_npu_i/myip_npu_OCR_0/inst/u_pe_array/p_1_in__23/P[47:0] is not pipelined (PREG=0). Pipelining the DSP48 output will improve performance and often saves power so it is suggested whenever possible to fully pipeline this function.  If this DSP48 function was inferred, it is suggested to describe an additional register stage after this function.  If the DSP48 was instantiated in the design, it is suggested to set the PREG attribute to 1.
Related violations: <none>

DPOP-1#32 Warning
PREG Output pipelining  
DSP soc_npu_i/myip_npu_OCR_0/inst/u_pe_array/p_1_in__24 output soc_npu_i/myip_npu_OCR_0/inst/u_pe_array/p_1_in__24/P[47:0] is not pipelined (PREG=0). Pipelining the DSP48 output will improve performance and often saves power so it is suggested whenever possible to fully pipeline this function.  If this DSP48 function was inferred, it is suggested to describe an additional register stage after this function.  If the DSP48 was instantiated in the design, it is suggested to set the PREG attribute to 1.
Related violations: <none>

DPOP-1#33 Warning
PREG Output pipelining  
DSP soc_npu_i/myip_npu_OCR_0/inst/u_pe_array/p_1_in__25 output soc_npu_i/myip_npu_OCR_0/inst/u_pe_array/p_1_in__25/P[47:0] is not pipelined (PREG=0). Pipelining the DSP48 output will improve performance and often saves power so it is suggested whenever possible to fully pipeline this function.  If this DSP48 function was inferred, it is suggested to describe an additional register stage after this function.  If the DSP48 was instantiated in the design, it is suggested to set the PREG attribute to 1.
Related violations: <none>

DPOP-1#34 Warning
PREG Output pipelining  
DSP soc_npu_i/myip_npu_OCR_0/inst/u_pe_array/p_1_in__27 output soc_npu_i/myip_npu_OCR_0/inst/u_pe_array/p_1_in__27/P[47:0] is not pipelined (PREG=0). Pipelining the DSP48 output will improve performance and often saves power so it is suggested whenever possible to fully pipeline this function.  If this DSP48 function was inferred, it is suggested to describe an additional register stage after this function.  If the DSP48 was instantiated in the design, it is suggested to set the PREG attribute to 1.
Related violations: <none>

DPOP-1#35 Warning
PREG Output pipelining  
DSP soc_npu_i/myip_npu_OCR_0/inst/u_pe_array/p_1_in__28 output soc_npu_i/myip_npu_OCR_0/inst/u_pe_array/p_1_in__28/P[47:0] is not pipelined (PREG=0). Pipelining the DSP48 output will improve performance and often saves power so it is suggested whenever possible to fully pipeline this function.  If this DSP48 function was inferred, it is suggested to describe an additional register stage after this function.  If the DSP48 was instantiated in the design, it is suggested to set the PREG attribute to 1.
Related violations: <none>

DPOP-1#36 Warning
PREG Output pipelining  
DSP soc_npu_i/myip_npu_OCR_0/inst/u_pe_array/p_1_in__29 output soc_npu_i/myip_npu_OCR_0/inst/u_pe_array/p_1_in__29/P[47:0] is not pipelined (PREG=0). Pipelining the DSP48 output will improve performance and often saves power so it is suggested whenever possible to fully pipeline this function.  If this DSP48 function was inferred, it is suggested to describe an additional register stage after this function.  If the DSP48 was instantiated in the design, it is suggested to set the PREG attribute to 1.
Related violations: <none>

DPOP-1#37 Warning
PREG Output pipelining  
DSP soc_npu_i/myip_npu_OCR_0/inst/u_pe_array/p_1_in__3 output soc_npu_i/myip_npu_OCR_0/inst/u_pe_array/p_1_in__3/P[47:0] is not pipelined (PREG=0). Pipelining the DSP48 output will improve performance and often saves power so it is suggested whenever possible to fully pipeline this function.  If this DSP48 function was inferred, it is suggested to describe an additional register stage after this function.  If the DSP48 was instantiated in the design, it is suggested to set the PREG attribute to 1.
Related violations: <none>

DPOP-1#38 Warning
PREG Output pipelining  
DSP soc_npu_i/myip_npu_OCR_0/inst/u_pe_array/p_1_in__4 output soc_npu_i/myip_npu_OCR_0/inst/u_pe_array/p_1_in__4/P[47:0] is not pipelined (PREG=0). Pipelining the DSP48 output will improve performance and often saves power so it is suggested whenever possible to fully pipeline this function.  If this DSP48 function was inferred, it is suggested to describe an additional register stage after this function.  If the DSP48 was instantiated in the design, it is suggested to set the PREG attribute to 1.
Related violations: <none>

DPOP-1#39 Warning
PREG Output pipelining  
DSP soc_npu_i/myip_npu_OCR_0/inst/u_pe_array/p_1_in__5 output soc_npu_i/myip_npu_OCR_0/inst/u_pe_array/p_1_in__5/P[47:0] is not pipelined (PREG=0). Pipelining the DSP48 output will improve performance and often saves power so it is suggested whenever possible to fully pipeline this function.  If this DSP48 function was inferred, it is suggested to describe an additional register stage after this function.  If the DSP48 was instantiated in the design, it is suggested to set the PREG attribute to 1.
Related violations: <none>

DPOP-1#40 Warning
PREG Output pipelining  
DSP soc_npu_i/myip_npu_OCR_0/inst/u_pe_array/p_1_in__7 output soc_npu_i/myip_npu_OCR_0/inst/u_pe_array/p_1_in__7/P[47:0] is not pipelined (PREG=0). Pipelining the DSP48 output will improve performance and often saves power so it is suggested whenever possible to fully pipeline this function.  If this DSP48 function was inferred, it is suggested to describe an additional register stage after this function.  If the DSP48 was instantiated in the design, it is suggested to set the PREG attribute to 1.
Related violations: <none>

DPOP-1#41 Warning
PREG Output pipelining  
DSP soc_npu_i/myip_npu_OCR_0/inst/u_pe_array/p_1_in__8 output soc_npu_i/myip_npu_OCR_0/inst/u_pe_array/p_1_in__8/P[47:0] is not pipelined (PREG=0). Pipelining the DSP48 output will improve performance and often saves power so it is suggested whenever possible to fully pipeline this function.  If this DSP48 function was inferred, it is suggested to describe an additional register stage after this function.  If the DSP48 was instantiated in the design, it is suggested to set the PREG attribute to 1.
Related violations: <none>

DPOP-1#42 Warning
PREG Output pipelining  
DSP soc_npu_i/myip_npu_OCR_0/inst/u_pe_array/p_1_in__9 output soc_npu_i/myip_npu_OCR_0/inst/u_pe_array/p_1_in__9/P[47:0] is not pipelined (PREG=0). Pipelining the DSP48 output will improve performance and often saves power so it is suggested whenever possible to fully pipeline this function.  If this DSP48 function was inferred, it is suggested to describe an additional register stage after this function.  If the DSP48 was instantiated in the design, it is suggested to set the PREG attribute to 1.
Related violations: <none>

DPOP-2#1 Warning
MREG Output pipelining  
DSP soc_npu_i/myip_npu_OCR_0/inst/u_conv_engine/fmap_wr_addr0 multiplier stage soc_npu_i/myip_npu_OCR_0/inst/u_conv_engine/fmap_wr_addr0/P[47:0] is not pipelined (MREG=0). Pipelining the multiplier function will improve performance and will save significant power so it is suggested whenever possible to fully pipeline this function.  If this multiplier was inferred, it is suggested to describe an additional register stage after this function.  If there is no registered adder/accumulator following the multiply function, two pipeline stages are suggested to allow both the MREG and PREG registers to be used.  If the DSP48 was instantiated in the design, it is suggested to set both the MREG and PREG attributes to 1 when performing multiply functions.
Related violations: <none>

DPOP-2#2 Warning
MREG Output pipelining  
DSP soc_npu_i/myip_npu_OCR_0/inst/u_conv_engine/line_load_base_addr2 multiplier stage soc_npu_i/myip_npu_OCR_0/inst/u_conv_engine/line_load_base_addr2/P[47:0] is not pipelined (MREG=0). Pipelining the multiplier function will improve performance and will save significant power so it is suggested whenever possible to fully pipeline this function.  If this multiplier was inferred, it is suggested to describe an additional register stage after this function.  If there is no registered adder/accumulator following the multiply function, two pipeline stages are suggested to allow both the MREG and PREG registers to be used.  If the DSP48 was instantiated in the design, it is suggested to set both the MREG and PREG attributes to 1 when performing multiply functions.
Related violations: <none>

DPOP-2#3 Warning
MREG Output pipelining  
DSP soc_npu_i/myip_npu_OCR_0/inst/u_pe_array/gen_ch[0].gen_k[0].u_pe/p0 multiplier stage soc_npu_i/myip_npu_OCR_0/inst/u_pe_array/gen_ch[0].gen_k[0].u_pe/p0/P[47:0] is not pipelined (MREG=0). Pipelining the multiplier function will improve performance and will save significant power so it is suggested whenever possible to fully pipeline this function.  If this multiplier was inferred, it is suggested to describe an additional register stage after this function.  If there is no registered adder/accumulator following the multiply function, two pipeline stages are suggested to allow both the MREG and PREG registers to be used.  If the DSP48 was instantiated in the design, it is suggested to set both the MREG and PREG attributes to 1 when performing multiply functions.
Related violations: <none>

DPOP-2#4 Warning
MREG Output pipelining  
DSP soc_npu_i/myip_npu_OCR_0/inst/u_pe_array/gen_ch[0].gen_k[1].u_pe/p0 multiplier stage soc_npu_i/myip_npu_OCR_0/inst/u_pe_array/gen_ch[0].gen_k[1].u_pe/p0/P[47:0] is not pipelined (MREG=0). Pipelining the multiplier function will improve performance and will save significant power so it is suggested whenever possible to fully pipeline this function.  If this multiplier was inferred, it is suggested to describe an additional register stage after this function.  If there is no registered adder/accumulator following the multiply function, two pipeline stages are suggested to allow both the MREG and PREG registers to be used.  If the DSP48 was instantiated in the design, it is suggested to set both the MREG and PREG attributes to 1 when performing multiply functions.
Related violations: <none>

DPOP-2#5 Warning
MREG Output pipelining  
DSP soc_npu_i/myip_npu_OCR_0/inst/u_pe_array/gen_ch[0].gen_k[2].u_pe/p0 multiplier stage soc_npu_i/myip_npu_OCR_0/inst/u_pe_array/gen_ch[0].gen_k[2].u_pe/p0/P[47:0] is not pipelined (MREG=0). Pipelining the multiplier function will improve performance and will save significant power so it is suggested whenever possible to fully pipeline this function.  If this multiplier was inferred, it is suggested to describe an additional register stage after this function.  If there is no registered adder/accumulator following the multiply function, two pipeline stages are suggested to allow both the MREG and PREG registers to be used.  If the DSP48 was instantiated in the design, it is suggested to set both the MREG and PREG attributes to 1 when performing multiply functions.
Related violations: <none>

DPOP-2#6 Warning
MREG Output pipelining  
DSP soc_npu_i/myip_npu_OCR_0/inst/u_pe_array/gen_ch[0].gen_k[3].u_pe/p0 multiplier stage soc_npu_i/myip_npu_OCR_0/inst/u_pe_array/gen_ch[0].gen_k[3].u_pe/p0/P[47:0] is not pipelined (MREG=0). Pipelining the multiplier function will improve performance and will save significant power so it is suggested whenever possible to fully pipeline this function.  If this multiplier was inferred, it is suggested to describe an additional register stage after this function.  If there is no registered adder/accumulator following the multiply function, two pipeline stages are suggested to allow both the MREG and PREG registers to be used.  If the DSP48 was instantiated in the design, it is suggested to set both the MREG and PREG attributes to 1 when performing multiply functions.
Related violations: <none>

DPOP-2#7 Warning
MREG Output pipelining  
DSP soc_npu_i/myip_npu_OCR_0/inst/u_pe_array/gen_ch[0].gen_k[4].u_pe/p0 multiplier stage soc_npu_i/myip_npu_OCR_0/inst/u_pe_array/gen_ch[0].gen_k[4].u_pe/p0/P[47:0] is not pipelined (MREG=0). Pipelining the multiplier function will improve performance and will save significant power so it is suggested whenever possible to fully pipeline this function.  If this multiplier was inferred, it is suggested to describe an additional register stage after this function.  If there is no registered adder/accumulator following the multiply function, two pipeline stages are suggested to allow both the MREG and PREG registers to be used.  If the DSP48 was instantiated in the design, it is suggested to set both the MREG and PREG attributes to 1 when performing multiply functions.
Related violations: <none>

DPOP-2#8 Warning
MREG Output pipelining  
DSP soc_npu_i/myip_npu_OCR_0/inst/u_pe_array/gen_ch[0].gen_k[5].u_pe/p0 multiplier stage soc_npu_i/myip_npu_OCR_0/inst/u_pe_array/gen_ch[0].gen_k[5].u_pe/p0/P[47:0] is not pipelined (MREG=0). Pipelining the multiplier function will improve performance and will save significant power so it is suggested whenever possible to fully pipeline this function.  If this multiplier was inferred, it is suggested to describe an additional register stage after this function.  If there is no registered adder/accumulator following the multiply function, two pipeline stages are suggested to allow both the MREG and PREG registers to be used.  If the DSP48 was instantiated in the design, it is suggested to set both the MREG and PREG attributes to 1 when performing multiply functions.
Related violations: <none>

DPOP-2#9 Warning
MREG Output pipelining  
DSP soc_npu_i/myip_npu_OCR_0/inst/u_pe_array/gen_ch[0].gen_k[6].u_pe/p0 multiplier stage soc_npu_i/myip_npu_OCR_0/inst/u_pe_array/gen_ch[0].gen_k[6].u_pe/p0/P[47:0] is not pipelined (MREG=0). Pipelining the multiplier function will improve performance and will save significant power so it is suggested whenever possible to fully pipeline this function.  If this multiplier was inferred, it is suggested to describe an additional register stage after this function.  If there is no registered adder/accumulator following the multiply function, two pipeline stages are suggested to allow both the MREG and PREG registers to be used.  If the DSP48 was instantiated in the design, it is suggested to set both the MREG and PREG attributes to 1 when performing multiply functions.
Related violations: <none>

DPOP-2#10 Warning
MREG Output pipelining  
DSP soc_npu_i/myip_npu_OCR_0/inst/u_pe_array/gen_ch[0].gen_k[7].u_pe/p0 multiplier stage soc_npu_i/myip_npu_OCR_0/inst/u_pe_array/gen_ch[0].gen_k[7].u_pe/p0/P[47:0] is not pipelined (MREG=0). Pipelining the multiplier function will improve performance and will save significant power so it is suggested whenever possible to fully pipeline this function.  If this multiplier was inferred, it is suggested to describe an additional register stage after this function.  If there is no registered adder/accumulator following the multiply function, two pipeline stages are suggested to allow both the MREG and PREG registers to be used.  If the DSP48 was instantiated in the design, it is suggested to set both the MREG and PREG attributes to 1 when performing multiply functions.
Related violations: <none>

DPOP-2#11 Warning
MREG Output pipelining  
DSP soc_npu_i/myip_npu_OCR_0/inst/u_pe_array/gen_ch[0].gen_k[8].u_pe/p0 multiplier stage soc_npu_i/myip_npu_OCR_0/inst/u_pe_array/gen_ch[0].gen_k[8].u_pe/p0/P[47:0] is not pipelined (MREG=0). Pipelining the multiplier function will improve performance and will save significant power so it is suggested whenever possible to fully pipeline this function.  If this multiplier was inferred, it is suggested to describe an additional register stage after this function.  If there is no registered adder/accumulator following the multiply function, two pipeline stages are suggested to allow both the MREG and PREG registers to be used.  If the DSP48 was instantiated in the design, it is suggested to set both the MREG and PREG attributes to 1 when performing multiply functions.
Related violations: <none>

DPOP-2#12 Warning
MREG Output pipelining  
DSP soc_npu_i/myip_npu_OCR_0/inst/u_pe_array/gen_ch[1].gen_k[0].u_pe/p0 multiplier stage soc_npu_i/myip_npu_OCR_0/inst/u_pe_array/gen_ch[1].gen_k[0].u_pe/p0/P[47:0] is not pipelined (MREG=0). Pipelining the multiplier function will improve performance and will save significant power so it is suggested whenever possible to fully pipeline this function.  If this multiplier was inferred, it is suggested to describe an additional register stage after this function.  If there is no registered adder/accumulator following the multiply function, two pipeline stages are suggested to allow both the MREG and PREG registers to be used.  If the DSP48 was instantiated in the design, it is suggested to set both the MREG and PREG attributes to 1 when performing multiply functions.
Related violations: <none>

DPOP-2#13 Warning
MREG Output pipelining  
DSP soc_npu_i/myip_npu_OCR_0/inst/u_pe_array/gen_ch[1].gen_k[1].u_pe/p0 multiplier stage soc_npu_i/myip_npu_OCR_0/inst/u_pe_array/gen_ch[1].gen_k[1].u_pe/p0/P[47:0] is not pipelined (MREG=0). Pipelining the multiplier function will improve performance and will save significant power so it is suggested whenever possible to fully pipeline this function.  If this multiplier was inferred, it is suggested to describe an additional register stage after this function.  If there is no registered adder/accumulator following the multiply function, two pipeline stages are suggested to allow both the MREG and PREG registers to be used.  If the DSP48 was instantiated in the design, it is suggested to set both the MREG and PREG attributes to 1 when performing multiply functions.
Related violations: <none>

DPOP-2#14 Warning
MREG Output pipelining  
DSP soc_npu_i/myip_npu_OCR_0/inst/u_pe_array/gen_ch[1].gen_k[2].u_pe/p0 multiplier stage soc_npu_i/myip_npu_OCR_0/inst/u_pe_array/gen_ch[1].gen_k[2].u_pe/p0/P[47:0] is not pipelined (MREG=0). Pipelining the multiplier function will improve performance and will save significant power so it is suggested whenever possible to fully pipeline this function.  If this multiplier was inferred, it is suggested to describe an additional register stage after this function.  If there is no registered adder/accumulator following the multiply function, two pipeline stages are suggested to allow both the MREG and PREG registers to be used.  If the DSP48 was instantiated in the design, it is suggested to set both the MREG and PREG attributes to 1 when performing multiply functions.
Related violations: <none>

DPOP-2#15 Warning
MREG Output pipelining  
DSP soc_npu_i/myip_npu_OCR_0/inst/u_pe_array/gen_ch[1].gen_k[3].u_pe/p0 multiplier stage soc_npu_i/myip_npu_OCR_0/inst/u_pe_array/gen_ch[1].gen_k[3].u_pe/p0/P[47:0] is not pipelined (MREG=0). Pipelining the multiplier function will improve performance and will save significant power so it is suggested whenever possible to fully pipeline this function.  If this multiplier was inferred, it is suggested to describe an additional register stage after this function.  If there is no registered adder/accumulator following the multiply function, two pipeline stages are suggested to allow both the MREG and PREG registers to be used.  If the DSP48 was instantiated in the design, it is suggested to set both the MREG and PREG attributes to 1 when performing multiply functions.
Related violations: <none>

DPOP-2#16 Warning
MREG Output pipelining  
DSP soc_npu_i/myip_npu_OCR_0/inst/u_pe_array/gen_ch[1].gen_k[4].u_pe/p0 multiplier stage soc_npu_i/myip_npu_OCR_0/inst/u_pe_array/gen_ch[1].gen_k[4].u_pe/p0/P[47:0] is not pipelined (MREG=0). Pipelining the multiplier function will improve performance and will save significant power so it is suggested whenever possible to fully pipeline this function.  If this multiplier was inferred, it is suggested to describe an additional register stage after this function.  If there is no registered adder/accumulator following the multiply function, two pipeline stages are suggested to allow both the MREG and PREG registers to be used.  If the DSP48 was instantiated in the design, it is suggested to set both the MREG and PREG attributes to 1 when performing multiply functions.
Related violations: <none>

DPOP-2#17 Warning
MREG Output pipelining  
DSP soc_npu_i/myip_npu_OCR_0/inst/u_pe_array/gen_ch[1].gen_k[5].u_pe/p0 multiplier stage soc_npu_i/myip_npu_OCR_0/inst/u_pe_array/gen_ch[1].gen_k[5].u_pe/p0/P[47:0] is not pipelined (MREG=0). Pipelining the multiplier function will improve performance and will save significant power so it is suggested whenever possible to fully pipeline this function.  If this multiplier was inferred, it is suggested to describe an additional register stage after this function.  If there is no registered adder/accumulator following the multiply function, two pipeline stages are suggested to allow both the MREG and PREG registers to be used.  If the DSP48 was instantiated in the design, it is suggested to set both the MREG and PREG attributes to 1 when performing multiply functions.
Related violations: <none>

DPOP-2#18 Warning
MREG Output pipelining  
DSP soc_npu_i/myip_npu_OCR_0/inst/u_pe_array/gen_ch[1].gen_k[6].u_pe/p0 multiplier stage soc_npu_i/myip_npu_OCR_0/inst/u_pe_array/gen_ch[1].gen_k[6].u_pe/p0/P[47:0] is not pipelined (MREG=0). Pipelining the multiplier function will improve performance and will save significant power so it is suggested whenever possible to fully pipeline this function.  If this multiplier was inferred, it is suggested to describe an additional register stage after this function.  If there is no registered adder/accumulator following the multiply function, two pipeline stages are suggested to allow both the MREG and PREG registers to be used.  If the DSP48 was instantiated in the design, it is suggested to set both the MREG and PREG attributes to 1 when performing multiply functions.
Related violations: <none>

DPOP-2#19 Warning
MREG Output pipelining  
DSP soc_npu_i/myip_npu_OCR_0/inst/u_pe_array/gen_ch[1].gen_k[7].u_pe/p0 multiplier stage soc_npu_i/myip_npu_OCR_0/inst/u_pe_array/gen_ch[1].gen_k[7].u_pe/p0/P[47:0] is not pipelined (MREG=0). Pipelining the multiplier function will improve performance and will save significant power so it is suggested whenever possible to fully pipeline this function.  If this multiplier was inferred, it is suggested to describe an additional register stage after this function.  If there is no registered adder/accumulator following the multiply function, two pipeline stages are suggested to allow both the MREG and PREG registers to be used.  If the DSP48 was instantiated in the design, it is suggested to set both the MREG and PREG attributes to 1 when performing multiply functions.
Related violations: <none>

DPOP-2#20 Warning
MREG Output pipelining  
DSP soc_npu_i/myip_npu_OCR_0/inst/u_pe_array/gen_ch[1].gen_k[8].u_pe/p0 multiplier stage soc_npu_i/myip_npu_OCR_0/inst/u_pe_array/gen_ch[1].gen_k[8].u_pe/p0/P[47:0] is not pipelined (MREG=0). Pipelining the multiplier function will improve performance and will save significant power so it is suggested whenever possible to fully pipeline this function.  If this multiplier was inferred, it is suggested to describe an additional register stage after this function.  If there is no registered adder/accumulator following the multiply function, two pipeline stages are suggested to allow both the MREG and PREG registers to be used.  If the DSP48 was instantiated in the design, it is suggested to set both the MREG and PREG attributes to 1 when performing multiply functions.
Related violations: <none>

DPOP-2#21 Warning
MREG Output pipelining  
DSP soc_npu_i/myip_npu_OCR_0/inst/u_pe_array/gen_ch[2].gen_k[0].u_pe/p0 multiplier stage soc_npu_i/myip_npu_OCR_0/inst/u_pe_array/gen_ch[2].gen_k[0].u_pe/p0/P[47:0] is not pipelined (MREG=0). Pipelining the multiplier function will improve performance and will save significant power so it is suggested whenever possible to fully pipeline this function.  If this multiplier was inferred, it is suggested to describe an additional register stage after this function.  If there is no registered adder/accumulator following the multiply function, two pipeline stages are suggested to allow both the MREG and PREG registers to be used.  If the DSP48 was instantiated in the design, it is suggested to set both the MREG and PREG attributes to 1 when performing multiply functions.
Related violations: <none>

DPOP-2#22 Warning
MREG Output pipelining  
DSP soc_npu_i/myip_npu_OCR_0/inst/u_pe_array/gen_ch[2].gen_k[1].u_pe/p0 multiplier stage soc_npu_i/myip_npu_OCR_0/inst/u_pe_array/gen_ch[2].gen_k[1].u_pe/p0/P[47:0] is not pipelined (MREG=0). Pipelining the multiplier function will improve performance and will save significant power so it is suggested whenever possible to fully pipeline this function.  If this multiplier was inferred, it is suggested to describe an additional register stage after this function.  If there is no registered adder/accumulator following the multiply function, two pipeline stages are suggested to allow both the MREG and PREG registers to be used.  If the DSP48 was instantiated in the design, it is suggested to set both the MREG and PREG attributes to 1 when performing multiply functions.
Related violations: <none>

DPOP-2#23 Warning
MREG Output pipelining  
DSP soc_npu_i/myip_npu_OCR_0/inst/u_pe_array/gen_ch[2].gen_k[2].u_pe/p0 multiplier stage soc_npu_i/myip_npu_OCR_0/inst/u_pe_array/gen_ch[2].gen_k[2].u_pe/p0/P[47:0] is not pipelined (MREG=0). Pipelining the multiplier function will improve performance and will save significant power so it is suggested whenever possible to fully pipeline this function.  If this multiplier was inferred, it is suggested to describe an additional register stage after this function.  If there is no registered adder/accumulator following the multiply function, two pipeline stages are suggested to allow both the MREG and PREG registers to be used.  If the DSP48 was instantiated in the design, it is suggested to set both the MREG and PREG attributes to 1 when performing multiply functions.
Related violations: <none>

DPOP-2#24 Warning
MREG Output pipelining  
DSP soc_npu_i/myip_npu_OCR_0/inst/u_pe_array/gen_ch[2].gen_k[3].u_pe/p0 multiplier stage soc_npu_i/myip_npu_OCR_0/inst/u_pe_array/gen_ch[2].gen_k[3].u_pe/p0/P[47:0] is not pipelined (MREG=0). Pipelining the multiplier function will improve performance and will save significant power so it is suggested whenever possible to fully pipeline this function.  If this multiplier was inferred, it is suggested to describe an additional register stage after this function.  If there is no registered adder/accumulator following the multiply function, two pipeline stages are suggested to allow both the MREG and PREG registers to be used.  If the DSP48 was instantiated in the design, it is suggested to set both the MREG and PREG attributes to 1 when performing multiply functions.
Related violations: <none>

DPOP-2#25 Warning
MREG Output pipelining  
DSP soc_npu_i/myip_npu_OCR_0/inst/u_pe_array/gen_ch[2].gen_k[4].u_pe/p0 multiplier stage soc_npu_i/myip_npu_OCR_0/inst/u_pe_array/gen_ch[2].gen_k[4].u_pe/p0/P[47:0] is not pipelined (MREG=0). Pipelining the multiplier function will improve performance and will save significant power so it is suggested whenever possible to fully pipeline this function.  If this multiplier was inferred, it is suggested to describe an additional register stage after this function.  If there is no registered adder/accumulator following the multiply function, two pipeline stages are suggested to allow both the MREG and PREG registers to be used.  If the DSP48 was instantiated in the design, it is suggested to set both the MREG and PREG attributes to 1 when performing multiply functions.
Related violations: <none>

DPOP-2#26 Warning
MREG Output pipelining  
DSP soc_npu_i/myip_npu_OCR_0/inst/u_pe_array/gen_ch[2].gen_k[5].u_pe/p0 multiplier stage soc_npu_i/myip_npu_OCR_0/inst/u_pe_array/gen_ch[2].gen_k[5].u_pe/p0/P[47:0] is not pipelined (MREG=0). Pipelining the multiplier function will improve performance and will save significant power so it is suggested whenever possible to fully pipeline this function.  If this multiplier was inferred, it is suggested to describe an additional register stage after this function.  If there is no registered adder/accumulator following the multiply function, two pipeline stages are suggested to allow both the MREG and PREG registers to be used.  If the DSP48 was instantiated in the design, it is suggested to set both the MREG and PREG attributes to 1 when performing multiply functions.
Related violations: <none>

DPOP-2#27 Warning
MREG Output pipelining  
DSP soc_npu_i/myip_npu_OCR_0/inst/u_pe_array/gen_ch[2].gen_k[6].u_pe/p0 multiplier stage soc_npu_i/myip_npu_OCR_0/inst/u_pe_array/gen_ch[2].gen_k[6].u_pe/p0/P[47:0] is not pipelined (MREG=0). Pipelining the multiplier function will improve performance and will save significant power so it is suggested whenever possible to fully pipeline this function.  If this multiplier was inferred, it is suggested to describe an additional register stage after this function.  If there is no registered adder/accumulator following the multiply function, two pipeline stages are suggested to allow both the MREG and PREG registers to be used.  If the DSP48 was instantiated in the design, it is suggested to set both the MREG and PREG attributes to 1 when performing multiply functions.
Related violations: <none>

DPOP-2#28 Warning
MREG Output pipelining  
DSP soc_npu_i/myip_npu_OCR_0/inst/u_pe_array/gen_ch[2].gen_k[7].u_pe/p0 multiplier stage soc_npu_i/myip_npu_OCR_0/inst/u_pe_array/gen_ch[2].gen_k[7].u_pe/p0/P[47:0] is not pipelined (MREG=0). Pipelining the multiplier function will improve performance and will save significant power so it is suggested whenever possible to fully pipeline this function.  If this multiplier was inferred, it is suggested to describe an additional register stage after this function.  If there is no registered adder/accumulator following the multiply function, two pipeline stages are suggested to allow both the MREG and PREG registers to be used.  If the DSP48 was instantiated in the design, it is suggested to set both the MREG and PREG attributes to 1 when performing multiply functions.
Related violations: <none>

DPOP-2#29 Warning
MREG Output pipelining  
DSP soc_npu_i/myip_npu_OCR_0/inst/u_pe_array/gen_ch[2].gen_k[8].u_pe/p0 multiplier stage soc_npu_i/myip_npu_OCR_0/inst/u_pe_array/gen_ch[2].gen_k[8].u_pe/p0/P[47:0] is not pipelined (MREG=0). Pipelining the multiplier function will improve performance and will save significant power so it is suggested whenever possible to fully pipeline this function.  If this multiplier was inferred, it is suggested to describe an additional register stage after this function.  If there is no registered adder/accumulator following the multiply function, two pipeline stages are suggested to allow both the MREG and PREG registers to be used.  If the DSP48 was instantiated in the design, it is suggested to set both the MREG and PREG attributes to 1 when performing multiply functions.
Related violations: <none>

DPOP-2#30 Warning
MREG Output pipelining  
DSP soc_npu_i/myip_npu_OCR_0/inst/u_pe_array/gen_ch[3].gen_k[0].u_pe/p0 multiplier stage soc_npu_i/myip_npu_OCR_0/inst/u_pe_array/gen_ch[3].gen_k[0].u_pe/p0/P[47:0] is not pipelined (MREG=0). Pipelining the multiplier function will improve performance and will save significant power so it is suggested whenever possible to fully pipeline this function.  If this multiplier was inferred, it is suggested to describe an additional register stage after this function.  If there is no registered adder/accumulator following the multiply function, two pipeline stages are suggested to allow both the MREG and PREG registers to be used.  If the DSP48 was instantiated in the design, it is suggested to set both the MREG and PREG attributes to 1 when performing multiply functions.
Related violations: <none>

DPOP-2#31 Warning
MREG Output pipelining  
DSP soc_npu_i/myip_npu_OCR_0/inst/u_pe_array/gen_ch[3].gen_k[1].u_pe/p0 multiplier stage soc_npu_i/myip_npu_OCR_0/inst/u_pe_array/gen_ch[3].gen_k[1].u_pe/p0/P[47:0] is not pipelined (MREG=0). Pipelining the multiplier function will improve performance and will save significant power so it is suggested whenever possible to fully pipeline this function.  If this multiplier was inferred, it is suggested to describe an additional register stage after this function.  If there is no registered adder/accumulator following the multiply function, two pipeline stages are suggested to allow both the MREG and PREG registers to be used.  If the DSP48 was instantiated in the design, it is suggested to set both the MREG and PREG attributes to 1 when performing multiply functions.
Related violations: <none>

DPOP-2#32 Warning
MREG Output pipelining  
DSP soc_npu_i/myip_npu_OCR_0/inst/u_pe_array/gen_ch[3].gen_k[2].u_pe/p0 multiplier stage soc_npu_i/myip_npu_OCR_0/inst/u_pe_array/gen_ch[3].gen_k[2].u_pe/p0/P[47:0] is not pipelined (MREG=0). Pipelining the multiplier function will improve performance and will save significant power so it is suggested whenever possible to fully pipeline this function.  If this multiplier was inferred, it is suggested to describe an additional register stage after this function.  If there is no registered adder/accumulator following the multiply function, two pipeline stages are suggested to allow both the MREG and PREG registers to be used.  If the DSP48 was instantiated in the design, it is suggested to set both the MREG and PREG attributes to 1 when performing multiply functions.
Related violations: <none>

DPOP-2#33 Warning
MREG Output pipelining  
DSP soc_npu_i/myip_npu_OCR_0/inst/u_pe_array/gen_ch[3].gen_k[3].u_pe/p0 multiplier stage soc_npu_i/myip_npu_OCR_0/inst/u_pe_array/gen_ch[3].gen_k[3].u_pe/p0/P[47:0] is not pipelined (MREG=0). Pipelining the multiplier function will improve performance and will save significant power so it is suggested whenever possible to fully pipeline this function.  If this multiplier was inferred, it is suggested to describe an additional register stage after this function.  If there is no registered adder/accumulator following the multiply function, two pipeline stages are suggested to allow both the MREG and PREG registers to be used.  If the DSP48 was instantiated in the design, it is suggested to set both the MREG and PREG attributes to 1 when performing multiply functions.
Related violations: <none>

DPOP-2#34 Warning
MREG Output pipelining  
DSP soc_npu_i/myip_npu_OCR_0/inst/u_pe_array/gen_ch[3].gen_k[4].u_pe/p0 multiplier stage soc_npu_i/myip_npu_OCR_0/inst/u_pe_array/gen_ch[3].gen_k[4].u_pe/p0/P[47:0] is not pipelined (MREG=0). Pipelining the multiplier function will improve performance and will save significant power so it is suggested whenever possible to fully pipeline this function.  If this multiplier was inferred, it is suggested to describe an additional register stage after this function.  If there is no registered adder/accumulator following the multiply function, two pipeline stages are suggested to allow both the MREG and PREG registers to be used.  If the DSP48 was instantiated in the design, it is suggested to set both the MREG and PREG attributes to 1 when performing multiply functions.
Related violations: <none>

DPOP-2#35 Warning
MREG Output pipelining  
DSP soc_npu_i/myip_npu_OCR_0/inst/u_pe_array/gen_ch[3].gen_k[5].u_pe/p0 multiplier stage soc_npu_i/myip_npu_OCR_0/inst/u_pe_array/gen_ch[3].gen_k[5].u_pe/p0/P[47:0] is not pipelined (MREG=0). Pipelining the multiplier function will improve performance and will save significant power so it is suggested whenever possible to fully pipeline this function.  If this multiplier was inferred, it is suggested to describe an additional register stage after this function.  If there is no registered adder/accumulator following the multiply function, two pipeline stages are suggested to allow both the MREG and PREG registers to be used.  If the DSP48 was instantiated in the design, it is suggested to set both the MREG and PREG attributes to 1 when performing multiply functions.
Related violations: <none>

DPOP-2#36 Warning
MREG Output pipelining  
DSP soc_npu_i/myip_npu_OCR_0/inst/u_pe_array/gen_ch[3].gen_k[6].u_pe/p0 multiplier stage soc_npu_i/myip_npu_OCR_0/inst/u_pe_array/gen_ch[3].gen_k[6].u_pe/p0/P[47:0] is not pipelined (MREG=0). Pipelining the multiplier function will improve performance and will save significant power so it is suggested whenever possible to fully pipeline this function.  If this multiplier was inferred, it is suggested to describe an additional register stage after this function.  If there is no registered adder/accumulator following the multiply function, two pipeline stages are suggested to allow both the MREG and PREG registers to be used.  If the DSP48 was instantiated in the design, it is suggested to set both the MREG and PREG attributes to 1 when performing multiply functions.
Related violations: <none>

DPOP-2#37 Warning
MREG Output pipelining  
DSP soc_npu_i/myip_npu_OCR_0/inst/u_pe_array/gen_ch[3].gen_k[7].u_pe/p0 multiplier stage soc_npu_i/myip_npu_OCR_0/inst/u_pe_array/gen_ch[3].gen_k[7].u_pe/p0/P[47:0] is not pipelined (MREG=0). Pipelining the multiplier function will improve performance and will save significant power so it is suggested whenever possible to fully pipeline this function.  If this multiplier was inferred, it is suggested to describe an additional register stage after this function.  If there is no registered adder/accumulator following the multiply function, two pipeline stages are suggested to allow both the MREG and PREG registers to be used.  If the DSP48 was instantiated in the design, it is suggested to set both the MREG and PREG attributes to 1 when performing multiply functions.
Related violations: <none>

DPOP-2#38 Warning
MREG Output pipelining  
DSP soc_npu_i/myip_npu_OCR_0/inst/u_pe_array/gen_ch[3].gen_k[8].u_pe/p0 multiplier stage soc_npu_i/myip_npu_OCR_0/inst/u_pe_array/gen_ch[3].gen_k[8].u_pe/p0/P[47:0] is not pipelined (MREG=0). Pipelining the multiplier function will improve performance and will save significant power so it is suggested whenever possible to fully pipeline this function.  If this multiplier was inferred, it is suggested to describe an additional register stage after this function.  If there is no registered adder/accumulator following the multiply function, two pipeline stages are suggested to allow both the MREG and PREG registers to be used.  If the DSP48 was instantiated in the design, it is suggested to set both the MREG and PREG attributes to 1 when performing multiply functions.
Related violations: <none>

DPOP-2#39 Warning
MREG Output pipelining  
DSP soc_npu_i/myip_npu_OCR_0/inst/u_pe_array/gen_ch[4].gen_k[0].u_pe/p0 multiplier stage soc_npu_i/myip_npu_OCR_0/inst/u_pe_array/gen_ch[4].gen_k[0].u_pe/p0/P[47:0] is not pipelined (MREG=0). Pipelining the multiplier function will improve performance and will save significant power so it is suggested whenever possible to fully pipeline this function.  If this multiplier was inferred, it is suggested to describe an additional register stage after this function.  If there is no registered adder/accumulator following the multiply function, two pipeline stages are suggested to allow both the MREG and PREG registers to be used.  If the DSP48 was instantiated in the design, it is suggested to set both the MREG and PREG attributes to 1 when performing multiply functions.
Related violations: <none>

DPOP-2#40 Warning
MREG Output pipelining  
DSP soc_npu_i/myip_npu_OCR_0/inst/u_pe_array/gen_ch[4].gen_k[1].u_pe/p0 multiplier stage soc_npu_i/myip_npu_OCR_0/inst/u_pe_array/gen_ch[4].gen_k[1].u_pe/p0/P[47:0] is not pipelined (MREG=0). Pipelining the multiplier function will improve performance and will save significant power so it is suggested whenever possible to fully pipeline this function.  If this multiplier was inferred, it is suggested to describe an additional register stage after this function.  If there is no registered adder/accumulator following the multiply function, two pipeline stages are suggested to allow both the MREG and PREG registers to be used.  If the DSP48 was instantiated in the design, it is suggested to set both the MREG and PREG attributes to 1 when performing multiply functions.
Related violations: <none>

DPOP-2#41 Warning
MREG Output pipelining  
DSP soc_npu_i/myip_npu_OCR_0/inst/u_pe_array/gen_ch[4].gen_k[2].u_pe/p0 multiplier stage soc_npu_i/myip_npu_OCR_0/inst/u_pe_array/gen_ch[4].gen_k[2].u_pe/p0/P[47:0] is not pipelined (MREG=0). Pipelining the multiplier function will improve performance and will save significant power so it is suggested whenever possible to fully pipeline this function.  If this multiplier was inferred, it is suggested to describe an additional register stage after this function.  If there is no registered adder/accumulator following the multiply function, two pipeline stages are suggested to allow both the MREG and PREG registers to be used.  If the DSP48 was instantiated in the design, it is suggested to set both the MREG and PREG attributes to 1 when performing multiply functions.
Related violations: <none>

DPOP-2#42 Warning
MREG Output pipelining  
DSP soc_npu_i/myip_npu_OCR_0/inst/u_pe_array/gen_ch[4].gen_k[3].u_pe/p0 multiplier stage soc_npu_i/myip_npu_OCR_0/inst/u_pe_array/gen_ch[4].gen_k[3].u_pe/p0/P[47:0] is not pipelined (MREG=0). Pipelining the multiplier function will improve performance and will save significant power so it is suggested whenever possible to fully pipeline this function.  If this multiplier was inferred, it is suggested to describe an additional register stage after this function.  If there is no registered adder/accumulator following the multiply function, two pipeline stages are suggested to allow both the MREG and PREG registers to be used.  If the DSP48 was instantiated in the design, it is suggested to set both the MREG and PREG attributes to 1 when performing multiply functions.
Related violations: <none>

DPOP-2#43 Warning
MREG Output pipelining  
DSP soc_npu_i/myip_npu_OCR_0/inst/u_pe_array/gen_ch[4].gen_k[4].u_pe/p0 multiplier stage soc_npu_i/myip_npu_OCR_0/inst/u_pe_array/gen_ch[4].gen_k[4].u_pe/p0/P[47:0] is not pipelined (MREG=0). Pipelining the multiplier function will improve performance and will save significant power so it is suggested whenever possible to fully pipeline this function.  If this multiplier was inferred, it is suggested to describe an additional register stage after this function.  If there is no registered adder/accumulator following the multiply function, two pipeline stages are suggested to allow both the MREG and PREG registers to be used.  If the DSP48 was instantiated in the design, it is suggested to set both the MREG and PREG attributes to 1 when performing multiply functions.
Related violations: <none>

DPOP-2#44 Warning
MREG Output pipelining  
DSP soc_npu_i/myip_npu_OCR_0/inst/u_pe_array/gen_ch[4].gen_k[5].u_pe/p0 multiplier stage soc_npu_i/myip_npu_OCR_0/inst/u_pe_array/gen_ch[4].gen_k[5].u_pe/p0/P[47:0] is not pipelined (MREG=0). Pipelining the multiplier function will improve performance and will save significant power so it is suggested whenever possible to fully pipeline this function.  If this multiplier was inferred, it is suggested to describe an additional register stage after this function.  If there is no registered adder/accumulator following the multiply function, two pipeline stages are suggested to allow both the MREG and PREG registers to be used.  If the DSP48 was instantiated in the design, it is suggested to set both the MREG and PREG attributes to 1 when performing multiply functions.
Related violations: <none>

DPOP-2#45 Warning
MREG Output pipelining  
DSP soc_npu_i/myip_npu_OCR_0/inst/u_pe_array/gen_ch[4].gen_k[6].u_pe/p0 multiplier stage soc_npu_i/myip_npu_OCR_0/inst/u_pe_array/gen_ch[4].gen_k[6].u_pe/p0/P[47:0] is not pipelined (MREG=0). Pipelining the multiplier function will improve performance and will save significant power so it is suggested whenever possible to fully pipeline this function.  If this multiplier was inferred, it is suggested to describe an additional register stage after this function.  If there is no registered adder/accumulator following the multiply function, two pipeline stages are suggested to allow both the MREG and PREG registers to be used.  If the DSP48 was instantiated in the design, it is suggested to set both the MREG and PREG attributes to 1 when performing multiply functions.
Related violations: <none>

DPOP-2#46 Warning
MREG Output pipelining  
DSP soc_npu_i/myip_npu_OCR_0/inst/u_pe_array/gen_ch[4].gen_k[7].u_pe/p0 multiplier stage soc_npu_i/myip_npu_OCR_0/inst/u_pe_array/gen_ch[4].gen_k[7].u_pe/p0/P[47:0] is not pipelined (MREG=0). Pipelining the multiplier function will improve performance and will save significant power so it is suggested whenever possible to fully pipeline this function.  If this multiplier was inferred, it is suggested to describe an additional register stage after this function.  If there is no registered adder/accumulator following the multiply function, two pipeline stages are suggested to allow both the MREG and PREG registers to be used.  If the DSP48 was instantiated in the design, it is suggested to set both the MREG and PREG attributes to 1 when performing multiply functions.
Related violations: <none>

DPOP-2#47 Warning
MREG Output pipelining  
DSP soc_npu_i/myip_npu_OCR_0/inst/u_pe_array/gen_ch[4].gen_k[8].u_pe/p0 multiplier stage soc_npu_i/myip_npu_OCR_0/inst/u_pe_array/gen_ch[4].gen_k[8].u_pe/p0/P[47:0] is not pipelined (MREG=0). Pipelining the multiplier function will improve performance and will save significant power so it is suggested whenever possible to fully pipeline this function.  If this multiplier was inferred, it is suggested to describe an additional register stage after this function.  If there is no registered adder/accumulator following the multiply function, two pipeline stages are suggested to allow both the MREG and PREG registers to be used.  If the DSP48 was instantiated in the design, it is suggested to set both the MREG and PREG attributes to 1 when performing multiply functions.
Related violations: <none>

DPOP-2#48 Warning
MREG Output pipelining  
DSP soc_npu_i/myip_npu_OCR_0/inst/u_pe_array/gen_ch[5].gen_k[0].u_pe/p0 multiplier stage soc_npu_i/myip_npu_OCR_0/inst/u_pe_array/gen_ch[5].gen_k[0].u_pe/p0/P[47:0] is not pipelined (MREG=0). Pipelining the multiplier function will improve performance and will save significant power so it is suggested whenever possible to fully pipeline this function.  If this multiplier was inferred, it is suggested to describe an additional register stage after this function.  If there is no registered adder/accumulator following the multiply function, two pipeline stages are suggested to allow both the MREG and PREG registers to be used.  If the DSP48 was instantiated in the design, it is suggested to set both the MREG and PREG attributes to 1 when performing multiply functions.
Related violations: <none>

DPOP-2#49 Warning
MREG Output pipelining  
DSP soc_npu_i/myip_npu_OCR_0/inst/u_pe_array/gen_ch[5].gen_k[1].u_pe/p0 multiplier stage soc_npu_i/myip_npu_OCR_0/inst/u_pe_array/gen_ch[5].gen_k[1].u_pe/p0/P[47:0] is not pipelined (MREG=0). Pipelining the multiplier function will improve performance and will save significant power so it is suggested whenever possible to fully pipeline this function.  If this multiplier was inferred, it is suggested to describe an additional register stage after this function.  If there is no registered adder/accumulator following the multiply function, two pipeline stages are suggested to allow both the MREG and PREG registers to be used.  If the DSP48 was instantiated in the design, it is suggested to set both the MREG and PREG attributes to 1 when performing multiply functions.
Related violations: <none>

DPOP-2#50 Warning
MREG Output pipelining  
DSP soc_npu_i/myip_npu_OCR_0/inst/u_pe_array/gen_ch[5].gen_k[2].u_pe/p0 multiplier stage soc_npu_i/myip_npu_OCR_0/inst/u_pe_array/gen_ch[5].gen_k[2].u_pe/p0/P[47:0] is not pipelined (MREG=0). Pipelining the multiplier function will improve performance and will save significant power so it is suggested whenever possible to fully pipeline this function.  If this multiplier was inferred, it is suggested to describe an additional register stage after this function.  If there is no registered adder/accumulator following the multiply function, two pipeline stages are suggested to allow both the MREG and PREG registers to be used.  If the DSP48 was instantiated in the design, it is suggested to set both the MREG and PREG attributes to 1 when performing multiply functions.
Related violations: <none>

DPOP-2#51 Warning
MREG Output pipelining  
DSP soc_npu_i/myip_npu_OCR_0/inst/u_pe_array/gen_ch[5].gen_k[3].u_pe/p0 multiplier stage soc_npu_i/myip_npu_OCR_0/inst/u_pe_array/gen_ch[5].gen_k[3].u_pe/p0/P[47:0] is not pipelined (MREG=0). Pipelining the multiplier function will improve performance and will save significant power so it is suggested whenever possible to fully pipeline this function.  If this multiplier was inferred, it is suggested to describe an additional register stage after this function.  If there is no registered adder/accumulator following the multiply function, two pipeline stages are suggested to allow both the MREG and PREG registers to be used.  If the DSP48 was instantiated in the design, it is suggested to set both the MREG and PREG attributes to 1 when performing multiply functions.
Related violations: <none>

DPOP-2#52 Warning
MREG Output pipelining  
DSP soc_npu_i/myip_npu_OCR_0/inst/u_pe_array/gen_ch[5].gen_k[4].u_pe/p0 multiplier stage soc_npu_i/myip_npu_OCR_0/inst/u_pe_array/gen_ch[5].gen_k[4].u_pe/p0/P[47:0] is not pipelined (MREG=0). Pipelining the multiplier function will improve performance and will save significant power so it is suggested whenever possible to fully pipeline this function.  If this multiplier was inferred, it is suggested to describe an additional register stage after this function.  If there is no registered adder/accumulator following the multiply function, two pipeline stages are suggested to allow both the MREG and PREG registers to be used.  If the DSP48 was instantiated in the design, it is suggested to set both the MREG and PREG attributes to 1 when performing multiply functions.
Related violations: <none>

DPOP-2#53 Warning
MREG Output pipelining  
DSP soc_npu_i/myip_npu_OCR_0/inst/u_pe_array/gen_ch[5].gen_k[5].u_pe/p0 multiplier stage soc_npu_i/myip_npu_OCR_0/inst/u_pe_array/gen_ch[5].gen_k[5].u_pe/p0/P[47:0] is not pipelined (MREG=0). Pipelining the multiplier function will improve performance and will save significant power so it is suggested whenever possible to fully pipeline this function.  If this multiplier was inferred, it is suggested to describe an additional register stage after this function.  If there is no registered adder/accumulator following the multiply function, two pipeline stages are suggested to allow both the MREG and PREG registers to be used.  If the DSP48 was instantiated in the design, it is suggested to set both the MREG and PREG attributes to 1 when performing multiply functions.
Related violations: <none>

DPOP-2#54 Warning
MREG Output pipelining  
DSP soc_npu_i/myip_npu_OCR_0/inst/u_pe_array/gen_ch[5].gen_k[6].u_pe/p0 multiplier stage soc_npu_i/myip_npu_OCR_0/inst/u_pe_array/gen_ch[5].gen_k[6].u_pe/p0/P[47:0] is not pipelined (MREG=0). Pipelining the multiplier function will improve performance and will save significant power so it is suggested whenever possible to fully pipeline this function.  If this multiplier was inferred, it is suggested to describe an additional register stage after this function.  If there is no registered adder/accumulator following the multiply function, two pipeline stages are suggested to allow both the MREG and PREG registers to be used.  If the DSP48 was instantiated in the design, it is suggested to set both the MREG and PREG attributes to 1 when performing multiply functions.
Related violations: <none>

DPOP-2#55 Warning
MREG Output pipelining  
DSP soc_npu_i/myip_npu_OCR_0/inst/u_pe_array/gen_ch[5].gen_k[7].u_pe/p0 multiplier stage soc_npu_i/myip_npu_OCR_0/inst/u_pe_array/gen_ch[5].gen_k[7].u_pe/p0/P[47:0] is not pipelined (MREG=0). Pipelining the multiplier function will improve performance and will save significant power so it is suggested whenever possible to fully pipeline this function.  If this multiplier was inferred, it is suggested to describe an additional register stage after this function.  If there is no registered adder/accumulator following the multiply function, two pipeline stages are suggested to allow both the MREG and PREG registers to be used.  If the DSP48 was instantiated in the design, it is suggested to set both the MREG and PREG attributes to 1 when performing multiply functions.
Related violations: <none>

DPOP-2#56 Warning
MREG Output pipelining  
DSP soc_npu_i/myip_npu_OCR_0/inst/u_pe_array/gen_ch[5].gen_k[8].u_pe/p0 multiplier stage soc_npu_i/myip_npu_OCR_0/inst/u_pe_array/gen_ch[5].gen_k[8].u_pe/p0/P[47:0] is not pipelined (MREG=0). Pipelining the multiplier function will improve performance and will save significant power so it is suggested whenever possible to fully pipeline this function.  If this multiplier was inferred, it is suggested to describe an additional register stage after this function.  If there is no registered adder/accumulator following the multiply function, two pipeline stages are suggested to allow both the MREG and PREG registers to be used.  If the DSP48 was instantiated in the design, it is suggested to set both the MREG and PREG attributes to 1 when performing multiply functions.
Related violations: <none>

DPOP-2#57 Warning
MREG Output pipelining  
DSP soc_npu_i/myip_npu_OCR_0/inst/u_pe_array/gen_ch[6].gen_k[0].u_pe/p0 multiplier stage soc_npu_i/myip_npu_OCR_0/inst/u_pe_array/gen_ch[6].gen_k[0].u_pe/p0/P[47:0] is not pipelined (MREG=0). Pipelining the multiplier function will improve performance and will save significant power so it is suggested whenever possible to fully pipeline this function.  If this multiplier was inferred, it is suggested to describe an additional register stage after this function.  If there is no registered adder/accumulator following the multiply function, two pipeline stages are suggested to allow both the MREG and PREG registers to be used.  If the DSP48 was instantiated in the design, it is suggested to set both the MREG and PREG attributes to 1 when performing multiply functions.
Related violations: <none>

DPOP-2#58 Warning
MREG Output pipelining  
DSP soc_npu_i/myip_npu_OCR_0/inst/u_pe_array/gen_ch[6].gen_k[1].u_pe/p0 multiplier stage soc_npu_i/myip_npu_OCR_0/inst/u_pe_array/gen_ch[6].gen_k[1].u_pe/p0/P[47:0] is not pipelined (MREG=0). Pipelining the multiplier function will improve performance and will save significant power so it is suggested whenever possible to fully pipeline this function.  If this multiplier was inferred, it is suggested to describe an additional register stage after this function.  If there is no registered adder/accumulator following the multiply function, two pipeline stages are suggested to allow both the MREG and PREG registers to be used.  If the DSP48 was instantiated in the design, it is suggested to set both the MREG and PREG attributes to 1 when performing multiply functions.
Related violations: <none>

DPOP-2#59 Warning
MREG Output pipelining  
DSP soc_npu_i/myip_npu_OCR_0/inst/u_pe_array/gen_ch[6].gen_k[2].u_pe/p0 multiplier stage soc_npu_i/myip_npu_OCR_0/inst/u_pe_array/gen_ch[6].gen_k[2].u_pe/p0/P[47:0] is not pipelined (MREG=0). Pipelining the multiplier function will improve performance and will save significant power so it is suggested whenever possible to fully pipeline this function.  If this multiplier was inferred, it is suggested to describe an additional register stage after this function.  If there is no registered adder/accumulator following the multiply function, two pipeline stages are suggested to allow both the MREG and PREG registers to be used.  If the DSP48 was instantiated in the design, it is suggested to set both the MREG and PREG attributes to 1 when performing multiply functions.
Related violations: <none>

DPOP-2#60 Warning
MREG Output pipelining  
DSP soc_npu_i/myip_npu_OCR_0/inst/u_pe_array/gen_ch[6].gen_k[3].u_pe/p0 multiplier stage soc_npu_i/myip_npu_OCR_0/inst/u_pe_array/gen_ch[6].gen_k[3].u_pe/p0/P[47:0] is not pipelined (MREG=0). Pipelining the multiplier function will improve performance and will save significant power so it is suggested whenever possible to fully pipeline this function.  If this multiplier was inferred, it is suggested to describe an additional register stage after this function.  If there is no registered adder/accumulator following the multiply function, two pipeline stages are suggested to allow both the MREG and PREG registers to be used.  If the DSP48 was instantiated in the design, it is suggested to set both the MREG and PREG attributes to 1 when performing multiply functions.
Related violations: <none>

DPOP-2#61 Warning
MREG Output pipelining  
DSP soc_npu_i/myip_npu_OCR_0/inst/u_pe_array/gen_ch[6].gen_k[4].u_pe/p0 multiplier stage soc_npu_i/myip_npu_OCR_0/inst/u_pe_array/gen_ch[6].gen_k[4].u_pe/p0/P[47:0] is not pipelined (MREG=0). Pipelining the multiplier function will improve performance and will save significant power so it is suggested whenever possible to fully pipeline this function.  If this multiplier was inferred, it is suggested to describe an additional register stage after this function.  If there is no registered adder/accumulator following the multiply function, two pipeline stages are suggested to allow both the MREG and PREG registers to be used.  If the DSP48 was instantiated in the design, it is suggested to set both the MREG and PREG attributes to 1 when performing multiply functions.
Related violations: <none>

DPOP-2#62 Warning
MREG Output pipelining  
DSP soc_npu_i/myip_npu_OCR_0/inst/u_pe_array/gen_ch[6].gen_k[5].u_pe/p0 multiplier stage soc_npu_i/myip_npu_OCR_0/inst/u_pe_array/gen_ch[6].gen_k[5].u_pe/p0/P[47:0] is not pipelined (MREG=0). Pipelining the multiplier function will improve performance and will save significant power so it is suggested whenever possible to fully pipeline this function.  If this multiplier was inferred, it is suggested to describe an additional register stage after this function.  If there is no registered adder/accumulator following the multiply function, two pipeline stages are suggested to allow both the MREG and PREG registers to be used.  If the DSP48 was instantiated in the design, it is suggested to set both the MREG and PREG attributes to 1 when performing multiply functions.
Related violations: <none>

DPOP-2#63 Warning
MREG Output pipelining  
DSP soc_npu_i/myip_npu_OCR_0/inst/u_pe_array/gen_ch[6].gen_k[6].u_pe/p0 multiplier stage soc_npu_i/myip_npu_OCR_0/inst/u_pe_array/gen_ch[6].gen_k[6].u_pe/p0/P[47:0] is not pipelined (MREG=0). Pipelining the multiplier function will improve performance and will save significant power so it is suggested whenever possible to fully pipeline this function.  If this multiplier was inferred, it is suggested to describe an additional register stage after this function.  If there is no registered adder/accumulator following the multiply function, two pipeline stages are suggested to allow both the MREG and PREG registers to be used.  If the DSP48 was instantiated in the design, it is suggested to set both the MREG and PREG attributes to 1 when performing multiply functions.
Related violations: <none>

DPOP-2#64 Warning
MREG Output pipelining  
DSP soc_npu_i/myip_npu_OCR_0/inst/u_pe_array/gen_ch[6].gen_k[7].u_pe/p0 multiplier stage soc_npu_i/myip_npu_OCR_0/inst/u_pe_array/gen_ch[6].gen_k[7].u_pe/p0/P[47:0] is not pipelined (MREG=0). Pipelining the multiplier function will improve performance and will save significant power so it is suggested whenever possible to fully pipeline this function.  If this multiplier was inferred, it is suggested to describe an additional register stage after this function.  If there is no registered adder/accumulator following the multiply function, two pipeline stages are suggested to allow both the MREG and PREG registers to be used.  If the DSP48 was instantiated in the design, it is suggested to set both the MREG and PREG attributes to 1 when performing multiply functions.
Related violations: <none>

DPOP-2#65 Warning
MREG Output pipelining  
DSP soc_npu_i/myip_npu_OCR_0/inst/u_pe_array/gen_ch[6].gen_k[8].u_pe/p0 multiplier stage soc_npu_i/myip_npu_OCR_0/inst/u_pe_array/gen_ch[6].gen_k[8].u_pe/p0/P[47:0] is not pipelined (MREG=0). Pipelining the multiplier function will improve performance and will save significant power so it is suggested whenever possible to fully pipeline this function.  If this multiplier was inferred, it is suggested to describe an additional register stage after this function.  If there is no registered adder/accumulator following the multiply function, two pipeline stages are suggested to allow both the MREG and PREG registers to be used.  If the DSP48 was instantiated in the design, it is suggested to set both the MREG and PREG attributes to 1 when performing multiply functions.
Related violations: <none>

DPOP-2#66 Warning
MREG Output pipelining  
DSP soc_npu_i/myip_npu_OCR_0/inst/u_pe_array/gen_ch[7].gen_k[0].u_pe/p0 multiplier stage soc_npu_i/myip_npu_OCR_0/inst/u_pe_array/gen_ch[7].gen_k[0].u_pe/p0/P[47:0] is not pipelined (MREG=0). Pipelining the multiplier function will improve performance and will save significant power so it is suggested whenever possible to fully pipeline this function.  If this multiplier was inferred, it is suggested to describe an additional register stage after this function.  If there is no registered adder/accumulator following the multiply function, two pipeline stages are suggested to allow both the MREG and PREG registers to be used.  If the DSP48 was instantiated in the design, it is suggested to set both the MREG and PREG attributes to 1 when performing multiply functions.
Related violations: <none>

DPOP-2#67 Warning
MREG Output pipelining  
DSP soc_npu_i/myip_npu_OCR_0/inst/u_pe_array/gen_ch[7].gen_k[1].u_pe/p0 multiplier stage soc_npu_i/myip_npu_OCR_0/inst/u_pe_array/gen_ch[7].gen_k[1].u_pe/p0/P[47:0] is not pipelined (MREG=0). Pipelining the multiplier function will improve performance and will save significant power so it is suggested whenever possible to fully pipeline this function.  If this multiplier was inferred, it is suggested to describe an additional register stage after this function.  If there is no registered adder/accumulator following the multiply function, two pipeline stages are suggested to allow both the MREG and PREG registers to be used.  If the DSP48 was instantiated in the design, it is suggested to set both the MREG and PREG attributes to 1 when performing multiply functions.
Related violations: <none>

DPOP-2#68 Warning
MREG Output pipelining  
DSP soc_npu_i/myip_npu_OCR_0/inst/u_pe_array/gen_ch[7].gen_k[2].u_pe/p0 multiplier stage soc_npu_i/myip_npu_OCR_0/inst/u_pe_array/gen_ch[7].gen_k[2].u_pe/p0/P[47:0] is not pipelined (MREG=0). Pipelining the multiplier function will improve performance and will save significant power so it is suggested whenever possible to fully pipeline this function.  If this multiplier was inferred, it is suggested to describe an additional register stage after this function.  If there is no registered adder/accumulator following the multiply function, two pipeline stages are suggested to allow both the MREG and PREG registers to be used.  If the DSP48 was instantiated in the design, it is suggested to set both the MREG and PREG attributes to 1 when performing multiply functions.
Related violations: <none>

DPOP-2#69 Warning
MREG Output pipelining  
DSP soc_npu_i/myip_npu_OCR_0/inst/u_pe_array/gen_ch[7].gen_k[3].u_pe/p0 multiplier stage soc_npu_i/myip_npu_OCR_0/inst/u_pe_array/gen_ch[7].gen_k[3].u_pe/p0/P[47:0] is not pipelined (MREG=0). Pipelining the multiplier function will improve performance and will save significant power so it is suggested whenever possible to fully pipeline this function.  If this multiplier was inferred, it is suggested to describe an additional register stage after this function.  If there is no registered adder/accumulator following the multiply function, two pipeline stages are suggested to allow both the MREG and PREG registers to be used.  If the DSP48 was instantiated in the design, it is suggested to set both the MREG and PREG attributes to 1 when performing multiply functions.
Related violations: <none>

DPOP-2#70 Warning
MREG Output pipelining  
DSP soc_npu_i/myip_npu_OCR_0/inst/u_pe_array/gen_ch[7].gen_k[4].u_pe/p0 multiplier stage soc_npu_i/myip_npu_OCR_0/inst/u_pe_array/gen_ch[7].gen_k[4].u_pe/p0/P[47:0] is not pipelined (MREG=0). Pipelining the multiplier function will improve performance and will save significant power so it is suggested whenever possible to fully pipeline this function.  If this multiplier was inferred, it is suggested to describe an additional register stage after this function.  If there is no registered adder/accumulator following the multiply function, two pipeline stages are suggested to allow both the MREG and PREG registers to be used.  If the DSP48 was instantiated in the design, it is suggested to set both the MREG and PREG attributes to 1 when performing multiply functions.
Related violations: <none>

DPOP-2#71 Warning
MREG Output pipelining  
DSP soc_npu_i/myip_npu_OCR_0/inst/u_pe_array/gen_ch[7].gen_k[5].u_pe/p0 multiplier stage soc_npu_i/myip_npu_OCR_0/inst/u_pe_array/gen_ch[7].gen_k[5].u_pe/p0/P[47:0] is not pipelined (MREG=0). Pipelining the multiplier function will improve performance and will save significant power so it is suggested whenever possible to fully pipeline this function.  If this multiplier was inferred, it is suggested to describe an additional register stage after this function.  If there is no registered adder/accumulator following the multiply function, two pipeline stages are suggested to allow both the MREG and PREG registers to be used.  If the DSP48 was instantiated in the design, it is suggested to set both the MREG and PREG attributes to 1 when performing multiply functions.
Related violations: <none>

DPOP-2#72 Warning
MREG Output pipelining  
DSP soc_npu_i/myip_npu_OCR_0/inst/u_pe_array/gen_ch[7].gen_k[6].u_pe/p0 multiplier stage soc_npu_i/myip_npu_OCR_0/inst/u_pe_array/gen_ch[7].gen_k[6].u_pe/p0/P[47:0] is not pipelined (MREG=0). Pipelining the multiplier function will improve performance and will save significant power so it is suggested whenever possible to fully pipeline this function.  If this multiplier was inferred, it is suggested to describe an additional register stage after this function.  If there is no registered adder/accumulator following the multiply function, two pipeline stages are suggested to allow both the MREG and PREG registers to be used.  If the DSP48 was instantiated in the design, it is suggested to set both the MREG and PREG attributes to 1 when performing multiply functions.
Related violations: <none>

DPOP-2#73 Warning
MREG Output pipelining  
DSP soc_npu_i/myip_npu_OCR_0/inst/u_pe_array/gen_ch[7].gen_k[7].u_pe/p0 multiplier stage soc_npu_i/myip_npu_OCR_0/inst/u_pe_array/gen_ch[7].gen_k[7].u_pe/p0/P[47:0] is not pipelined (MREG=0). Pipelining the multiplier function will improve performance and will save significant power so it is suggested whenever possible to fully pipeline this function.  If this multiplier was inferred, it is suggested to describe an additional register stage after this function.  If there is no registered adder/accumulator following the multiply function, two pipeline stages are suggested to allow both the MREG and PREG registers to be used.  If the DSP48 was instantiated in the design, it is suggested to set both the MREG and PREG attributes to 1 when performing multiply functions.
Related violations: <none>

DPOP-2#74 Warning
MREG Output pipelining  
DSP soc_npu_i/myip_npu_OCR_0/inst/u_pe_array/gen_ch[7].gen_k[8].u_pe/p0 multiplier stage soc_npu_i/myip_npu_OCR_0/inst/u_pe_array/gen_ch[7].gen_k[8].u_pe/p0/P[47:0] is not pipelined (MREG=0). Pipelining the multiplier function will improve performance and will save significant power so it is suggested whenever possible to fully pipeline this function.  If this multiplier was inferred, it is suggested to describe an additional register stage after this function.  If there is no registered adder/accumulator following the multiply function, two pipeline stages are suggested to allow both the MREG and PREG registers to be used.  If the DSP48 was instantiated in the design, it is suggested to set both the MREG and PREG attributes to 1 when performing multiply functions.
Related violations: <none>

DPREG-4#1 Warning
DSP48E1_PregDynOpmodeZmuxP:  
The DSP48E1 cell soc_npu_i/myip_npu_OCR_0/inst/u_pe_array/p_0_in with the given dynamic OPMODE[6:0] connections may lead to an unregistered asynchronous feedback path without the PREG attribute enabled. Please refer to the user guide and if one of the internal P feedback opmodes is possible for this design the PREG attribute must be set to 1, currently set to 0
Related violations: <none>

DPREG-4#2 Warning
DSP48E1_PregDynOpmodeZmuxP:  
The DSP48E1 cell soc_npu_i/myip_npu_OCR_0/inst/u_pe_array/p_0_in__0 with the given dynamic OPMODE[6:0] connections may lead to an unregistered asynchronous feedback path without the PREG attribute enabled. Please refer to the user guide and if one of the internal P feedback opmodes is possible for this design the PREG attribute must be set to 1, currently set to 0
Related violations: <none>

DPREG-4#3 Warning
DSP48E1_PregDynOpmodeZmuxP:  
The DSP48E1 cell soc_npu_i/myip_npu_OCR_0/inst/u_pe_array/p_0_in__11 with the given dynamic OPMODE[6:0] connections may lead to an unregistered asynchronous feedback path without the PREG attribute enabled. Please refer to the user guide and if one of the internal P feedback opmodes is possible for this design the PREG attribute must be set to 1, currently set to 0
Related violations: <none>

DPREG-4#4 Warning
DSP48E1_PregDynOpmodeZmuxP:  
The DSP48E1 cell soc_npu_i/myip_npu_OCR_0/inst/u_pe_array/p_0_in__12 with the given dynamic OPMODE[6:0] connections may lead to an unregistered asynchronous feedback path without the PREG attribute enabled. Please refer to the user guide and if one of the internal P feedback opmodes is possible for this design the PREG attribute must be set to 1, currently set to 0
Related violations: <none>

DPREG-4#5 Warning
DSP48E1_PregDynOpmodeZmuxP:  
The DSP48E1 cell soc_npu_i/myip_npu_OCR_0/inst/u_pe_array/p_0_in__14 with the given dynamic OPMODE[6:0] connections may lead to an unregistered asynchronous feedback path without the PREG attribute enabled. Please refer to the user guide and if one of the internal P feedback opmodes is possible for this design the PREG attribute must be set to 1, currently set to 0
Related violations: <none>

DPREG-4#6 Warning
DSP48E1_PregDynOpmodeZmuxP:  
The DSP48E1 cell soc_npu_i/myip_npu_OCR_0/inst/u_pe_array/p_0_in__15 with the given dynamic OPMODE[6:0] connections may lead to an unregistered asynchronous feedback path without the PREG attribute enabled. Please refer to the user guide and if one of the internal P feedback opmodes is possible for this design the PREG attribute must be set to 1, currently set to 0
Related violations: <none>

DPREG-4#7 Warning
DSP48E1_PregDynOpmodeZmuxP:  
The DSP48E1 cell soc_npu_i/myip_npu_OCR_0/inst/u_pe_array/p_0_in__17 with the given dynamic OPMODE[6:0] connections may lead to an unregistered asynchronous feedback path without the PREG attribute enabled. Please refer to the user guide and if one of the internal P feedback opmodes is possible for this design the PREG attribute must be set to 1, currently set to 0
Related violations: <none>

DPREG-4#8 Warning
DSP48E1_PregDynOpmodeZmuxP:  
The DSP48E1 cell soc_npu_i/myip_npu_OCR_0/inst/u_pe_array/p_0_in__18 with the given dynamic OPMODE[6:0] connections may lead to an unregistered asynchronous feedback path without the PREG attribute enabled. Please refer to the user guide and if one of the internal P feedback opmodes is possible for this design the PREG attribute must be set to 1, currently set to 0
Related violations: <none>

DPREG-4#9 Warning
DSP48E1_PregDynOpmodeZmuxP:  
The DSP48E1 cell soc_npu_i/myip_npu_OCR_0/inst/u_pe_array/p_0_in__2 with the given dynamic OPMODE[6:0] connections may lead to an unregistered asynchronous feedback path without the PREG attribute enabled. Please refer to the user guide and if one of the internal P feedback opmodes is possible for this design the PREG attribute must be set to 1, currently set to 0
Related violations: <none>

DPREG-4#10 Warning
DSP48E1_PregDynOpmodeZmuxP:  
The DSP48E1 cell soc_npu_i/myip_npu_OCR_0/inst/u_pe_array/p_0_in__20 with the given dynamic OPMODE[6:0] connections may lead to an unregistered asynchronous feedback path without the PREG attribute enabled. Please refer to the user guide and if one of the internal P feedback opmodes is possible for this design the PREG attribute must be set to 1, currently set to 0
Related violations: <none>

DPREG-4#11 Warning
DSP48E1_PregDynOpmodeZmuxP:  
The DSP48E1 cell soc_npu_i/myip_npu_OCR_0/inst/u_pe_array/p_0_in__21 with the given dynamic OPMODE[6:0] connections may lead to an unregistered asynchronous feedback path without the PREG attribute enabled. Please refer to the user guide and if one of the internal P feedback opmodes is possible for this design the PREG attribute must be set to 1, currently set to 0
Related violations: <none>

DPREG-4#12 Warning
DSP48E1_PregDynOpmodeZmuxP:  
The DSP48E1 cell soc_npu_i/myip_npu_OCR_0/inst/u_pe_array/p_0_in__3 with the given dynamic OPMODE[6:0] connections may lead to an unregistered asynchronous feedback path without the PREG attribute enabled. Please refer to the user guide and if one of the internal P feedback opmodes is possible for this design the PREG attribute must be set to 1, currently set to 0
Related violations: <none>

DPREG-4#13 Warning
DSP48E1_PregDynOpmodeZmuxP:  
The DSP48E1 cell soc_npu_i/myip_npu_OCR_0/inst/u_pe_array/p_0_in__5 with the given dynamic OPMODE[6:0] connections may lead to an unregistered asynchronous feedback path without the PREG attribute enabled. Please refer to the user guide and if one of the internal P feedback opmodes is possible for this design the PREG attribute must be set to 1, currently set to 0
Related violations: <none>

DPREG-4#14 Warning
DSP48E1_PregDynOpmodeZmuxP:  
The DSP48E1 cell soc_npu_i/myip_npu_OCR_0/inst/u_pe_array/p_0_in__6 with the given dynamic OPMODE[6:0] connections may lead to an unregistered asynchronous feedback path without the PREG attribute enabled. Please refer to the user guide and if one of the internal P feedback opmodes is possible for this design the PREG attribute must be set to 1, currently set to 0
Related violations: <none>

DPREG-4#15 Warning
DSP48E1_PregDynOpmodeZmuxP:  
The DSP48E1 cell soc_npu_i/myip_npu_OCR_0/inst/u_pe_array/p_0_in__8 with the given dynamic OPMODE[6:0] connections may lead to an unregistered asynchronous feedback path without the PREG attribute enabled. Please refer to the user guide and if one of the internal P feedback opmodes is possible for this design the PREG attribute must be set to 1, currently set to 0
Related violations: <none>

DPREG-4#16 Warning
DSP48E1_PregDynOpmodeZmuxP:  
The DSP48E1 cell soc_npu_i/myip_npu_OCR_0/inst/u_pe_array/p_0_in__9 with the given dynamic OPMODE[6:0] connections may lead to an unregistered asynchronous feedback path without the PREG attribute enabled. Please refer to the user guide and if one of the internal P feedback opmodes is possible for this design the PREG attribute must be set to 1, currently set to 0
Related violations: <none>

DPREG-4#17 Warning
DSP48E1_PregDynOpmodeZmuxP:  
The DSP48E1 cell soc_npu_i/myip_npu_OCR_0/inst/u_pe_array/p_1_in with the given dynamic OPMODE[6:0] connections may lead to an unregistered asynchronous feedback path without the PREG attribute enabled. Please refer to the user guide and if one of the internal P feedback opmodes is possible for this design the PREG attribute must be set to 1, currently set to 0
Related violations: <none>

DPREG-4#18 Warning
DSP48E1_PregDynOpmodeZmuxP:  
The DSP48E1 cell soc_npu_i/myip_npu_OCR_0/inst/u_pe_array/p_1_in__1 with the given dynamic OPMODE[6:0] connections may lead to an unregistered asynchronous feedback path without the PREG attribute enabled. Please refer to the user guide and if one of the internal P feedback opmodes is possible for this design the PREG attribute must be set to 1, currently set to 0
Related violations: <none>

DPREG-4#19 Warning
DSP48E1_PregDynOpmodeZmuxP:  
The DSP48E1 cell soc_npu_i/myip_npu_OCR_0/inst/u_pe_array/p_1_in__11 with the given dynamic OPMODE[6:0] connections may lead to an unregistered asynchronous feedback path without the PREG attribute enabled. Please refer to the user guide and if one of the internal P feedback opmodes is possible for this design the PREG attribute must be set to 1, currently set to 0
Related violations: <none>

DPREG-4#20 Warning
DSP48E1_PregDynOpmodeZmuxP:  
The DSP48E1 cell soc_npu_i/myip_npu_OCR_0/inst/u_pe_array/p_1_in__13 with the given dynamic OPMODE[6:0] connections may lead to an unregistered asynchronous feedback path without the PREG attribute enabled. Please refer to the user guide and if one of the internal P feedback opmodes is possible for this design the PREG attribute must be set to 1, currently set to 0
Related violations: <none>

DPREG-4#21 Warning
DSP48E1_PregDynOpmodeZmuxP:  
The DSP48E1 cell soc_npu_i/myip_npu_OCR_0/inst/u_pe_array/p_1_in__15 with the given dynamic OPMODE[6:0] connections may lead to an unregistered asynchronous feedback path without the PREG attribute enabled. Please refer to the user guide and if one of the internal P feedback opmodes is possible for this design the PREG attribute must be set to 1, currently set to 0
Related violations: <none>

DPREG-4#22 Warning
DSP48E1_PregDynOpmodeZmuxP:  
The DSP48E1 cell soc_npu_i/myip_npu_OCR_0/inst/u_pe_array/p_1_in__17 with the given dynamic OPMODE[6:0] connections may lead to an unregistered asynchronous feedback path without the PREG attribute enabled. Please refer to the user guide and if one of the internal P feedback opmodes is possible for this design the PREG attribute must be set to 1, currently set to 0
Related violations: <none>

DPREG-4#23 Warning
DSP48E1_PregDynOpmodeZmuxP:  
The DSP48E1 cell soc_npu_i/myip_npu_OCR_0/inst/u_pe_array/p_1_in__19 with the given dynamic OPMODE[6:0] connections may lead to an unregistered asynchronous feedback path without the PREG attribute enabled. Please refer to the user guide and if one of the internal P feedback opmodes is possible for this design the PREG attribute must be set to 1, currently set to 0
Related violations: <none>

DPREG-4#24 Warning
DSP48E1_PregDynOpmodeZmuxP:  
The DSP48E1 cell soc_npu_i/myip_npu_OCR_0/inst/u_pe_array/p_1_in__21 with the given dynamic OPMODE[6:0] connections may lead to an unregistered asynchronous feedback path without the PREG attribute enabled. Please refer to the user guide and if one of the internal P feedback opmodes is possible for this design the PREG attribute must be set to 1, currently set to 0
Related violations: <none>

DPREG-4#25 Warning
DSP48E1_PregDynOpmodeZmuxP:  
The DSP48E1 cell soc_npu_i/myip_npu_OCR_0/inst/u_pe_array/p_1_in__23 with the given dynamic OPMODE[6:0] connections may lead to an unregistered asynchronous feedback path without the PREG attribute enabled. Please refer to the user guide and if one of the internal P feedback opmodes is possible for this design the PREG attribute must be set to 1, currently set to 0
Related violations: <none>

DPREG-4#26 Warning
DSP48E1_PregDynOpmodeZmuxP:  
The DSP48E1 cell soc_npu_i/myip_npu_OCR_0/inst/u_pe_array/p_1_in__25 with the given dynamic OPMODE[6:0] connections may lead to an unregistered asynchronous feedback path without the PREG attribute enabled. Please refer to the user guide and if one of the internal P feedback opmodes is possible for this design the PREG attribute must be set to 1, currently set to 0
Related violations: <none>

DPREG-4#27 Warning
DSP48E1_PregDynOpmodeZmuxP:  
The DSP48E1 cell soc_npu_i/myip_npu_OCR_0/inst/u_pe_array/p_1_in__27 with the given dynamic OPMODE[6:0] connections may lead to an unregistered asynchronous feedback path without the PREG attribute enabled. Please refer to the user guide and if one of the internal P feedback opmodes is possible for this design the PREG attribute must be set to 1, currently set to 0
Related violations: <none>

DPREG-4#28 Warning
DSP48E1_PregDynOpmodeZmuxP:  
The DSP48E1 cell soc_npu_i/myip_npu_OCR_0/inst/u_pe_array/p_1_in__29 with the given dynamic OPMODE[6:0] connections may lead to an unregistered asynchronous feedback path without the PREG attribute enabled. Please refer to the user guide and if one of the internal P feedback opmodes is possible for this design the PREG attribute must be set to 1, currently set to 0
Related violations: <none>

DPREG-4#29 Warning
DSP48E1_PregDynOpmodeZmuxP:  
The DSP48E1 cell soc_npu_i/myip_npu_OCR_0/inst/u_pe_array/p_1_in__3 with the given dynamic OPMODE[6:0] connections may lead to an unregistered asynchronous feedback path without the PREG attribute enabled. Please refer to the user guide and if one of the internal P feedback opmodes is possible for this design the PREG attribute must be set to 1, currently set to 0
Related violations: <none>

DPREG-4#30 Warning
DSP48E1_PregDynOpmodeZmuxP:  
The DSP48E1 cell soc_npu_i/myip_npu_OCR_0/inst/u_pe_array/p_1_in__5 with the given dynamic OPMODE[6:0] connections may lead to an unregistered asynchronous feedback path without the PREG attribute enabled. Please refer to the user guide and if one of the internal P feedback opmodes is possible for this design the PREG attribute must be set to 1, currently set to 0
Related violations: <none>

DPREG-4#31 Warning
DSP48E1_PregDynOpmodeZmuxP:  
The DSP48E1 cell soc_npu_i/myip_npu_OCR_0/inst/u_pe_array/p_1_in__7 with the given dynamic OPMODE[6:0] connections may lead to an unregistered asynchronous feedback path without the PREG attribute enabled. Please refer to the user guide and if one of the internal P feedback opmodes is possible for this design the PREG attribute must be set to 1, currently set to 0
Related violations: <none>

DPREG-4#32 Warning
DSP48E1_PregDynOpmodeZmuxP:  
The DSP48E1 cell soc_npu_i/myip_npu_OCR_0/inst/u_pe_array/p_1_in__9 with the given dynamic OPMODE[6:0] connections may lead to an unregistered asynchronous feedback path without the PREG attribute enabled. Please refer to the user guide and if one of the internal P feedback opmodes is possible for this design the PREG attribute must be set to 1, currently set to 0
Related violations: <none>

REQP-1839#1 Warning
RAMB36 async control check  
The RAMB36E1 soc_npu_i/myip_npu_OCR_0/inst/u_weight_bram_a/mem_reg_0_0 has an input control pin soc_npu_i/myip_npu_OCR_0/inst/u_weight_bram_a/mem_reg_0_0/ADDRARDADDR[0] (net: soc_npu_i/myip_npu_OCR_0/inst/u_weight_bram_a/ADDRARDADDR[0]) which is driven by a register (soc_npu_i/myip_npu_OCR_0/inst/dma_wr_addr_reg[0]_rep) that has an active asychronous set or reset. This may cause corruption of the memory contents and/or read values when the set/reset is asserted and is not analyzed by the default static timing analysis. It is suggested to eliminate the use of a set/reset to registers driving this RAMB pin or else use a synchronous reset in which the assertion of the reset is timed by default.
Related violations: <none>

REQP-1839#2 Warning
RAMB36 async control check  
The RAMB36E1 soc_npu_i/myip_npu_OCR_0/inst/u_weight_bram_a/mem_reg_0_0 has an input control pin soc_npu_i/myip_npu_OCR_0/inst/u_weight_bram_a/mem_reg_0_0/ADDRARDADDR[10] (net: soc_npu_i/myip_npu_OCR_0/inst/u_weight_bram_a/ADDRARDADDR[10]) which is driven by a register (soc_npu_i/myip_npu_OCR_0/inst/dma_wr_addr_reg[10]_rep) that has an active asychronous set or reset. This may cause corruption of the memory contents and/or read values when the set/reset is asserted and is not analyzed by the default static timing analysis. It is suggested to eliminate the use of a set/reset to registers driving this RAMB pin or else use a synchronous reset in which the assertion of the reset is timed by default.
Related violations: <none>

REQP-1839#3 Warning
RAMB36 async control check  
The RAMB36E1 soc_npu_i/myip_npu_OCR_0/inst/u_weight_bram_a/mem_reg_0_0 has an input control pin soc_npu_i/myip_npu_OCR_0/inst/u_weight_bram_a/mem_reg_0_0/ADDRARDADDR[11] (net: soc_npu_i/myip_npu_OCR_0/inst/u_weight_bram_a/ADDRARDADDR[11]) which is driven by a register (soc_npu_i/myip_npu_OCR_0/inst/dma_wr_addr_reg[11]_rep) that has an active asychronous set or reset. This may cause corruption of the memory contents and/or read values when the set/reset is asserted and is not analyzed by the default static timing analysis. It is suggested to eliminate the use of a set/reset to registers driving this RAMB pin or else use a synchronous reset in which the assertion of the reset is timed by default.
Related violations: <none>

REQP-1839#4 Warning
RAMB36 async control check  
The RAMB36E1 soc_npu_i/myip_npu_OCR_0/inst/u_weight_bram_a/mem_reg_0_0 has an input control pin soc_npu_i/myip_npu_OCR_0/inst/u_weight_bram_a/mem_reg_0_0/ADDRARDADDR[12] (net: soc_npu_i/myip_npu_OCR_0/inst/u_weight_bram_a/ADDRARDADDR[12]) which is driven by a register (soc_npu_i/myip_npu_OCR_0/inst/dma_wr_addr_reg[12]_rep) that has an active asychronous set or reset. This may cause corruption of the memory contents and/or read values when the set/reset is asserted and is not analyzed by the default static timing analysis. It is suggested to eliminate the use of a set/reset to registers driving this RAMB pin or else use a synchronous reset in which the assertion of the reset is timed by default.
Related violations: <none>

REQP-1839#5 Warning
RAMB36 async control check  
The RAMB36E1 soc_npu_i/myip_npu_OCR_0/inst/u_weight_bram_a/mem_reg_0_0 has an input control pin soc_npu_i/myip_npu_OCR_0/inst/u_weight_bram_a/mem_reg_0_0/ADDRARDADDR[13] (net: soc_npu_i/myip_npu_OCR_0/inst/u_weight_bram_a/ADDRARDADDR[13]) which is driven by a register (soc_npu_i/myip_npu_OCR_0/inst/dma_wr_addr_reg[13]_rep) that has an active asychronous set or reset. This may cause corruption of the memory contents and/or read values when the set/reset is asserted and is not analyzed by the default static timing analysis. It is suggested to eliminate the use of a set/reset to registers driving this RAMB pin or else use a synchronous reset in which the assertion of the reset is timed by default.
Related violations: <none>

REQP-1839#6 Warning
RAMB36 async control check  
The RAMB36E1 soc_npu_i/myip_npu_OCR_0/inst/u_weight_bram_a/mem_reg_0_0 has an input control pin soc_npu_i/myip_npu_OCR_0/inst/u_weight_bram_a/mem_reg_0_0/ADDRARDADDR[14] (net: soc_npu_i/myip_npu_OCR_0/inst/u_weight_bram_a/ADDRARDADDR[14]) which is driven by a register (soc_npu_i/myip_npu_OCR_0/inst/dma_wr_addr_reg[14]_rep) that has an active asychronous set or reset. This may cause corruption of the memory contents and/or read values when the set/reset is asserted and is not analyzed by the default static timing analysis. It is suggested to eliminate the use of a set/reset to registers driving this RAMB pin or else use a synchronous reset in which the assertion of the reset is timed by default.
Related violations: <none>

REQP-1839#7 Warning
RAMB36 async control check  
The RAMB36E1 soc_npu_i/myip_npu_OCR_0/inst/u_weight_bram_a/mem_reg_0_0 has an input control pin soc_npu_i/myip_npu_OCR_0/inst/u_weight_bram_a/mem_reg_0_0/ADDRARDADDR[15] (net: soc_npu_i/myip_npu_OCR_0/inst/u_weight_bram_a/ADDRARDADDR[15]) which is driven by a register (soc_npu_i/myip_npu_OCR_0/inst/dma_wr_addr_reg[15]_rep) that has an active asychronous set or reset. This may cause corruption of the memory contents and/or read values when the set/reset is asserted and is not analyzed by the default static timing analysis. It is suggested to eliminate the use of a set/reset to registers driving this RAMB pin or else use a synchronous reset in which the assertion of the reset is timed by default.
Related violations: <none>

REQP-1839#8 Warning
RAMB36 async control check  
The RAMB36E1 soc_npu_i/myip_npu_OCR_0/inst/u_weight_bram_a/mem_reg_0_0 has an input control pin soc_npu_i/myip_npu_OCR_0/inst/u_weight_bram_a/mem_reg_0_0/ADDRARDADDR[1] (net: soc_npu_i/myip_npu_OCR_0/inst/u_weight_bram_a/ADDRARDADDR[1]) which is driven by a register (soc_npu_i/myip_npu_OCR_0/inst/dma_wr_addr_reg[1]_rep) that has an active asychronous set or reset. This may cause corruption of the memory contents and/or read values when the set/reset is asserted and is not analyzed by the default static timing analysis. It is suggested to eliminate the use of a set/reset to registers driving this RAMB pin or else use a synchronous reset in which the assertion of the reset is timed by default.
Related violations: <none>

REQP-1839#9 Warning
RAMB36 async control check  
The RAMB36E1 soc_npu_i/myip_npu_OCR_0/inst/u_weight_bram_a/mem_reg_0_0 has an input control pin soc_npu_i/myip_npu_OCR_0/inst/u_weight_bram_a/mem_reg_0_0/ADDRARDADDR[2] (net: soc_npu_i/myip_npu_OCR_0/inst/u_weight_bram_a/ADDRARDADDR[2]) which is driven by a register (soc_npu_i/myip_npu_OCR_0/inst/dma_wr_addr_reg[2]_rep) that has an active asychronous set or reset. This may cause corruption of the memory contents and/or read values when the set/reset is asserted and is not analyzed by the default static timing analysis. It is suggested to eliminate the use of a set/reset to registers driving this RAMB pin or else use a synchronous reset in which the assertion of the reset is timed by default.
Related violations: <none>

REQP-1839#10 Warning
RAMB36 async control check  
The RAMB36E1 soc_npu_i/myip_npu_OCR_0/inst/u_weight_bram_a/mem_reg_0_0 has an input control pin soc_npu_i/myip_npu_OCR_0/inst/u_weight_bram_a/mem_reg_0_0/ADDRARDADDR[3] (net: soc_npu_i/myip_npu_OCR_0/inst/u_weight_bram_a/ADDRARDADDR[3]) which is driven by a register (soc_npu_i/myip_npu_OCR_0/inst/dma_wr_addr_reg[3]_rep) that has an active asychronous set or reset. This may cause corruption of the memory contents and/or read values when the set/reset is asserted and is not analyzed by the default static timing analysis. It is suggested to eliminate the use of a set/reset to registers driving this RAMB pin or else use a synchronous reset in which the assertion of the reset is timed by default.
Related violations: <none>

REQP-1839#11 Warning
RAMB36 async control check  
The RAMB36E1 soc_npu_i/myip_npu_OCR_0/inst/u_weight_bram_a/mem_reg_0_0 has an input control pin soc_npu_i/myip_npu_OCR_0/inst/u_weight_bram_a/mem_reg_0_0/ADDRARDADDR[4] (net: soc_npu_i/myip_npu_OCR_0/inst/u_weight_bram_a/ADDRARDADDR[4]) which is driven by a register (soc_npu_i/myip_npu_OCR_0/inst/dma_wr_addr_reg[4]_rep) that has an active asychronous set or reset. This may cause corruption of the memory contents and/or read values when the set/reset is asserted and is not analyzed by the default static timing analysis. It is suggested to eliminate the use of a set/reset to registers driving this RAMB pin or else use a synchronous reset in which the assertion of the reset is timed by default.
Related violations: <none>

REQP-1839#12 Warning
RAMB36 async control check  
The RAMB36E1 soc_npu_i/myip_npu_OCR_0/inst/u_weight_bram_a/mem_reg_0_0 has an input control pin soc_npu_i/myip_npu_OCR_0/inst/u_weight_bram_a/mem_reg_0_0/ADDRARDADDR[5] (net: soc_npu_i/myip_npu_OCR_0/inst/u_weight_bram_a/ADDRARDADDR[5]) which is driven by a register (soc_npu_i/myip_npu_OCR_0/inst/dma_wr_addr_reg[5]_rep) that has an active asychronous set or reset. This may cause corruption of the memory contents and/or read values when the set/reset is asserted and is not analyzed by the default static timing analysis. It is suggested to eliminate the use of a set/reset to registers driving this RAMB pin or else use a synchronous reset in which the assertion of the reset is timed by default.
Related violations: <none>

REQP-1839#13 Warning
RAMB36 async control check  
The RAMB36E1 soc_npu_i/myip_npu_OCR_0/inst/u_weight_bram_a/mem_reg_0_0 has an input control pin soc_npu_i/myip_npu_OCR_0/inst/u_weight_bram_a/mem_reg_0_0/ADDRARDADDR[6] (net: soc_npu_i/myip_npu_OCR_0/inst/u_weight_bram_a/ADDRARDADDR[6]) which is driven by a register (soc_npu_i/myip_npu_OCR_0/inst/dma_wr_addr_reg[6]_rep) that has an active asychronous set or reset. This may cause corruption of the memory contents and/or read values when the set/reset is asserted and is not analyzed by the default static timing analysis. It is suggested to eliminate the use of a set/reset to registers driving this RAMB pin or else use a synchronous reset in which the assertion of the reset is timed by default.
Related violations: <none>

REQP-1839#14 Warning
RAMB36 async control check  
The RAMB36E1 soc_npu_i/myip_npu_OCR_0/inst/u_weight_bram_a/mem_reg_0_0 has an input control pin soc_npu_i/myip_npu_OCR_0/inst/u_weight_bram_a/mem_reg_0_0/ADDRARDADDR[7] (net: soc_npu_i/myip_npu_OCR_0/inst/u_weight_bram_a/ADDRARDADDR[7]) which is driven by a register (soc_npu_i/myip_npu_OCR_0/inst/dma_wr_addr_reg[7]_rep) that has an active asychronous set or reset. This may cause corruption of the memory contents and/or read values when the set/reset is asserted and is not analyzed by the default static timing analysis. It is suggested to eliminate the use of a set/reset to registers driving this RAMB pin or else use a synchronous reset in which the assertion of the reset is timed by default.
Related violations: <none>

REQP-1839#15 Warning
RAMB36 async control check  
The RAMB36E1 soc_npu_i/myip_npu_OCR_0/inst/u_weight_bram_a/mem_reg_0_0 has an input control pin soc_npu_i/myip_npu_OCR_0/inst/u_weight_bram_a/mem_reg_0_0/ADDRARDADDR[8] (net: soc_npu_i/myip_npu_OCR_0/inst/u_weight_bram_a/ADDRARDADDR[8]) which is driven by a register (soc_npu_i/myip_npu_OCR_0/inst/dma_wr_addr_reg[8]_rep) that has an active asychronous set or reset. This may cause corruption of the memory contents and/or read values when the set/reset is asserted and is not analyzed by the default static timing analysis. It is suggested to eliminate the use of a set/reset to registers driving this RAMB pin or else use a synchronous reset in which the assertion of the reset is timed by default.
Related violations: <none>

REQP-1839#16 Warning
RAMB36 async control check  
The RAMB36E1 soc_npu_i/myip_npu_OCR_0/inst/u_weight_bram_a/mem_reg_0_0 has an input control pin soc_npu_i/myip_npu_OCR_0/inst/u_weight_bram_a/mem_reg_0_0/ADDRARDADDR[9] (net: soc_npu_i/myip_npu_OCR_0/inst/u_weight_bram_a/ADDRARDADDR[9]) which is driven by a register (soc_npu_i/myip_npu_OCR_0/inst/dma_wr_addr_reg[9]_rep) that has an active asychronous set or reset. This may cause corruption of the memory contents and/or read values when the set/reset is asserted and is not analyzed by the default static timing analysis. It is suggested to eliminate the use of a set/reset to registers driving this RAMB pin or else use a synchronous reset in which the assertion of the reset is timed by default.
Related violations: <none>

REQP-1839#17 Warning
RAMB36 async control check  
The RAMB36E1 soc_npu_i/myip_npu_OCR_0/inst/u_weight_bram_a/mem_reg_0_0 has an input control pin soc_npu_i/myip_npu_OCR_0/inst/u_weight_bram_a/mem_reg_0_0/ADDRBWRADDR[12] (net: soc_npu_i/myip_npu_OCR_0/inst/u_weight_bram_a/Q[12]) which is driven by a register (soc_npu_i/myip_npu_OCR_0/inst/u_weight_preload/addr_pipe_reg[12]) that has an active asychronous set or reset. This may cause corruption of the memory contents and/or read values when the set/reset is asserted and is not analyzed by the default static timing analysis. It is suggested to eliminate the use of a set/reset to registers driving this RAMB pin or else use a synchronous reset in which the assertion of the reset is timed by default.
Related violations: <none>

REQP-1839#18 Warning
RAMB36 async control check  
The RAMB36E1 soc_npu_i/myip_npu_OCR_0/inst/u_weight_bram_a/mem_reg_0_0 has an input control pin soc_npu_i/myip_npu_OCR_0/inst/u_weight_bram_a/mem_reg_0_0/ADDRBWRADDR[13] (net: soc_npu_i/myip_npu_OCR_0/inst/u_weight_bram_a/Q[13]) which is driven by a register (soc_npu_i/myip_npu_OCR_0/inst/u_weight_preload/addr_pipe_reg[13]) that has an active asychronous set or reset. This may cause corruption of the memory contents and/or read values when the set/reset is asserted and is not analyzed by the default static timing analysis. It is suggested to eliminate the use of a set/reset to registers driving this RAMB pin or else use a synchronous reset in which the assertion of the reset is timed by default.
Related violations: <none>

REQP-1839#19 Warning
RAMB36 async control check  
The RAMB36E1 soc_npu_i/myip_npu_OCR_0/inst/u_weight_bram_a/mem_reg_0_0 has an input control pin soc_npu_i/myip_npu_OCR_0/inst/u_weight_bram_a/mem_reg_0_0/ADDRBWRADDR[14] (net: soc_npu_i/myip_npu_OCR_0/inst/u_weight_bram_a/Q[14]) which is driven by a register (soc_npu_i/myip_npu_OCR_0/inst/u_weight_preload/addr_pipe_reg[14]) that has an active asychronous set or reset. This may cause corruption of the memory contents and/or read values when the set/reset is asserted and is not analyzed by the default static timing analysis. It is suggested to eliminate the use of a set/reset to registers driving this RAMB pin or else use a synchronous reset in which the assertion of the reset is timed by default.
Related violations: <none>

REQP-1839#20 Warning
RAMB36 async control check  
The RAMB36E1 soc_npu_i/myip_npu_OCR_0/inst/u_weight_bram_a/mem_reg_0_0 has an input control pin soc_npu_i/myip_npu_OCR_0/inst/u_weight_bram_a/mem_reg_0_0/ADDRBWRADDR[15] (net: soc_npu_i/myip_npu_OCR_0/inst/u_weight_bram_a/Q[15]) which is driven by a register (soc_npu_i/myip_npu_OCR_0/inst/u_weight_preload/addr_pipe_reg[15]) that has an active asychronous set or reset. This may cause corruption of the memory contents and/or read values when the set/reset is asserted and is not analyzed by the default static timing analysis. It is suggested to eliminate the use of a set/reset to registers driving this RAMB pin or else use a synchronous reset in which the assertion of the reset is timed by default.
Related violations: <none>


