title,category,reviews
"""필터 낀 줄…종말 온 것 같다"" 새빨갛게 물든 호주 하늘, 무슨 일",World,필터 끼다 종말 빨갛다 물든 호주 하늘
"트럼프 ""이란과 협상 불발 시 하르그섬·발전소 폭파""",World,트럼프 이란 협상 불발 르그 발전소 폭파
"美, 러 유조선 쿠바 입항 허용… “어차피 무너질 것”",World,유조선 쿠바 입항 허용 어차피 무너지다
후티반군 참전에 수에즈도 막히나…해운 테마주 또 '급등',World,후티 반군 참전 수에즈 막히다 해운 테마주 급등
"“세잔·르누아르·마티스, 3분만에 한점씩”…이탈리아 미술관서 140억대 도난 사건",World,세잔 르누아르 마티스 분만 이탈리아 미술관 억대 도난 사건
"54년 만에 달 가는 유인 우주선 ‘아르테미스Ⅱ’ 카운트다운 돌입, 1일 발사",World,가다 유인 우주선 아르테미스 카운트다운 돌입 발사
"루비오 ""호르무즈 해협, 어떻게든 다시 열린다""",World,루비 호르무즈 해협 린다
호르무즈 통행료 현실화하나… 중동 4개국 논의 가세,World,호르무즈 통행료 실화 중동 개국 논의 가세
트럼프 “협상 불발 땐 인프라 완전히 파괴”…“아랍 국가들과 전쟁 비용 분담 원해”,World,트럼프 협상 불발 인프라 완전하다 파괴 아랍 국가 전쟁 비용 분담 원하다
이스라엘·헤즈볼라 충돌에…레바논서 유엔 평화유지군 첫 사망,World,이스라엘 헤즈볼라 충돌 레바논 유엔 평화유지군 사망
"트럼프 ""초토화 공격 후 이란 떠난다""…'6주차' 내주 승리선언?",World,트럼프 초토화 공격 이란 떠나다 주차 내주 승리 선언
"비대칭 전쟁의 현실…“이란 3000만원짜리 드론, ‘美 1조원 조기통제기’ 박살” [핫이슈]",World,대칭 전쟁 현실 이란 만원 짜다 드론 조원 조기 통제 박살 핫이슈
"이스라엘군, 1600km 떨어진 북부 이란 군 시설 공습",World,이스라엘군 떨어지다 북부 이란 시설 공습
국제유가 100달러 돌파 마감...이란 의회 '호르무즈 통행료' 승인,World,국제 유가 달러 돌파 마감 이란 의회 호르무즈 통행료 승인
"""우크라이나 다음은 이곳?"" 러 망명 재벌, 푸틴 다음 타깃 찍었다",World,우크라이나 망명 재벌 푸틴 타깃 찍다
"트럼프 ""세 번째 정권과 협상""…이란 실권자 공백에 美도 혼선",World,트럼프 정권 협상 이란 실권 공백 혼선
"""월세 못 내면 바로 쫓겨난다""⋯프랑스, '강제 퇴거' 사상 최대치 기록",World,월세 내면 쫓겨나다 프랑스 강제 퇴거 사상 대치 기록
"'터보퀀트' 파장, 마이크론 10% 급락…'돈나무언니'도 기술주 팔았다",World,터보 퀀트 파장 마이크론 급락 돈나무 기술 파다
"‘트럼프 위협’에도 굴하지 않는 스페인, 미군 영공 통과 막아…“나토 갈등 확산”",World,트럼프 위협 스페인 미군 영공 통과 막다 나토 갈등 확산
이란 전쟁 언제 끝나냐는 질문에 美 백악관 “계산해보라”,World,이란 전쟁 끝나다 질문 백악관 계산 해보다
"알루미늄 가격 급등…""2022년 이후 최고 수준""",World,알루미늄 가격 급등 최고 수준
이란 헤즈볼라 하이파 동시공격…이스라엘 “경제 목표물 공격”,World,이란 헤즈볼라 하이파 동시 공격 이스라엘 경제 목표 공격
"韓증시, 이란 전쟁으로 세계증시 신데렐라에서 골칫거리로",World,증시 이란 전쟁 세계 증시 신데렐라 골칫거리
핵 개발에 목숨 건 이란… 지상전 통한 우라늄 확보도 어려워 트럼프 진퇴양난,World,개발 목숨 이란 지상전 통한 우라늄 확보 어렵다 트럼프 진퇴양난
"달 향하는 우주선 '아르테미스Ⅱ'…NASA, 50시간 카운트다운 시작",World,우주선 아르테미스 카운트다운 시작
"이란, 후티 압박...""홍해 지나는 선박 공격 준비하라""",World,이란 후티 압박 홍해 지나다 선박 공격 준비 하라
"日, '반격능력' 핵심 전력 장사정 미사일 오늘 배치",World,반격 능력 핵심 전력 장사정 미사일 오늘 배치
트럼프에 안 굽히는 스페인…美군용기 영공 통과도 불허,World,트럼프 굽히다 스페인 군용기 영공 통과 불허
"""트럼프 담수 시설 파괴는 중동 전체의 재앙""",World,트럼프 담수 시설 파괴 중동 전체 재앙
"“사모대출 흔들리는데”…트럼프, ‘2경원’ 퇴직연금까지 열었다",World,사모 대출 흔들리다 트럼프 경원 퇴직 연금 열다
"""폭탄 떨어져도 경제 잘 돌아가""⋯이란 '저항 경제', 전쟁 속 저력 입증",World,폭탄 떨어지다 경제 자다 돌아가다 이란 저항 경제 전쟁 저력 입증
"이스라엘, 이란 경제 숨통 조인다…'군사→산업' 타깃 전환",World,이스라엘 이란 경제 숨통 조이다 군사 산업 타깃 전환
"'지도부 표적살해' 협상 자충수 됐다…""이란 의사결정구조 붕괴""",World,도부 표적 살해 협상 자충수 돼다 이란 의사결정 구조 붕괴
트럼프 ‘초토화’ 경고 속 美 공수부대 중동 도착…이란은 호르무즈·홍해 양동 작전,World,트럼프 초토화 경고 공수부대 중동 도착 이란 호르무즈 홍해 양동 작전
"""20척 통과"" 트럼프 자랑했는데…""낚시용"" 비웃은 해운 브로커, 왜?",World,통과 트럼프 자랑 낚시 비웃다 해운 브로커
"""앞으로도 호르무즈 돌아가는 게 좋다""는 네타냐후...""목표 절반 달성, 종전 시한 없어""",World,호르무즈 돌아가다 좋다 늘다 네타냐후 목표 절반 달성 종전 시한
"100달러 넘은 유가, 2022년 이후 최고…""200달러 갈 수도""",World,달러 넘다 유가 최고 달러 갈다 수도
"중국에 '이례적 불허' 이후...""호르무즈 해협 잠재적 변화 신호"" [지금이뉴스]",World,중국 이례 불허 호르무즈 해협 잠재 변화 신호 뉴스
미군 레인저·네이비실·82공수사단 중동에 속속 도착…지상전 병력 증강에 긴장 고조,World,미군 레인저 네이비실 공수 사단 중동 도착 지상전 병력 증강 긴장 고조
"“이란, ‘홍해도 막을 준비하라’ 후티 반군에 압박”",World,이란 홍해 준비 하라 후티 반군 압박
"백악관 ""트럼프, 아랍국에 이란전쟁 비용 부담하게 하는 데 꽤 관심있을 것""",World,백악관 트럼프 아랍 이란 전쟁 비용 부담 관심
"이란, 후티 홍해 봉쇄 압박…글로벌 물류에 치명적 위기",World,이란 후티 홍해 봉쇄 압박 글로벌 물류 치명 위기
"美 NASA, 54년만 인류 달 탐사 카운트다운 시작…1일 우주선 발사 예정",World,인류 탐사 카운트다운 시작 우주선 발사 예정
"[자막뉴스] 트럼프, 전쟁 비용 떠넘기기?...손 내젓는 각국에 ""기억하겠다"" 으름장",World,자막 뉴스 트럼프 전쟁 비용 뜨다 넘기다 내젓다 각국 기억 으름장
"일, 호위함 개조 이어 육상 부대에 '반격 능력' 미사일 첫 배치",World,호위함 개조 육상 부대 반격 능력 미사일 배치
"이 옵션 저 옵션 다 넣던 중동 갑부들 떠날라…스포츠카 업계도 ""속 탄다, 속 타""",World,옵션 옵션 넣다 중동 갑부 떠나다 스포츠카 업계
"미국, 최정예 공수부대 병력 중동 배치…지상군 투입 준비하나",World,미국 정예 공수부대 병력 중동 배치 지상군 투입 준비
"“가도 가도 또 생각나”…일본에 푹 빠진 MZ, 세대별 ‘최애 도시’는 완전 달랐다",World,가도 가도 생각나다 일본 빠지다 대별 최애 도시 늘다 다르다
"트럼프의 ""이란 해수담수화 공장 파괴"" 위협.. 그 의미는?--AP",World,트럼프 이란 해수담수화 공장 파괴 위협 의미
호르무즈 통행료...트럼프라면 '나눠갖자' 할까? [Y녹취록],World,호르무즈 통행료 트럼프 라면 나누다 갖다 녹취록
이란 헤즈볼라 하이파 동시공격…이스라엘 “경제 목표물 공격”,World,이란 헤즈볼라 하이파 동시 공격 이스라엘 경제 목표 공격
"“미국에선 못 한다”… 세계 수학자들, 집단 보이콧 선언",World,미국 세계 수학자 집단 보이콧 선언
"[월드앤이슈] 트럼프 ""진지한 협상중""…이란, 호르무즈 통행료 승인",World,월드 이슈 트럼프 진지하다 협상 이란 호르무즈 통행료 승인
"美국방장관, 내부자거래 시도했나…""이란 공격전 방산투자 문의""",World,국방 장관 내부자거래 시도 이란 격전 방산 투자 문의
전세계 방산업체들 드론 요격 저가 미사일 개발 러시,World,전세계 방산 업체 드론 요격 저가 미사일 개발 러시
트럼프와 갈 데까지 가는 스페인… “美 군용기 영공 통과 금지”,World,트럼프 갈다 가다 스페인 군용기 영공 통과 금지
"은둔의 이란 최고지도자 모즈타바, 3번째 서면 메시지 “이란 지지한 이라크에 감사”",World,은둔 이란 최고 지도자 타바 서면 메시지 이란 지지 이라크 감사
지상군 속속 증원…미 82공수사단 수천 명 중동 도착,World,지상군 증원 밉다 공수 사단 수천 중동 도착
"日, 호위함 개조 이어 육상부대에 '반격능력' 미사일 첫 배치",World,호위함 개조 상부 반격 능력 미사일 배치
"""이란, 후티 반군에 '홍해도 막을 준비하라' 압박""",World,이란 후티 반군 홍해 준비 하라 압박
“30억 내야 지나갈 수 있다고?”…이란 의회 ‘호르무즈 통행료’ 징수 법안 승인,World,내야 지나가다 이란 의회 호르무즈 통행료 징수 법안 승인
미 82공수사단 수천명 중동 도착…지상전 대비 병력 증강 고조,World,밉다 공수 사단 천명 중동 도착 지상전 대비 병력 증강 고조
"'상륙작전' 美해병대 이어…""공수부대 병력 수천명 중동 도착""",World,상륙작전 해병대 공수부대 병력 천명 중동 도착
유럽 아니면 미국?... 젤렌스키 “동맹국이 러 에너지 시설 공격 자제 요청”,World,유럽 미국 렌스 동맹국 에너지 시설 공격 자제 요청
"이란전쟁에 원유 팔아 3조 챙긴 러…“'미국의 눈' 박살낸 이란, 러가 100% 도왔다”",World,이란 전쟁 원유 챙기다 미국 박살 내다 이란 오다
"""생존 신호가 전혀 없어""...서면 메시지만 반복하는 모즈타바 [이슈톺]",World,생존 신호 전혀 서면 메시지 반복 타바 이슈 톺다
"""이란 공격에 걸프국 요격미사일 최소 2400발 소진…거의 바닥""",World,이란 공격 걸프 요격 미사일 최소 소진 바닥
트럼프 이어 루비오도 NATO 탈퇴 가능성 시사…“전면 재검토”,World,트럼프 루비 오도 탈퇴 가능성 시사 전면 검토
"트럼프, '궤멸적 타격' 경고…일방적 종전 선포 가능성도",World,트럼프 궤멸적 타격 경고 일방 종전 선포 가능성
마두로 체포·이란 전쟁 예측에 내부자거래 있었나…美검찰 조사,World,체포 이란 전쟁 예측 내부자거래 검찰 조사
"뉴욕증시, 중동 정세 불확실성·기술주 부담에 혼조 마감",World,뉴욕증시 중동 정세 불확실 기술 부담 마감
"미 국무 ""이란 전쟁 끝나면 나토 재검토""…탈퇴 카드 꺼내나",World,밉다 국무 이란 전쟁 끝나다 나토 검토 탈퇴 카드 꺼내다
"미국, 이란전 끝나고 나면...예고했던 '보복' 현실되나 [지금이뉴스]",World,미국 이란 끝나다 나다 예고 보복 현실 뉴스
"백악관 ""걸프전 때도 아랍국가들이 비용 분담""...당시 어땠나? [앵커리포트]",World,백악관 걸프전 아랍 국가 비용 분담 당시 어떻다 앵커 리포트
"네타냐후 “이란 전쟁, 절반 이상 왔다… 종료 시점은 미정”",World,네타냐후 이란 전쟁 절반 오다 종료 시점 미정
"트럼프 ""이란 폭파·초토화"" 발언에…WTI 100달러 넘었다",World,트럼프 이란 폭파 초토화 발언 달러 넘다
"미, 나토동맹 압박…네타냐후 ""목표 달성 근접""",World,밉다 나토 동맹 압박 네타냐후 목표 달성 근접
"日, 1000㎞ 장거리미사일 첫 배치…中 겨냥 '반격능력' 일환",World,장거리 미사일 배치 겨냥 반격 능력 일환
"이란 측, '호르무즈 통행료' 법안 통과…""당연히 지불해야""",World,이란 호르무즈 통행료 법안 통과 당연하다 지불
후티 참전에 ‘불붙은 유가’…WTI 3년8개월 만에 100달러 돌파 마감,World,후티 참전 붙다 유가 개월 달러 돌파 마감
"트럼프, 협상상대 갈리바프 이란 의회 의장 공식 확인...“실권 없어 협상 안갯속” 평가",World,트럼프 협상 상대 갈리 바프 이란 의회 의장 공식 확인 실권 협상 안갯속 평가
"트럼프, '초토화' 으름장…""황금 기회 살려야""",World,트럼프 초토화 으름장 황금 기회 살리다
"""경기도지사 왜 나오셨냐"" 추미애 코너로 몬 김동연",World,경기도 지사 나오다 추미애 코너 김동연
"나토는 재검토, 아랍국가엔 전쟁 비용 분담…美, 이상한 이란 전쟁 ‘청구서’",World,나토 검토 아랍 국가 전쟁 비용 분담 이상하다 이란 전쟁 청구
"트럼프 ""이란, 휴전 타결 안 하면 하르그섬·발전소 폭파할 것""",World,트럼프 이란 휴전 타결 르그 발전소 폭파
"美, 나토 탈퇴 카드?…국무장관 ""전쟁 끝나면 재검토""",World,나토 탈퇴 카드 국무장관 전쟁 끝나다 검토
"한화디펜스-필리조선소, 미 해군 첫 수주…차세대 군수함 개발",World,한화 디펜스 피다 조선소 밉다 해군 수주 차세대 군수 개발
"네타냐후 ""전쟁 목표 절반 이상 달성…이란, 내부 붕괴할 것""(종합)",World,네타냐후 전쟁 목표 절반 달성 이란 내부 붕괴하다 종합
"""월남전으로 빠져들어가는 것""...미군 안전까지 위험한 도박? [이슈톺]",World,월남전 빠져들다 미군 안전 위험하다 도박 이슈 톺다
"[중동전쟁] 이란 의회, 호르무즈 해협 통행료 징수법안 승인",World,중동전쟁 이란 의회 호르무즈 해협 통행료 징수 법안 승인
"이스라엘, 종전 시점 ""정하지 않겠다""...목표 ""절반 이상 달성""",World,이스라엘 종전 시점 목표 절반 달성
"""이란, 美 확전시 후티 반군에 홍해 공격하도록 압박""",World,이란 전시 후티 반군 홍해 공격 압박
"트럼프 ""합의 안 되면 하르그·발전소 폭파""...미 국무 ""나토 재검토할 것""",World,트럼프 합의 르그 발전소 폭파 밉다 국무 나토 검토
트럼프 이어 루비오도 나토 탈퇴 시사…“이란전 끝나면 전면 재검토”,World,트럼프 루비 오도 나토 탈퇴 시사 이란 끝나다 전면 검토
“전쟁 한 달째인데 슈퍼마켓엔 물건이 가득”…이란 ‘저항 경제’ 언제까지 버틸까,World,전쟁 슈퍼마켓 물건 가득 이란 저항 경제 버티다
美 루비오 국무 “이란 전쟁 후 나토 관계 재평가”-알자지라 인터뷰,World,루비 국무 이란 전쟁 나토 관계 평가 알자지라 인터뷰
"[부자들의 투자노트] 파월 ""현 통화정책, 이란전쟁 영향 지켜보기 좋은 위치""",World,부자 투자 노트 파월 통화정책 이란 전쟁 영향 지켜보다 좋다 위치
"""굉장히 수상한 움직임""...트럼프 발표 전 폭증한 거래 [굿모닝경제]",World,굉장하다 수상한 움직임 트럼프 발표 폭증 거래 굿모닝 경제
미 국무 “이란 전쟁 끝나면 나토 재검토”…탈퇴도 시사,World,밉다 국무 이란 전쟁 끝나다 나토 검토 탈퇴 시사
"[속보] 이란 의회, 호르무즈 통행료 부과법안 추진",World,속보 이란 의회 호르무즈 통행료 부과 법안 추진
"돼지고기 가격, 채소보다 싸다?...중국 공급과잉에 사상 최저 기록",World,돼지고기 가격 채소 싸다 중국 공급 과잉 사상 최저 기록
"해협 통과할 때마다 30억?…이란, '호르무즈 통행료' 승인",World,해협 통과 이란 호르무즈 통행료 승인
'동시 공격'에 화염 치솟은 정유시설…'저항의 축' 재결속,World,동시 공격 화염 치솟다 정유 시설 저항 재결
"한화디펜스-필리조선소, 美해군 첫 수주…차세대 군수함 개발(종합)",World,한화 디펜스 피다 조선소 해군 수주 차세대 군수 개발 종합
"""우리 선원들, 호르무즈에 갇힌 전쟁포로나 다름 없어‥파병은 신중히"" [모닝콜]",World,선원 호르무즈 갇히다 전쟁포로 다르다 파병 신중하다 모닝콜
네타냐후 “이란전 목표 절반 이상 달성”…종전 시점은 언급 안 해,World,네타냐후 이란 목표 절반 달성 종전 시점 언급
"네타냐후 ""이란 전쟁 목표 절반 이상 달성…종료 시점 미정""",World,네타냐후 이란 전쟁 목표 절반 달성 종료 시점 미정
"이란 의회, 호르무즈해협 통행료 징수 계획 승인",World,이란 의회 호르무즈 해협 통행료 징수 계획 승인
美·이란 확전 우려에 단타 매매 급증…뉴욕증시 혼조 마감,World,이란 확전 우려 단타 매매 급증 뉴욕증시 마감
"걸프전처럼…美, 이란전 비용 중동국가 분담 검토",World,걸프전 이란 비용 중동 국가 분담 검토
"백악관 ""이란과 대화 잘 돼가…황금기회 거부시 심각한 대가""",World,백악관 이란 대화 자다 돼다 황금 기회 거부 심각하다 대가
"트럼프 ""합의 불발시 초토화""…전쟁비용 떠넘기기?",World,트럼프 합의 불발 초토화 전쟁 비용 뜨다 넘기다
"월가 거물 애크먼 ""하락론 무시하라…우량주 매수 최적기""",World,거물 크다 멀다 하락 무시 우량 매수 적기
"미 국무장관 “나토에 매우 실망, 이란 전쟁 끝나면 재검토할 것”",World,밉다 국무장관 나토 실망 이란 전쟁 끝나다 검토
미 국무 “이란전 끝나면 나토 재검토”…협조 안 한 유럽에 실망감,World,밉다 국무 이란 끝나다 나토 검토 협조 유럽 실망
[속보] 트럼프 “이란과 곧 합의 안되면 하르그섬과 모든 발전소 폭파”,World,속보 트럼프 이란 합의 안되다 르그 모든 발전소 폭파
"숨진 이란 해군사령관 생전 영상에서 ""호르무즈 봉쇄하라""…국제유가 또 상승",World,숨지다 이란 해군 사령관 생전 영상 호르무즈 봉쇄 국제 유가 상승
[마켓 브리핑] 파월의 금리 인상 가능성 일축에도 기술주 주도 하락세,World,마켓 브리핑 파월 금리 인상 가능성 기술 주도 하락
"[속보] 파월 ""당분간 금리 유지할 것"" 비트 1% 상승, 6만6000달러",World,속보 파월 당분간 금리 유지 비트 상승 달러
美 루비오 “비협조적 나토에 매우 실망…이란 전쟁 끝나면 전면 재검토하겠다”,World,루비 협조 나토 실망 이란 전쟁 끝나다 전면 검토
"포르투갈 8천여명 , ""미군의 라예스공군기지 대 이란전 사용"" 금지 청원",World,포르투갈 여명 미군 예스 공군기지 대다 이란 사용 금지 청원
"후티, 홍해 공격 나서나…""이란 압박 속 선택 기로""",World,후티 홍해 공격 나서다 이란 압박 선택
[김대호 박사의 오늘의 키워드] 트럼프 경고·사우디 원유 폭탄·터보퀀트 충격·김동관 빚 잔치,World,김대호 박사 오늘 워드 트럼프 경고 사우디 원유 폭탄 터보 퀀트 충격 김동관 잔치
이란·헤즈볼라 '저항의 축' 재결집‥정유시설 폭격,World,이란 헤즈볼라 저항 재결 정유 시설 폭격
'터보퀀트 충격' 반도체 우수수…반도체지수 4.23%↓(종합2),World,터보 퀀트 충격 반도체 우수수 반도체 지수 종합
‘이 물고기’ 잡겠다고 5시간 사투…낚싯줄 따라 올라온 227㎏ 정체,World,물고기 잡다 사투 낚싯줄 따르다 올라오다 정체
이란 미사일 튀르키예 상공 요격…이란 전쟁 후 4번째,World,이란 미사일 튀르키예 상공 요격 이란 전쟁
해상 물동량 12%가 홍해…막히면 '희망봉 우회'도 한계,World,해상 물동량 가다 홍해 막히다 희망봉 우회 한계
이란 새 지도부 의사 결정 능력 결여…협상에 어려움,World,이란 도부 의사 결정 능력 결여 협상 어려움
"이란, 후티 반군에 ""홍해 선박 공격 재개 준비하라"" 압박",World,이란 후티 반군 홍해 선박 공격 재개 준비 하라 압박
"‘저항의 축’ 재결속 신호…이란·헤즈볼라, 이스라엘 산업도시 하이파 동시공격",World,저항 재결 신호 이란 헤즈볼라 이스라엘 산업 도시 하이파 동시 공격
"美, 아랍에 전쟁 비용 청구 시사...""대통령 관심 있을 듯""",World,아랍 전쟁 비용 청구 시사 대통령 관심
"[증시전략] ""전쟁 충격 예상보다 크지 않아""…美증시 그래도 선방?",World,증시 전략 전쟁 충격 예상 크다 증시 선방
"美사모대출 흔들리는데…트럼프, ‘2경원’ 퇴직연금에 문호 개방[1일1트]",World,사모 대출 흔들리다 트럼프 경원 퇴직 연금 문호 개방
백악관 “이란전 비용 아랍국 분담 검토”…전쟁비용 떠넘기나,World,백악관 이란 비용 아랍 분담 검토 전쟁 비용 뜨다 넘기다
"미 국무 ""이란 전쟁 끝나면 나토 재검토""…탈퇴 카드 꺼내나",World,밉다 국무 이란 전쟁 끝나다 나토 검토 탈퇴 카드 꺼내다
"또 터보퀀트 충격, 메모리주 일제↓ 마이크론 10%-샌디스크 7%(종합)",World,터보 퀀트 충격 메모리 일제 마이크론 샌디스크 종합
"美국무 ""나토 매우 실망…전쟁 끝나면 재검토""",World,국무 나토 실망 전쟁 끝나다 검토
"이란, 호르무즈 해협 통행료 부과 승인",World,이란 호르무즈 해협 통행료 부과 승인
[외신 헤드라인] 사우디 경질유 5월 가격 역대급 인상 전망,World,외신 헤드라인 사우디 경질 가격 역대 인상 전망
"호르무즈 재개방, ‘장대한 분노’ 핵심 목표는 아니라는 백악관[이태규의 워싱턴 플레이북]",World,호르무즈 재개 장대 분노 핵심 목표 백악관 이태규 워싱턴 플레이
"트럼프, 이란 ‘초토화’ 경고로 막판 압박…일방적 무력종결 가능성도[1일1트]",World,트럼프 이란 초토화 경고 막판 압박 일방 무력 종결 가능성
세계 원유 수송 20% 이란 손아귀에…호르무즈의 '수에즈화' 초읽기,World,세계 원유 수송 이란 손아귀 호르무즈 수에즈 초읽기
"미 국무 ""이란 전쟁 끝나면 나토 재검토""...탈퇴 카드 '만지작'",World,밉다 국무 이란 전쟁 끝나다 나토 검토 탈퇴 카드
"이란 의회, 호르무즈 해협 통행료 부과 법안 승인…""액수는 밝히지 않아""",World,이란 의회 호르무즈 해협 통행료 부과 법안 승인 액수 밝히다
트럼프 못 믿는 시장...변동성 속 혼조 마감 [앵커리포트],World,트럼프 믿다 시장 변동성 마감 앵커 리포트
동시공격에 정유시설 화염…'저항의 축' 재결속,World,공격 정유 시설 화염 저항 재결
미 전략자산 ‘하늘의 눈’도 당했다…“러시아가 위성 사진 제공”,World,밉다 전략 자산 하늘 당하다 러시아 위성 사진 제공
"트럼프 ""합의 안되면 발전소·하르그섬 초토화""",World,트럼프 합의 안되다 발전소 르그 초토화
이란·헤즈볼라 '저항의 축' 재결집‥정유시설 폭격,World,이란 헤즈볼라 저항 재결 정유 시설 폭격
이란 헤즈볼라 하이파 동시공격…이스라엘 “경제 목표물 공격”,World,이란 헤즈볼라 하이파 동시 공격 이스라엘 경제 목표 공격
붙이고 압축하고...HBM에 맞서는 메모리 전쟁[김창영의 실리콘밸리Look],World,붙이 압축 맞서다 메모리 전쟁 김창영 실리콘밸리
하루만에 돌변한 트럼프 “합의 늦으면 초토화 시킬 것” [글로벌 모닝브리핑],World,하루 돌변 트럼프 합의 늦다 초토화 글로벌 모닝 브리핑
아시아 유가 초비상...사우디 경질유 5월 가격 크게 오를 듯[美-이란 전쟁],World,아시아 유가 초비상 사우디 경질 가격 크게 이란 전쟁
사흘전엔 회항했는데...中 화물선 호르무즈 통과,World,사흘 회항 화물선 호르무즈 통과
이란 “파키스탄 종전 협상 참여한 적 없어”,World,이란 파키스탄 종전 협상 참여
두 동강난 미국의 자존심···조기경보기 완파를 방공망 파괴로 부른 이유는 [美-이란전쟁],World,동강 미국 자존심 조기경보기 완파 방공 파괴 부르다 이유 이란 전쟁
"美 '전쟁 청구서' 아랍 향할까…백악관 ""트럼프, 꽤 관심있을 것""",World,전쟁 청구 아랍 백악관 트럼프 관심
중동 공급 막히자 사우디유 급등…아시아 정유사 직격탄,World,중동 공급 막히다 사우디 급등 아시아 유사 직격탄
美국무 “이란전 끝나면 나토 재검토”…탈퇴 카드 압박,World,국무 이란 끝나다 나토 검토 탈퇴 카드 압박
헤지펀드 거물 애크먼 “최고의 우량주 매수 타이밍…약세론 무시하라” [1일1트],World,헤지펀드 거물 크다 멀다 최고 우량 매수 타이밍 세론 무시
"美연준 파월 “현 통화정책, 이란전쟁 영향 지켜보기 좋은 위치…사모대출, 시스템 위기 아냐”",World,파월 통화정책 이란 전쟁 영향 지켜보다 좋다 위치 사모 대출 시스템 위기 알다
"백악관 “트럼프, 아랍국에 이란전쟁 비용 요청 꽤 관심있을 것” [1일1트]",World,백악관 트럼프 아랍 이란 전쟁 비용 요청 관심
"뉴욕증시, 종전·확전 전망에 혼조...WTI, 개전 이후 첫 100달러 돌파 [데일리국제금융]",World,뉴욕증시 종전 확전 전망 개전 달러 돌파 일리 국제 금융
"트럼프 ""합의 안 되면 하르그·발전소 폭파""...아랍 국가에 전쟁 비용 청구에 관심",World,트럼프 합의 르그 발전소 폭파 아랍 국가 전쟁 비용 청구 관심
자라·H&M 옷값 오른다…전쟁이 내 옷장까지 흔드는 이유 [박시진의 글로벌 픽],World,자라 옷값 전쟁 옷장 흔들다 이유 박다 글로벌
"반도체 매도세+유가 급등, 미증시 다우 제외 일제 하락(상보)",World,반도체 도세 유가 급등 밉다 증시 다우 제외 일제 하락 상보
"美국무 ""이란 전쟁 끝나면 나토 재검토""…탈퇴 카드 꺼내나(종합)",World,국무 이란 전쟁 끝나다 나토 검토 탈퇴 카드 꺼내다 종합
"전쟁 장기화 공포...WTI, 2022년 이후 처음 100달러 넘어",World,전쟁 장기 공포 처음 달러 넘다
이란 NPT 탈퇴 움직임에… 트럼프 “인프라 모두 초토화” 엄포,World,이란 탈퇴 움직임 트럼프 인프라 초토화 엄포
"“이란전, 중국에 큰 타격”…이 예측, 완전히 뒤바뀐 이유 [VIEW]",World,이란 중국 크다 타격 예측 완전하다 바뀌다 이유
"백악관 ""이란, 일부 조건 동의…작전 4~6주 시간표 유효""(종합)",World,백악관 이란 일부 조건 동의 작전 시간표 유효 종합
"젤렌스키 “러, 이란의 美 조기경보기 폭격 도와”",World,렌스 이란 조기경보기 폭격
모즈타바 “이란 지지한 이라크에 감사” 시아파 연대 강조,World,타바 이란 지지 이라크 감사 시아파 연대 강조
파키스탄 “美-이란 협상 조만간 열릴 것”,World,파키스탄 이란 협상 조만간 열리다
"""호르무즈 통행세? 명백한 법 위반...한국도 같이 압박해야""",World,호르무즈 행세 명백하다 위반 한국 압박
"트럼프 행정부, 퇴직연금 문호 개방…‘위기의 사모대출’ 월가 로비 통했다",World,트럼프 행정부 퇴직 연금 문호 개방 위기 사모 대출 로비
세계 ‘가스난’ 엎친데 덮친격…호주까지 생산 차질 '초비상',World,세계 가스 엎친데 덮친격 호주 생산 차질 초비상
아시아 정유사 ‘초비상’…사우디 경질유 5월 가격 역대급 인상,World,아시아 유사 초비상 사우디 경질 가격 역대 인상
대형군함·유조선 필수통로… 美 새 타깃은 호르무즈 7개섬,World,대형 군함 유조선 필수 통로 타깃 호르무즈 개섬
"美국무부 “유럽, AI 시대 규제 일관… 무의미한 존재 전락할 수도” 경고",World,국무부 유럽 시대 규제 일관 무의미하다 존재 전락 수도 경고
"""협상 곧 타결"" ""이란 석유 탐나"" 불안만 키우는 트럼프의 '입'",World,협상 타결 이란 석유 불안 키우다 트럼프
“러시아가 100% 돕고있다”...4500억 美 ‘하늘의 눈’ 파괴한 이란 [美-이란 전쟁],World,러시아 돕다 하늘 파괴 이란 이란 전쟁
[뉴욕유가] 후티 참전에 트럼프 위협까지…WTI 결국 100달러 넘겨 마감,World,뉴욕 유가 후티 참전 트럼프 위협 달러 넘기다 마감
"백악관 ""트럼프, 아랍국에 이란전쟁 비용 요청 꽤 관심있을 것""(종합)",World,백악관 트럼프 아랍 이란 전쟁 비용 요청 관심 종합
"美, 이란전쟁 내주 끝내나…백악관 ""4~6주 시간표 유지""(종합)",World,이란 전쟁 내주 끝내 백악관 시간표 유지 종합
"韓 AI반도체기업 리벨리온, 4억불 투자유치…美시장 진출 추진",World,반도체 기업 베다 투자 유치 시장 진출 추진
"美, 이란戰 내주 끝내나…백악관 ""4~6주 소요 평가 유지""",World,이란 내주 끝내 백악관 소요 평가 유지
사우디 경질유 5월 인도분 폭등 전망… 아시아 정유업계 ‘초비상’,World,사우디 경질 인도 폭등 전망 아시아 정유 업계 초비상
"“이란, 에너지 전쟁선 승리”… 석유 판매 수익 두배로 불었다",World,이란 에너지 전쟁 승리 석유 판매 수익 불다
"파월 ""이란전쟁 충격, 통화정책에 반영할지는 일단 지켜봐야""",World,파월 이란 전쟁 충격 통화정책 반영 지켜보다
"中 화물선, 호르무즈 회항 사흘 만에 결국 해협 통과",World,화물선 호르무즈 회항 사흘 해협 통과
"루비오 ""호르무즈 해협, 어떻게든 다시 열린다""",World,루비 호르무즈 해협 린다
"‘위기의 사모대출’ 월가 로비 통했다...트럼프, ‘2경원’ 퇴직연금에 문호 개방",World,위기 사모 대출 로비 트럼프 경원 퇴직 연금 문호 개방
"튀르키예 ""이란서 날아온 4번째 탄도미사일 격추""",World,튀르키예 이란 날아오다 탄도미사일 격추
하이파 겨냥 공격…이란·헤즈볼라 ‘저항의 축’ 재결집,World,하이파 겨냥 공격 이란 헤즈볼라 저항 재결
튀르키예서 이란 발사 탄도미사일 4번째 격추,World,튀르키예 이란 발사 탄도미사일 격추
급격한 통화정책 변화에 선 그은 파월...“적절한 수준”,World,급격하다 통화정책 변화 파월 적절하다 수준
"독일 총리 ""시리아 난민 80％ 3년 안에 돌아가야""",World,독일 총리 시리아 난민 돌아가다
"이란·헤즈볼라, 이스라엘 산업도시 하이파 동시공격",World,이란 헤즈볼라 이스라엘 산업 도시 하이파 동시 공격
튀르키예서 이란 탄도미사일 4번째 격추,World,튀르키예 이란 탄도미사일 격추
"美국무 ""이란과 대화 진행 중…군사옵션은 협상 실패 대비""(종합)",World,국무 이란 대화 진행 군사 옵션 협상 실패 대비 종합
"이란·헤즈볼라, 이스라엘 산업도시 하이파 동시공격",World,이란 헤즈볼라 이스라엘 산업 도시 하이파 동시 공격
"1R 추미애, 2R 김동연..與 경기도지사 토론 '난타전'",World,추미애 김동연 경기도 지사 토론 난타
"“기업가치 379조, 남은 건 0명”…머스크 회사서 전원 탈출한 공동창업자들",World,기업 가치 남다 머스크 회사 전원 탈출 동창 업자
"미 재무 ""시간 지나면 미국이 호르무즈 통제권 되찾을 것""",World,밉다 재무 지나다 미국 호르무즈 통제 되찾다
"‘드론 과외’ 나선 러시아·우크라, 중동서 대리전",World,드론 과외 나선 러시아 크다 중동 대리전
美 지상군 투입 땐… ‘침몰 않는 항모’ 7개 섬 우선 점령 가능성,World,지상군 투입 침몰 항모 점령 가능성
중동 갑부 손님들 놓칠라…고급차업계 난감,World,중동 갑부 손님 놓치다 고급 업계 난감
"“이란, 군부가 권력 장악 친미 정권 수립 어려워… 6월까지 전쟁 계속될 듯”",World,이란 군부 권력 장악 친미 정권 수립 어렵다 전쟁 계속
성묘교회 미사 금지했다 혼쭐난 이스라엘,World,성묘교회 미사 금지 혼쭐 이스라엘
이란 미사일 공습에도 두바이 경마장은 ‘별천지’,World,이란 미사일 공습 두바이 경마장 별천지
이란-이스라엘 '이전투구'…네타냐후 영토 '야욕',World,이란 이스라엘 이전 투구 네타냐후 영토 야욕
"""이란 석유 원한다""…호르무즈 7개 섬 '눈독'",World,이란 석유 원하다 호르무즈 눈독
“협상 불발땐 이란 인프라 완전히 파괴”,World,협상 불발 이란 인프라 완전하다 파괴
"""이란과 합의 안 되면 하르그섬·모든 발전소 폭파""",World,이란 합의 르그 모든 발전소 폭파
미국·이란 협상 타결?‥더 격해진 중동 정세,World,미국 이란 협상 타결 격해지다 중동 정세
“폭탄 터져도 마트 굴러가”…40년 제재가 키운 이란 ‘맷집’,World,폭탄 터지다 마트 굴러가다 제재 키우다 이란 맷집
"이란 ""3000만원짜리 드론으로 美조기경보기 파괴…러 정보 제공""(종합)",World,이란 만원 짜다 드론 조기경보기 파괴 정보 제공 종합
"이라크에도 25만명 보냈는데…중동 배치 미군 5만명, 지상전 어렵다",World,이라크 보내다 중동 배치 미군 지상전 어렵다
"뉴욕 증시, 이란 전쟁 확전 양상에도 저가 매수에 상승 출발",World,뉴욕 증시 이란 전쟁 확전 양상 저가 매수 상승 출발
"美재무 ""시간 지나면 미국이 호르무즈 통제권 되찾을 것""",World,재무 지나다 미국 호르무즈 통제 되찾다
트럼프 “합의 결렬 땐 이란 발전소·하르그섬 완전히 파괴”,World,트럼프 합의 결렬 이란 발전소 르그 완전하다 파괴
"호르무즈서 회항했던 中화물선 2척, 이번엔 ‘무사 통과’",World,호르무즈 회항 화물선 무사 통과
"""트럼프, 이란 고농축 우라늄 무력탈취 군사작전 검토 중""",World,트럼프 이란 농축 우라늄 무력 탈취 군사작전 검토
[투나잇이슈] 중동 포화 한달째…'장대한 분노' 작전 언제까지?,World,투나잇 이슈 중동 포화 장대 분노 작전
"뉴욕증시, 저가 매수에 상승 출발…중동 긴장에 상승폭 제한",World,뉴욕증시 저가 매수 상승 출발 중동 긴장 상승 제한
“곧 타결” 언급 속 군사력 증강…‘강제 종전’ 최대 분수령,World,타결 언급 군사력 증강 강제 종전 최대 분수령
"미 국무장관 ""협상 선호하지만 실패 대비해야""",World,밉다 국무장관 협상 선호 실패 대비
이슬람 4개국 “미국에 호르무즈 통행료 제안”…국제법상 가능할까?,World,이슬람 개국 미국 호르무즈 통행료 제안 국제 가능하다
"美국무 ""우리는 협상·외교 선호하지만 실패에 대비해야""",World,국무 협상 외교 선호 실패 대비
“협상 잘 돼” VS “이란 석유 원해”…트럼프의 화전양면술,World,협상 자다 돼다 이란 석유 원하다 트럼프 화전 면술
"이란, 호르무즈 봉쇄 지휘관 사망 확인...""작전에는 차질 없어""",World,이란 호르무즈 봉쇄 지휘 사망 확인 작전 차질
"“미 지상군, 호르무즈 7개섬 투입 가능성”…7천여 명 출격 대기",World,밉다 지상군 호르무즈 개섬 투입 가능성 출격 대기
"“주요 해운사 중 처음”…중국 화물선, 호르무즈 해협 통과",World,주요 해운 처음 중국 화물선 호르무즈 해협 통과
“이란과 합의 안 되면 하르그섬·발전소 폭파”,World,이란 합의 르그 발전소 폭파
"호르무즈서 회항했던 중국 화물선, 이번엔 해협 통과",World,호르무즈 회항 중국 화물선 해협 통과
사흘전 회항했던중국 화물선…이번엔 호르무즈 해협 '통과',World,사흘 회항 중국 화물선 호르무즈 해협 통과
"러시아, 쿠바에 계속 원유 공급...""미국에 사전 통보""",World,러시아 쿠바 계속 원유 공급 미국 사전 통보
"지상전 압박 속 공방 격화...이스라엘, 최대 국방예산 통과",World,지상전 압박 격화 이스라엘 최대 국방 예산 통과
사우디 경질유 5월 가격 역대급 폭등할 듯...아시아 정유사 '비상',World,사우디 경질 가격 역대 폭등 아시아 유사 비상
"트럼프 ""이란의 발전소·유정·물시설 다 날려버릴 것…만약 호르무즈 개방 안한다면""",World,트럼프 이란 발전소 유정 시설 날다 버리다 호르무즈 개방
미군이 지상전에서 인질로 잡히면 벌어질 일…“재앙이 올 것” 이유는? [핫이슈],World,미군 지상전 인질 잡히다 벌어지다 재앙 오다 이유 핫이슈
"""불법 전쟁"" 선 그은 스페인, 미군기 영공 통과도 막았다",World,불법 전쟁 스페인 미군 영공 통과 막다
호르무즈서 사흘전 회항했던 中화물선 이번엔 '통과',World,호르무즈 사흘 회항 화물선 통과
"러시아, 쿠바에 계속 원유 공급...“미국에 사전 통보""",World,러시아 쿠바 계속 원유 공급 미국 사전 통보
"이집트 대통령 ""트럼프만이 멈출 수 있다""…유가 200달러 경고",World,이집트 대통령 트럼프 멈추다 유가 달러 경고
[속보] 트럼프 “이란과 곧 합의 안되면 하르그섬·발전소 폭파하고 끝낼것”,World,속보 트럼프 이란 합의 안되다 르그 발전소 폭파 끝내다
[속보]트럼프 “이란과 합의안되면 하르그섬·발전소 폭파”,World,속보 트럼프 이란 합의 안되다 르그 발전소 폭파
"이란 ""지상전은 재앙"" 경고...이스라엘 ""전선 확대""",World,이란 지상전 재앙 경고 이스라엘 전선 확대
'협상' 언급 속 군사력 증강...'강제 종전' 수순 밟나,World,협상 언급 군사력 증강 강제 종전 수순 밟다
"트럼프, 협상 정체에 ""이란 모든 발전소-하르그섬 폭파"" 경고",World,트럼프 협상 정체 이란 모든 발전소 르그 폭파 경고
"트럼프 ""이란 새 정권과 협상 진전…합의 없으면 에너지 시설 초토화""(종합)",World,트럼프 이란 정권 협상 진전 합의 에너지 시설 초토화 종합
사우디 경질유 5월 가격 역대급 폭등 전망…아시아 정유사 ‘초비상’,World,사우디 경질 가격 역대 폭등 전망 아시아 유사 초비상
트럼프의 경고 “이란과 합의안되면 하르그섬·발전소 폭파할 것”,World,트럼프 경고 이란 합의 안되다 르그 발전소 폭파
"트럼프 ""하르그섬 점령"" 엄포…이란, '호르무즈 7개 섬'에 방어선",World,트럼프 르그 점령 엄포 이란 호르무즈 방어선
"이란, 핵확산금지조약 탈퇴 추진…美 우라늄 탈취 작전 '고심'",World,이란 핵확산금지조약 탈퇴 추진 우라늄 탈취 작전 고심
“덩치 커 팔걸이 침범하면 좌석 2개 사야”…항공사 규정 논란,World,덩치 크다 팔걸이 침범 좌석 사다 항공사 규정 논란
“중국 교육은 신분상승 도구” 거침없던 독설가[시스루 피플],World,중국 교육 신분 상승 도구 거치다 독설 시스루 피플
트럼프 “합의 안 하면 이란 모든 발전소·유전 파괴” 위협,World,트럼프 합의 이란 모든 발전소 유전 파괴 위협
이란 미사일에 두 동강 난 美 '하늘의 지휘소'…사상 첫 전투 손실,World,이란 미사일 동강 하늘 지휘 사상 전투 손실
미 전략자산 ‘하늘의 눈’도 당했다…“러시아가 위성 사진 제공”,World,밉다 전략 자산 하늘 당하다 러시아 위성 사진 제공
미사일 파편에 ‘살충제’ 유출…중동 내 미국 캠퍼스 표적 경고,World,미사일 파편 살충제 유출 중동 미국 캠퍼스 표적 경고
"트럼프 ""이란과 휴전 곧 타결 안 되면 모든 이란 인프라 파괴"" 위협(2보)",World,트럼프 이란 휴전 타결 모든 이란 인프라 파괴 위협
사우디 경질유 5월 가격 역대급 폭등할듯…아시아 정유사 '비상',World,사우디 경질 가격 역대 폭등 아시아 유사 비상
"트럼프 ""호르무즈 즉각 개방 안되면 하르그섬·발전소 초토화"" 압박",World,트럼프 호르무즈 즉각 개방 안되다 르그 발전소 초토화 압박
트럼프 “나는 이란의 석유를 원해…하르그섬도 점령 가능” 압박,World,트럼프 이란 석유 원하다 르그 점령 가능 압박
"트럼프·시진핑 ‘대만 러브콜’… 美 의원 파견, 中은 국민당 초청",World,트럼프 시진핑 대만 러브콜 의원 파견 국민당 초청
"트럼프 진짜 속마음 공개? “이란 석유 가져오고 싶다, 많은 선택지 있어”",World,트럼프 진짜 속마음 공개 이란 석유 가져오다 싶다 많다 선택
"[중동 전쟁] “트럼프, 이란 우라늄 탈취 군사작전 검토”",World,중동 전쟁 트럼프 이란 우라늄 탈취 군사작전 검토
"이란 매체 ""의회, 美·이스라엘 핵시설 공격 후 'NPT 탈퇴' 검토""",World,이란 매체 의회 이스라엘 시설 공격 탈퇴 검토
일상 덮친 ‘워플레이션’…세탁비·포장재·음료컵 줄줄이 올랐다,World,일상 덮다 플레이 세탁 포장재 음료 줄줄이
"트럼프 ""협상 불발시 하르그섬·발전소 모두 파괴하고 끝낼 것""",World,트럼프 협상 불발 르그 발전소 파괴 끝내다
"이스라엘, 테헤란 기반 시설 집중 폭격…영토 확장 야욕도",World,이스라엘 테헤란 기반 시설 집중 폭격 영토 확장 야욕
트럼프 “이란과 합의 안되면 유전·발전소·하르그섬 초토화”,World,트럼프 이란 합의 안되다 유전 발전소 르그 초토화
[속보] 트럼프 “이란과 곧 합의 안되면 하르그섬과 모든 발전소 폭파”,World,속보 트럼프 이란 합의 안되다 르그 모든 발전소 폭파
"이란 ""미국 말은 항상 의심해야…직접 협상 동의한적 없어""",World,이란 미국 항상 의심 직접 협상 동의 한적
"트럼프 ""이란과 곧 합의 안되면 하르그섬과 모든 발전소 폭파""",World,트럼프 이란 합의 안되다 르그 모든 발전소 폭파
"중동전쟁 31일째…이란은 ""NPT 탈퇴""·美는 ""하르그섬 점령""",World,중동전쟁 이란 탈퇴 늘다 르그 점령
중재국 회담 끝났지만…'파키스탄 대화'는 안갯속,World,중재 회담 끝나다 파키스탄 대화 늘다 안갯속
"대학 건물들 폐허로…""미국 대학도 공격"" 경고",World,대학 건물 폐허 미국 대학 공격 경고
트럼프 “이란과 합의 안 되면 모든 발전소·유전 완전 파괴”,World,트럼프 이란 합의 모든 발전소 유전 파괴
"'하늘의 눈' 두 동강…이란 ""3천만 원으로 파괴""",World,하늘 동강 이란 천만 파괴
"스페인 ""이란 공격에 관련된 미군기 등 모든 항공편에 스페인 영공 폐쇄(종합)",World,스페인 이란 공격 관련 미군 모든 항공 스페인 영공 폐쇄 종합
이란 'NPT 탈퇴검토'에 美 '하르그섬 점령' 만지작(종합),World,이란 탈퇴 검토 르그 점령 종합
건설 승인도 안났는데…트럼프 “백악관 연회장 공사 순조롭게 진행돼”,World,건설 승인 나다 트럼프 백악관 회장 공사 진행 돼다
[뉴스특보] 전쟁 5주째…“에너지 전쟁은 이란이 승자”,World,뉴스특보 전쟁 에너지 전쟁 이란 승자
"""솔직히 이란 석유 갖고 싶은데?""…노골적 속내 드러낸 트럼프",World,솔직하다 이란 석유 갖다 싶다 노골 드러내다 트럼프
"미국, 러 유조선 쿠바 입항 허용…트럼프 “배 한 척은 신경 안 써”",World,미국 유조선 쿠바 입항 허용 트럼프 신경 써다
미 공군 핵심 전력 타격…후티는 두 번째 공격 감행,World,밉다 공군 핵심 전력 타격 후티 공격 감행
"지상전 경고·종전 협상 병행…트럼프, 이란 원유 확보 의도 노골화",World,지상전 경고 종전 협상 병행 트럼프 이란 원유 확보 의도 노골
"파키스탄 ""선박 20척 통과""…'통행료' 현실화?",World,파키스탄 선박 통과 통행료 현실
"中, 다카이치 측근 '친대만' 의원 제재…日 ""일방적 조치 유감""(종합2보)",World,다카 이치 측근 대만 의원 제재 일방 조치 유감 종합
"트럼프 ""'세 번째 정권'이 준 선물…빠른 합의 가능""",World,트럼프 정권 선물 빠르다 합의 가능
"北, 이란전 보며 ‘드론 잡는 전차’ 꺼냈다…김정은 무엇 노리나 [밀리터리+]",World,이란 드론 잡다 전차 꺼내다 김정은 노리 밀리터리
"“트럼프, 이란 고농축 우라늄 450㎏ 탈취 군사작전 검토”",World,트럼프 이란 농축 우라늄 탈취 군사작전 검토
"트럼프 ""하르그 점령할 수도""…지상전 긴장 고조[트럼프 2기]",World,트럼프 르그 점령 수도 지상전 긴장 고조 트럼프
트럼프의 계산 착오?…하르그섬 점령해도 지킬수 있을지 의문,World,트럼프 계산 착오 르그 점령 지키다 의문
지상전 압박 속 공방 격화...정유공장도 타격 vs 전선 확대,World,지상전 압박 격화 정유 공장 타격 전선 확대
"""침략하면 사지절단에 상어밥"" 거칠어진 이란의 입‥'종전 조건' 역제안?",World,침략 사지절단 상어 거치다 이란 종전 조건 제안
"두 동강 난 '하늘의 눈' 美 공군 굴욕‥이란, 협상 와중 급습",World,동강 하늘 공군 굴욕 이란 협상 와중 급습
"트럼프 ""문제 없다"" 발언에...러시아 유조선 쿠바 도착",World,트럼프 문제 발언 러시아 유조선 쿠바 도착
中·필리핀 군함 충돌 직전까지… 남중국해 긴장 재점화,World,필리핀 군함 충돌 직전 남중국해 긴장 점화
“무서워서 여행 못 가겠다”…폰 비번 안 알려주면 감옥행이라는 ‘이 나라’,World,무섭다 여행 가다 비번 알다 감옥 나라
"종전 협상 선 긋는 이란 ""파키스탄 회의 불참…미국과 직접 협상 없다""",World,종전 협상 긋다 이란 파키스탄 회의 불참 미국 직접 협상
"'두문불출' 이란 모즈타바, 이라크에 서면 감사 메시지",World,두문불출 이란 타바 이라크 서면 감사 메시지
"이란, 호르무즈 통행료 부과 수순…이슬람 4개국 백악관에 제의",World,이란 호르무즈 통행료 부과 수순 이슬람 개국 백악관 제의
"[아는기자]美, 왜 7개 섬부터?…공략 시나리오는",World,알다 기자 공략 시나리오
"미군, 중동에 5만 명으로 전면전 힘들어…호르무즈 7개 섬 공격 가능성",World,미군 중동 면전 힘들다 호르무즈 공격 가능성
이란 “3000만원짜리 드론이 수천억짜리 美조기경보기 파괴”,World,이란 만원 짜다 드론 천억 짜다 조기경보기 파괴
로켓 날아다니는데 “호르무즈 통과하라”…2만명 선원들 ‘공포’,World,로켓 날아다니다 호르무즈 통과 선원 공포
미군 기습침투 어디로?…“호르무즈 7개 섬 유력”,World,미군 기습 침투 호르무즈 유력
'물류 동맥' 홍해까지 막히면…'차원이 다른' 충격 온다,World,물류 동맥 홍해 막히다 차원 충격 오다
"이슬람 4개국, 호르무즈 재개방 논의…통행료 현실화하나",World,이슬람 개국 호르무즈 재개 논의 통행료 실화
이슬람 4국 종전협의 “불참” 선 그은 이란 “美 직접 협상한 적도 없어”,World,이슬람 종전 협의 불참 이란 직접 협상 적도
"트럼프 ""이란 원유·핵물질 원해""... 지상군 '호르무즈 7개섬' 투입하나",World,트럼프 이란 원유 핵물질 원하다 지상군 호르무즈 개섬 투입
전쟁통 기내서 ‘백악관 연회장’ 자랑한 트럼프…“계단은 있는데 갈 곳이 없다?” [1일1트],World,전쟁 기내 백악관 회장 자랑 트럼프 계단 갈다
"트럼프보다 먼저 대만 野대표 만나는 시진핑, 그의 노림수",World,트럼프 먼저 대만 대표 만나다 시진핑 노리다
이란 ‘NPT 탈퇴검토’ vs 美 ‘하르그섬 점령’,World,이란 탈퇴 검토 르그 점령
"이란 “3000만 원 샤헤드 드론, 수천억 미군 조기경보통제기 파괴”",World,이란 헤드 드론 미군 조기경보통제기 파괴
트럼프 합의 가능성 흘렸지만… 이란 “美와 직접 협상 없었다”,World,트럼프 합의 가능성 흘리다 이란 오다 직접 협상
[뉴스특보] 조기 합의 거론하면서 하르그섬 점령 검토…속내는?,World,뉴스특보 조기 합의 거론 르그 점령 검토
관심 밖으로 밀린 우크라전… ‘드론 방패’ 들고 중동 간 젤렌스키,World,관심 밀리다 크다 드론 방패 들다 중동 렌스
“파키스탄서 美·이란 종전협상 곧 열 것” [美·이란 전쟁],World,파키스탄 이란 종전 협상 이란 전쟁
“예수의 이름으로 압도적인 폭력을”…美 국방장관 ‘현대판 십자군’ 행보에 발칵,World,예수 이름 압도 폭력 국방 장관 대판 십자군 행보 발칵
"호르무즈 7개 섬이냐 이란 핵시설이냐… 美, 두 갈래 지상전 [美·이란 전쟁]",World,호르무즈 이란 시설 갈래 지상전 이란 전쟁
전쟁 시작 4주만에 이란 미사일 제조시설 4곳 파괴…이란 전략 약화,World,전쟁 시작 이란 미사일 제조 시설 파괴 이란 전략 약화
"日, 중동산 원유 의존 96%… 비축유 풀고 석탄발전 재가동 [美-이란 전쟁 한달]",World,중동 원유 의존 비축 석탄 발전 가동 이란 전쟁
"美 지상군, 이란 하르그섬 점령하나… 핵물질 탈취도 검토 [美-이란 전쟁 한달]",World,지상군 이란 르그 점령 핵물질 탈취 검토 이란 전쟁
호르무즈 봉쇄에 선원 2만명 고립…식량·임금 끊겼다,World,호르무즈 봉쇄 선원 고립 식량 임금 끊기다
WP “이란 미사일 생산 시설 4곳·발사대 29곳 큰 피해”···시설 완전 파괴엔 난망,World,이란 미사일 생산 시설 발사 크다 피해 시설 파괴 난망
"""美 첫 실전투입 최신형 미사일, 이란 학교·체육관 공습""",World,실전 투입 최신 미사일 이란 학교 체육관 공습
"""혹시 지지율 봤나?"" 미국 '분노 폭발' 시위에 먼저 꺼내더니…""트럼프가 오판한 전쟁!"" ""딱 2분이면!"" 이란 상황이 (트럼프 NOW)",World,지지율 미국 분노 폭발 시위 먼저 꺼내다 트럼프 전쟁 불다 이란 상황 트럼프
"""뚱뚱하다고 좌석 2개 사래요"" 수치심 폭발...'비행기 티켓값' 논쟁 활활",World,뚱뚱하다 좌석 사래 수치심 폭발 비행기 티켓 논쟁 활활
"""호르무즈 통과 지시 떨어질라""…발 묶인 전 세계 선원들 불안·공포",World,호르무즈 통과 지시 떨어지다 묶인 세계 선원 불안 공포
"“시진핑, 대륙 초청 감사” 대만 친중야당 대표 방중…독립·친미 집권당 “결코 안돼”",World,시진핑 대륙 초청 감사 대만 야당 대표 방중 독립 친미 집권 결코 돼다
"美 용인에 러시아 유조선 쿠바 도착…트럼프 ""상관 없어""(종합2보)",World,용인 러시아 유조선 쿠바 도착 트럼프 상관 종합
"하버드 석학 로고프 ""5년 안에 위안화 기축통화 가능성""",World,하버드 고프다 위안화 기축통화 가능성
"전쟁 31일째…트럼프 ""석유 장악"" vs 이란, 쿠웨이트 담수시설 공격",World,전쟁 트럼프 석유 장악 이란 쿠웨이트 담수 시설 공격
"파키스탄 ""며칠 내 美·이란 회담 개최""...트럼프 ""협상 극히 잘하고 있다""",World,파키스탄 며칠 이란 회담 개최 트럼프 협상 극히
미 지상군 투입 시 어디 칠까… 호르무즈 방어선 7개 섬 유력,World,밉다 지상군 투입 치다 호르무즈 방어선 유력
[영상] 美 '하늘의 눈' 두 동강…사상 첫 E-3 조기경보기 파괴가 치명적인 이유,World,영상 하늘 동강 사상 조기경보기 파괴 치명 이유
"이란 ""협상은 연막 작전""...고비 넘긴 네타냐후 ""전선 확대""",World,이란 협상 연막 작전 고비 넘기다 네타냐후 전선 확대
"드론 공격 경험한 러 병사들, 전장서 ‘극단적 선택’ 늘어…이유는? [핫이슈]",World,드론 공격 경험 병사 전장 극단 선택 늘다 이유 핫이슈
"트럼프 ""합의 안되면 하르그섬 초토화""… 이란 ""NPT 탈퇴 검토""",World,트럼프 합의 안되다 르그 초토화 이란 탈퇴 검토
[앵커리포트] 양면 전략에 긴장 고조…트럼프·밴스 '조기종전' 시사,World,앵커 리포트 양면 전략 긴장 고조 트럼프 밴스 조기 종전 시사
로봇 가상훈련시키는 매니코어 항저우 6룡 중 첫 상장사 된다,World,로봇 가상 훈련 니코 항저우 장사
호르무즈 차단에 발묶인 전세계 선원들 불안·공포,World,호르무즈 차단 묶인 전세계 선원 불안 공포
美 재무부까지 사모대출 들여다본다,World,재무부 사모 대출 들여다보다
"파키스탄 모인 중재국…""며칠내 美·이란 회담""",World,파키스탄 모이다 중재 며칠 이란 회담
“미군 지상군 투입은 곧 ‘보급 수렁’…베트남전서 경험”,World,미군 지상군 투입 보급 수렁 베트남전 경험
[기획] 한 번 통과에 30억… ‘호르무즈 통행료’ 현실화하나,World,기획 통과 호르무즈 통행료 실화
트럼프 “곧 합의 안되면 하르그섬·발전소 초토화 시키고 끝낼 것”[美-이란 전쟁],World,트럼프 합의 안되다 르그 발전소 초토화 끝내다 이란 전쟁
세계 ‘가스난’ 엎친데 덮친격…호주 강타 사이클론으로 LNG 공급 차질,World,세계 가스 엎친데 덮친격 호주 강타 사이클론 공급 차질
"더 거칠어진 이란 ""미국·이스라엘 군·정치인 숙소도 표적""",World,거치다 이란 미국 이스라엘 정치인 숙소 표적
"두바이유 폭등 왜…프랑스 토탈, 전쟁 전부터 싹쓸이 ""1.5조 이익""",World,두바이 폭등 프랑스 토탈 전쟁 쓸다 이익
"""실적 뒷받침 美증시 버틸 것"" vs ""고유가 지속 땐 하락 불가피""",World,실적 뒷받침 증시 버티다 고유 지속 하락 불가피
"[중동 전쟁] 이란, 美 ‘하늘의 눈’ 파괴…러시아가 공격 좌표 줬나?",World,중동 전쟁 이란 하늘 파괴 러시아 공격 좌표 주다
‘전략적 요충지’ 중동 전쟁에 불똥 튈라…아프리카 이곳도 ‘초긴장’,World,전략 요충지 중동 전쟁 불똥 튀다 아프리카 곳도 긴장
‘강철비’보다 센 ‘텅스텐 비’ 뿌렸다…이란에 쏜 미 신형미사일 PrSM 정체 [밀리터리+],World,강철 세다 텅스텐 뿌리다 이란 쏘다 밉다 신형 미사일 정체 밀리터리
"자위대 안보낸다는 일본, 이란과는 정상회담? 다카이치 ""개최 시기, 국익 고려해 결정""",World,자위대 보내다 일본 이란 정상회담 다카 이치 개최 시기 국익 고려 결정
"트럼프, “이란과 조기 합의할 듯...호르무즈 20척 통과 허용”",World,트럼프 이란 조기 합의 호르무즈 통과 허용
"""이란 공습 개시 한 달 동안 탄도 미사일 제조 시설 4곳 타격""",World,이란 공습 개시 탄도 미사일 제조 시설 타격
"이스라엘, 예루살렘 가톨릭 미사 한때 제지…논란 일자 철회",World,이스라엘 예루살렘 가톨릭 미사 제지 논란 일자 철회
엔화·국채·증시 '트리플 약세'…日정부 시장 개입 가능성 커져,World,엔화 국채 증시 트리플 약세 정부 시장 개입 가능성 커지다
"이란군, 미·이스라엘 군사령관·정치인 ‘중동 숙소’ 표적 지목",World,이란 밉다 이스라엘 사령관 정치인 중동 숙소 표적 지목
"TSMC 전기 끊길라…대만, 원전 중단 10개월만에 다시 돌린다",World,전기 끊기다 대만 원전 중단 개월 돌리다
"[뉴스특보] 파키스탄 ""미·이란 의미있는 협상 며칠 내 주최""",World,뉴스특보 파키스탄 밉다 이란 의미 협상 며칠 주최
"WSJ “트럼프, 이란 우라늄 탈취 군사작전 검토”",World,트럼프 이란 우라늄 탈취 군사작전 검토
[영상] 日구축함에 토마호크 400기 순차 장착…타격권 놓인 中 긴장,World,영상 구축함 토마호크 순차 장착 타격 놓이다 긴장
"""무차별 공습에도 마트 멀쩡""…40년 갈고닦은 이란 '저항 경제'",World,무차별 공습 마트 멀쩡 갈고 닦다 이란 저항 경제
"이란군, 미·이스라엘 군 사령관·정치인 숙소 표적 지목",World,이란 밉다 이스라엘 사령관 정치인 숙소 표적 지목
"16년 독일 이끈 메르켈, 지금 와서 왜 손가락질 받나",World,독일 이끌다 메르켈 오다 손가락질 받다
카타르 가스 대안 타격...호주 LNG플랜트 사이클론에 중단,World,카타르 가스 대안 타격 호주 플랜트 사이클론 중단
"이스라엘, 레바논 기자들 표적살해···CNN 기자들 목조르고 억류",World,이스라엘 레바논 기자 표적 살해 기자 조르다 억류
푸틴의 '제국 부활' 짓밟는 트럼프…베네수엘라 이어 쿠바까지 정조준,World,푸틴 제국 부활 밟다 트럼프 베네수엘라 쿠바 조준
"4500억 美 '하늘의 눈' 파괴한 이란…""러시아 100% 돕고 있다""",World,하늘 파괴 이란 러시아 돕다
"“푸틴에 전쟁 자금 퍼주는 트럼프”…러, 美 코앞에서 당당히 원유 판 비결 [핫이슈]",World,푸틴 전쟁 자금 퍼주 트럼프 코앞 당당하다 원유 비결 핫이슈
전자기 스펙트럼 장악하는 자가 미래 지배한다,World,전자기 스펙트럼 장악 자가 미래 지배
"""이란 석유 갖고 싶어‥하르그 섬 점령할 수도""",World,이란 석유 갖다 싶다 르그 점령 수도
모즈타바 세번째 메시지는 “이라크에 감사”…모습은 안 드러내,World,타바 세번 메시지 이라크 감사 모습 드러내다
호주 LNG플랜트들 사이클론 피해로 가동 중단…가스난 심화,World,호주 플랜트 사이클론 피해 가동 중단 가스 심화
중동 긴장에 한국·일본·대만 증시 일제히 하락,World,중동 긴장 한국 일본 대만 증시 일제 하락
"이스라엘, 가톨릭 추기경 성묘교회 출입 저지…비난 빗발에 철회",World,이스라엘 가톨릭 추기경 성묘교회 출입 저지 비난 빗발 철회
"[자막뉴스] ""이란이 협상안 수용!"" 밝혔지만…쉐도우 복싱? 대체 누구랑 얘기 중?",World,자막 뉴스 이란 협상 수용 밝히다 쉐도우 복싱 대체 얘기
호주 LNG플랜트들 사이클론 피해로 가동 중단…세계 가스난 심화,World,호주 플랜트 사이클론 피해 가동 중단 세계 가스 심화
"이란군, 미·이스라엘 군사령관·정치인 숙소 ""합법적 표적"" 지목",World,이란 밉다 이스라엘 사령관 정치인 숙소 합법 표적 지목
"이란전쟁 한달, 트럼프 진퇴양난…'최악 아니면 차악' 끔찍한 기로",World,이란 전쟁 트럼프 진퇴양난 최악 차악 끔찍하다
고물가·해고에 '전쟁 공포'까지…美 근로자 덮친 '삼중고' 수난시대,World,고물 해고 전쟁 공포 근로자 덮다 삼중고 수난 시대
국채 금리 뛰고 주가는 하락…커지는 'S 불안'(종합),World,국채 금리 뛰다 주가 하락 커지다 불안 종합
"이스라엘, 68조원 규모 역대 최대 국방예산 통과…“방공망 확충”",World,이스라엘 조원 규모 역대 최대 국방 예산 통과 방공 확충
"日닛케이지수, 2.79% 하락 마감…'다카이치 트레이드' 상승분 반납",World,닛케이지수 하락 마감 다카 이치 트레이드 상승 반납
“SNS가 괴롭다” 日 Z세대 확산 ‘어텐션 디톡스’란,World,가다 괴롭다 세대 확산 텐션 디톡스
"""다음은 쿠바""…트럼프, 이란 이어 다음 표적 지목",World,쿠바 트럼프 이란 표적 지목
"[뉴스특보] 중동전쟁 한달째…미·이란, 협상·지상전 양면전략",World,뉴스특보 중동전쟁 밉다 이란 협상 지상전 양면 전략
"트럼프 “이란 석유, 가장 좋아하는 옵션…선택지는 많다”",World,트럼프 이란 석유 좋아하다 옵션 선택 많다
"이란, 호르무즈 '통행료 카드'…월 최대 8억달러 노린다",World,이란 호르무즈 통행료 카드 최대 달러 노리다
"""이란 탄도미사일 제조시설 4곳 전쟁 한달 동안 타격""",World,이란 탄도미사일 제조 시설 전쟁 타격
"'냉온탕' 트럼프에 요동치는 국제유가…""이란과 곧 합의"" 진실은?",World,냉온 트럼프 요동치다 국제 유가 이란 합의 진실
"""하르그섬 쉽게 점령할 수 있어""...지상군 투입 시나리오 [앵커리포트]",World,르그 쉬다 점령 지상군 투입 시나리오 앵커 리포트
"""전쟁 한 달 동안 이란 탄도 미사일 제조 시설 4곳 타격""",World,전쟁 이란 탄도 미사일 제조 시설 타격
"이스라엘군, 레바논 내 ""보안구역 더욱 확대""…점령 장기화하나",World,이스라엘군 레바논 보안 구역 더욱 확대 점령 장기
"“첫 실전 美 신형미사일, 이란 여자배구 훈련장 강타” …‘게임 체인저’의 두 얼굴 (영상) [배틀라인]",World,실전 신형 미사일 이란 여자배구 훈련 강타 게임 체인 얼굴 영상 배틀 라인
"美지상군 투입? 15만 이란 정규군 배수진…미국, 또 중동 늪 빠지나",World,지상군 투입 이란 정규 배수진 미국 중동 빠지다
"선원 2만명 걸프 고립…일부 선주 ""호르무즈 뚫고 나와라"" 압박",World,선원 걸프 고립 일부 서다 호르무즈 뚫다 나와라 압박
WP “전쟁 한 달간 이란 탄도미사일 제조 시설 4곳 타격”,World,전쟁 이란 탄도미사일 제조 시설 타격
정부 쫓아내고 수도 차지한 '후티' 반군…이란전쟁 변수되나[글로벌키맨],World,정부 쫓아내다 수도 차지 후티 반군 이란 전쟁 변수 글로벌 키맨
"트럼프 ""이란, 유조선 20척 추가 선물""…파키스탄·인도行 통과",World,트럼프 이란 유조선 추가 선물 파키스탄 인도 통과
"""이란 민간시설에 떨어진 미군 미사일, 첫 투입된 신형미사일""",World,이란 민간 시설 떨어지다 미군 미사일 투입 신형 미사일
"WP ""전쟁 한달간 이란 탄도미사일 제조시설 4곳 타격""",World,전쟁 이란 탄도미사일 제조 시설 타격
협상? 지상군 투입?…보도마다 엇갈리는 이란戰 전망,World,협상 지상군 투입 보도 엇갈리다 이란 전망
"이란, 전쟁통에 두배 더 벌었다…“작년보다 더 원유수출”",World,이란 전쟁 벌다 작년 원유 수출
"""전쟁 한달간 이란 탄도미사일 제조시설 4곳 타격""",World,전쟁 이란 탄도미사일 제조 시설 타격
"너무 세게 맞았다, 하지만 돈은 벌었다…""이란 전쟁 자금, 아시아 깊은 곳에""",World,세다 맞다 벌다 이란 전쟁 자금 아시아 깊다
"[이슈+] ""트럼프, 전쟁 끝내겠다 마음은 먹은 듯""‥근데 왜 안 끝나나?",World,이슈 트럼프 전쟁 끝내다 마음 먹다 끝나다
'평화 회담' 기대 속 공방 격화...최대 국방예산 통과,World,평화 회담 기대 격화 최대 국방 예산 통과
"쿠바 원유 공급줄 끊었던 미국, 러 제재 유조선 입항 허용",World,쿠바 원유 공급 끊다 미국 제재 유조선 입항 허용
이란戰에 긴장하는 아프리카…지부티 미군기지 타격 가능성,World,이란 긴장 아프리카 지부티 미군기지 타격 가능성
"""조기경보통제기 깨졌죠? 러시아 위성이 찍었잖아""…잊힐까 두려운 젤렌스키의 고자질",World,조기경보통제기 깨지다 러시아 위성 찍다 잊다 끄다 두렵다 렌스 고자질
"전쟁 5주째, 홍해 리스크 확산…브렌트유 115달러·亞증시 타격(종합)",World,전쟁 홍해 리스크 확산 브렌 트유 달러 증시 타격 종합
"비싼 물가·세금 폭탄 피해 ‘탈뉴욕’… 짐 싸는 월가 거물들, 선벨트로 남하",World,비싸다 물가 세금 폭탄 피해 뉴욕 싸다 거물 선벨트 남하
"이란 배후는 러시아?…젤렌스키, 중동 파고들며 ‘군사적 밀착’ 주장하는 이유 [핫이슈]",World,이란 배후 러시아 렌스 중동 파고들다 군사 밀착 주장 이유 핫이슈
"[영상] '핵시설 연쇄피격' 이란, UAE 알루미늄 생산시설 등 보복공격",World,영상 시설 연쇄 피격 이란 알루미늄 생산 시설 보복 공격
러시아 도발? 강온 전략?…쿠바에 유조선 허용한 美 속셈은,World,러시아 도발 강온 전략 쿠바 유조선 허용 속셈
"對쿠바 석유 공급 차단한 美, 러 유조선 쿠바행 용인",World,쿠바 석유 공급 차단 유조선 쿠바 용인
이란 전쟁에 아프리카 '긴장'…지부티 미군 기지 표적 가능성,World,이란 전쟁 아프리카 긴장 지부티 미군 기지 표적 가능성
미국 석유 금수에…쿠바에서 ‘카스트로 가문’이 부활했다,World,미국 석유 금수 쿠바 카스트로 가문 부활
"""이란 정권 전복"" 미국·이스라엘 극비 작전… 수포로 돌아간 이유?",World,이란 정권 전복 미국 이스라엘 작전 수포 돌아가다 이유
[월드 이슈] 중동 사태 한 달…미국·이란 협상 전망은?,World,월드 이슈 중동 사태 미국 이란 협상 전망
인도 LPG선 2척 또 호르무즈 해협 통과,World,인도 호르무즈 해협 통과
"美 국방장관 “이란전쟁, 예수 이름으로” 논란",World,국방 장관 이란 전쟁 예수 이름 논란
美 ‘하늘의 눈’ 파괴한 이란... 러시아가 위치 알려줬나,World,하늘 파괴 이란 러시아 위치 알다 주다
"협상 타결될라…이스라엘, 이란·레바논 '파상공격'",World,협상 타결 이스라엘 이란 레바논 파상공격
"트럼프 보란 듯…중국, AI 함정·차세대 드론 등 과시",World,트럼프 중국 함정 차세대 드론 과시
"WSJ “트럼프, 이란 우라늄 반출 군사작전도 검토”",World,트럼프 이란 우라늄 반출 군사작전 검토
"""美현대전서 가장 위험한 작전""…트럼프, 이란 우라늄 탈취 검토",World,현대 전서 위험하다 작전 트럼프 이란 우라늄 탈취 검토
"""에너지 전쟁의 승자는 이란""…석유 판매 수익 2배↑",World,에너지 전쟁 승자 이란 석유 판매 수익
‘산유국’ 이집트도 상점 밤 9시 영업 제한 조치… 글로벌 에너지 양극화 심화,World,산유 이집트 상점 영업 제한 조치 글로벌 에너지 양극화 심화
이란 전쟁에 아프리카도 긴장…지부티 미군 기지 표적 가능성,World,이란 전쟁 아프리카 긴장 지부티 미군 기지 표적 가능성
“호르무즈 자유롭게 통항”…전쟁서 두들겨 맞고 있지만 이란이 승자,World,호르무즈 자유롭다 통항 전쟁 맞다 이란 승자
"“필터 아닙니다”…핏빛으로 물든 호주, 왜?",World,필터 핏빛 물든 호주
"""사우디 원유 실은 유조선, 호르무즈 통과 후 파키스탄 향해""",World,사우디 원유 유조선 호르무즈 통과 파키스탄
"이란, NPT 탈퇴 검토... 트럼프 “하르그섬 점령할 수도”",World,이란 탈퇴 검토 트럼프 르그 점령 수도
"트럼프, 이란 정권 교체 달성... 곧 협상 합의 기대",World,트럼프 이란 정권 교체 달성 협상 합의 기대
"트럼프 ""하르그섬 아주 쉽게 점령""…이란 석유 확보 야욕 드러내",World,트럼프 르그 쉬다 점령 이란 석유 확보 야욕 드러내다
이란 강경파서 NPT 탈퇴 주장…핵개발 본격화되나,World,이란 강경 파서 탈퇴 주장 개발 본격
“월남전 참전용사 홀대 받았다”는 트럼프 [김태훈의 의미 또는 재미],World,월남전 참전용사 받다 늘다 트럼프 김태훈 의미 재미
반세기 만의 '유인 달 탐사'...아르테미스 2호 카운트다운 [이 장면],World,반세기 유인 탐사 아르테미스 카운트다운 장면
[뉴스특보] 협상·지상전 기로 속…후티 참전에 긴장 고조,World,뉴스특보 협상 지상전 후티 참전 긴장 고조
"미 군 전문가 “이란 투입 지상군, 임무 성공해도 인질 될 위험 커…‘블랙 호크 다운’ 상황 될 수도”",World,밉다 전문가 이란 투입 지상군 임무 성공하다 인질 위험 크다 블랙 호크 다운 상황 수도
트럼프 관세 1년…세계 무역 질서 바꿨지만 제조업 부활은 '안갯속',World,트럼프 관세 세계 무역 질서 바꾸다 제조업 부활 안갯속
"트럼프, 이란 우라늄 무력탈취 '검토'…아직 승인 안해",World,트럼프 이란 우라늄 무력 탈취 검토 승인 안해
"파키스탄 ""며칠 내 평화회담""...미사일 공습에 이란 정전",World,파키스탄 며칠 평화 회담 미사일 공습 이란 정전
[이슈톺] 트럼프가 공개한 편지 한 장...군사작전 위한 명분 쌓기?,World,이슈 톺다 트럼프 공개 편지 군사작전 명분 쌓다
"미, 러 유조선 쿠바행 용인…트럼프 ""생존해야 하니 상관없어""",World,밉다 유조선 쿠바 용인 트럼프 생존 하니 상관없다
"트럼프 ""정보수장, 이란 핵 문제에 나보다 온건""…이견 시사",World,트럼프 정보 수장 이란 문제 온건 이견 시사
"이스라엘, 예루살렘 미사 금지했다가 논란 일자 급히 시정",World,이스라엘 예루살렘 미사 금지 논란 일자 급하다 시정
인도 LPG선 2척 또 호르무즈 해협 통과,World,인도 호르무즈 해협 통과
“미군 5만으로 이란 점령? 어림도 없다”…美 내부서도 코웃음 나오는 진짜 이유 [핫이슈],World,미군 이란 점령 어림 부서 코웃음 나오다 진짜 이유 핫이슈
"트럼프 ""이란 석유 갖고 싶다""…이란, 어린이까지 지상戰 동원?",World,트럼프 이란 석유 갖다 싶다 이란 어린이 지상 동원
‘행적묘연’ 이란 최고지도자 모즈타바 세번째 메시지 “이라크에 감사”,World,행적 묘연 이란 최고 지도자 타바 세번 메시지 이라크 감사
이제 ‘이 돈’에 투자해야 하나…“5년내 달러 천하 종료” 하버드 석학 경고 나왔다,World,투자 년내 달러 천하 종료 하버드 경고 나오다
예멘 후티 참전 현실화…홍해 공급망까지 흔드나,World,예멘 후티 참전 현실 홍해 공급망 흔드
파키스탄 “조만간 미·이 회담 열 것”···중재국들 호르무즈 해협 ‘통행세 징수’ 제안,World,파키스탄 조만간 밉다 회담 중재 호르무즈 해협 행세 징수 제안
이란 공습에 파손된 '하늘의 눈'...미국의 굴욕? [앵커리포트],World,이란 공습 파손 하늘 미국 굴욕 앵커 리포트
"美 지상전, 호르무즈 주변 7개 거점 때리고 핵물질 탈취 노릴 듯",World,지상전 호르무즈 주변 거점 때리다 핵물질 탈취 노리다
"""미국 '하늘의 눈' 파괴는..."" 우크라 젤렌스키가 지목한 배후 [지금이뉴스]",World,미국 하늘 파괴 크다 렌스 지목 배후 뉴스
이란 호르무즈 해협 봉쇄 유일 수혜자 이란…조력자는 중국,World,이란 호르무즈 해협 봉쇄 유일 수혜자 이란 조력자 중국
인도 LPG선 2척 또 호르무즈 해협 통과,World,인도 호르무즈 해협 통과
"""미 지상군 도착하면 불태운다""…이란, 항전 의지",World,밉다 지상군 도착 태우다 이란 항전 의지
"""美, 이란 공격에 미검증 신형 미사일 사용…체육관·학교 타격""",World,이란 공격 밉다 검증 신형 미사일 사용 체육관 학교 타격
연료 사재기 대란 속…인도 LPG선 2척 또 호르무즈 해협 통과,World,연료 사재기 대란 인도 호르무즈 해협 통과
"""사우디 원유, 호르무즈 통과 후 파키스탄으로""",World,사우디 원유 호르무즈 통과 파키스탄
"英 이코노미스트 ""전장서 두들겨 맞은 이란, '에너지 전쟁'은 승자""",World,이코노미스트 전장 맞다 이란 에너지 전쟁 승자
"와인수입 막은 대통령, 알고보니 포도밭 주인…발칵 뒤집힌 스위스",World,와인 수입 막다 대통령 포도 주인 발칵 뒤집힌 스위스
'예수 이름으로' 전쟁 임하겠다는 美 국방장관,World,예수 이름 전쟁 국방 장관
"후티 막던 핵항모, 체면 구겼다...화장실 고장·세탁실 화재 '전열 이탈'",World,후티 막다 항모 체면 구기다 화장실 고장 세탁실 화재 전열 이탈
"5차 중동 전쟁이라는 착각, 어떤 오해를 키웠나",World,중동 전쟁 착각 어떻다 오해 키우다
일단 에너지 전쟁은 이란이 승자…석유 판매 수익 2배로,World,에너지 전쟁 이란 승자 석유 판매 수익
"""트럼프, 이란에 우라늄 포기 압박하면서 무력 탈취 작전도 검토""",World,트럼프 이란 우라늄 포기 압박 무력 탈취 작전 검토
"쿠바 인도주의적 위기에...美, 처음으로 유조선 진입 허용",World,쿠바 인도주의 위기 처음 유조선 진입 허용
"이란전 한달, 美 증시 향한 상반된 시선…""불확실성 커졌다"" vs ""美, 버틸 수 있다""",World,이란 증시 상반 시선 불확실 커지다 버티다
인도 LPG선 2척 또 호르무즈 해협 통과,World,인도 호르무즈 해협 통과
[자막뉴스] 겉으로는 엇박자...'이란전' 트럼프식 벼랑 끝 전술,World,자막 뉴스 박다 이란 트럼프 벼랑 전술
"하르그섬 점령 얘기하던 트럼프 ""이란과 협상 극도로 순조로워"" [HK영상]",World,르그 점령 얘기 트럼프 이란 협상 극도 조로 영상
"‘하늘의 눈’ 파괴 배후는 러시아?…젤렌스키 “러, 이란에 위성사진 제공”",World,하늘 파괴 배후 러시아 렌스 이란 위성사진 제공
"“美지상군, ‘여기’부터 쳐들어가야”…호르무즈 7개섬 ‘아치형 방어선’ 겨누나 [배틀라인]",World,지상군 치다 들어가다 호르무즈 개섬 아치 방어선 배틀 라인
"[자막뉴스] ""우크라 전 영토가 공격 대상""…종전 급한데 참전국 들불처럼 확산",World,자막 뉴스 크다 영토 공격 대상 종전 급하다 참전 들불 확산
美4500억짜리 조기경보기 파괴 배후? “러가 위성사진 제공” 우크라 주장,World,짜다 조기경보기 파괴 배후 위성사진 제공 크다 주장
개전 한 달째 포화…이란 'NPT 탈퇴 검토'에 미국 '하르그섬 점령' 만지작,World,개전 포화 이란 탈퇴 검토 미국 르그 점령
"미군 5만명, 이란과 전면전?…""호르무즈 서쪽 3개섬 주목""",World,미군 이란 면전 호르무즈 서쪽 개섬 주목
프랑스·이탈리아·스페인도 국채 금리 급등,World,프랑스 이탈리아 스페인 국채 금리 급등
중동戰 직격탄…日증시·엔화·국채값 '트리플 약세',World,중동 직격탄 증시 엔화 국채 트리플 약세
"피아식별 못 하는 이스라엘, 이젠 유엔군에 포격 ‘쾅쾅’…트럼프 반응은? [핫이슈]",World,피아 식별 이스라엘 유엔군 포격 트럼프 반응 핫이슈
세계적 경제학자 “5년내 中위안화 기축통화 가능성”,World,세계 경제학자 년내 위안화 기축통화 가능성
[자막뉴스] 심상치 않은 후티 반군 움직임...홍해 다시 '위기',World,자막 뉴스 상치 후티 반군 움직임 홍해 위기
[뉴스특보] 중동 전쟁 한달…'종전'·'확전' 분수령,World,뉴스특보 중동 전쟁 종전 확전 분수령
트럼프·밴스 '조기종전' 시사…'평화 편지' 공개도,World,트럼프 밴스 조기 종전 시사 평화 편지 공개
"'천연 성벽' 이란 산맥…""미군 5만명 집결에도 지상전 못 이겨""",World,천연 성벽 이란 산맥 미군 집결 지상전 이기다
"“사람은 살아야지”…트럼프, 쿠바행 러 유조선 용인",World,살다 트럼프 쿠바 유조선 용인
[줌인] 무너질 듯 버틴다… 美 압박 속 다시 등장한 ‘카스트로 가문’,World,무너지다 버티다 압박 등장 카스트로 가문
'협상' 언급 속 군사력 증강...'강제 종전' 수순 밟나,World,협상 언급 군사력 증강 강제 종전 수순 밟다
"베네수 이어 러 동맹 또 쓰러질라…푸틴, 이란 발벗고 돕는 이유",World,베다 동맹 쓰러지다 푸틴 이란 벗다 돕다 이유
프랑스·이탈리아·스페인도 국채 금리 급등,World,프랑스 이탈리아 스페인 국채 금리 급등
이란 ‘NPT 탈퇴 검토’…미국 ‘하르그섬 점령’ 만지작,World,이란 탈퇴 검토 미국 르그 점령
"美 전역 8백만이 외쳤다‥""반 트럼프·반 전쟁""",World,전역 백만이 외치다 트럼프 전쟁
"말로 안되면 군사 탈취…트럼프, 이란 우라늄 투트랙 압박",World,말로 안되다 군사 탈취 트럼프 이란 우라늄 트랙 압박
"""꽤 조기에 합의할 것""…""호르무즈 '7개 섬' 공격 가능성""",World,조기 합의 호르무즈 공격 가능성
트럼프 “내일 20척 호르무즈 통과”…지상군은 집결 중,World,트럼프 내일 호르무즈 통과 지상군 집결
개전 한달째 포화…이란 'NPT 탈퇴검토'에 美 '하르그섬 점령' 만지작,World,개전 포화 이란 탈퇴 검토 르그 점령
"""이란 석유 갖고 싶어‥하르그 섬 점령할 수도""",World,이란 석유 갖다 싶다 르그 점령 수도
"[영상] 20조짜리 美핵항모, 전선서 후퇴…세탁실 화재 수리차 지중해로",World,영상 짜다 항모 전선 후퇴 세탁실 화재 리차 지중해
日 이지스함에 '토마호크' 장착…새 중·일 갈등 불씨되나,World,이지스함 토마호크 장착 갈등 불씨
중국에서 갑자기 ‘딥시크 붕괴‘가 키워드로…무슨 일?,World,중국 시크 붕괴 가다 워드
"""공습 당해도 마트 안비었다""…이란 40년 쌓은 '생존 본능' 정체",World,공습 당하다 마트 비다 이란 쌓다 생존 본능 정체
“협상 극도로 잘돼”…이란 내분 키우려는 트럼프식 화법,World,협상 극도 돼다 이란 내분 키우다 트럼프 화법
"미군 5만명 중동 배치, 이란 “미 항모 오면 타격”… 호르무즈 전운 고조",World,미군 중동 배치 이란 밉다 항모 오다 타격 호르무즈 전운 고조
"호르무즈 봉쇄 속 '이례적 통과'…사우디 원유 실은 유조선, 파키스탄행",World,호르무즈 봉쇄 이례 통과 사우디 원유 유조선 파키스탄
"""트럼프, '미군 수일간 이란내 투입'…우라늄 확보작전 여전히 검토""",World,트럼프 미군 일간 이란 투입 우라늄 확보 작전 여전하다 검토
러-우 하루 수백대 드론전… 주변국은 ‘영공 비상’,World,하루 수백 드론 변국 영공 비상
일단 에너지 전쟁은 이란이 승자…석유 판매 수익 2배로,World,에너지 전쟁 이란 승자 석유 판매 수익
‘MAGA들도 우려한다’…“지상공격은 신중히 결정해야” 이란전에 신중론 고개,World,들다 우려 지상 공격 신중하다 결정 이란 중론 고개
확전 우려에 유가 급등…브렌트유 115달러 돌파,World,확전 우려 유가 급등 브렌 트유 달러 돌파
"""트럼프, 이란 우라늄 탈취 작전도 검토""",World,트럼프 이란 우라늄 탈취 작전 검토
트럼프 “하르그섬 점령 검토”,World,트럼프 르그 점령 검토
"""트럼프, 이란에 우라늄 포기 압박하면서 무력탈취 작전도 검토""",World,트럼프 이란 우라늄 포기 압박 무력 탈취 작전 검토
"中환구시보 “이란戰 한 달, 통제불능 전 휴전 압박해야”",World,시보 이란 통제 불능 휴전 압박
트럼프 입 열기 직전 ‘7560억 베팅’…“누가 미리 알았나” 美 발칵 [핫이슈],World,트럼프 열기 직전 베팅 미리 알다 발칵 핫이슈
"이란 강경발언 나오는데…트럼프 “협상, 타결 임박…유조선 20척 호르무즈 통과 허용”",World,이란 강경 발언 나오다 트럼프 협상 타결 임박 유조선 호르무즈 통과 허용
"이란군 겨냥 ""악한 영혼에 저주를""…美국방, '십자군식' 군 개혁 박차",World,이란 겨냥 악한 영혼 저주 국방 십자군 개혁 박차
러시아가 이란에 좌표 줬나…美 ‘하늘의 눈’ 파괴 배후?,World,러시아 이란 좌표 주다 하늘 파괴 배후
“등에 샤워기 물 맞고 서 있지 마세요”…전쟁이 부른 ‘사우나 푸어’,World,샤워 맞다 서다 말다 전쟁 부르다 사우나 푸다
"대만 학자 ""美의 이란 공격, 장기적으로 대만에 도움"" 주장",World,대만 학자 이란 공격 장기 대만 도움 주장
“후티發 홍해까지 막히면 유가 150달러”...사우디 ‘역할론’도 확대,World,후티 홍해 막히다 유가 달러 사우디 역할 확대
'드문 통과' 사우디 원유 등 호르무즈 지나,World,드물다 통과 사우디 원유 호르무즈 지나
[이슈톺] 미군 피해에 전쟁 비용까지...격화하는 '반트럼프' 움직임,World,이슈 톺다 미군 피해 전쟁 비용 화하다 트럼프 움직임
"2600만 구독 中 '입시 전략가' 사망에…""가난한 학생 희망"" 수험생 애도 물결",World,구독 입시 전략 사망 가난하다 학생 희망 수험생 애도 물결
"""사우디 원유, 호르무즈 통과 후 파키스탄으로""",World,사우디 원유 호르무즈 통과 파키스탄
“쓰레기장 안 돼” 베센트도 우려한 사모대출...재무부 직접 나섰다,World,쓰레기 돼다 센트 우려 사모 대출 재무부 직접 나서다
"월가, '타코' 신호 포착…트럼프, 이란 전쟁도 물러설까",World,타코 신호 포착 트럼프 이란 전쟁 물러서다
"450kg '우라늄' 탈취 나서나…트럼프, 지상군 투입카드 '만지작'",World,우라늄 탈취 나서다 트럼프 지상군 투입 카드
"""협상 잘 진행"" 트럼프, 인터뷰에서는 '하르그섬 점령' 언급[미국-이란 전쟁]",World,협상 자다 진행 트럼프 인터뷰 르그 점령 언급 미국 이란 전쟁
"이스라엘, 예루살렘 미사 금지했다가 논란일자 급히 시정(종합)",World,이스라엘 예루살렘 미사 금지 논란 일자 급하다 시정 종합
"4,500억 '미군의 눈' 박살났다...뻥 뚫린 방공망에 전략자산 잿더미",World,미군 박살 나다 뚫리다 방공 전략 자산 잿더미
'유가 150달러로 급등' 홍해·호르무즈 '쌍방 봉쇄' 시,World,유가 달러 급등 홍해 호르무즈 쌍방 봉쇄
"美, 러 유조선 쿠바행 용인…트럼프 ""생존해야 하니 상관없어""(종합)",World,유조선 쿠바 용인 트럼프 생존 하니 상관없다 종합
"트럼프 ""이란, 15개 항목 대부분 수용… 정권교체 이미 이뤄져""",World,트럼프 이란 항목 대부분 수용 정권 교체 이뤄지다
호르무즈 이어 홍해까지 위협…국제유가 급등·亞증시 하락,World,호르무즈 홍해 위협 국제 유가 급등 증시 하락
"우크라 외무 ""美 군사 원조, 중동 등 타 지역 전용 안될 것""",World,크다 외무 군사 원조 중동 지역 전용 안되다
"미군 5만명 집결…""이라크전의 20% 수준, 이란 점령 불가능""",World,미군 집결 이라크전 수준 이란 점령 불가능
"獨라인메탈 CEO ""우크라 드론 레고 수준…주부들 부엌서 만들어""",World,라인메탈 크다 드론 레고 수준 부들 부엌 만들다
"美석학 로고프 ""달러 무기화에 中·유럽 '통화 해방' 속도""",World,고프다 달러 무기 유럽 통화 해방 속도
"트럼프 ""이란 석유 원해"" 요동친 국제유가…美 지상작전 임박했나(종합)",World,트럼프 이란 석유 원하다 요동치다 국제 유가 지상 작전 임박 종합
"파키스탄 ""며칠 내 美·이란 회담""…호르무즈 통행료도 논의",World,파키스탄 며칠 이란 회담 호르무즈 통행료 논의
"""수세기 만의 초유 사태""…예루살렘 성지 봉쇄, 추기경도 막아",World,세기 초유 사태 예루살렘 성지 봉쇄 추기경 막다
"“우크라 드론, 레고 수준”... 독일 최대 방산업체 CEO 발언 뭇매",World,크다 드론 레고 수준 독일 최대 방산 업체 발언
후티 참전에 국제 유가 요동...브렌트유 115달러로 급등,World,후티 참전 국제 유가 요동 브렌 트유 달러 급등
"""할 수 있었잖아""…비싸다 욕 먹던 '11만원' 오타니 컵, 혜택 '확' 달라졌다",World,비싸다 먹다 만원 오타 혜택 달라지다
"[르포] 에어차이나, 베이징-평양 직항 재개…첫 탑승객은 10여명뿐",World,르포 에어차이나 베이징 평양 직항 재개 탑승객 여명
트럼프 “이란과 협상 극도로 잘돼…꽤 조기에 합의할 수도”,World,트럼프 이란 협상 극도 돼다 조기 합의 수도
"트럼프 “아마도 합의하게 될 것” 협상 띄우지만…美, 이란 우라늄 회수 지상전 검토",World,트럼프 합의 협상 띄우다 이란 우라늄 회수 지상전 검토
"중동 미군 1만 증파해 5만 집결…""전면적 지상전엔 턱없이 부족""",World,중동 미군 파다 집결 전면 지상전 부족
"미 국방, 전쟁하며 '예수 이름으로'…위헌·규범 파괴 논란 확산",World,밉다 국방 전쟁 예수 이름 위헌 규범 파괴 논란 확산
유가 급등 중인데…우크라 연이어 러 정유시설 콕 집어 공격하는 이유 [핫이슈],World,유가 급등 크다 정유 시설 집다 공격 이유 핫이슈
'중동 불안'에 日금융시장 출렁…닛케이 5% 급락·엔/달러 160엔(종합),World,중동 불안 금융시장 케이 급락 달러 종합
트럼프 “이란 석유 원해… 하르그섬 점령도 검토”,World,트럼프 이란 석유 원하다 르그 점령 검토
"트럼프 ""꽤 조기 합의""...이란·레바논 사망자 3천 명",World,트럼프 조기 합의 이란 레바논 사망자
"트럼프 ""이란, 30일부터 유조선 20척 호르무즈 해협 통과 허용키로…협상 극도로 잘하고 있어 조기에 합의할 것""",World,트럼프 이란 유조선 호르무즈 해협 통과 허용 협상 극도 조기 합의
"""4500억짜리 조기경보기가..."" 이란 급습에 두 동강 난 'E-3' [Y녹취록]",World,짜다 조기경보기 이란 급습 동강 녹취록
"""걸프전보다 더 무섭다"" 3월 유가 51% 폭등·금값 15% 추락…금융시장 '혼란'",World,걸프전 무섭다 유가 폭등 금값 추락 금융시장 혼란
트럼프 ‘가장 위험한 도박’…이란 땅속 우라늄 직접 뺏는다[美-이란 전쟁],World,트럼프 위험하다 도박 이란 땅속 우라늄 직접 뺏다 이란 전쟁
"""쿠르드 민병대로 이란 전복""…모사드 수년 기획 공염불 된 전말",World,쿠르드 민병대 이란 전복 모사드 수년 기획 염불 전말
이스라엘 공업지대에 이란 미사일…레바논에 완충지대 확장 지시,World,이스라엘 공업 지대 이란 미사일 레바논 완충지대 확장 지시
"트럼프, 이란 우라늄 450kg 반출 군사작전 검토",World,트럼프 이란 우라늄 반출 군사작전 검토
"""통행료 내고 지나가라"" 이란 손 들어준 4개국...전 세계 에너지 공급망 '비상'",World,통행료 내다 지나가다 이란 들어주다 개국 세계 에너지 공급망 비상
"트럼프 ""이란 석유 가져오고 싶다… 하르그섬 점령도 검토""",World,트럼프 이란 석유 가져오다 싶다 르그 점령 검토
"‘親이란’ 후티까지 참전, 유가쇼크 亞 넘어 유럽으로…“디젤·LNG 확보 초비상”",World,이란 후티 참전 유가 쇼크 넘다 유럽 디젤 확보 초비상
후티 반군 공식 참전에 이란전 위기↑…국제유가·원자재값 '요동',World,후티 반군 공식 참전 이란 위기 국제 유가 원자재 요동
美지상군 하르그 아니라 '이곳' 주목,World,지상군 르그 주목
"원자바오, 베이징 시내에 깜짝 등장…외부 노출 빈도 늘어",World,원자바오 베이징 시내 깜짝 등장 외부 노출 빈도 늘다
"이스라엘군, 이란 주요 군수 시설 타격 거의 마쳐",World,이스라엘군 이란 주요 군수 시설 타격 마치다
“기가 차서 배부르네” 논란의 상하이 디즈니랜드 10주년 ‘생일 음식’ [여기는 중국],World,차서 배부르다 논란 상하이 디즈니랜드 주년 생일 음식 여기다 중국
"중국, 일본 구축함 '미 토마호크 장착'에 긴장…""안보 위협""",World,중국 일본 구축함 밉다 토마호크 장착 긴장 안보 위협
"트럼프 ""내 바람은 이란 석유 접수""…하르그섬 점령 시사",World,트럼프 바람 이란 석유 접수 르그 점령 시사
美 금리 인상 현실화되나…이란발 고물가에 '역주행 공포',World,금리 인상 현실 이란 물가 역주행 공포
"美, 러시아산 석유 쿠바 공급 용인…전력난 완화할 듯",World,러시 아산 석유 쿠바 공급 용인 전력 완화
"""쏠수록 끝 보인다""⋯중동 전쟁, 남은 탄약이 변수",World,쏘다 보이다 중동 전쟁 남다 탄약 변수
트럼프 책사 배넌 '지상전? 글쎄',World,트럼프 책사 배넌 지상전 글쎄
이란 점령엔 ‘0’ 하나 부족한 미군…5만명으론 지상전 꿈도 못 꾼다,World,이란 점령 부족하다 미군 지상전 꾸다
"푸틴에 뒤통수 맞은 트럼프…“이란, 러 덕분에 4500억짜리 ‘미국의 눈’ 박살” [핫이슈]",World,푸틴 뒤통수 맞다 트럼프 이란 덕분 짜다 미국 박살 핫이슈
중동 주둔하는 미군 5만명 돌파…이란 전면 침공하기엔 부족,World,중동 주둔 미군 돌파 이란 전면 침공 부족
"트럼프 ""하르그섬 점령 가능…베네수처럼 이란 석유 접수 원해""",World,트럼프 르그 점령 가능 베다 이란 석유 접수 원하다
"미 지상군 투입 때 어디 치나...“이란 호르무즈 7개 섬, 공격 가치 더 높아”",World,밉다 지상군 투입 이란 호르무즈 공격 가치 높다
"레바논 작전 재개한 이스라엘, 또 유엔군 공격",World,레바논 작전 재개 이스라엘 유엔군 공격
"이란, 지상전 징후에 항전 의지…발빼는 美부통령?",World,이란 지상전 징후 항전 의지 빼다 부통령
이란 1000발·미국 토마호크 2000발…‘정밀 교란’으로 길어지는 교전,World,이란 미국 토마호크 정밀 교란 길어지다 교전
"이란戰 장기화에 마가 분열 가속…유력인사들, 지상전 경고",World,이란 장기 마가 분열 가속 유력 인사 지상전 경고
"""7500명 이란에 집결""...美 지상전 움직임은 압박용? [Y녹취록]",World,이란 집결 지상전 움직임 압박 녹취록
지상전 우려 확대‥홍해마저 '봉쇄 위기',World,지상전 우려 확대 홍해 봉쇄 위기
"美, 쿠바 석유 봉쇄 깜짝 완화…러시아 유조선 한 척 진입 중",World,쿠바 석유 봉쇄 깜짝 완화 러시아 유조선 진입
"미국, '평화·종전' 말하지만...""이란 7개 섬 지상전 가능성""",World,미국 평화 종전 이란 지상전 가능성
이스라엘 공업지대에 이란 미사일…레바논에 완충지대 확장 지시,World,이스라엘 공업 지대 이란 미사일 레바논 완충지대 확장 지시
"이집트, 유가폭등에 밤 9시 영업종료 지시.. 카이로 철야 영업 타격",World,이집트 유가 폭등 영업 종료 지시 카이로 철야 영업 타격
"[속보] 트럼프 “미군, 이란 석유 수출 허브 하르그섬 점령 가능”",World,속보 트럼프 미군 이란 석유 수출 허브 르그 점령 가능
"파키스탄, 아랍 4개국 회담 개최 등 이란전쟁 중재자 부상 배경은?",World,파키스탄 아랍 개국 회담 개최 이란 전쟁 중재 부상 배경
중동 배치 미군 5만명…군사 전문가들 “이란 전면전엔 역부족”,World,중동 배치 미군 군사 전문가 이란 면전 부족
이스라엘에 미사일 발사…후티 참전에 국제유가 다시 급등,World,이스라엘 미사일 발사 후티 참전 국제 유가 급등
"""이란 전면 침공전엔 부족""…중동 내 미군 이제 5만 명",World,이란 전면 침공 부족 중동 미군
"中, 日구축함 '美토마호크 장착'에 긴장…""안보 위협""",World,구축함 토마호크 장착 긴장 안보 위협
"[속보] 트럼프 ""미군, 이란 석유 수출 허브 하르그섬 점령 가능""",World,속보 트럼프 미군 이란 석유 수출 허브 르그 점령 가능
"美 정부, 러시아 유조선 쿠바행 용인…31일 도착 전망",World,정부 러시아 유조선 쿠바 용인 도착 전망
"해병대 집결, 중동 내 미군 ‘5만명’ 돌파…이란 전면 침공 가능?",World,해병대 집결 중동 미군 돌파 이란 전면 침공 가능
"밴스 美부통령 ""이란 거세가 목적""…유가 급등엔 선 그어",World,밴스 부통령 이란 거세 목적 유가 급등
[월드앤이슈] 미·이란 대면협상 안갯속…군사적 긴장감 격화,World,월드 이슈 밉다 이란 대면 협상 안갯속 군사 긴장감 격화
트럼프 별장 부근에 민항기 출현… 전투기 출격해 쫓아내,World,트럼프 별장 부근 민항기 출현 전투기 출격 쫓아내다
"""홍콩 여행 갔다 징역형 살 수도""…모르고 있다간 큰일 나는 '안보법'",World,홍콩 여행 가다 징역형 수도 모르다 큰일 안보
후티 참전에 브렌트유 115달러로 급등,World,후티 참전 브렌 트유 달러 급등
"이란 급습에 미 '4,500억원' 제트기 파괴…사우디 미군기지 피격",World,이란 급습 밉다 억원 제트기 파괴 사우디 미군기지 피격
미군의 굴욕…박살 난 '4500억' E-3 센트리 조기경보기 공개,World,미군 굴욕 박살 센트 조기경보기 공개
NYT “중동 내 미군 5만 명…이란 전면 침공전엔 부족”,World,중동 미군 이란 전면 침공 부족
중동 내 미군 이제 5만명…이란 전면 침공전엔 부족,World,중동 미군 이란 전면 침공 부족
CNN “美 지상군 투입시 하르그섬보다 호르무즈 방어선 7개섬 우선 공략될 수도”,World,지상군 투입 르그 호르무즈 방어선 개섬 공략 수도
이란 의회 의장 “美 지상군 도착하면 불태울 것”,World,이란 의회 의장 지상군 도착 태우다
[중동전쟁] “호르무즈 해협 ‘톨게이트 통행료’ 30억 현실화”,World,중동전쟁 호르무즈 해협 톨게이트 통행료 현실
"유조선 반드시 지나간다...미 지상군, 호르무즈 투입 핵심 거점은?",World,유조선 지나가다 밉다 지상군 호르무즈 투입 핵심 거점
‘친트럼프’ 게이츠·베넌마저···이란 지상전에 ‘신중론’,World,트럼프 게이츠 베넌 이란 지상전 중론
"""호르무즈 7개 섬 공략 가능성""...美 '지상군 투입' 시나리오 [Y녹취록]",World,호르무즈 공략 가능성 지상군 투입 시나리오 녹취록
"미국 철수 언급에 놀란 네타냐후...""전쟁 근본적으로 바꾸겠다"" 선언 [지금이뉴스]",World,미국 철수 언급 놀란 네타냐후 전쟁 근본 바꾸다 선언 뉴스
[자막뉴스] 데이터 분석해보니...이란 상황 '악화일로',World,자막 뉴스 데이터 분석 해보다 이란 상황 악화 일로
"태국, 이란 호르무즈 해협 통과 합의…인도네시아도 협상 중",World,태국 이란 호르무즈 해협 통과 합의 인도네시아 협상
푸틴의 한 수...美 ‘앞마당’ 쿠바에 유조선 보냈다[이태규의 워싱턴 플레이북],World,푸틴 앞마당 쿠바 유조선 보내다 이태규 워싱턴 플레이
"美 4천500억원 '하늘의 눈', 이란 미사일에 당했다",World,억원 하늘 이란 미사일 당하다
"이란 강경파, 핵확산금지조약 탈퇴 주장…대학 연구시설 폭격에 분노",World,이란 강경 핵확산금지조약 탈퇴 주장 대학 연구시설 폭격 분노
"트럼프, 이란戰 와중 목사 편지 공개…“당신은 평화의 사람”[1일1트]",World,트럼프 이란 와중 목사 편지 공개 평화
"미 지상군 투입 시나리오 보니…""호르무즈 방어선 7개섬 주목""",World,밉다 지상군 투입 시나리오 호르무즈 방어선 개섬 주목
"[뉴스특보] 미 지상군 7개섬 투입 주목…이란 ""불태울 작정""",World,뉴스특보 밉다 지상군 개섬 투입 주목 이란 태우다 작정
[자막뉴스] 이슬람 국가들도 가세...호르무즈 통행료 '급물살',World,자막 뉴스 이슬람 국가 가세 호르무즈 통행료 물살
[중동전쟁] 이란 “미군 지상 도착 목 빠지게 기다려…그들을 불태울 것”,World,중동전쟁 이란 미군 지상 도착 빠지다 기다리다 태우다
"트럼프·밴스, 평화·종전 언급...""이란 7개 섬에서 지상전 가능성""",World,트럼프 밴스 평화 종전 언급 이란 지상전 가능성
"""곧 철수"" 출구 찾는 미국…이란은 '해협 통제' 강경 조건",World,철수 출구 찾다 미국 이란 해협 통제 강경 조건
전쟁 판 뒤집을 변수…미군 지상전 시나리오,World,전쟁 뒤지다 변수 미군 지상전 시나리오
"美정부, 러시아 유조선 쿠바행 용인…이달말 도착 전망",World,정부 러시아 유조선 쿠바 용인 달말 도착 전망
"[부자들의 투자노트] 블랙록 ""어떤 헤지수단도 존재하지 않아""",World,부자 투자 노트 블랙록 어떻다 헤지 수단 존재
독 라인메탈 CEO “우크라 드론은 레고 수준”…비판 일자 사과,World,라인메탈 크다 드론 레고 수준 비판 일자 사과
"네타냐후 “레바논 공격 확대해 완충지대 넓히도록 지시""",World,네타냐후 레바논 공격 확대 완충지대 넓히다 지시
"트럼프 행정부, 러시아 유조선 쿠바행 용인...이달 말 도착 전망",World,트럼프 행정부 러시아 유조선 쿠바 용인 도착 전망
"인도적 위기 쿠바에 美, 러시아 유조선 입항 용인",World,인도 위기 쿠바 러시아 유조선 입항 용인
"“美 국방부, 몇주간 이란 내 지상작전 준비중…수개월 걸릴 수도”",World,국방부 주간 이란 지상 작전 준비 개월 걸리다 수도
"""돈줄 끊어라"" 우크라, 러시아 석유저장시설 공격",World,돈줄 끊다 크다 러시아 석유 저장 시설 공격
"미군 3500명 중동 도착…이란 ""미군 상어밥 만들 것""",World,미군 중동 도착 이란 미군 상어 만들다
이슬람 4개국 회담…호르무즈 통행료 징수 방식 통과 논의,World,이슬람 개국 회담 호르무즈 통행료 징수 방식 통과 논의
"이란, 지상전 징후에 항전 의지…발빼는 美부통령?",World,이란 지상전 징후 항전 의지 빼다 부통령
미 보수 심장부도 '이란 지상전' 반대...트럼프 지지층 분열 조짐,World,밉다 보수 심장 부도 이란 지상전 반대 트럼프 지층 분열 조짐
"[마켓 브리핑] 트럼프, 연일 이란 협상 발언 뒤 잇단 확전 신호",World,마켓 브리핑 트럼프 연일 이란 협상 발언 잇다 확전 신호
[스타트 브리핑] 홍해 항로도 봉쇄 위기...에너지 수급난·물류 위기 '겹악재',World,스타트 브리핑 홍해 항로 봉쇄 위기 에너지 수급 물류 위기 겹악재
"이란, 협상 조건 '호르무즈 통행료' 제안…""미 지상군 불태우겠다""",World,이란 협상 조건 호르무즈 통행료 제안 밉다 지상군 태우다
"미국, 호르무즈 인근 이란 항구도시 기습 공격…이란 “미군 불태우겠다”",World,미국 호르무즈 인근 이란 항구 도시 기습 공격 이란 미군 태우다
"""미국, 지상 작전 준비 중""…이란 전쟁 확전·협상 분수령",World,미국 지상 작전 준비 이란 전쟁 확전 협상 분수령
"'친 트럼프' 중량급 맷 게이츠·배넌, 보수행사서 지상전 신중론",World,트럼프 중량 게이츠 배넌 보수 행사 지상전 중론
"""미증시는 트럼프 TACO에 베팅""- 야후 파이낸스",World,밉다 증시 트럼프 베팅 야후 파이 낸스
"트럼프·밴스, 평화·종전 언급...""이란 7개 섬에서 지상전 가능성""",World,트럼프 밴스 평화 종전 언급 이란 지상전 가능성
‘큰 그림’ 없고 닻은 부러졌다··· 트럼프의 허술한 출구전략,World,크다 그림 부러지다 트럼프 허다 출구 전략
"홍해까지 막히면 ""유가 150달러""…세계 경제 '긴장'",World,홍해 막히다 유가 달러 세계 경제 긴장
파리 부자들의 격노...자전거 타고 등장한 신임 시장의 정체 [목수정의 바스티유 광장],World,파리 부자 격노 자전거 타고 등장 신임 시장 정체 목수 정의 바스티유 광장
"'친 트럼프' 게이츠·배넌, 이란 지상전에 신중론",World,트럼프 게이츠 배넌 이란 지상전 중론
이란 급습에…4천500억 원짜리 '미국의 눈' 당했다,World,이란 급습 짜다 미국 당하다
미 지상전 장소 “호르무즈 7개 섬 유력”…아치형 핵심 요충지,World,밉다 지상전 장소 호르무즈 유력 아치 핵심 요충지
"""美 지상군, 하르그섬보다 호르무즈 7개섬 공격할 가능성 높아""",World,지상군 르그 호르무즈 개섬 공격 가능성 높다
"이란 보수 매체, 종전 협상 조건으로 미군 철수·호르무즈 통행료 등 9개 항목 제시",World,이란 보수 매체 종전 협상 조건 미군 철수 호르무즈 통행료 항목 제시
美 상륙작전? 호르무즈 해협 이란의 ‘가라앉지 않는 항공모함’ 7개섬 초점,World,상륙작전 호르무즈 해협 이란 가라앉다 항공모함 개섬 초점
[증시전략] 美 병력증파·후티 참전에 중동정세 '소용돌이'…시장은?,World,증시 전략 병력 증파 후티 참전 중동 정세 소용돌이 시장
"이번주가 중대 고비…앤디김 ""지상전 너무 위험""",World,주가 중대 고비 앤디 지상전 위험
"'親트럼프' 중량급 맷 게이츠·배넌, 보수행사서 지상전 신중론",World,트럼프 중량 게이츠 배넌 보수 행사 지상전 중론
"중동 집결한 미군‥부통령은 ""곧 종전"" 딴소리",World,중동 집결 미군 부통령 종전 소리
"이란, 사우디 공격에 4500억원짜리 미 조기경보기 파괴",World,이란 사우디 공격 억원 짜다 밉다 조기경보기 파괴
"궁지에 몰린 이란, ‘드론 사용법’ 과외 교사된 러시아",World,궁지 몰리다 이란 드론 용법 과외 교사 러시아
[외신 헤드라인] 중동 사태로 헬륨 '비상'…반도체 생산 직격타,World,외신 헤드라인 중동 사태 헬륨 비상 반도체 생산 직격타
"이란 매체, 美에 9개 조건 제시...“호르무즈 선박에 새 경제 시행”",World,이란 매체 조건 제시 호르무즈 선박 경제 시행
"예멘 후티 반군, 공식 참전 선언…호르무즈 이어 홍해도 막히나",World,예멘 후티 반군 공식 참전 선언 호르무즈 홍해 막히다
"공업지대 피격, 유해 화학물질 유출…이슬람 4개국 회담",World,공업 지대 피격 유해 화학물질 유출 이슬람 개국 회담
"후티 참전 선언했는데…홍해서 불난 美포드 항모, 크로아티아서 수리",World,후티 참전 선언 홍해 포드 항모 크로아티아 수리
'이란 동맹' 후티도 참전…불붙은 중동 위기에 기름 붓나,World,이란 동맹 후티 참전 붙다 중동 위기 기름
"미 전역 8백만이 외쳤다 ""반 트럼프·반 전쟁""",World,밉다 전역 백만이 외치다 트럼프 전쟁
후티發 중동위기 격화일로…홍해 막히면 사우디 참전 가능성,World,후티 중동 위기 격화일로 홍해 막히다 사우디 참전 가능성
이스라엘 공업지대에 이란 미사일…레바논에 완충지대 확장 지시,World,이스라엘 공업 지대 이란 미사일 레바논 완충지대 확장 지시
태국 총리 “유조선 호르무즈해협 통과 이란과 합의”,World,태국 총리 유조선 호르무즈 해협 통과 이란 합의
"[비즈차이나] 라부부 다음이 없다… 팝마트, ‘IP 확장’으로 승부수",World,비즈 차이나 부부 마트 확장 승부
"NYT ""우크라이나, 미국의 안전 보장 늦어지자 중동과 드론 외교로 10년간 방위 협정""",World,우크라이나 미국 안전 보장 늦어지다 중동 드론 외교 방위 협정
"확전인가 종전인가...갈림길 선 중동전쟁, 시장은 불안감 증폭[글로벌 모닝 브리핑]",World,전인 종전 갈림길 중동전쟁 시장 불안감 증폭 글로벌 모닝 브리핑
미국도 놀란 KF-21 양산 속도···UAE·사우디서 관심,World,미국 놀란 양산 속도 사우디 관심
“혈당 200→110으로”…아침 공복에 마신 '이 차' 당뇨 확 떨어뜨려,World,혈당 아침 공복 말다 당뇨 떨어뜨리다
"美 이란 지상군 투입 검토에…앤디 김 ""너무 위험하다"" 반대",World,이란 지상군 투입 검토 앤디 위험하다 반대
"xAI 공동창업자 11명, 3년만에 모두 퇴사",World,창업 퇴사
"트럼프·밴스, 평화·종전 언급...""이란 7개 섬에서 지상전 가능성""",World,트럼프 밴스 평화 종전 언급 이란 지상전 가능성
"美 E-3 조기경보기, 이란서 첫 피격…""실전서 손실 처음""",World,조기경보기 이란 피격 실전 손실 처음
후티 반군 이란 전쟁 참전…이번엔 홍해 봉쇄되나[미국-이란 전쟁],World,후티 반군 이란 전쟁 참전 홍해 봉쇄 미국 이란 전쟁
"금리 인상 우려, 암호화폐 일제 하락…비트 6만6000달러대",World,금리 인상 우려 암호 화폐 일제 하락 비트 달러
"이란전에도 글로벌 금융사 “美, 경기 침체 피한다”…낙관론 근거는?",World,이란 글로벌 금융 경기 침체 낙관 근거
"[뉴스특보] 미군 병력 중동 추가 배치…이란, 결사항전 의지",World,뉴스특보 미군 병력 중동 추가 배치 이란 결사 항전 의지
미·이란 대면협상 불발?…한달 '중동전쟁' 분수령,World,밉다 이란 대면 협상 불발 중동전쟁 분수령
“이란 급습에 굴욕”…美 4500억원 ‘하늘의 눈’ 파괴됐다,World,이란 급습 굴욕 억원 하늘 파괴 돼다
"“美, 지상전 준비… 협상 결렬 땐 기습 공격 할 수도”",World,지상전 준비 협상 결렬 기습 공격 수도
후티 ‘원유 10% 운송길’ 위협… 사우디 참전 땐 전선 더 확대,World,후티 원유 운송 위협 사우디 참전 전선 확대
파키스탄·태국 “이란과 통행 합의”… ‘호르무즈 톨게이트’ 현실화하나,World,파키스탄 태국 이란 통행 합의 호르무즈 톨게이트 실화
[단독] 트럼프 1기 참모 “전쟁 장기화… 美패트리엇 한국 복귀 어려울 것”,World,단독 트럼프 참모 전쟁 장기 트리 한국 복귀 어리다
[글로벌 비즈 브리핑] 중동 사태 장기화…곧 반도체도 못 만든다 外,World,글로벌 비즈 브리핑 중동 사태 장기 반도체 만들다
중동 외교전 가동…파키스탄서 호르무즈 해법 집중 논의,World,중동 외교 가동 파키스탄 호르무즈 해법 집중 논의
"이란, ‘호르무즈 톨게이트’ 추진… 美 “용납 못해”",World,이란 호르무즈 톨게이트 추진 용납
"네타냐후, 협상론 와중에 “공격 계속”… 이란 ‘유일가동’ 원전 때려",World,네타냐후 협상 와중 공격 계속 이란 유일 가동 원전 때리다
"홍해 틀어쥔 후티 참전, 韓 ‘유럽 수출길’ 비상",World,홍해 틀어쥐다 후티 참전 유럽 수출 비상
"“美, 몇주짜리 이란 지상전 준비… 전면전 아닌 기습공격 예상”",World,짜다 이란 지상전 준비 면전 기습 공격 예상
"'드론계 엔비디아'…스워머, 중동 사태 덕에 주가 '고공행진'",World,드론 엔비디아 스워머 중동 사태 주가 고공 행진
구글 '터보퀀트' 쇼크…美 반도체주 1천억달러 증발,World,구글 터보 퀀트 쇼크 반도체 천억 달러 증발
중동 사태 장기화…곧 반도체도 못 만든다,World,중동 사태 장기 반도체 만들다
"'회당 30억?' 호르무즈 통행료 추진, 이슬람 국가들 가세",World,회당 호르무즈 통행료 추진 이슬람 국가 가세
"미 지상군 투입땐 어디부터 공략?…""호르무즈 방어선 7개 섬 주목""",World,밉다 지상군 투입 공략 호르무즈 방어선 주목
트럼프 해협?… 예측 불가 '트럼프 입',World,트럼프 해협 예측 불가 트럼프
'동맹'도 '유엔'도 무력화… '제2 호르무즈' 리스크 번진다,World,동맹 유엔 무력 호르무즈 리스크 지다
"'부자아빠' ""내년에 부자될 기회…시장붕괴 노려라""",World,부자 아빠 내년 부자 기회 시장 붕괴 노리다
중동 전쟁 5주째 확전…후티 참전·미군 증파에 전면전 우려 고조,World,중동 전쟁 확전 후티 참전 미군 증파 면전 우려 고조
"이란 최고지도자 하메네이, 이라크에 감사 메시지…여전히 은둔 통치",World,이란 최고 지도자 하메네이 이라크 감사 메시지 여전하다 은둔 통치
"이스라엘, 남부 레바논 작전 확대…""헤즈볼라 로켓 위협 차단""",World,이스라엘 남부 레바논 작전 확대 헤즈볼라 로켓 위협 차단
"""미 지상군, 호르무즈 방어선 7개 섬에 투입 가능성""",World,밉다 지상군 호르무즈 방어선 투입 가능성
"네타냐후 ""레바논 완충지대 확대""…지상전서 헤즈볼라 사살도",World,네타냐후 레바논 완충지대 확대 지상전 헤즈볼라 사살
호르무즈 불안 틈탄 홍해 위협… 아라비아반도 양면 봉쇄 우려,World,호르무즈 불안 틈타다 홍해 위협 아라비아반도 양면 봉쇄 우려
"라인메탈 CEO ""우크라 드론, 레고 수준""…논란 일자 사과",World,라인메탈 크다 드론 레고 수준 논란 일자 사과
"EU, 호르무즈 해법으로 제시한 ‘흑해협정’… 러시아 일방적 파기로 실패한 모델",World,호르무즈 해법 제시 흑해 협정 러시아 일방 파기 실패하다 모델
"美지상군 투입땐 어디부터 공략?…""호르무즈 방어선 7개섬 주목""",World,지상군 투입 공략 호르무즈 방어선 개섬 주목
이란 공격에…“하늘의 지휘소” 美E-3 조기경보기 피격 파괴,World,이란 공격 하늘 지휘 조기경보기 피격 파괴
이란 전쟁에 안전자산 미국채도 '휘청'…아이셰어즈 60/40 ETF 손실,World,이란 전쟁 안전 자산 미국 채도 셰어 손실
美 해군·해병대 3500명 중동 도착… 지상전 압박,World,해군 해병대 중동 도착 지상전 압박
"후티도 참전, 홍해로 번지는 불길",World,후티 참전 홍해 번지 불길
"AI 가짜 영상으로 美 ‘폭격’… 이란, 사이버 선전전에 총력",World,가짜 영상 폭격 이란 사이버 서다 총력
"이란, 얼마나버틸까…“1∼2주간 미사일 충분히 공격 가능”",World,이란 버티다 주간 미사일 충분하다 공격 가능
후티도 뛰어들었다…홍해 막히면 유럽 직격탄,World,후티 뛰어들다 홍해 막히다 유럽 직격탄
"이란, 호르무즈 통제권 굳혀가나… 태국·파키스탄과 선박 통과 합의",World,이란 호르무즈 통제 굳히다 태국 파키스탄 선박 통과 합의
"이란 ""미 지상군 도착하면 불태울 것""...한 달 넘긴 전쟁",World,이란 밉다 지상군 도착 태우다 넘기다 전쟁
이란 의회의장 “미군 지상 도착 학수고대 중…도륙낼 것” 경고,World,이란 의회 의장 미군 지상 도착 학수고대 도륙 경고
확전의 그림자...데이터로 본 이란 전쟁 한 달,World,전의 그림자 데이터 이란 전쟁
'저항의 축' 후티 참전 새 변수... '수에즈 통로' 홍해도 막히나,World,저항 후티 참전 변수 수에즈 통로 홍해 막히다
"미국·이란, 대면 협상 나서나?...안갯속 전망",World,미국 이란 대면 협상 나서다 안갯속 전망
"""미 국방부, 이란내 지상전 검토""...트럼프, 승인 여부 불투명",World,밉다 국방부 이란 지상전 검토 트럼프 승인 불투명
"이란 군부 ""미군 침공할 경우 섬멸하겠다""",World,이란 군부 미군 침공 경우 섬멸
"이란 매체, 종전 조건으로 ""미군 중동 철수·호르무즈 통행료"" 주장",World,이란 매체 종전 조건 미군 중동 철수 호르무즈 통행료 주장
이란 급습에 美 4천500억원짜리 'E-3 센트리' 조기경보통제기 파괴,World,이란 급습 억원 짜다 센트 조기경보통제기 파괴
"홍해까지 막힐 수 있다…사우디 참전 가능성, 이란 전쟁 확산 일촉즉발",World,홍해 막히다 사우디 참전 가능성 이란 전쟁 확산 일촉즉발
4500억짜리 ‘하늘의 지휘소’가 뚫렸다…미 E-3 조기경보기 사상 첫 피격,World,짜다 하늘 지휘 가다 뚫리다 밉다 조기경보기 사상 피격
이란 급습에 美 '하늘의 눈' 첫 파괴…4500억 날아갔다,World,이란 급습 하늘 파괴 날아가다
후티 가세로 홍해까지 위험...사우디도 참전하나?,World,후티 가세 홍해 위험 사우디 참전
"타격 입은 이란...""그래도 몇 주 동안 공격 가능""",World,타격 입다 이란 공격 가능
"""이란 공습에 4500억짜리 완파""...美 '하늘의 눈' E-3 당했다",World,이란 공습 짜다 완파 하늘 당하다
"이스라엘, 헤즈볼라 공습 과정에서 레바논 언론인 3명 표적 살해",World,이스라엘 헤즈볼라 공습 과정 레바논 언론인 표적 살해
"이란, 4,500억 짜리 미군 '하늘의 눈' E-3 첫 파괴",World,이란 짜다 미군 하늘 파괴
인도행 가스 탱커 2척 호르무즈해협 통과,World,인도 가스 탱커 호르무즈 해협 통과
"EU, 흑해협정 모델로 호르무즈 해법 논의",World,흑해 협정 모델 호르무즈 해법 논의
"4500억짜리 美 ‘하늘의 눈’ 당했다… 이란, 사우디 기지 공격 때 파괴",World,짜다 하늘 당하다 이란 사우디 기지 공격 파괴
"이란 ""미 지상군 도착하면 불태울 것""...후티, 이틀째 가세",World,이란 밉다 지상군 도착 태우다 후티 이틀 가세
“4500억짜리 美 조기경보기 두동강”…이란 급습에 첫 손실,World,짜다 조기경보기 동강 이란 급습 손실
"""이란 급습에 굴욕""…미 4500억원짜리 '하늘의 눈' E-3 사상 첫 파괴",World,이란 급습 굴욕 밉다 억원 짜다 하늘 사상 파괴
이란 급습에 쓴맛…4500억 원짜리 '하늘의 눈' 첫 파괴,World,이란 급습 쓴맛 짜다 하늘 파괴
이란 미사일에 또 쓴 맛…4500억 美 '하늘의 눈' E-3 파괴됐다,World,이란 미사일 쓸다 하늘 파괴 돼다
高유가 달래기? 밴스 美부통령 “다시 내릴 것…이란전 조금만 더”,World,유가 달래다 밴스 부통령 내리다 이란
“제발 그만” 전세계가 외치는데…트럼프 “다음은 쿠바” 또 공격 시사,World,제발 전세계 외치다 트럼프 쿠바 공격 시사
이란 급습에…미군 4500억원짜리 '하늘의 눈' E-3 최초 파괴,World,이란 급습 미군 억원 짜다 하늘 최초 파괴
"미, ‘지상전’ 압박 최고조…이란 “도착하면 불태울 것”",World,밉다 지상전 압박 최고 이란 도착 태우다
“미군 지상전 오면 목숨 불태울 것”...이란 결사항전 의지 중동 긴장 고조,World,미군 지상전 오다 목숨 태우다 이란 결사 항전 의지 중동 긴장 고조
이스라엘 ‘엇박자’ 왜?…美 협상 중에 이란 원전 때렸다,World,이스라엘 박다 협상 이란 원전 때리다
"""미군 철수·제재 해제""...이란, 美에 종전 9대 조건 제시",World,미군 철수 제재 해제 이란 종전 대다 조건 제시
이란 급습에 쓴맛…美 4천500억원짜리 '하늘의 눈' E-3 첫 파괴,World,이란 급습 쓴맛 억원 짜다 하늘 파괴
이란전 30일차｜트럼프 “10일 더”…후티 참전과 ‘테헤란 톨게이트’ [전황브리핑],World,이란 일차 트럼프 후티 참전 테헤란 톨게이트 전황 브리핑
美가 주목한 이란 의회의장 “미군 지상 도착땐 불태울 것”,World,가다 주목 이란 의회 의장 미군 지상 도착 태우다
"이란 ""미국 지상군 들어오면 끝장""…결사항전 선언",World,이란 미국 지상군 들어오다 끝장 결사 항전 선언
‘분노의 아메리카’… 공화 텃밭에도 ‘노 킹스’ 들불,World,분노 아메리카 공화 텃밭 킹스 들불
"친이란 후티 반군까지 ‘참전’…포화, 중동 전역 확산 가능성",World,후티 반군 참전 포화 중동 전역 확산 가능성
"이란, 사우디 미군 기지 급습…‘하늘의 눈’ 조기경보기 파괴",World,이란 사우디 미군 기지 급습 하늘 조기경보기 파괴
"호르무즈 해협 ‘가라앉지 않는 항공모함’ 7개의 섬, 이란 전쟁 핵심 요충지로",World,호르무즈 해협 가라앉다 항공모함 이란 전쟁 핵심 요충지
미군 '수주간' 지상작전 준비 중…최대 1만병 파병도 검토,World,미군 주간 지상 작전 준비 최대 파병 검토
"이란 국회의장 ""미군 지상 도착 기다리는 중…불태워 버릴 것""",World,이란 국회의장 미군 지상 도착 기다리다 태우다 버리다
"홍해까지 막히면 ""유가 150달러""…세계 경제 '긴장'",World,홍해 막히다 유가 달러 세계 경제 긴장
이스라엘의 협상 재 뿌리기?‥대학까지 공습당한 이란은 보복 선언,World,이스라엘 협상 뿌리다 대학 공습 이란 보복 선언
[뉴스추적] 내일 중재국 회담…지상군 투입 셈법은?,World,뉴스 추적 내일 중재 회담 지상군 투입 셈법
"""美, 수 주 동안의 이란 지상작전 준비 중""‥밴스는 조기 종전 시사?",World,이란 지상 작전 준비 밴스 조기 종전 시사
"트럼프, 감당 가능?…美 부상자 300여명 대부분 ‘뇌 손상’, 부상 원인 공개 [핫이슈]",World,트럼프 감당 가능 부상 여명 대부분 손상 부상 원인 공개 핫이슈
"""트럼프를 끌어내라""‥'반전'으로 확산되는 '노 킹스' 시위",World,트럼프 끌다 반전 확산 킹스 시위
호르무즈 봉쇄 해제 뒤 '트럼프 해협' 개명 검토,World,호르무즈 봉쇄 해제 트럼프 해협 개명 검토
"홍해서 화재 발생했던 미군 포드 항모, 크로아티아로",World,홍해 화재 발생 미군 포드 항모 크로아티아
"이란 의회 의장 ""지상 진입 미군 불태울 준비 돼 있다""",World,이란 의회 의장 지상 진입 미군 태우다 준비 돼다
"“美, 몇주짜리 이란 지상전 준비…전면전 침공 아닌 기습공격 예상”",World,짜다 이란 지상전 준비 면전 침공 기습 공격 예상
"이란 매체 “중동 미군 완전 철수하고, 호르무즈 통행료 징수”…협상조건 제안",World,이란 매체 중동 미군 철수 호르무즈 통행료 징수 협상 조건 제안
이란 “미군 지상 도착하면 불태울 것” 항전 의지,World,이란 미군 지상 도착 태우다 항전 의지
북한도 있는데 한국엔 없다...세계 핵무기 1만기 돌파 ‘히로시마 원폭 13만개 위력’,World,북한 한국 세계 핵무기 만기 돌파 히로시마 원폭 위력
"美, 지상전 준비에 '친이란' 후티 참전… 홍해까지 막히나 [美-이란 전쟁]",World,지상전 준비 후티 참전 홍해 막히다 이란 전쟁
"이란, 미사일 언제까지 쏘나…""짧게는 1~2주 더 버텨""",World,이란 미사일 쏘다 짧다 버티다
‘12세 아동 징집’ 이란정권 “미 지상군 진입 땐 불태운다…패배 모르는 민족” 과시,World,아동 징집 이란 정권 밉다 지상군 진입 태우다 패배 모르다 민족 과시
후티전 참전했다 불난 美 '포드 항모' 크로아티아로,World,후티전 참전 포드 항모 크로아티아
"파키스탄, 태국 선박 잇따라 호르무즈 통과…""이란과 합의""",World,파키스탄 태국 선박 잇따르다 호르무즈 통과 이란 합의
"이란 의장 “미군 지상전 기다린다, 목숨 불태울 것”…‘결사항전’ 성명",World,이란 의장 미군 지상전 기다리다 목숨 태우다 결사 항전 성명
"주말 '대면 협상' 없었다…""美 수주 간 걸친 지상 작전 준비""",World,주말 대면 협상 수주 걸치다 지상 작전 준비
"전쟁이 바꾼 구도…‘포스트 트럼프’ 밴스, 루비오 맹추격에 긴장",World,전쟁 바꾸다 구도 포스트 트럼프 밴스 루비 맹추격 긴장
"이란 갈리바프 ""우리 병사들은 미군이 지상에 도착하기를 기다리며, 그들의 목숨을 불태울 것"" 결사항전 의지",World,이란 갈리 바프 병사 미군 지상 도착 기다리다 목숨 태우다 결사 항전 의지
"미국·이란, 대면 협상 나서나?...안갯속 전망",World,미국 이란 대면 협상 나서다 안갯속 전망
"[속보]미국, 호르무즈 코 앞 항구도시 기습 공격…5명 사망",World,속보 미국 호르무즈 항구 도시 기습 공격 사망
미 지상군 '압박 카드' 현실화…'하르그 점령' 방안도 검토,World,밉다 지상군 압박 카드 현실 르그 점령 방안 검토
[일요와이드] 후티 참전 속 미국 지상전·협상 병행…종전 전망은,World,일요 와이드 후티 참전 미국 지상전 협상 병행 종전 전망
미 해군·해병대 3500명 중동 도착…하르그섬 투입 유력,World,밉다 해군 해병대 중동 도착 르그 투입 유력
"선박당 30억원… 이란, 호르무즈에 ‘통행료’ [美·이란 전쟁]",World,선박 억원 이란 호르무즈 통행료 이란 전쟁
"협상이냐 결사항전 지상전이냐… 미·이란 전쟁, 중대 분수령",World,협상 결사 항전 지상전 밉다 이란 전쟁 중대 분수령
‘원유수송로 대안’ 홍해까지 위험지대로 [美·이란 전쟁],World,유수 송로 대안 홍해 위험 지대 이란 전쟁
"후티 반군, 이스라엘 폭격… 홍해도 봉쇄 위기",World,후티 반군 이스라엘 폭격 홍해 봉쇄 위기
"이란 ""미군이 지상 도착하면 불태우겠다"" 항전 의지",World,이란 미군 지상 도착 태우다 항전 의지
“그린 생산비 2배 비싸…세계 최대 수소충전소도 100% 그레이”,World,그린 생산비 비싸다 세계 최대 충전 소도 그레이
유럽 '피시플레이션'…밥상까지 위협하는 이란 전쟁,World,유럽 피시 플레이 밥상 위협 이란 전쟁
“가라앉지 않는 항공모함”···호르무즈 해협 7개 섬 ‘이란 핵심 방어선’ 부상,World,가라앉다 항공모함 호르무즈 해협 이란 핵심 방어선 부상
통행료 걷는 ‘이란판 톨게이트’…호르무즈 해협 봉쇄에 전세계가 인질 [핫이슈],World,통행료 걷다 이란 톨게이트 호르무즈 해협 봉쇄 전세계 인질 핫이슈
"'親이란' 후티, 이스라엘 공습…홍해 입구까지 막히나",World,이란 후티 이스라엘 공습 홍해 입구 막히다
"미 안전보장 미적대자…우크라, 걸프국과 10년 방위협정",World,밉다 안전보장 미적 대자 크다 걸프 방위 협정
美 지상군 증파·후티 참전 … 공격 수위만 더 올라가,World,지상군 증파 후티 참전 공격 수위 올라가다
"이란 ""미군이 지상 도착하면 불태우겠다"" 항전 의지",World,이란 미군 지상 도착 태우다 항전 의지
"번복에 번복, 트럼프 말 안 믿는 시장…유가 뛰고 주식·채권 급락",World,번복 번복 트럼프 믿다 시장 유가 뛰다 주식 채권 급락
"美 안전보장 미적대자…우크라, 걸프국과 10년 방위협정",World,안전보장 미적 대자 크다 걸프 방위 협정
"이란, 사우디 미군기지 때렸다…美 지상군 기습 태세",World,이란 사우디 미군기지 때리다 지상군 기습 태세
"후티 참전에 중동 전선 확산…美, 이란 지상작전 검토(종합)",World,후티 참전 중동 전선 확산 이란 지상 작전 검토 종합
"""왕은 없다""...美 '反 트럼프 시위'에 800만명 집결",World,트럼프 시위 집결
"[자막뉴스] ""이란군 궤멸"" 다음날 쏟아진 이란 폭격…'하늘의 눈' 미 최고가 전략자산 공중조기경보통제기 파손",World,자막 뉴스 이란 궤멸 쏟아지다 이란 폭격 하늘 밉다 최고 전략 자산 공중조기경보통제기 파손
"이란 미사일 재고 언제까지 버티나…""짧게는 1~2주""",World,이란 미사일 재고 버티다 짧다
“이번 주가 중대 고비”…미-이란 물밑협상 속 군사긴장 격화,World,주가 중대 고비 밉다 이란 물밑 협상 군사 긴장 격화
홍해 흔드는 '후티'는 누구?…예멘 북부 실질 통치 '저항의 축',World,홍해 흔들다 후티 늘다 예멘 북부 실질 통치 저항
트럼프 승리 선언은 감감…미 패권 세 기둥 한꺼번에 흔들,World,트럼프 승리 선언 밉다 패권 기둥 흔들다
이란 미사일 1000발 이상 남은 듯…미국 토마호크는 2000발 이상,World,이란 미사일 남다 미국 토마호크
"미국도 오락가락...밴스 부통령 ""목표달성 임박, 곧 철수""",World,미국 오락가락 밴스 부통령 목표 달성 임박 철수
물류동맹 '홍해'마저 막히나…후티 반군 참전속 美지상군 준비 본격화,World,물류 동맹 홍해 막히다 후티 반군 참전 지상군 준비 본격
후티도 뛰어들었다… 홍해 막히면 사우디·유럽 경제 직격탄,World,후티 뛰어들다 홍해 막히다 사우디 유럽 경제 직격탄
"타격 입은 이란...""그래도 몇 주 동안 공격 가능""",World,타격 입다 이란 공격 가능
트럼프發 핵 도미노…세계 '새 핵 시대'로 내몰린다,World,트럼프 미노 세계 시대 몰리다
호르무즈 해협 인근 '포성'...후티 참전 본격화,World,호르무즈 해협 인근 포성 후티 참전 본격
"태국 ""호르무즈 안전 통과 이란과 합의""…인니도 ""긍정적 협상중""",World,태국 호르무즈 안전 통과 이란 합의 인니 긍정 협상
"[뉴스특보] 미국, 지상전·협상 저울질…후티도 공식 참전",World,뉴스특보 미국 지상전 협상 후티 공식 참전
중동전 장기지속 여부…이란 ‘미사일 제고’에 달렸다,World,중동전 장기 지속 이란 미사일 달리다
"트럼프, 콕 집어 “이란 다음 쿠바”…정권 교체 재촉 위한 겁박",World,트럼프 집다 이란 쿠바 정권 교체 재촉 겁박
"""허락받은 배만 통과""…일본 이어 태국·인니·파키스탄도 이란과 개별 합의",World,허락 받다 통과 일본 태국 인니 파키스탄 이란 개별 합의
걸프국에 방공기술 수출 노리는 우크라···이란 전쟁에 휘말리나,World,걸프 방공 기술 수출 노리다 크다 이란 전쟁 말리
"""이란, 로켓 거의 없다""던 트럼프...정작 美 정보당국은 ""여전히 상당수 보유""",World,이란 로켓 트럼프 정작 정보 당국 여전하다 상당수 보유
빨라지는 中 정치시계…70년생 첫 장관 등장에 장궈칭 부총리에 쏠리는 시선,World,빨르다 정치 시계 년생 장관 등장 장궈칭 부총리 쏠리다 시선
나프타 이어 알루미늄도? 중동 피격에 공급망 ‘빨간불’,World,나프타 알루미늄 중동 피격 공급망 빨갛다
"美, 해병대 등 추가 배치 완료...지상군 투입 ‘촉각’",World,해병대 추가 배치 완료 지상군 투입 촉각
일본 평화헌법 9조의 정치경제학: 세계유산으로 남겨야…,World,일본 평화헌법 조의 정치 경제학 세계 유산 남기다
"거침없는 트럼프 ""트럼프 해협, 앗 실수…이란 다음은 쿠바""",World,거치다 트럼프 트럼프 해협 실수 이란 쿠바
"미국, 이란 ‘보물섬’ 하르그 겨냥 지상작전 준비…장기전 자초하나",World,미국 이란 보물섬 르그 겨냥 지상 작전 준비 장기전 자초
"""미군, 한달전부터 지상작전 준비""…전면전보다 기습작전 유력",World,미군 달전 지상 작전 준비 면전 기습 작전 유력
"미국 눈치 안 본다…印, 러시아 S-400 5기 추가 도입",World,미국 눈치 러시아 추가 도입
"""더이상 구질서 수호 못해""…이란 전쟁이 앞당긴 3가지 질서재편",World,구질 수호 이란 전쟁 앞당기다 가지 질서 재편
"""어리석은 전쟁 관둬라"" 美 反트럼프 시위에 800만 명 참가",World,어리석다 전쟁 두다 트럼프 시위 참가
"우크라, 걸프 국가들에 방공기술 전수하다 표적돼",World,크다 걸프 국가 방공 기술 전수 표적 돼다
[자막뉴스] 가상훈련까지 마쳤다...'치고 빠지기' 준비에 미군도 피해 위기,World,자막 뉴스 가상 훈련 마치다 빠지다 준비 미군 피해 위기
"파키스탄, 美·이란 전쟁 중재 자처…외교적 도박인가 기회인가",World,파키스탄 이란 전쟁 중재 자처 외교 도박 기회
"지상전이냐, 협상이냐…중동전쟁 후티 참전으로 확대",World,지상전 협상 중동전쟁 후티 참전 확대
"[기획] ‘지상전 준비완료’ 美-‘비웃는’ 이란… 트럼프, 이번엔 진짜?",World,기획 지상전 준비 완료 비웃다 이란 트럼프 진짜
"""유가 반나절새 30달러 급등락은 처음""…월가의 비명",World,유가 반나절 달러 등락 처음 가의 비명
"'호르무즈 톨게이트' 현실화… 파키스탄·태국, 이란과 선박 통과 합의",World,호르무즈 톨게이트 현실 파키스탄 태국 이란 선박 통과 합의
"印, 9조원대 러 첨단 미사일 방어시스템 S-400 5기 추가 도입",World,원대 첨단 미사일 방어 시스템 추가 도입
"이란, 미사일 얼마나 쏠까…“몇주 버티기 가능, 비축량 아직 상당해”",World,이란 미사일 쏘다 버티다 가능 비축 상당하다
태국·파키스탄 줄줄이 협상…호르무즈 '허가 경쟁' 시작됐다,World,태국 파키스탄 줄줄이 협상 호르무즈 허가 경쟁 시작 돼다
4~6주에 끝낸다며…이란 핵시설·옆바다 홍해까지 길어진 전쟁,World,끝내다 이란 시설 바다 홍해 길어지다 전쟁
"""이란 점령에 지상군 170만명 필요"" 4월 종전 가능한가 [김경민의 적시타]",World,이란 점령 지상군 필요 종전 가능하다 김경민 적시타
호르무즈가 '트럼프 해협'으로?…통행료 시동거는 이란,World,호르무즈 트럼프 해협 통행료 동거 이란
"‘친이란’ 후티, 원유 우회로 바브엘만데브해협 봉쇄할까 초긴장",World,후티 원유 우회 바브 데브 해협 봉쇄 긴장
[속보]미 대이란 지상작전 검토 속…밴스 “전쟁 곧 끝”,World,속보 밉다 이란 지상 작전 검토 밴스 전쟁
고물 전투기의 화려한 부활…中 ‘자폭 드론’ 개조해 대만 해협 대규모 배치 [밀리터리+],World,고물 전투기 화려하다 부활 자폭 드론 개조 대만 해협 대규모 배치 밀리터리
'노 킹스' '반트럼프' 외치며 800만 모였다...美 역사상 최대 단일 시위,World,킹스 트럼프 외치 모이다 역사상 최대 단일 시위
"[영상] ""美국방부, 몇주간 이란 지상작전 준비""…후티도 공식 참전 선언",World,영상 국방부 주간 이란 지상 작전 준비 후티 공식 참전 선언
"후티 참전에 긴장악화…미, 난타전 속 지상전·협상 저울질 지속",World,후티 참전 긴장 악화 밉다 난타 지상전 협상 지속
"석유업계 CEO들 ""전쟁 종결되더라도 유가 상승 상당 기간 유지될 것""",World,석유 업계 들다 전쟁 종결 유가 상승 상당 기간 유지
통행료 30억 호르무즈 ‘톨게이트’ 열린다…미 종전 조건과 정면충돌,World,통행료 호르무즈 톨게이트 린다 밉다 종전 조건 정면 충돌
후티 참전에 짙어진 확전 그림자···호르무즈 이어 홍해까지 막히나,World,후티 참전 짙어지다 확전 그림자 호르무즈 홍해 막히다
"이란, 호르무즈에 ‘150조 톨게이트’ 만드나…통행료 부과법 추진",World,이란 호르무즈 톨게이트 만드 통행료 부과 추진
홍해까지 막히나…예맨 후티 반군 참전으로 악화되는 전황,World,홍해 막히다 후티 반군 참전 악화 전황
"이란 강경파, 핵확산금지조약 탈퇴 추진···미·이 군사작전 후 ‘핵 무기 개발’ 강경론 부상",World,이란 강경 핵확산금지조약 탈퇴 추진 밉다 군사작전 무기 개발 강경 부상
"美, 이란 지상작전 검토 속…밴스 ""전쟁 곧 끝""",World,이란 지상 작전 검토 밴스 전쟁
후티 가세로 홍해까지 위험...사우디도 참전하나?,World,후티 가세 홍해 위험 사우디 참전
"“이란, 4000억짜리 美조기경보기 ‘두동강’”…미군 핵심 자산 완파됐나 [배틀라인]",World,이란 짜다 조기경보기 동강 미군 핵심 자산 완파됐 배틀 라인
"[자막뉴스] ""이란 샤헤드 요격하려면.."" 중동 국가 방문한 젤렌스키..""우크라 시설 폭격해"" 전쟁 휘말리나",World,자막 뉴스 이란 헤드 요격 중동 국가 방문 렌스 크다 시설 폭격 전쟁 말리
"이란, 걸프국 타격 확대…'디지털 여론전'도 격화",World,이란 걸프 타격 확대 디지털 여론 격화
美 해군·해병대 3500명 중동 집결…협상 결렬 시 지상군 투입?,World,해군 해병대 중동 집결 협상 결렬 지상군 투입
"이란, ‘미국의 전략자산’ 조기경보기 공습으로 파괴…‘이란 미사일 궤멸’ 발표 하루 만에",World,이란 미국 전략 자산 조기경보기 공습 파괴 이란 미사일 궤멸 발표 하루
'미국에 왕은 없다'... 이란전쟁·고물가에 역대 최대 규모 시위,World,미국 이란 전쟁 물가 역대 최대 규모 시위
미·이란 대면협상 불발?…한달 '중동전쟁' 분수령,World,밉다 이란 대면 협상 불발 중동전쟁 분수령
"[영상] 美 전투기 충격적인 굴욕…슈퍼호넷, 이란 미사일 못 피하고 ‘쾅’ [핫이슈]",World,영상 전투기 충격 굴욕 슈퍼호넷 이란 미사일 피하 핫이슈
후티도 공식 '참전'…호르무즈 이어 홍해 '초긴장',World,후티 공식 참전 호르무즈 홍해 긴장
"[자막뉴스] ""특수부대와 일반병 혼합""...파괴 시나리오 준비하는 미군",World,자막 뉴스 특수부대 일반 혼합 파괴 시나리오 준비 미군
"후티 참전에 긴장악화…美, 난타전 속 지상전·협상 저울질 지속",World,후티 참전 긴장 악화 난타 지상전 협상 지속
"밴스 미 부통령 ""미군 곧 철수""…병력 3,500명 중동배치",World,밴스 밉다 부통령 미군 철수 병력 중동 배치
"이란 전쟁 발 유가 쇼크 와중에…우크라, 러 정유시설 맹공격하는 이유 [핫이슈]",World,이란 전쟁 유가 쇼크 와중 크다 정유 시설 맹공격 이유 핫이슈
"'전면전 불사' 대비하는 이란...""12세 아동도 징집"" [이슈톺]",World,면전 불사 대비 이란 아동 징집 이슈 톺다
"후티, 이스라엘 본토 타격 '다음은 홍해 봉쇄?'",World,후티 이스라엘 본토 타격 홍해 봉쇄
이란 침공 목적마저 상실…트럼프의 자승자박,World,이란 침공 목적 상실 트럼프 자승
"미, 이란 지상전 준비...미 전역 900만 명 '노 킹스' 시위",World,밉다 이란 지상전 준비 밉다 전역 킹스 시위
"""미군, 몇 주간 지상전 준비""…이란은 '보복 예고'",World,미군 주간 지상전 준비 이란 보복 예고
"“유가, 이란전쟁 끝나도 높을 것…아직 전쟁 여파 덜 반영”",World,유가 이란 전쟁 끝나다 높다 전쟁 여파 반영
"트럼프 혼자 이랬다 저랬다...""총 먼저 쏘고 과녁 찾아"" 비판도 [이슈톺]",World,트럼프 이렇다 저렇다 먼저 쏘다 과녁 찾다 비판 이슈 톺다
"러시아, 대일 경고… 전쟁 불길 극동으로 향하나",World,러시아 대일 경고 전쟁 불길 극동
"'최정예' 탄창 채우고 기습...""이란전, 새 단계 진입 가능성"" 위기 엄습 [지금이뉴스]",World,정예 탄창 채우다 기습 이란 단계 진입 가능성 위기 엄습 뉴스
“기름값? 전쟁 끝나도 안내려” 글로벌 석유기업 CEO들 입모아,World,기름값 전쟁 끝나다 내다 글로벌 석유 기업 들다 모으다
"[자막뉴스] ""美 역사상 최대 규모 기록할 듯""...수백만 집결 '분노 폭발'",World,자막 뉴스 역사상 최대 규모 기록 수백만 집결 분노 폭발
내일 중재 4국 회담‥美 병력 3천5백 명 추가배치,World,내일 중재 회담 병력 추가 배치
"글로벌 석유기업 CEO들 ""유가, 이란전쟁 끝나도 높을 것""",World,글로벌 석유 기업 들다 유가 이란 전쟁 끝나다 높다
호르무즈 쇼크에 채권도 피난처 아니다…美 국채 급락,World,호르무즈 쇼크 채권 피난처 국채 급락
"세 번째 ‘노 킹스’ 시위, 또 최대 규모 경신···“ICE에 이란 전쟁까지, 분노 갈수록 더해”[현장]",World,킹스 시위 최대 규모 경신 이란 전쟁 분노 갈수록 더하다 현장
美 무기고 거덜 날 판…대이란 공격에 토마호크 미사일 850발 쐈다 [핫이슈],World,무기고 거덜 이란 공격 토마호크 미사일 쏘다 핫이슈
"""미 국방부, 이란내 지상 작전 준비""...트럼프 승인 불투명",World,밉다 국방부 이란 지상 작전 준비 트럼프 승인 불투명
"트럼프, 이란에 정말 지상군 보내나? ""미 전쟁부, 몇 주 간에 걸친 지상작전 준비""",World,트럼프 이란 지상군 보내다 밉다 전쟁 걸치다 지상 작전 준비
"이란, 전쟁 얼마나 버틸까?…“지금 추세면 수주간 가능”",World,이란 전쟁 버티다 추세 주간 가능
“휴전 않으면 이란경제 한달내 완전붕괴” 대통령-혁명수비대長 충돌설…확전·민생 우려,World,휴전 이란 경제 붕괴 대통령 혁명 수비대 충돌 확전 민생 우려
"""美, 몇주간 이어질 지상작전 계획 준비…결단은 아직""[영상]",World,주간 이어지다 지상 작전 계획 준비 결단 영상
"미군 3,500명 중동 배치 완료…미 안팎서 '노킹스' 시위",World,미군 중동 배치 완료 밉다 안팎 킹스 시위
"한국엔 없는데…전 세계 핵무기 1만기 돌파 ""히로시마 원폭 13만개 위력""",World,한국 세계 핵무기 만기 돌파 히로시마 원폭 위력
"트럼프, 이란 지상전 결단하나…""美국방부, 작전 준비 중""",World,트럼프 이란 지상전 결단 국방부 작전 준비
"아누틴 태국 총리 ""유조선 호르무즈 해협 통과 이란과 합의""",World,아누 태국 총리 유조선 호르무즈 해협 통과 이란 합의
"“이코노미 줄고, 비즈니스는 커지고”…항공사 ‘부자석’ 늘리는 진짜 이유[나우,어스]",World,노미 비즈니스 커지다 항공사 부자 늘리다 진짜 이유 나우 어스
백악관 브로맨스 이상무?…트럼프-모디 통화 참여한 ‘민간인 머스크’,World,백악관 브로맨스 이상무 트럼프 모디 통화 참여 민간인 머스크
'저항의 축' 후티 참전 새 변수... '수에즈 통로' 홍해도 막히나,World,저항 후티 참전 변수 수에즈 통로 홍해 막히다
"이란, 미사일 언제까지 쏠까…""지금 추세라면 몇주 버티기 지속""",World,이란 미사일 쏘다 추다 버티다 지속
"미국 지상작전 시작하나… WP, ""미 국방부, 이란서 준비 중""",World,미국 지상 작전 시작 밉다 국방부 이란 준비
"""광대야, 왕관 내려놓아라""…800만이 외친 '반트럼프'",World,광대 왕관 내려놓다 외치다 트럼프
'상륙작전' 해병대 중동 도착·후티 반군 참전…짙어진 확전 그림자,World,상륙작전 해병대 중동 도착 후티 반군 참전 짙어지다 확전 그림자
"[포착] 美 지상군 벌써 중동 도착했는데…부통령 “이란서 곧 철수”, 진실은?",World,포착 지상군 벌써 중동 도착 부통령 이란 철수 진실
"""美국방부, 이란내 몇주 지상작전 준비…트럼프 아직 결단안해""(종합)",World,국방부 이란 지상 작전 준비 트럼프 결단 안해 종합
"미, 이란 지상전 준비...미 전역 900만 명 '노 킹스' 시위",World,밉다 이란 지상전 준비 밉다 전역 킹스 시위
"美국방부, 이란 수주간 지상작전 검토…중동에 미군 7천명 집결",World,국방부 이란 주간 지상 작전 검토 중동 미군 천명 집결
"WP ""미 국방부, 해병대 등 7000여명 투입해 이란 지상 작전 준비 중""",World,밉다 국방부 해병대 여명 투입 이란 지상 작전 준비
"""美국방부, 수 주간에 걸친 지상전 준비…최장 2개월 소요""",World,국방부 주간 걸치다 지상전 준비 개월 소요
"美 국방, 이란 내 '수주간' 지상작전 검토…""트럼프 승인 여부 촉각""",World,국방 이란 주간 지상 작전 검토 트럼프 승인 촉각
"[속보] “美국방부, 몇주간 이란 내 지상작전 준비중”< WP>",World,속보 국방부 주간 이란 지상 작전 준비
"""미, 수주짜리 이란 지상전 준비…수개월 걸릴 수도"" WP",World,밉다 수주 짜다 이란 지상전 준비 개월 걸리다 수도
"WP ""美국방부 이란 지상전 준비…트럼프 승인 여부는 불투명""",World,국방부 이란 지상전 준비 트럼프 승인 불투명
"""무기 공급국으로 변한 우크라""⋯중동 전쟁 휘말리나",World,무기 공급 변하다 크다 중동 전쟁 말리
"지상전 초읽기? 미 특수부대 속속 중동 도착...WP ""미 국방부, 이란 지상 작전 준비 중""",World,지상전 초읽기 밉다 특수부대 중동 도착 밉다 국방부 이란 지상 작전 준비
"美, 전면전 아닌 기습타격… “몇주간의 지상작전 준비중”",World,면전 기습 타격 주간 지상 작전 준비
"""위치 끄고 몰래 달린다""…호르무즈 점령한 '유령선' 정체",World,위치 끄다 몰래 달린다 호르무즈 점령 유령선 정체
"북한, 다탄두 ICBM 개발 본격화…미 본토 공격 능력 과시",World,북한 탄두 개발 본격 밉다 본토 공격 능력 과시
"아누틴 태국 총리 ""유조선 호르무즈 해협 통과 이란과 합의""",World,아누 태국 총리 유조선 호르무즈 해협 통과 이란 합의
"동맹엔 청구서, 지지율은 37% 추락...트럼프의 '자충수' [이슈톺]",World,동맹 청구 지지율 추락 트럼프 자충수 이슈 톺다
이번주 세계 미리보기…美 지상군 투입 고심·아르테미스 2호 발사 등[월드콕!],World,세계 미리보기 지상군 투입 고심 아르테미스 발사 월드
"""美국방부, 이란 내 몇주간 지상작전 준비중""< WP>",World,국방부 이란 주간 지상 작전 준비
"기습 노리는 미국의 연막?...'철수' 얘기하더니 ""지상전 준비 중"" [이슈톺]",World,기습 노리다 미국 연막 철수 얘기 지상전 준비 이슈 톺다
"미 ""병력 3,500명 중동 배치""…美전역서 '노킹스' 시위",World,밉다 병력 중동 배치 전역 킹스 시위
트럼프 다음 주자는? 루비오 국무장관 3%→35% 급상승,World,트럼프 주자 루비 국무장관 급상승
세월호 구조 도왔던 해병대까지…美 최정예 3500명 중동 급파 [황정수의 글로벌 체크인],World,세월호 구조 오다 해병대 정예 중동 급파 황정수 글로벌 체크
"“美국방부, 이란 내 지상작전 준비중…육군·해병 중동 집결”",World,국방부 이란 지상 작전 준비 육군 해병 중동 집결
"""치지직, 조만간 공개될 것"" 의문의 영상 올린 백악관, 알고보니",World,조만간 공개 의문 영상 올리다 백악관
"“미국 국방부, 몇주간 이란내 지상작전 준비중”",World,미국 국방부 주간 이란 지상 작전 준비
"美특수부대 기습작전 가능성…“국방부, 몇주간 이란 내 지상작전 준비중”",World,특수부대 기습 작전 가능성 국방부 주간 이란 지상 작전 준비
"“美, 특수부대+보병 기습 공격 준비 중...수 주 예상”",World,특수부대 보병 기습 공격 준비 예상
호르무즈 이어 홍해도 후티 위협...사우디 참전 우려↑,World,호르무즈 홍해 후티 위협 사우디 참전 우려
"""왕은 없다""(NO KINGS) 반트럼프 주말 시위, 미국 넘어 유럽 각지서도 폭발 (종합)",World,트럼프 주말 시위 미국 넘다 유럽 서도 폭발 종합
후티발 중동위기 악화…홍해 막히면 사우디 참전할 수도,World,후티발 중동 위기 악화 홍해 막히다 사우디 참전 수도
"이란, 파키스탄 선박 20척 호르무즈해협 통과 허용",World,이란 파키스탄 선박 호르무즈 해협 통과 허용
[뉴스특보] 美 해군·해병대 중동 배치…대이란 압박 강화,World,뉴스특보 해군 해병대 중동 배치 이란 압박 강화
미군 수천명 중동 투입…섬 점령·핵물질 탈취 시나리오,World,미군 천명 중동 투입 점령 핵물질 탈취 시나리오
"우크라, 걸프 국들에 방공기술 전하다 이란 표적됐다",World,크다 걸프 방공 기술 전하 이란 표적 돼다
후티발 중동위기 악화…홍해 막히면 사우디 참전할 수도,World,후티발 중동 위기 악화 홍해 막히다 사우디 참전 수도
"미·중 정상회담 연기, 중국은 ‘오히려 좋아?’ [특파원 토크, 특톡]",World,밉다 정상회담 연기 중국 좋다 특파원 토크 특톡
"“어쩔 수 없이 보복할 수 밖에”…한국에 경고 날린 러시아, 왜?",World,보복 한국 경고 날리다 러시아
중동전쟁 휘말린 우크라이나…‘방공기술 이전’ 이란의 ‘표적’,World,중동전쟁 말리다 우크라이나 방공 기술 이전 이란 표적
"주식 3배 더 주고 로켓 발사 직관까지... 머스크, 상장도 ‘팬 서비스’",World,주식 주다 로켓 발사 직관 머스크 상장도 서비스
"[자막뉴스] 후퇴했던 미군, 전력 교체...'전면전 불사' 이란 항전 조짐",World,자막 뉴스 후퇴 미군 전력 교체 면전 불사 이란 항전 조짐
"공화당 차기 주자 트럼프 뜻대로… 밴스 1위, 루비오 2위",World,공화당 차기 주자 트럼프 밴스 루비
[자막뉴스] 중동전쟁 휘말리기 시작...방공 기술 전하던 우크라 '직격탄',World,자막 뉴스 중동전쟁 말리다 시작 방공 기술 크다 직격탄
이란 전쟁에 '마가'도 세대 분열…트럼프 중간선거 부담 가중,World,이란 전쟁 마가 세대 분열 트럼프 중간 선거 부담 가중
"이란, 사우디 美기지·쿠웨이트 공항 타격…미군 12명 부상",World,이란 사우디 기지 쿠웨이트 공항 타격 미군 부상
친이란 '후티 반군' 이스라엘에 미사일 쏘며 참전…호르무즈 이어 홍해 봉쇄 긴장,World,후티 반군 이스라엘 미사일 쏘다 참전 호르무즈 홍해 봉쇄 긴장
"이란 ""트럼프, 당신 해고야""…불붙은 '디지털 선전전'",World,이란 트럼프 해고 붙다 디지털 선전
"젤렌스키에 경고? 이란 ""중동 파견한 우크라 드론 전문가 21명 사망""",World,렌스 경고 이란 중동 파견 크다 드론 전문가 사망
"""왕은 필요 없다"" 미국과 전 세계에 '노 킹스' 시위…""미국서만 900만명 추산""",World,필요 미국 세계 킹스 시위 미국 추산
‘보스턴다이내믹스 대항마’ 中 유니트리 증시 상장 [김규환의 핸디 차이나],World,보스턴 다이내믹스 대항 유니 트리 증시 상장 김규환 핸디 차이나
중동전쟁 휘말린 우크라…걸프에 방공기술 전하다 이란 표적됐다,World,중동전쟁 말리다 크다 걸프 방공 기술 전하 이란 표적 돼다
[중동전쟁] 美 해병대 2500명 중동 도착…지상전 대비 속 대이란 압박 강화,World,중동전쟁 해병대 중동 도착 지상전 대비 이란 압박 강화
"[자막뉴스] ""목표 대부분 이뤘다""...미군 철수 언급한 밴스 부통령",World,자막 뉴스 목표 대부분 이루다 미군 철수 언급 밴스 부통령
"예멘 반군, 공식 참전 선언…호르무즈 이어 홍해도 봉쇄 위협",World,예멘 반군 공식 참전 선언 호르무즈 홍해 봉쇄 위협
"케네디가 겪은 트럼프… “예상치 못한 공감 능력, 백과사전 같은 지식”",World,케네디 겪다 트럼프 상치 공감 능력 백과사전 지식
美 해병대 3500명 중동 도착…지상전 대비 속 대이란 압박 강화,World,해병대 중동 도착 지상전 대비 이란 압박 강화
"미 부통령 ""미, 이란서 곧 철수할 것""...미국 안팎서 '노 킹스' 시위",World,밉다 부통령 밉다 이란 철수 미국 안팎 킹스 시위
"[르포] 벚꽃 만발 워싱턴DC 한복판의 분노…""트럼프를 끌어내라""",World,르포 벚꽃 만발 워싱턴 복판 분노 트럼프 끌다
"젤렌스키, 중동 10년 방위 협력 잰걸음...이란 ""드론 방어시설 파괴""",World,렌스 중동 방위 협력 재다 걸음 이란 드론 방어 시설 파괴
"미, 병력 3천500명 추가 배치‥내일 중재국 회담",World,밉다 병력 추가 배치 내일 중재 회담
'저항의 축' 후티 참전 새 변수... '수에즈 통로' 홍해도 막히나,World,저항 후티 참전 변수 수에즈 통로 홍해 막히다
"미, 병력 3천500명 추가 배치...미국 안팎서 '노 킹스' 시위",World,밉다 병력 추가 배치 미국 안팎 킹스 시위
트럼프 다음은? 무섭게 올라온 루비오… 1년 만에 지지율 3→35% 수직 상승,World,트럼프 무섭다 올라오다 루비 지지율 수직 상승
“미국에 왕 없다”…‘반트럼프’ 세번째 대규모 시위,World,미국 트럼프 세번 대규모 시위
‘유럽 최후 독재자’의 평양 나들이 [김태훈의 의미 또는 재미],World,유럽 최후 독재자 평양 나들이 김태훈 의미 재미
"""또 중동 수렁 안돼""…전쟁 한 달, 미국 의회도 '지상군 투입 반대'",World,중동 수렁 돼다 전쟁 미국 의회 지상군 투입 반대
"착륙 중 미 항공기 앞에 블랙호크 헬기가 슥…""또 대형 사고 날 뻔""",World,착륙 밉다 항공기 블랙호크 헬기 대형 사고
“미사일 발사기 탑재”…총·유탄 쏘며 시속 15km로 전장 누빈 '中 로봇늑대',World,미사일 사기 탑재 유탄 쏘다 시속 전장 누빈 로봇 늑대
전쟁이 키웠다…상장 직후 1000% 뛴 '드론계 엔비디아' 정체,World,전쟁 키우다 상장 직후 뛰다 드론 엔비디아 정체
"[트럼프관세 1년] 美, 대법원 제동 뚫고 전략 재정비…끝 안보인다",World,트럼프 관세 대법원 제동 뚫다 전략 재정 안보
"호르무즈 파병 막은 日 평화헌법… ""향후 개헌 시도 쉽지 않을 것""",World,호르무즈 파병 막다 평화헌법 향후 개헌 시도 쉬다
"""미국에 왕은 없다""…미 안팎서 反트럼프 세번째 대규모 시위",World,미국 밉다 안팎 트럼프 세번 대규모 시위
"미, 병력 3천500명 추가 배치...미 전역 '노킹스' 시위",World,밉다 병력 추가 배치 밉다 전역 킹스 시위
전운 고조되는 중동...美 해병 2500명 작전 지역 도착,World,전운 고조 중동 해병 작전 지역 도착
美 해군·해병대 3500명 중동에 추가…트리폴리 상륙함 도착,World,해군 해병대 중동 추가 트리폴리 상륙함 도착
"이란, 사우디 美기지·쿠웨이트 공항 연쇄 공격(종합)",World,이란 사우디 기지 쿠웨이트 공항 연쇄 공격 종합
MAGA가 열광하는 이 남자… 트럼프도 고민하게 만든다,World,가다 열광하다 남자 트럼프 고민 만들다
후티도 이란전 참전…‘호르무즈 넘어 홍해’ 리스크 확산,World,후티 이란 참전 호르무즈 넘다 홍해 리스크 확산
"“자유 이란, 환상 아니다” 마지막 왕세자 연설에 눈물바다",World,자유 이란 환상 마지막 왕세자 연설 눈물 바다
"美 트리폴리함 중동 도착…""미군 3500명 추가 배치""",World,트리폴리 중동 도착 미군 추가 배치
"공짜라 관광객들 몰려갔는데…갑자기 “돈 받겠다”는 영국 박물관, 왜?",World,공짜 관광객 몰리다 가다 받다 늘다 영국 박물관
"이란戰에 세대별로 갈라진 '마가'…트럼프, 중간선거 부담커진다",World,이란 세대 별로 갈라지다 마가 트럼프 중간 선거 부담 커지다
"'저항의 축' 후티 공식 참전, 홍해도 막히나…""재앙적 결과""",World,저항 후티 공식 참전 홍해 막히다 재앙 결과
"걸프국 온 젤렌스키 보란듯…이란, UAE 내 우크라 드론시설 공격(종합)",World,걸프 렌스 이란 크다 드론 시설 공격 종합
"""절대 안돼"" 마가 저항에…텃밭 상원의원 후보 못정하는 트럼프",World,절대 돼다 마가 저항 텃밭 상원의원 후보 못정 트럼프
미군 기지에 미사일·드론 쏟아졌다…이란 공습 현실화,World,미군 기지 미사일 드론 쏟아지다 이란 공습 현실
"이스라엘, 핵 시설 공습...국제 유가는 3년 8개월 만에 최고",World,이스라엘 시설 공습 국제 유가 개월 최고
"이스라엘 방공망 괜찮나?...""이란 미사일에 뚫려""",World,이스라엘 방공 괜찮다 이란 미사일 뚫리다
호르무즈 이어 홍해까지 막히나…후티 참전에 '이중 봉쇄' 공포,World,호르무즈 홍해 막히다 후티 참전 이중 봉쇄 공포
"로버트 기요사키 ""다가올 시장붕괴가 오히려 부를 축적할 기회 될 것""",World,로버트 기요 사키 다가오다 시장 붕괴 부르다 축적 기회
"젤렌스키, 걸프국 방문…이란 ""UAE내 우크라 드론방어시설 공습""",World,렌스 걸프 방문 이란 크다 드론 방어 시설 공습
예멘 반군도 참전…호르무즈 이어 홍해도 '위기',World,예멘 반군 참전 호르무즈 홍해 위기
"젤렌스키, 걸프국 방문…이란 ""UAE내 우크라 드론방어시설 공습""(종합2보)",World,렌스 걸프 방문 이란 크다 드론 방어 시설 공습 종합
"미, 포드호 화재에 부시호 투입…중동 항모전력 교체",World,밉다 포드 화재 시호 투입 중동 항모 전력 교체
"전쟁 한 달, 세계경제 휘청...대면 회담이 분수령",World,전쟁 세계 경제 대면 회담 분수령
"이스라엘 ""예멘발 미사일 날아와""...'저항의 축' 대응 강화",World,이스라엘 예멘 미사일 날아오다 저항 대응 강화
"예멘 반군, 공식 참전 선언…호르무즈 이어 홍해도 막히나",World,예멘 반군 공식 참전 선언 호르무즈 홍해 막히다
"이스라엘 방공망 괜찮나?...""이란 미사일에 뚫려""",World,이스라엘 방공 괜찮다 이란 미사일 뚫리다
1만7천 미군 투입 대기...부시 항모전단도 배치,World,미군 투입 대기 부시 항모 전단 배치
UAE 경제특구·쿠웨이트 공항 피격...후티 반군 참전,World,경제특구 쿠웨이트 공항 피격 후티 반군 참전
"美 언론 ""트럼프, 호르무즈해협 '트럼프 해협'으로 개명 검토 중""",World,언론 트럼프 호르무즈 해협 트럼프 해협 개명 검토
백악관판 '피가 모자라?' SNS 영상 역재생하니...들리는 소리,World,백악관 모자라 영상 재생 하니 들리다 소리
"예멘 반군, 공식 참전 선언…호르무즈 이어 홍해도 막히나(종합2보)",World,예멘 반군 공식 참전 선언 호르무즈 홍해 막히다 종합
"이란, 국제법 위반 논란에도 '통행료 부과법' 제정 강행…미국 ""세계에 위험"" 저지 방침",World,이란 국제 위반 논란 통행료 부과 제정 강행 미국 세계 위험 저지 방침
"이라크전 15만인데…미군 1만7천명 투입대기, 전면 침공 '역부족'",World,이라크전 미군 천명 투입 대기 전면 침공 부족
"이란, 젤렌스키 방문 맞춰 UAE 내 우크라 드론방어 시설 공습",World,이란 렌스 방문 맞추다 크다 드론 방어 시설 공습
"이란, 젤렌스키 방문 맞춰 UAE내 우크라 드론 방어 시설 공습",World,이란 렌스 방문 맞추다 크다 드론 방어 시설 공습
"이란 ""오만 인근 美보급선·UAE 우크라 對드론 시스템 창고 공격""",World,이란 오만 인근 보급선 크다 드론 시스템 창고 공격
"다음은 쿠바?…트럼프, 또 무력행사 가능성 언급",World,쿠바 트럼프 무력 행사 가능성 언급
오만 또 드론 피격·후티 반군 참전…이시각 중동,World,오만 드론 피격 후티 반군 참전 중동
"전쟁 한 달, 세계경제 휘청...대면 회담이 분수령",World,전쟁 세계 경제 대면 회담 분수령
[속보]美 ‘호르무즈 해협’→‘트럼프 해협’ 명칭 변경 검토,World,속보 호르무즈 해협 트럼프 해협 명칭 변경 검토
"이스라엘, 이란 핵시설 집중 폭격…이란 “혹독한 대가”",World,이스라엘 이란 시설 집중 폭격 이란 혹독하다 대가
"호르무즈 통행료 내야하나⋯이란 매체 ""연수입 150조원 예상""",World,호르무즈 통행료 내야 이란 매체 수입 조원 예상
"[이동전환①] ""기차도 버스도 트램도 다 공짜라고?"" 파격적인 룩셈부르크의 교통 혁명",World,이동 전환 기차 버스 트램 공짜 파격 룩셈부르크 교통 혁명
"전쟁마다 지지율 급등했는데…""트럼프는 제자리"" 왜? [사실은]",World,전쟁 지지율 급등 트럼프 제자리
"이란, 젤렌스키 방문 맞춰 UAE내 우크라 드론방어 시설 공습(종합)",World,이란 렌스 방문 맞추다 크다 드론 방어 시설 공습 종합
"중재국 먼저 회동…걸프국, '이란 억제' 요구",World,중재 먼저 걸프 이란 억제 요구
중동전쟁이 촉발한 고유가에 뒤바뀐 車산업 지형…중국이 최종 승자라는 이유는? [박민기의 월드버스],World,중동전쟁 촉발 유가 바뀌다 산업 지형 중국 최종 승자 이유 박민기 월드 버스
"""호르무즈 통행료 연간 150조 원""…""국제법 위반"" 펄쩍",World,호르무즈 통행료 연간 국제 위반
"협상 선회 이유는 '무기 부족'?…""한 달 치 남은 듯"" 전망도",World,협상 선회 이유 무기 부족 남다 전망
"""지상군 없이 목표 달성 가능""…잇단 '협상 강조' 메시지들",World,지상군 목표 달성 가능 잇다 협상 강조 메시지
"""이번 주 미·이란 첫 대면 회담""‥이 와중에 재 뿌리는 이스라엘",World,밉다 이란 대면 회담 와중 뿌리다 이스라엘
"""트럼프, 호르무즈 봉쇄 푼 뒤 '트럼프 해협'으로 개명 검토""",World,트럼프 호르무즈 봉쇄 트럼프 해협 개명 검토
"눈 벌겋게 '머그샷' 웬 망신?…'약물운전' 의심 사고, 보석금 석방된 골프황제",World,벌겋다 머그 망신 약물 운전 의심 사고 보석 석방 골프 황제
"이란, 사우디 주둔 미국 공군기지 공습 10여명 부상",World,이란 사우디 주둔 미국 공군기지 공습 여명 부상
1만7천 미군 투입 대기...부시 항모전단도 배치,World,미군 투입 대기 부시 항모 전단 배치
[뉴스추적] 미국-이란 전쟁 한 달…이번 주말 최대 고비,World,뉴스 추적 미국 이란 전쟁 주말 최대 고비
"후티, 이스라엘에 첫 미사일 공격...""적의 공격 멈출 때까지""",World,후티 이스라엘 미사일 공격 적의 공격 멈추다
[뉴스특보] 협상이냐 지상전이냐…중동전쟁 이번 주말 최대 고비,World,뉴스특보 협상 지상전 중동전쟁 주말 최대 고비
"아부다비 경제특구, 쿠웨이트 공항에 이란 공습(종합)",World,아부다비 경제특구 쿠웨이트 공항 이란 공습 종합
이란 “오만 앞바다 미 군함 공습”…전쟁 후 ‘최장 거리’ 타격 주장,World,이란 오만 앞바다 밉다 군함 공습 전쟁 거리 타격 주장
美 지상군 1.7만명 이란 투입 대기… “특수작전 또는 협상압박”,World,지상군 이란 투입 대기 특수작전 협상 압박
"""서구를 석기시대로"" 협박까지…'중동 전쟁' 대형 악재 터졌다 [황정수의 글로벌 체크인]",World,서구 석기시대 협박 중동 전쟁 대형 악재 터지다 황정수 글로벌 체크
'중동 파장' 한반도로…뒷전으로 밀린 외교·안보 합의,World,중동 파장 한반도 뒷전 밀리다 외교 안보 합의
"이란, ""오만서 '상당한 거리' 미군 지원함 공격"" 주장",World,이란 오만 상당하다 거리 미군 원함 공격 주장
이란 공격에 미군 12명 부상…사우디 美공군기지 타격,World,이란 공격 미군 부상 사우디 공군기지 타격
"이란 ""트럼프, 당신 해고야""…전장 밖엔 '디지털 선전전' 격화",World,이란 트럼프 해고 전장 디지털 선전 격화
"이스라엘, 이란 핵시설 연쇄 타격…우방 '중국 배' 해협 통과 막아",World,이스라엘 이란 시설 연쇄 타격 우방 중국 해협 통과 막다
"트럼프 ""이란 다음은 쿠바""…나토엔 '패싱' 위협도",World,트럼프 이란 쿠바 나토 패싱 위협
"농담 아니었나…""호르무즈→트럼프 해협 개명 검토""",World,농담 호르무즈 트럼프 해협 개명 검토
4월 종전 관측에 떠오르는 ‘美·이란 부분협상’ 가능성[美·이란 전쟁 한달],World,종전 관측 떠오르다 이란 부분 협상 가능성 이란 전쟁
"한 달 맞은 중동 전쟁…""대화냐, 전쟁이냐"" 운명의 일주일",World,맞다 중동 전쟁 대화 전쟁 운명 일주일
불타는 ‘유령선’ 표류…中 유조선도 막혔다,World,불타다 유령선 표류 유조선 막히다
"[아는기자]“탄약값만 39조 원”…美 무기 비용, 벌써 천문학적?",World,알다 기자 탄약 무기 비용 벌써 천문학
"호르무즈 해협, 트럼프 해협으로 개명 추진되나 [美-이란 전쟁]",World,호르무즈 해협 트럼프 해협 개명 추진 이란 전쟁
"이란, 미군 공중 급유기 부대에 미사일 폭격",World,이란 미군 공중 유기 부대 미사일 폭격
"이란, 사우디 미 공군 기지 미사일·드론 공습…미군 12명 부상",World,이란 사우디 밉다 공군 기지 미사일 드론 공습 미군 부상
"이스라엘, 이란 플루토늄 생산시설에 미사일 공격",World,이스라엘 이란 플루토늄 생산 시설 미사일 공격
미군 1.7만명 이란 지상전 ‘투입 대기’…美 노림수는?,World,미군 이란 지상전 투입 대기 노리다
[뉴스특보] 미·이란 대면회담 곧 성사되나…군사 압박도 병행,World,뉴스특보 밉다 이란 대면 회담 성사 군사 압박 병행
"이란, 사우디 美공군기지 타격…""12명 부상, 급유기 파손""",World,이란 사우디 공군기지 타격 부상 유기 파손
"""중동에 미군 1만7000명 추가…전면전 대신 특수작전 투입될 듯""",World,중동 미군 추가 면전 대신 특수작전 투입
"""트럼프, 호르무즈 봉쇄해제 뒤 '트럼프 해협' 개명 검토""",World,트럼프 호르무즈 봉쇄 해제 트럼프 해협 개명 검토
[자막뉴스] 이란 공격에 미군기지 '직격탄'...1.7만 병력 투입 대기,World,자막 뉴스 이란 공격 미군기지 직격탄 병력 투입 대기
"""대폭락 시작 신호?"" 돈나무 언니 또 매도 폭탄…엔비디아·메타 수십억어치 팔았다",World,폭락 시작 신호 돈나무 언니 매도 폭탄 엔비디아 메타 어치 파다
전쟁 한 달째 '맞불 공방'...미군 만7천 명 투입 대기,World,전쟁 맞다 미군 투입 대기
"호르무즈 통과시 통행료 내야 하나…이란, ‘톨게이트’ 도입 강행 [美-이란 전쟁]",World,호르무즈 통과 통행료 내야 이란 톨게이트 도입 강행 이란 전쟁
후티도 결국 이란전 참전…홍해 길목도 막히나,World,후티 이란 참전 홍해 길목 막히다
"미군, 중동에 1만 명 증파 검토…이란 전쟁 중대 변곡점되나?",World,미군 중동 증파 검토 이란 전쟁 중대 변곡점
홍해는 후티·호르무즈는 이란…중동 항로 다 막히나,World,홍해 후티 호르무즈 이란 중동 항로 막히다
"호르무즈 해협, 이란 '톨게이트' 되나...실행 여부 '관심'",World,호르무즈 해협 이란 톨게이트 실행 관심
"일본은 없다 ‘PANDA’ [S스토리-日, 54년 만에 ‘제로 판다’… 속앓이 하는 열도]",World,일본 스토리 제로 판다 앓이 열도
"7세기때 日에 두 마리 선물… 中 ‘판다 외교’의 시초 [S스토리-日, 54년 만에 ‘제로 판다’… 속앓이 하는 열도]",World,세기 마리 선물 판다 외교 시초 스토리 제로 판다 앓이 열도
복제약 공장서 신약 허브로… 美 넘보는 中 ‘바이오 굴기’ [세계는 지금],World,제약 공장 신약 허브 넘다 바이오 굳다 세계
미군 1.7만명 투입 대기…이란 압박용 카드?,World,미군 투입 대기 이란 압박 카드
"호르무즈 이어 '물류동맥' 막힐라…후티 반군, 이란전쟁 참전",World,호르무즈 물류 동맥 막히다 후티 반군 이란 전쟁 참전
"""30억 내면 통과""…이란 '호르무즈 톨게이트' 150조 '돈방석'",World,내면 통과 이란 호르무즈 톨게이트 방석
"이란, 호르무즈에 '톨게이트'…연간 150조원 수입 전망",World,이란 호르무즈 톨게이트 연간 조원 수입 전망
"“한국 쇼핑 천국, 싼맛?”…중국인들 캐리어 끌고와 아웃렛 가서 싹쓸이",World,한국 쇼핑 천국 싸다 중국 캐리어 끄다 아웃렛 가다 쓸다
"'큰 선물' 받았다더니...이란, 중국 선박도 차단 [앵커리포트]",World,크다 선물 받다 이란 중국 선박 차단 앵커 리포트
"[뉴스특보] 트럼프 “이란과 협상중"" 자신감…다음은 쿠바 지목",World,뉴스특보 트럼프 이란 협상 자신감 쿠바 지목
"이란 미사일에 뚫리는 이스라엘 방공망…""요격탄 재고 압박"" 분석",World,이란 미사일 뚫리다 이스라엘 방공 요격 재고 압박 분석
"이란, 호르무즈에 '톨게이트'…미국 ""세계에 위험"" 저지 방침",World,이란 호르무즈 톨게이트 미국 세계 위험 저지 방침
이스라엘에 첫 예멘발 미사일...이란 부셰르 원전 피격,World,이스라엘 예멘 미사일 이란 부셰르 원전 피격
"후티 반군, 이스라엘에 미사일 쏘며 참전…홍해 위협 고조",World,후티 반군 이스라엘 미사일 쏘다 참전 홍해 위협 고조
“해킹된 줄 알았는데”…백악관 ‘의문의 영상’ 정체 알고보니,World,해킹 알다 백악관 의문 영상 정체
"""이란 하늘서 지뢰가 비처럼 내려""…'20년만' 美 실전 사용 의혹에도 '침묵'",World,이란 하늘 지뢰 비처럼 내다 실전 사용 의혹 침묵
"美 지상병력 1만7000명, 이란 들어갈까? 압박 수위 높아져",World,지상 병력 이란 들어가다 압박 수위 높아지다
"후티, 이스라엘에 미사일 쏘며 참전…홍해 위협도 고조(종합)",World,후티 이스라엘 미사일 쏘다 참전 홍해 위협 고조 종합
미군 1만7천명 대기…협상 압박용? 특수작전 투입?,World,미군 천명 대기 협상 압박 특수작전 투입
WSJ “미 국방부 중동에 지상군 1만명 추가 파병 검토”,World,밉다 국방부 중동 지상군 추가 파병 검토
"후티 반군, 이란전 첫 참전?…이스라엘 ""예멘서 미사일 날아와""",World,후티 반군 이란 참전 이스라엘 예멘 미사일 날아오다
현실이 된 헬륨·플라스틱 부족…러시아 원유로 몰리는 아시아[美·이란 전쟁 한달],World,현실 헬륨 플라스틱 부족 러시아 원유 몰리다 아시아 이란 전쟁
"미, 지상군 1.7만명 투입대기…이란 내 특수작전·협상압박",World,밉다 지상군 투입 대기 이란 특수작전 협상 압박
"미군 1.7만 ‘투입 대기’… 트럼프, 이란 더 세게 몰아친다",World,미군 투입 대기 트럼프 이란 세다 몰아치다
미군 1만7천명 중동 추가 파병 검토…이란 전쟁 중대 변곡점?,World,미군 천명 중동 추가 파병 검토 이란 전쟁 중대 변곡점
"위태로운 재고에 아껴썼더니...""이란 미사일에 뚫리는 이스라엘"" [지금이뉴스]",World,위태 재고 아끼다 써다 이란 미사일 뚫리다 이스라엘 뉴스
"대놓고 장삿속?…""호르무즈 통행료 부과시 150조 수입""",World,장삿속 호르무즈 통행료 부과 수입
"미군 1만7천명 투입대기…""이란 내 특수작전 또는 협상압박""",World,미군 천명 투입 대기 이란 특수작전 협상 압박
"[뉴스특보] 미·이란 대면협상 초읽기…""몇주 내 마무리""",World,뉴스특보 밉다 이란 대면 협상 초읽기 마무리
이란 매체 “호르무즈 통행료 수입 연 150조원 넘을 것”,World,이란 매체 호르무즈 통행료 수입 조원 넘다
"이스라엘, 방공망 아끼다가 이란 미사일 방어 못해…주민 200명 부상",World,이스라엘 방공 아끼다 이란 미사일 방어 주민 부상
"전쟁이 다시 일깨운 '공급망'의 중요성…中, 이재용만 따로 불렀다",World,전쟁 깨우다 공급망 중요성 이재용 부르다
"""미국이 적이 될 수도""...트럼프 ‘나토 협조 부족’ 공개 비판에 유럽 안보 불안 확산",World,미국 수도 트럼프 나토 협조 부족 공개 비판 유럽 안보 불안 확산
"""200명 사상"" 쏟아진 미사일…방공망 아껴쓰는 이스라엘",World,사상 쏟아지다 미사일 방공 아끼다 쓰다 이스라엘
트럼프 이어 푸틴도 5월 방중설…“미·러 동시 관리 전략”,World,트럼프 푸틴 방중 밉다 동시 관리 전략
"레바논으로 향한 이스라엘의 욕망, 전쟁 지속 원하는 또 다른 이유",World,레바논 이스라엘 욕망 전쟁 지속 원하다 이유
"""경제학적으로도 잡을 방법 없어""...불황 예측했던 전문가의 경고 [이슈톺]",World,경제학 방법 불황 예측 전문가 경고 이슈 톺다
"“수량은 유한, 아껴 쓰다보니”…이란 미사일에 뚫리는 이스라엘 방공망",World,수량 유한 아끼다 쓰다 이란 미사일 뚫리다 이스라엘 방공
"""누가 먼저 바닥 드러내나""…이스라엘, 방공망 아끼다 요격 실패",World,먼저 바닥 드러내다 이스라엘 방공 아끼다 요격 실패
미 국무장관 “수주 내에 종전 예상…지상군 없이도 목표 달성”,World,밉다 국무장관 수주 종전 예상 지상군 목표 달성
드론·전투기·레이더까지…이란이 박살낸 美 첨단무기 보니 [美·이란 전쟁 한달],World,드론 전투기 레이더 이란 박살 내다 첨단 무기 이란 전쟁
종전 원치않는 이스라엘...이란 핵시설까지 때렸다 [이슈톺],World,종전 원치않다 이스라엘 이란 시설 때리다 이슈 톺다
"""이스라엘 '재고 압박'에 고성능 아끼다 이란 미사일에 뚫려""",World,이스라엘 재고 압박 고성능 아끼다 이란 미사일 뚫리다
기지 공습당하자 호텔로 철수한 미군들...정조준한 이란의 경고 [지금이뉴스],World,기지 공습 당하다 호텔 철수 미군 조준 이란 경고 뉴스
협상 불확실성에 유가 또 급등…뉴욕증시 일제히 하락,World,협상 불확실 유가 급등 뉴욕증시 일제 하락
"이스라엘, 방공망 아껴쓴다…이란 미사일에 뚫리는 국면 진입",World,이스라엘 방공 아끼다 쓴다 이란 미사일 뚫리다 국면 진입
"미국·이란 종전 회담, 주말에 시작될까... ""몇 주 안에 끝난다""",World,미국 이란 종전 회담 주말 시작 끝나다
"이란 매체 ""호르무즈 해협 통행료 부과 시 수입 연 150조원 이상""",World,이란 매체 호르무즈 해협 통행료 부과 수입 조원
"""美, 유럽 안보에서 손 떼고 적대적으로 돌아설 수도""",World,유럽 안보 떼다 적대 돌아서다 수도
"""이란 미사일 3분의 1만 파괴""… 트럼프의 전쟁성과 과장 논란",World,이란 미사일 파괴 트럼프 전쟁 성과 과장 논란
"""트럼프 이어 푸틴도 5월 방중 가능성""…전례 없는 연쇄 방중",World,트럼프 푸틴 방중 가능성 전례 연쇄 방중
"親이란 후티 반군, 공식 참전... 호르무즈 이어 홍해도 막히나",World,이란 후티 반군 공식 참전 호르무즈 홍해 막히다
"G7서 EU외교수장·美국무 설전…""러 압박해야"" vs ""당신이 해봐""",World,서다 외교 수장 국무 설전 압박 해보다
트럼프 “이란과 협상 중… 다음은 쿠바” 무력행사 가능성 시사,World,트럼프 이란 협상 쿠바 무력 행사 가능성 시사
"""엄청난 실수"" 퍼부은 트럼프...유럽 패싱할 '최악 시나리오'에 벌벌 [지금이뉴스]",World,엄청나다 실수 퍼부은 트럼프 유럽 패싱할 최악 시나리오 벌벌 뉴스
'충혈된 눈의 골프황제' 우즈 머그샷 공개…보석금 내고 석방,World,충혈 골프 황제 우즈 머그 공개 보석 내다 석방
"이스라엘, 이란 원전 또 때렸다…열흘 사이 3번째 공습",World,이스라엘 이란 원전 때리다 열흘 사이 공습
"美중부사령부, 수리 중인 포드호 대체…부시 항모전단 투입",World,중부 사령부 수리 중인 포드 대체 부시 항모 전단 투입
"이스라엘 ""예멘발 미사일, 방공망 가동""…후티 반군 참전 기로",World,이스라엘 예멘 미사일 방공 가동 후티 반군 참전
"중동전쟁 한 달째, 이번 주말 '분수령'…지상전 벌어지나",World,중동전쟁 주말 분수령 지상전 벌어지다
"[자막뉴스] ""이스라엘군, 10가지 위험 신호""...초정통파 유대인까지 징집하나",World,자막 뉴스 이스라엘군 가지 위험 신호 정통파 유대인 징집
트럼프 이어 푸틴도 5월에 中 찾나…중국 외교적 입지 강화 눈길,World,트럼프 푸틴 찾다 중국 외교 입지 강화 눈길
"트럼프 이어 푸틴도 5월 방중 가능성…""미러 동시관리 필요 반영""",World,트럼프 푸틴 방중 가능성 미러 동시 관리 필요 반영
이란 '역대급' 세수 풍년 예상...법도 뛰어넘는 '봉이 김선달' [지금이뉴스],World,이란 역대 세수 풍년 예상 법도 뛰어넘다 김선 뉴스
"핵시설 집중공세…이스라엘, 이란 부셰르 원전 또 때렸다",World,시설 집중 공세 이스라엘 이란 부셰르 원전 때리다
"트럼프, 연일 자신만만…""이란, 거래 성사 애원""",World,트럼프 연일 만만 이란 거래 성사 애원
"이스라엘 ""예멘발 미사일 날아와 방공망 가동""…후티 참전 기로",World,이스라엘 예멘 미사일 날아오다 방공 가동 후티 참전
“조속한 합의” vs “확전도 불사”…‘이란 전쟁’에 갈라진 걸프국들,World,조속 합의 전도 불사 이란 전쟁 갈라지다 걸프
중동사태 1달...회담 임박 속 이스라엘 공습 강화,World,중동 사태 회담 임박 이스라엘 공습 강화
"[자막뉴스] ""트럼프 말과 정반대"" 격분한 이란...국제유가는 급등",World,자막 뉴스 트럼프 정반대 격분 이란 국제 유가 급등
"[뉴스특보] 이스라엘, 핵시설 타격…트럼프 ""이란 합의 갈구""",World,뉴스특보 이스라엘 시설 타격 트럼프 이란 합의 갈구다
"걸프국, 미국에 '이란 공격력 억제' 중동 질서 재편 요구",World,걸프 미국 이란 공격 억제 중동 질서 재편 요구
트럼프가 경고한 이란 다음 국가...불길한 '군사행동' 암시 [지금이뉴스],World,트럼프 경고 이란 국가 불길하다 군사 행동 암시 뉴스
"후티도 참전하나…이스라엘 ""예멘발 미사일 날아와 방공망 가동""",World,후티 참전 이스라엘 예멘 미사일 날아오다 방공 가동
"페르시아만 인근 원전도 때렸다...이스라엘, 이란 핵시설 3곳 타격",World,페르시아만 인근 원전 때리다 이스라엘 이란 시설 타격
강경해지는 걸프국…美에 '이란 억제' 중동 질서 재편 요구,World,강경하다 걸프 이란 억제 중동 질서 재편 요구
"美중동특사 ""이번 주 이란과 회담 있을 것으로 생각""",World,중동 특사 이란 회담
"이란 부셰르 원전도 피격…이스라엘, 핵시설 집중 공세",World,이란 부셰르 원전 피격 이스라엘 시설 집중 공세
"美중부사령부, 부시 항모전단 투입…""대이란 작전 합류 가능성""",World,중부 사령부 부시 항모 전단 투입 이란 작전 합류 가능성
"트럼프 '나토 패싱' 재부상…유럽 ""최악은 美의 적대화""",World,트럼프 나토 패싱 부상 유럽 최악 적대
"이란 부셰르 원전도 피격…이스라엘, 핵시설 집중공세(종합)",World,이란 부셰르 원전 피격 이스라엘 시설 집중 공세 종합
"美중부사령부, 부시 항모전단 투입…미사일 구축함 속속 출항",World,중부 사령부 부시 항모 전단 투입 미사일 구축함 출항
"“美 토마호크 고갈 위기, 우려할 정도”…4주만에 850발 쐈다",World,토마호크 고갈 위기 우려 정도 쏘다
"""미국·이란, 곧 파키스탄에서 회담""...이스라엘의 이란 핵 시설 공습에 유가 급등·뉴욕 증시 하락",World,미국 이란 파키스탄 회담 이스라엘 이란 시설 공습 유가 급등 뉴욕 증시 하락
"이란전쟁 한달, 세계증시 1.8경 '증발'…미국 5%빠질때 한국 -10%",World,이란 전쟁 세계 증시 증발 미국 빠지다 한국
"트럼프·메르츠, 정상회담 후 한 달도 안 지나 관계 멀어져",World,트럼프 메르 정상회담 달도 지나 관계 멀어지다
"美중부사령부, 부시 항모전단 투입…수리 중인 포드호 대체",World,중부 사령부 부시 항모 전단 투입 수리 중인 포드 대체
‘전쟁인데 17% 뚝’ 金값 …“이번엔 오른다” 기대 왜?,World,전쟁 기대
"“‘군함 안 보낸다’ 이거지?” 트럼프, 나토 탈퇴 가능성 시사 [美-이란 전쟁]",World,군함 보내다 트럼프 나토 탈퇴 가능성 시사 이란 전쟁
"이란 전쟁 한 달...미국·이란, 파키스탄서 만날까?",World,이란 전쟁 미국 이란 파키스탄 만나다
"트럼프 ""다음은 쿠바... 미국, 나토 편 들 필요 없을 것 같다""",World,트럼프 쿠바 미국 나토 들다 필요
트럼프 “이란 다음 군사력 사용 대상은 쿠바”,World,트럼프 이란 군사력 사용 대상 쿠바
이란 남부에 대전차 지뢰가…美 살포 의혹,World,이란 남부 전차 지뢰 살포 의혹
"트럼프, '이란 파병 거부' 나토 탈퇴 시사…""미국 돕지 않은 건 엄청난 실수""",World,트럼프 이란 파병 거부 나토 탈퇴 시사 미국 돕다 엄청나다 실수
"휴전 협상 앞두고 이스라엘 '공습'…이란 ""호르무즈 봉쇄"" 맞불",World,휴전 협상 앞두다 이스라엘 공습 이란 호르무즈 봉쇄 맞다
"""미국과 이란 곧 대면"" 움직임에도…유가 뛰고 증시 급락",World,미국 이란 대면 움직임 유가 뛰다 증시 급락
50년 만에 달로…NASA '아르테미스Ⅱ' 발사 D-5,World,아르테미스 발사
"이란, 중국 선박도 차단…핵시설까지 타격",World,이란 중국 선박 차단 시설 타격
"트럼프 ""이란과 대화 중""...미 국무 ""지상군 없이 목표 달성가능""",World,트럼프 이란 대화 밉다 국무 지상군 목표 달성 가능
중동사태 1달...회담 임박 속 이스라엘 공습 강화,World,중동 사태 회담 임박 이스라엘 공습 강화
"""러시아와 손 잡을라""…트럼프 '나토 패싱' 위협에 유럽 긴장",World,러시아 잡다 트럼프 나토 패싱 위협 유럽 긴장
"""지상전 없이 몇 주 내 끝""‥이란, 미군기지 공습",World,지상전 이란 미군기지 공습
트럼프 ‘나토 탈퇴’ 시사...“뭐하러 곁에 있나”,World,트럼프 나토 탈퇴 시사
이준석 “파병 대신 천궁을”…호르무즈 대안 기고,World,이준석 파병 대신 천궁 호르무즈 대안 기고
내달 1일 美 나사 '아르테미스Ⅱ' 발사…반세기 만에 달 궤도로,World,내달 나사 아르테미스 발사 반세기 궤도
이란전 장기화 우려에... 국제유가 4% 급등해 4년 만에 최고,World,이란 장기 우려 국제 유가 급등 최고
"트럼프 또 '나토 패싱' 위협…유럽 ""최악 시나리오될라"" 초조",World,트럼프 나토 패싱 위협 유럽 최악 시나리오 초조
"결국 이스라엘 뜻대로…""예측 불가 미국보다 중국이 나아"" 중동국가들 '부글'",World,이스라엘 예측 불가 미국 중국 중동 국가 부글
"NASA '아르테미스Ⅱ' 발사 D-5…우주비행사 ""달로 갑시다""",World,아르테미스 발사 우주비행사 가다
"트럼프 “거의 없다”던 이란 미사일, 3분의 1만 확실히 파괴… 관건은 발사 능력",World,트럼프 이란 미사일 확실하다 파괴 관건 발사 능력
"이스라엘, 이란 핵시설 타격…트럼프 ""이란, 합의 도달 갈구""",World,이스라엘 이란 시설 타격 트럼프 이란 합의 도달 갈구다
협상이냐 지상전이냐…중동전쟁 한달째 이번주말 최대고비,World,협상 지상전 중동전쟁 주말 최대 고비
"中 전기차, 테슬라보다 잘 팔렸는데…충격 결과에 '초비상'",World,전기차 테슬라 자다 팔리다 충격 결과 초비상
트럼프 “다음 타깃은 쿠바…나토는 보호할 필요 없다”,World,트럼프 타깃 쿠바 나토 보호 필요
[뉴스특보] '중동 전쟁' 한 달…종전·확전 갈림길,World,뉴스특보 중동 전쟁 종전 확전 갈림길
하루 30분 '이것'만 해도…젊은 여성 유방암 위험 낮춘다,World,하루 젊다 여성 유방암 위험 낮추다
"트럼프 ""이란과 협상중, 다음 타깃 쿠바…나토 지킬 필요 없다""(종합)",World,트럼프 이란 협상 타깃 쿠바 나토 지키다 필요 종합
이란 전쟁으로 가장 이득 보는 나라는? [차이나우],World,이란 전쟁 이득 나라 차이나다
"‘위대한 피스메이커’ 꿈꾸는 트럼프 ""이란 다음은 쿠바"" 지목",World,위대하다 피스 메이커 꿈꾸다 트럼프 이란 쿠바 지목
"뿔난 트럼프 ""동맹이 우리 곁에 없다"", 나토 탈퇴 가능성 언급",World,트럼프 동맹 나토 탈퇴 가능성 언급
"이란 작전 외면한 나토…트럼프 ""엄청난 실수"" 탈퇴 경고",World,이란 작전 외면 나토 트럼프 엄청나다 실수 탈퇴 경고
"이스라엘은 본토 타격, 미국은 협상기대 부채질",World,이스라엘 본토 타격 미국 협상 기대 부채질
"트럼프, 나토 향해 뒤끝 작렬 “우릴 안 도운건 엄청난 실수”···쿠바엔 무력행사 시사",World,트럼프 나토 뒤끝 작렬 우릴 울다 엄청나다 실수 쿠바 무력 행사 시사
"주영 미국 대사, “찰스 3세 방미 취소한다면 실수” 경고",World,주영 미국 대사 찰스 방미 취소 실수 경고
"호르무즈를 ""트럼프 해협""…쿠바 무력행사 시사도",World,호르무즈 트럼프 해협 쿠바 무력 행사 시사
"이스라엘 매체 “트럼프, 이란에 지상군 투입 선택할듯” 보도",World,이스라엘 매체 트럼프 이란 지상군 투입 선택 보도
"미 국무장관 ""이란 전쟁 몇 주 안에 끝나…지상군 투입 필요 없다""",World,밉다 국무장관 이란 전쟁 끝나다 지상군 투입 필요
트럼프 “이란 다음은 쿠바”…무력행사 가능성 시사,World,트럼프 이란 쿠바 무력 행사 가능성 시사
"""호르무즈 통행료만 150조원 ...이란 GDP 최대1/4 가능""",World,호르무즈 통행료 조원 이란 최대 가능
"""미국·이란, 파키스탄에서 곧 만날 것""...유가는 급등·뉴욕 증시는 급락",World,미국 이란 파키스탄 만날 유가 급등 뉴욕 증시 급락
"""나토가 미국 안도운 건 엄청난 실수""…탈퇴 가능성 언급",World,나토 미국 엄청나다 실수 탈퇴 가능성 언급
중동사태 1달...회담 임박 속 이스라엘 공습 강화,World,중동 사태 회담 임박 이스라엘 공습 강화
"트럼프 ""이란과 대화 중""...미 국무 ""지상군 없이 목표 달성가능""",World,트럼프 이란 대화 밉다 국무 지상군 목표 달성 가능
"[속보] 트럼프 ""쿠바가 다음""…이란 이어 군사적 압박 가능성 시사",World,속보 트럼프 쿠바 이란 군사 압박 가능성 시사
"""美, 이란 미사일 전력 3분의 1만 확실히 제거""",World,이란 미사일 전력 확실하다 제거
"엔·달러 환율, 1년 8개월 만에 160엔 대…중동 사태 여파",World,달러 환율 개월 대다 중동 사태 여파
"트럼프, 美공항 보안직원 급여 지급명령…셧다운 해소는 난항",World,트럼프 공항 보안 직원 급여 지급 명령 셧다운 해소 난항
“역겹다” 비난까지...‘지지율 36%’ 찍었는데 지폐에 서명 넣는다는 트럼프,World,역겹다 비난 지지율 찍다 지폐 서명 넣다 트럼프
"美국무 ""대이란 군사작전 수주 내 종료…지상군 투입 없이 목표 달성 가능""",World,국무 이란 군사작전 수주 종료 지상군 투입 목표 달성 가능
트럼프-모디 통화에 함께한 일론 머스크…전시에 ‘민간인’ 이례적 참여,World,트럼프 모디 통화 머스크 전시 민간인 이례 참여
"트럼프 ""이란전 외면한 나토 큰 실수…지켜줄 필요 없을 것 같다""",World,트럼프 이란 외면 나토 크다 실수 지키다 필요
‘공습 연기’에도 유가↑·주가↓…브렌트유 110달러 넘어,World,공습 연기 유가 주가 브렌 트유 달러 넘다
"엔/달러 환율, 1년 8개월 만에 160엔 돌파…이란 전쟁에 엔저",World,달러 환율 개월 돌파 이란 전쟁
"미 “이란전, 몇주 내 끝날 것…지상군 없어도 목표 달성 가능”",World,밉다 이란 끝나다 지상군 목표 달성 가능
"트럼프, 이란 파병않은 나토 결별 시사…""다음은 쿠바""(종합)",World,트럼프 이란 파병 나토 결별 시사 쿠바 종합
"트럼프 ""다음은 쿠바""...베네수엘라·이란 이어 또 무력행사?",World,트럼프 쿠바 베네수엘라 이란 무력 행사
"이란, 중국 선박도 차단…핵시설까지 타격",World,이란 중국 선박 차단 시설 타격
[자막뉴스] 미국·이란 협상 앞두고...찬물 끼얹는 이스라엘,World,자막 뉴스 미국 이란 협상 앞두다 찬물 얹다 이스라엘
"트럼프 “우리를 안 도운 건 실수”... 나토에 뒤끝, 탈퇴 가능성 시사",World,트럼프 도운 실수 나토 뒤끝 탈퇴 가능성 시사
"트럼프 ""때로는 군사력 써야 할 때 있어…이란 다음은 쿠바""",World,트럼프 때로는 군사력 써다 이란 쿠바
"[뉴스특보] 美 ""몇 주 내 마무리""…이란 종전안 역제안 임박",World,뉴스특보 마무리 이란 종전 제안 임박
"루비오 ""이란 군사작전 수주내 끝낼 것...지상군 투입 없어""",World,루비 이란 군사작전 끝내다 지상군 투입
호르무즈發 추가 청구서…동맹 균열과 트럼프의 앙금[워싱턴 리포트],World,호르무즈 추가 청구 동맹 균열 트럼프 앙금 워싱턴 리포트
"이란 다음은 쿠바?…트럼프, 무력행사 가능성 시사",World,이란 쿠바 트럼프 무력 행사 가능성 시사
"[자막뉴스] 궤멸시켰다던 트럼프, 그런데...어딘가 찜찜한 온도차",World,자막 뉴스 멸시 켜다 트럼프 어딘가 찜찜하다 온도
"[자막뉴스] ""몇 주 안에 끝낸다"" 미 국무 '호언장담'...이란은 묵묵부답",World,자막 뉴스 끝내다 밉다 국무 호언 장담 이란 묵묵 부다
이란전 장기화 충격…‘3고’ 공포에 미 증시 어디로,World,이란 장기 충격 공포 밉다 증시
[인싸M] '이스라엘-이란 전쟁'‥'패권 국가' 미국이 잃어버린 것,World,싸다 이스라엘 이란 전쟁 패권 국가 미국 잃어버리다
전쟁 장기화 우려에 국제유가 상승…브렌트 110달러대,World,전쟁 장기 우려 국제 유가 상승 브렌 달러
"""우리가 왜 그들 곁에 있어야 하나""…트럼프, 나토 탈퇴 가능성 시사",World,트럼프 나토 탈퇴 가능성 시사
‘트럼프 서명’ 찍힌 달러 나온다...美 건국 후 최초,World,트럼프 서명 찍히다 달러 나오다 건국 최초
"트럼프 ""다음은 쿠바""…이란 이어 무력행사 가능성 시사(종합)",World,트럼프 쿠바 이란 무력 행사 가능성 시사 종합
"""日이지스함 토마호크 설치"" 자위대 선언에 중국 또‥",World,이지스함 토마호크 설치 자위대 선언 중국
"일론 머스크, 트럼프-모디 통화 참여했다…“전시에 이례적”",World,머스크 트럼프 모디 통화 참여 전시 이례
"“갈 곳 없다고 느껴 시작했다”…‘섹시 댄스’ 논란, 전 中 체조선수의 고백",World,갈다 느끼다 시작 섹시 댄스 논란 체조 선수 고백
뉴욕증시 일제히 하락…트럼프는 “전쟁 끝나면 로켓처럼 급성장”,World,뉴욕증시 일제 하락 트럼프 전쟁 끝나다 로켓 급성
"트럼프 “이란과 협상, 쿠바가 다음”...군사력 동원한 압박 가능성",World,트럼프 이란 협상 쿠바 군사력 동원 압박 가능성
"이스라엘 공군, 이란 핵시설 2곳 공격…""방사능 누출 없어""",World,이스라엘 공군 이란 시설 공격 방사 추다
"메모리 제외 美반도체주 일제 하락, 반도체지수 1.69%↓(종합2)",World,메모리 제외 반도체 일제 하락 반도체 지수 종합
"""기름 없어서 밥도 못 한다"" 문 닫는 식당들…코로나19급 충격 우려[글로벌 포커스]",World,기름 닫다 식당 코로나 충격 우려 글로벌 포커스
"美국무 ""지상군없이 몇 주면 마무리""…곧 대면협상",World,국무 지상군 주다 마무리 대면 협상
"이스라엘, 핵시설 때렸다…협상 앞두고 미·이란 신경전",World,이스라엘 시설 때리다 협상 앞두다 밉다 이란 경전
“미군 300명 다치고 비행기 손상”…사우디 미군 기지 공격한 이란,World,미군 다치다 비행기 손상 사우디 미군 기지 공격 이란
"'가득 채워달라' '기름 없다"" 인도, 사재기 극성",World,가득 채우다 달라 기름 인도 사재기 극성
'트럼프식 전쟁' 한달…난타전 속 '에너지 재앙',World,트럼프 전쟁 난타 에너지 재앙
"트럼프 “이란, 합의 도달 갈구…호르무즈 해협 유조선 10척 통과 허용”",World,트럼프 이란 합의 도달 갈구다 호르무즈 해협 유조선 통과 허용
"이란 사우디 미군 기지 공격, 급유기 다수 손상",World,이란 사우디 미군 기지 공격 유기 손상
"미국 메모리주 일제 반등, 터보퀀트 충격 하루살이(종합)",World,미국 메모리 일제 반등 터보 퀀트 충격 하루살이 종합
"""이란, 사우디 미군 기지 공격...미군 여러명 부상"" AP",World,이란 사우디 미군 기지 공격 미군 부상
"""미국·이란, 파키스탄에서 곧 만날 것""...유가는 급등·뉴욕 증시는 급락",World,미국 이란 파키스탄 만날 유가 급등 뉴욕 증시 급락
"신사도 외국인이 지키는데…日, 영주권 비용 2900% 인상 논란",World,신사 외국인 지키다 영주권 비용 인상 논란
이란 지도부 제거 '60초 작전'…20년 휴민트와 AI 합작품,World,이란 도부 제거 작전 민트 작품
인력거 누비던 거리에 벤츠…中 부촌 20년 만의 반전 비결,World,인력거 누비 거리 벤츠 부촌 반전 비결
루비오 “미국이 러시아 편? 젤렌스키 발언은 거짓말”,World,루비 미국 러시아 렌스 발언 거짓말
전쟁 여파로 아시아·유럽 항공권 최대 560% 폭등…여름 휴가객 '비상',World,전쟁 여파 아시아 유럽 항공권 최대 폭등 여름 휴가 비상
이란 부셰르 원전도 피격…이스라엘 공세속 핵시설 연쇄포화,World,이란 부셰르 원전 피격 이스라엘 세속 시설 연쇄 포화
"""트럼프 해협? 아니 호르무즈!""…트럼프, 이란 압박 속 농담까지",World,트럼프 해협 호르무즈 트럼프 이란 압박 농담
"뉴욕증시, 이틀째 급락 마감…주말 앞두고 위험 회피 확산",World,뉴욕증시 이틀 급락 마감 주말 앞두다 위험 회피 확산
"테슬라 2.76%-루시드 5.15%, 전기차 일제 급락(상보)",World,테슬라 시드 전기차 일제 급락 상보
"메타, 세계 최대 데이터센터 가동 위해 가스발전소 7곳 추가 건설",World,메타 세계 최대 데이터 센터 가동 가스 발전소 추가 건설
"이스라엘, 이란 핵시설 2곳 공습…“방사능 위험 없어""",World,이스라엘 이란 시설 공습 방사 위험
"美국무 ""몇달 아닌 몇주 내 끝날 것""…이란전 수주내 종료 시사",World,국무 끝나다 이란 종료 시사
[특파원 시선] 미일회담서 평화헌법 덕 본 다카이치…개헌논의에 영향 생길까,World,특파원 시선 밉다 회담 평화헌법 다카 이치 개헌 논의 영향 생기다
"""미, 이란 미사일 전력의 1/3만 확실히 파괴 확인""",World,밉다 이란 미사일 전력 확실하다 파괴 확인
"이란, 중국 선박도 차단…핵시설까지 타격",World,이란 중국 선박 차단 시설 타격
"미 ""지상군 없이 수주 내 종결""‥국제유가 또 급등",World,밉다 지상군 수주 종결 국제 유가 급등
"“미국을 또 수렁으로 몰아넣으려는 거냐”…전쟁 한 달, 여론은 트럼프에 등 돌렸다",World,미국 수렁 몰다 넣다 전쟁 여론 트럼프 돌리다
호르무즈 통행료 ‘잭팟’ 기대하는 이란 “연간 150조”[美-이란 전쟁],World,호르무즈 통행료 잭팟 기대하다 이란 연간 이란 전쟁
"메르츠 ""미·이스라엘 공격, 이란 정권교체로 연결 안 될 것""",World,메르 밉다 이스라엘 공격 이란 정권 교체 연결
[지금왜] 이란 '난공불락'으로 만든 지리적 이점 3가지...미국 상대로 버틸 수 있는 이유,World,이란 난공불락 만들다 지리 이점 가지 미국 상대로 버티다 이유
"중동 긴장 최고조, 증시-암호화폐 일제 급락-유가 급등(종합2)",World,중동 긴장 최고 증시 암호 화폐 일제 급락 유가 급등 종합
러시아 이란에 개량형 드론 지원…수량은 안 밝혀져,World,러시아 이란 개량 드론 지원 수량 밝혀지다
"이스라엘 국방 ""이란 본토 타격 강화""…제철소까지 폭격",World,이스라엘 국방 이란 본토 타격 강화 제철소 폭격
"""미국·이란, 파키스탄에서 곧 만날 것""...유가는 급등·뉴욕 증시는 급락",World,미국 이란 파키스탄 만날 유가 급등 뉴욕 증시 급락
"트럼프 ""이란과 대화 중""...미 국무 ""지상군 없이 목표 달성가능""",World,트럼프 이란 대화 밉다 국무 지상군 목표 달성 가능
"뉴욕증시, 7개월 최저 마감...나스닥·다우존스 조정장 진입",World,뉴욕증시 개월 최저 마감 나스닥 다우존스 정장 진입
"이란군 ""미·이스라엘의 동맹국 입출항 선박은 호르무즈 불허""",World,이란 밉다 이스라엘 동맹국 출항 선박 호르무즈 불허
"뉴욕 증시, 이란 전쟁 확전 양상에 동반 급락 마감",World,뉴욕 증시 이란 전쟁 확전 양상 동반 급락 마감
"“슈퍼카 운송 걱정마세요, 비행기로 보낼께요”…페라리, 중동 고객들에 항공 운송",World,슈퍼카 운송 걱정 말다 비행기 보내다 페라리 중동 고객 항공 운송
"""100만 지상군 준비""에 맞불…불타는 유조선 직접 공개",World,지상군 준비 맞다 불타다 유조선 직접 공개
"트럼프, 美공항 보안직원 급여 지급명령…내주 공항 혼잡 풀릴까(종합2보)",World,트럼프 공항 보안 직원 급여 지급 명령 내주 공항 혼잡 풀리다 종합
"'터보퀀트' 시장 반응은 착각…""달려드는 기업들, 판 더 커진다""",World,터보 퀀트 시장 반응 착각 달려들다 기업 커지다
"미국 ""지상군 투입 없다…전쟁 몇 주 안에 끝낼 것""",World,미국 지상군 투입 전쟁 끝내다
"이란, 핵시설 잇따른 피격에…보복 공격 시사",World,이란 시설 잇따르다 피격 보복 공격 시사
"아무도 모른다, 이 전쟁이 어딜 향하는지... “트럼프 ‘길 잃은 분노’ 작전”[글로벌 모닝 브리핑]",World,모르다 전쟁 트럼프 잃다 분노 작전 글로벌 모닝 브리핑
평북 구성에 대규모 드론 제조 공장 들어선 듯-38노스,World,평북 구성 대규모 드론 제조 공장 들어서다 노스
"유가 급등에 금리 인상 우려 급부상, 미증시 일제 급락(상보)",World,유가 급등 금리 인상 우려 급부 밉다 증시 일제 급락 상보
‘장대한 분노’ 그 이후는…‘힘의 지배’ 가속화?,World,장대 분노 지배 가속
협상이냐 확전이냐…지도로 본 중동 사태 한 달,World,협상 전이 지도 중동 사태
‘공습 연기’에도 유가↑·주가↓…브렌트유 110달러 넘어,World,공습 연기 유가 주가 브렌 트유 달러 넘다
"미 “이란전, 몇주 내 끝날 것…지상군 없어도 목표 달성 가능”",World,밉다 이란 끝나다 지상군 목표 달성 가능
"“트럼프와 김정은, 항상 화기애애”...전담 통역국장의 생생한 이야기",World,트럼프 김정은 항상 화기 애애 전담 통역 국장 생생하다
"국제유가, 분쟁 장기화 우려에 상승…브렌트 110달러대",World,국제 유가 분쟁 장기 우려 상승 브렌 달러
[줌인] 재벌은 아닌데 억만장자만큼 쓴다… 美 경제 바꾸는 ‘숨은 부자들’,World,재벌 억만장자 쓴다 경제 바꾸다 숨다 부자
이코노미 빼고 퍼스트로 채운다…고유가 탈출구 찾는 항공업계,World,노미 빼다 퍼스트 채우다 고유 탈출 찾다 항공 업계
"트럼프 2.0 시대, 인도의 지정학 리스크 헤징 전략 [PADO]",World,트럼프 시대 인도 지정학 리스크 헤징 전략
"전쟁 한 달…병영국가로 향하는 이스라엘, 혁명수비대가 접수한 이란",World,전쟁 병영국가 이스라엘 혁명 수비대 접수 이란
트럼프의 마음을 얻으려는 대만의 절박한 몸부림 [PADO],World,트럼프 마음 얻다 대만 절박 몸부림
미국·이스라엘이 구축한 AI 공격지원 시스템 [PADO],World,미국 이스라엘 구축 공격 지원 시스템
나스닥 결국 ‘조정 국면’ 들어섰다…엔비디아·테슬라 테크주 투매에 급락,World,나스닥 조정 국면 들어서다 엔비디아 테슬라 테크 투매 급락
"美증시, 전쟁 장기화 우려에 또 2% 하락...WTI, 3년 8개월 만에 최고치 [데일리국제금융]",World,증시 전쟁 장기 우려 하락 개월 최고 일리 국제 금융
‘우방’ 중국 선박도 회항…호르무즈 봉쇄에 WTI 장중 100달러 돌파,World,우방 중국 선박 회항 호르무즈 봉쇄 달러 돌파
"성과 없는 협상론에 뉴욕증시 또 하락…다우 1.7%↓, 조정 진입(종합)",World,성과 협상 뉴욕증시 하락 다우 조정 진입 종합
"""미국·이란, 파키스탄에서 곧 만날 것""...유가·뉴욕 증시는 흔들",World,미국 이란 파키스탄 만날 유가 뉴욕 증시 흔들다
"미 국무 ""지상군 없이 목표 달성가능...몇 주 내 전쟁 종료""",World,밉다 국무 지상군 목표 달성 가능 전쟁 종료
"뉴욕 증시, 이란戰 장기화 우려에 하락…나스닥 2.15% ↓",World,뉴욕 증시 이란 장기 우려 하락 나스닥
美국무장관 “이란전 수주 내 종료”…지상군 없이도 목표 달성 자신,World,국무장관 이란 수주 종료 지상군 목표 달성
"트럼프의 외교 특사 “이란 상황, 대통령 믿자”… 미·북 대화 전망 묻자 거부",World,트럼프 외교 특사 이란 상황 대통령 믿다 밉다 대화 전망 묻다 거부
푸틴·트럼프의 닮은 전쟁…지도자 오판이 만든 수렁,World,푸틴 트럼프 닮다 전쟁 지도자 판이 만들다 수렁
"""호르무즈 통행료만 150조원 ...이란 GDP 최대1/4 가능""",World,호르무즈 통행료 조원 이란 최대 가능
'中도 호르무즈 통항 제한'에 유가 5% 급등…2022년 7월 이후 최고치,World,호르무즈 통항 제한 유가 급등 최고
"""중동 전쟁, 4월 8일이 분수령… 한국, 평화 중재자로 외교 공간 넓혀야""",World,중동 전쟁 분수령 한국 평화 중재 외교 공간 넓히다
[뉴욕유가] 中선박까지 막혔다…호르무즈 봉쇄에 WTI 100달러 육박,World,뉴욕 유가 선박 막히다 호르무즈 봉쇄 달러 육박
"이스라엘, 이란 핵시설 2곳 공습…""인명피해·방사능 위험 없어""(종합2보)",World,이스라엘 이란 시설 공습 인명 피해 방사 위험 종합
美국무 “몇 주 안에 이란전 끝...병력 증파는 옵션” [美-이란 전쟁],World,국무 이란 병력 팔다 옵션 이란 전쟁
"액시오스 ""美 국무, G7 회의서 '이란전 2~4주 더 지속' 언급""",World,오스 국무 회의 이란 지속 언급
"美 국무 ""이란전, 수주내 종결 예상…지상군 없어도 목표 달성 가능""(종합)",World,국무 이란 종결 예상 지상군 목표 달성 가능 종합
"메타, 세계최대 데이터센터 가동 위해 가스발전소 7곳 추가건설",World,메타 세계 최대 데이터 센터 가동 가스 발전소 추가 건설
멍울 하나로 시작된 비극…희망 전하던 '항암 여신' 끝내 별세,World,멍울 하나로 시작 비극 희망 항암 여신 끝내 별세
"메르츠 ""미·이스라엘 공격, 이란 정권교체로 연결 안 될 것""",World,메르 밉다 이스라엘 공격 이란 정권 교체 연결
"美국무 ""지상군 없이 목표달성가능…병력증파는 옵션확보 차원""(종합)",World,국무 지상군 목표 달성 가능 병력 팔다 옵션 확보 차원 종합
"[속보]이란, 중국 배도 막았다…유가 110달러 돌파ㆍ주가 또 폭락",World,속보 이란 중국 배다 막다 유가 달러 돌파 주가 폭락
"""美, 이란 지상전 계획 없다”…병력 증파 속 ‘전략적 모호성’ 유지",World,이란 지상전 계획 병력 증파 전략 호성 유지
"美 국무 ""이란전, 수주내 종결 예상…지상군 없어도 목표 달성 가능""",World,국무 이란 종결 예상 지상군 목표 달성 가능
이란 “핵시설 연쇄피격 당했다”…이스라엘 레드라인 넘나,World,이란 시설 연쇄 피격 당하다 이스라엘 레드라인 넘다
"G7 외무장관, 이란戰서 민간인·민간 시설 공격 중단 촉구",World,외무 장관 이란 서다 민간인 민간 시설 공격 중단 촉구
"“차 막히니깐 그냥 날아서 가자”…‘하늘 나는 자동차’, 日서 곧 뜬다는데",World,막히다 날다 가다 하늘 자동차 서다 뜨다
이란 실험용 중수로 시설 피격…“인명피해·방사능 위험 없어”,World,이란 실험 중수로 시설 피격 인명 피해 방사 위험
사드 198발·토마호크 850발…장기전에 미국 무기창고 ‘거덜’,World,사드 토마호크 장기전 미국 무기 창고 거덜
"“미국, 이란 미사일 전력의 3분의 1만 확실히 파괴 확인”",World,미국 이란 미사일 전력 확실하다 파괴 확인
“총 먼저 쏘고 과녁 찾는 트럼프”… 중재자조차 “美외교 통제력 잃어”,World,먼저 쏘다 과녁 찾다 트럼프 중재 외교 통제 잃다
트럼프 “공격 열흘 유예” 5일새 3차례 최후통첩,World,트럼프 공격 열흘 유예 차례 최후 통첩
美 “1만명 추가파병 검토” 이란 “100만명 동원”… 휴전협상중 지상전 대비,World,추가 파병 검토 이란 동원 휴전 협상 지상전 대비
"이란 핵시설 잇따라 피격…""인명피해·방사능 위험 없어""(종합)",World,이란 시설 잇따르다 피격 인명 피해 방사 위험 종합
"이스라엘, 이란 아라크 핵시설 공습…이란 ""인명피해 없어""",World,이스라엘 이란 라크 시설 공습 이란 인명 피해
"기름값 1만원, 텅빈 도로... 美, 쿠바 석유 숨통 끊었다",World,기름값 만원 텅빈 도로 쿠바 석유 숨통 끊다
"트럼프, 내달 6일까지 공격 유예",World,트럼프 내달 공격 유예
사드 198발 소진… 美 핵심무기 재고 한 달 치만 남아,World,사드 소진 핵심 무기 재고 남아
"메타가 ‘제2 딥시크’ 인수 나서자 중국, CEO·핵심 개발자 출국금지",World,메타 시크 인수 나서다 중국 핵심 개발자 출국금지
"수척해진 마두로, 족쇄 차고 출석… 재판 후엔 손가락 V자",World,수척하다 족쇄 차고 출석 재판 손가락
"이스라엘 병력 바닥 보인다‥""이러다 우리 자멸""",World,이스라엘 병력 바닥 보이다 자멸
"""美, 이란 미사일 전력의 3분의 1만 확실히 파괴 확인""",World,이란 미사일 전력 확실하다 파괴 확인
"러 ""美, 노르트스트림 가스관 장악하려 해…에너지 시장 지배 추구""",World,노르 스트림 가스 장악 에너지 시장 지배 추구
"이스라엘, 트럼프 “열흘 유예” 직후... 이란의 미사일·기뢰 생산시설 때렸다",World,이스라엘 트럼프 열흘 유예 직후 이란 미사일 기뢰 생산 시설 때리다
"닥터둠 루비니 “미국, 이란전 확전 가능성 더 높아…물러설 유인 제한적”",World,닥터 두다 루비 미국 이란 확전 가능성 높다 물러서다 유인 제한
"인류의 아침 깨운 커피, 멸종 경고음 울렸다",World,인류 아침 깨우다 커피 멸종 고음 울리다
"러 외무 ""美, 러 가스관 장악 공언… 세계 에너지 시장 노린다""",World,외무 가스 장악 공언 세계 에너지 시장 노리다
"끝장 보겠다는 이스라엘, 협상 순조롭다는 미국…누굴 믿어야 해",World,끝장 이스라엘 협상 달다 미국 누굴 믿다
"러시아 ""美, 에너지시장 지배 욕망…노르트스트림도 장악 원해""",World,러시아 에너지 시장 지배 욕망 노르 스트림 장악 원하다
"러 ""미국, 노르트스트림 장악하겠다고 공언""(종합)",World,미국 노르 스트림 장악 공언 종합
"[W 언박싱] 확전이냐, 극적 타결이냐…“물밑 접촉은 계속”",World,언박싱 전이 극적 타결 물밑 접촉 계속
"트럼프, 4월 6일까지 ‘공격 유예’ 연장…“이란이 강력 요구”",World,트럼프 공격 유예 연장 이란 강력 요구
주류 굳히기 英우익당 '트럼프 탓 표 놓칠라' 경계,World,주류 굳히다 우익 트럼프 놓치다 경계
사드미사일 198발·토마호크 850발…무기 급속소진에 불안한 미군(종합),World,사드 미사일 토마호크 무기 급속 소진 불안하다 미군 종합
"미국 지상군 투입 고심할 때, 중·러 무인 전투력 과시",World,미국 지상군 투입 고심 무인 전투력 과시
러시아·중국 어부지리?...제재는 피하고 실리는 챙기고,World,러시아 중국 어부지리 제재 피하 실리다 챙기다
“호르무즈 통행료 받으면 수입 年1천억달러 넘을 것” 이란매체의 계산법은?,World,호르무즈 통행료 받다 수입 천억 달러 넘다 이란 매체 계산법
"[투나잇이슈] 트럼프 ""4월 6일까지 공격유예""…이란 ""기만술""",World,투나잇 이슈 트럼프 공격 유예 이란
이란 매체 “호르무즈 통행료 수입 연간 150조원 넘을 것”,World,이란 매체 호르무즈 통행료 수입 연간 조원 넘다
2번째 공격 유예...국제유가 달래며 지상군 투입 조율?,World,공격 유예 국제 유가 달래다 지상군 투입 조율
이스라엘 국방 “이란 본토 타격 강화…갈수록 대가 무거워질 것”,World,이스라엘 국방 이란 본토 타격 강화 갈수록 대가 무겁다
미 '지상전' 카드 만지작? vs 이란 '100만 병력 결집',World,밉다 지상전 카드 이란 병력 결집
"러 ""미국, 노르트스트림 장악하겠다고 공언""",World,미국 노르 스트림 장악 공언
"""미·이란, 직접 만남 준비 완료…곧 파키스탄서 회담 열릴 듯""",World,밉다 이란 직접 만남 준비 완료 파키스탄 회담 열리다
"""호르무즈 통행료 부과시 수입 연 150조원 넘을 것""<이란매체>",World,호르무즈 통행료 부과 수입 조원 넘다 이란 매체
반도체 공정 필수품 헬륨마저… 중동전쟁 장기화 땐 공급 차질,World,반도체 공정 필수품 헬륨 중동전쟁 장기 공급 차질
"머스크, 스페이스X IPO서 개인에 최대 30% 배정…기존 관행 3배",World,머스크 스페이스 서다 개인 최대 배정 기존 관행
"이스라엘, 美 종전 협상 중에도 ""이란 공세 강화""",World,이스라엘 종전 협상 이란 공세 강화
"러 ""미국, 노르트스트림 장악하겠다고 공언""",World,미국 노르 스트림 장악 공언
"""여름 휴가, 유럽은 못 가겠네""…전쟁에 항공권 최대 560% 폭등",World,여름 휴가 유럽 가다 전쟁 항공권 최대 폭등
미 '지상전' 카드 만지작? vs 이란 '100만 병력 결집',World,밉다 지상전 카드 이란 병력 결집
중국 선박도 막은 이란…“호르무즈해협 닫혀 있다” 경고,World,중국 선박 막다 이란 호르무즈 해협 닫히다 경고
"“미국·이란, 곧 파키스탄서 대면 협상 나설 듯”…독일 외무장관 밝혀",World,미국 이란 파키스탄 대면 협상 나서다 독일 외무 장관 밝히다
호르무즈 '해상 톨게이트' 된 이란…선박 26척 돈 내고 통과,World,호르무즈 해상 톨게이트 이란 선박 내다 통과
"미·이란 진짜 만나나…""곧 파키스탄서 회담"" 독일 외무장관 귀띔",World,밉다 이란 진짜 나나 파키스탄 회담 독일 외무 장관 귀띔
"이란, 해협 통과시도 3척 퇴짜…""'해협 개방'의 트럼프 말은 거짓""",World,이란 해협 통과 시도 퇴짜 해협 개방 트럼프 거짓
"美 ""지상군 1만 명 추가 파병 검토""…'최후의 일격' 준비",World,지상군 추가 파병 검토 최후 일격 준비
"이란 ""스페인 선박, 호르무즈 통과 가능""…트럼프 비판 환영",World,이란 스페인 선박 호르무즈 통과 가능 트럼프 비판 환영
"미, 이란 석유통제권도 장악?…“지상군 만명 추가 파병 검토”",World,밉다 이란 석유 통제 장악 지상군 추가 파병 검토
"트럼프, 4월 6일까지 ‘공격 유예’ 연장…“이란이 강력 요구”",World,트럼프 공격 유예 연장 이란 강력 요구
트럼프 ‘열흘 유예’에 이스라엘 “공격 확대” 찬물…이란戰 커지는 엇박자,World,트럼프 열흘 유예 이스라엘 공격 확대 찬물 이란 커지다 박다
미·이란 협상판 까는데…이스라엘 ‘공격 확대’ 찬물,World,밉다 이란 협상 깔다 이스라엘 공격 확대 찬물
"독일 외무장관 “미·이란, 직접 회담 준비 완료···파키스탄서 곧 대면협상”",World,독일 외무 장관 밉다 이란 직접 회담 준비 완료 파키스탄 대면 협상
통행료? 사실상 '강도짓'…30억내고 호르무즈 통과하라고?,World,통행료 강도짓 호르무즈 통과
"[중동 전쟁] 이란 공격 받은 ‘태국 선박’, 보름 표류 뒤 끝내 좌초",World,중동 전쟁 이란 공격 받다 태국 선박 보름 표류 끝내 좌초
미사일 맞은 선박 공개…지상군 압박에 '100만' 맞불,World,미사일 맞다 선박 공개 지상군 압박 맞다
"[뉴스특보] 트럼프, 공격 또 유예…주가·유가 달래기?",World,뉴스특보 트럼프 공격 유예 주가 유가 달래다
"모즈타바는 얼굴, 실권은 군부? “전쟁이 혁명수비대 입지만 다져줬다”",World,타바 얼굴 실권 군부 전쟁 혁명 수비대 입지 다지다 주다
석유 대신 재생에너지로 전환‥미국의 전쟁 최대 수혜자는 중국?,World,석유 대신 재생에너지 전환 미국 전쟁 최대 수혜자 중국
이란 공격 또 미루면서…'최후 일격' 4가지 작전 준비,World,이란 공격 미루다 최후 일격 가지 작전 준비
“‘호르무즈 열렸다’ 트럼프 거짓말”…이란군 “미·이스라엘 동맹국 입출항 불허”,World,호르무즈 열리다 트럼프 거짓말 이란 밉다 이스라엘 동맹국 출항 불허
"트럼프 ""4월 6일까지 폭격 유예""…시간 명시 '최후통첩'",World,트럼프 폭격 유예 명시 최후 통첩
"이란 혁명수비대 ""호르무즈 해협 선박 3척 차단""…트럼프 '선물' 발언 반박",World,이란 혁명 수비대 호르무즈 해협 선박 차단 트럼프 선물 발언 반박
이란군 “트럼프 ‘호르무즈 열렸다’ 거짓…선박 3척 회항”,World,이란 트럼프 호르무즈 열리다 거짓 선박 회항
"""美 '최후의 일격' 준비""‥'요충지 타격' 지상전 시나리오는?",World,최후 일격 준비 요충지 타격 지상전 시나리오
"美 ""1만 명 추가 파병 검토"" vs 이란 ""100만 병력 준비""‥지상전 번지나",World,추가 파병 검토 이란 병력 준비 지상전 번지
"이스라엘, 이란 해군 미사일·기뢰 생산시설 폭격…“중대한 타격 입혔다”",World,이스라엘 이란 해군 미사일 기뢰 생산 시설 폭격 중대하다 타격 입히다
이란전 한 달째…트럼프 “발전소 파괴 시한 4월 6일까지 연장”,World,이란 트럼프 발전소 파괴 시한 연장
“美달러말고 中위안화 내면 통과” 호르무즈 막혔다더니…몇몇 선박 빠져나갔다,World,달러 위안화 내면 통과 호르무즈 막히다 몇몇 선박 빠져나가다
"독일 외무장관 “미·이란, 파키스탄에서 곧 협상할 듯”",World,독일 외무 장관 밉다 이란 파키스탄 협상
"""나쁜 선택지 아니면 더 나쁜 선택지 뿐""...이란 숨통 조이려는 작전 [Y녹취록]",World,나쁘다 선택 나쁘다 선택 이란 숨통 조이다 작전 녹취록
"中, 대사관 침입에 공세 높여…""日, 어물쩍 넘겨"" 비난(종합)",World,대사관 침입 공세 높이다 넘기다 비난 종합
"""한국은 비적대국"" 하지만…미국과 '하나라도 얽히면' 차단",World,한국 비적 대국 미국 얽히다 차단
"""트럼프 평화위, 가자지구 단계적 무장해제안 하마스에 전달""",World,트럼프 평화 가자지구 단계 무장해제 하마스 전달
"""트럼프, 보병·기갑부대 1만 명 추가 검토""…미, UAE서 기동훈련",World,트럼프 보병 기갑부대 추가 검토 밉다 서다 기동 훈련
"트럼프, 이란 발전소 초토화 열흘 또 보류…""이란이 구걸""",World,트럼프 이란 발전소 초토화 열흘 보류 이란 구걸
후티 “신에 대한 의지로 대응”…석유 위기 증폭,World,후티 의지 대응 석유 위기 증폭
협상과 동시에 '최후의 일격' 준비…미국 '1만 병력 더' 검토,World,협상 동시 최후 일격 준비 미국 병력 검토
“유럽노선 항공 2천900편 더 늘리겠다” 이 시국에 배짱?…알고 보니,World,유럽 노선 항공 늘리다 시국 배짱
우크라 지원무기 중동으로…트럼프 뒤끝?,World,크다 지원 무기 중동 트럼프 뒤끝
“美 최후 일격은 섬 점령”…5곳 거론,World,최후 일격 점령 거론
"독일 외무장관 “미·이란 회담, 파키스탄서 곧 열릴 듯”",World,독일 외무 장관 밉다 이란 회담 파키스탄 열리다
"日 관방장관과 기자의 이례적 설전‥""왈츠는 제3자다""?",World,관방 장관 기자 이례 설전 왈츠 자다
"트럼프, 기어이 중동 늪에 빠지나…이란에 지상군 1만명 추가 파견?[트럼프 2기]",World,트럼프 기어이 중동 빠지다 이란 지상군 추가 파견 트럼프
이란 내 보수 원리주의 세력 확장…협상 반대 여론 확산,World,이란 보수 원리 주의 세력 확장 협상 반대 여론 확산
[자막뉴스] 보병·기갑 1만 명 추가로 중동 가나...참전 쇄도하는 이란 '결사항전',World,자막 뉴스 보병 기갑 추가 중동 가나 참전 쇄도 이란 결사 항전
지상군 투입 어디로? 핵시설 vs 하르그섬…시나리오 가시화,World,지상군 투입 시설 르그 시나리오 가시
美 ‘1만명’ 추가파병 검토 vs 이란 ‘100만 대군’ 조직,World,추가 파병 검토 이란 대군 조직
트럼프 공습 또 연기… 협상 vs 지상전 기로,World,트럼프 공습 연기 협상 지상전
"[차이나워치] 트럼프, 5월 중순 방중 카드…中, 美 관망 속 '거리두기'",World,차이나 워치 트럼프 중순 방중 카드 관망 거리 두기
[뉴스특보] 공습 연기에도 지상전 그림자…협상과 불신 기싸움,World,뉴스특보 공습 연기 지상전 그림자 협상 불신 싸움
미 '지상전' 카드 만지작? vs 이란 '100만 병력 결집',World,밉다 지상전 카드 이란 병력 결집
"이스라엘, 이란 해상 무기 거점 공습…“미사일·기뢰 시설 폭격”",World,이스라엘 이란 해상 무기 거점 공습 미사일 기뢰 시설 폭격
총쏘고 유탄 던지는 중국 로봇…전장 누비는 ‘늑대’ 떴다,World,쏘다 유탄 던지다 중국 로봇 전장 누비 늑대 뜨다
"“일부 선박, 위안화 내고 호르무즈 통과”…‘돈 내면 테러 지원, 안내면 피격’ 해운사 진퇴양난",World,일부 선박 위안화 내다 호르무즈 통과 내면 테러 지원 안내면 피격 해운 진퇴양난
"전쟁 4주 만에 ‘경고등’…트럼프, 이란전 한 달 내 끝내야 하는 이유",World,전쟁 고등 트럼프 이란 끝내다 이유
"“4월 6일까지 협상”…트럼프, 시한 연장하면서 지상전 위협·이란 압박",World,협상 트럼프 시한 연장 지상전 위협 이란 압박
러시아·중국 어부지리?...제재는 피하고 실리는 챙기고,World,러시아 중국 어부지리 제재 피하 실리다 챙기다
"“트럼프, 전쟁 계속하라”… 네타냐후와 빈 살만, 이란 신정체제 붕괴에 의기투합",World,트럼프 전쟁 계속 네타냐후 이란 신정 체제 붕괴 의기 투합
"中 ""자위대원, 칼들고 中대사관 잠복…日, 책임있는 해명 필요""(종합)",World,자위대 대사관 잠복 책임 해명 필요 종합
UAE “호르무즈 봉쇄 풀 ‘다국적 연합군’ 참여”…중동 각국 설득도,World,호르무즈 봉쇄 다국적 연합군 참여 중동 각국 설득
"공화당도 뛰쳐나왔다…트럼프, 이란에 지상군 투입하나 [핫이슈]",World,공화당 뛰다 치다 나오다 트럼프 이란 지상군 투입 핫이슈
"미사일-유탄 쏘며 시속 15km 달리는 ‘로봇 늑대’ 나왔다…中, 시가전 훈련 공개",World,미사일 유탄 쏘다 시속 달리다 로봇 늑대 나오다 시가전 훈련 공개
"로이터 “中 파운드리 SMIC, 이란 군부에 반도체 제조장비 공급”",World,로이터 파운드리 이란 군부 반도체 제조 장비 공급
대화→공격→유예→증원…입만 열면 말 바꿨다,World,대화 공격 유예 증원 열다 바꾸다
"이스라엘 ""끝을 보겠다"" vs 美 ""협상 순조롭게 진행중""",World,이스라엘 협상 진행중
"이란 ""협상은 기만술""…지상침공 대비 '총동원'",World,이란 협상 지상 침공 대비 총동원
“전세계 핵무기 1만기 운용중 히로시마 원폭 13.5만개 위력”,World,전세계 핵무기 만기 운용 히로시마 원폭 위력
개인에 30% 풀고 로켓발사 참관까지…머스크의 ‘IPO 쇼’,World,개인 로켓 발사 참관 머스크
“아이 장난감 하나 때문에” 비행기 놓치고 350만원까지 날린 가족,World,장난감 비행기 놓치다 만원 날리다 가족
"""중동 美기지 손상심해 호텔 전전""…이란 ""미군 투숙시 호텔도 표적""(종합)",World,중동 기지 손상 심해 호텔 전전 이란 미군 투숙 호텔 표적 종합
"[영상] ""미사일 발사기까지 탑재""⋯중국 '로봇 늑대' 뭐길래",World,영상 미사일 사기 탑재 중국 로봇 늑대 뭐길
"美 ""中 파운드리기업 SMIC, 이란 군부에 칩 제조기술 공급""(종합)",World,파운드리 기업 이란 군부 제조 기술 공급 종합
[영상] '눈에는 눈' 이란이 노린 이스라엘 비밀 핵시설,World,영상 이란 노리다 이스라엘 비밀 시설
트럼프 '지상전' 카드 vs 이란 '100만 병력 결집',World,트럼프 지상전 카드 이란 병력 결집
'공격 유예' 연막치고 지상군 파병…이란 급소 노리는 트럼프,World,공격 유예 연막 지상군 파병 이란 급소 노리다 트럼프
중국 항공사 이란전쟁 수혜…러시아 영공 지나는 유럽노선 2천900편↑,World,중국 항공사 이란 전쟁 수혜 러시아 영공 지나다 유럽 노선
"이스라엘, 탄도미사일 생산 등 테헤란 심장부 겨냥 공습",World,이스라엘 탄도미사일 생산 테헤란 심장 겨냥 공습
"이스라엘, 이란 해군 미사일·기뢰 생산시설 폭격",World,이스라엘 이란 해군 미사일 기뢰 생산 시설 폭격
"""한국 업체들 특히 위험해"" 삼전·닉스 불똥 튈까…전쟁에 헬륨 공급 흔들",World,한국 업체 위험하다 삼전 닉스 불똥 튀다 전쟁 헬륨 공급 흔들다
"또 10일 연장된 전쟁... ""4월 8일 분수령, 변곡점 놓치면 10년 갈 수도""",World,연장 전쟁 분수령 변곡점 놓치다 갈다 수도
"이란 체제, 성직자에서 혁명수비대로 '권력 중심' 이동...""더 적대적""",World,이란 체제 성직자 혁명 수비 권력 중심 이동 적대
트럼프 “군함 안 보낸 나토에 크게 실망…기억하겠다” 뒤끝,World,트럼프 군함 보내다 나토 크게 실망 기억 뒤끝
"‘호르무즈 톨게이트’ 진짜였다···이란, ‘30억원’ 받고 혁명수비대 호위 속 통과",World,호르무즈 톨게이트 진짜 이란 억원 받다 혁명 수비대 호위 통과
"""중동미군, 기지 파괴돼 호텔서 근무…3주간 피해액 4조원대""",World,중동 미군 기지 파괴 돼다 호텔 근무 주간 피해 원대
"美 ""지상군 1만명 추가 투입"" vs 이란 ""100만명 준비""(종합)",World,지상군 추가 투입 이란 준비 종합
"러시아 영공 통과 中항공사, 이란 전쟁에 최대 수혜",World,러시아 영공 통과 항공사 이란 전쟁 최대 수혜
"지상전 사전포석? 이스라엘, 이란 해군 시설 집중 공습",World,지상전 사전 포석 이스라엘 이란 해군 시설 집중 공습
"트럼프, 6주내 전쟁 끝낸다?... 이라크戰 닮아가는 이란戰",World,트럼프 주다 전쟁 끝내다 이라크 닮다 이란
"이란 공격받은 UAE, '다국적 연합군' 구성…호르무즈 해협 개방 추진",World,이란 공격 받다 다국적 연합군 구성 호르무즈 해협 개방 추진
“우크라전 도왔는데 도움 못받아” 트럼프의 뒤끝…동맹국에 보복조치도 시사,World,크다 오다 도움 받다 트럼프 뒤끝 동맹국 보복조치 시사
"트럼프, '열흘 시한' 최후통첩…이란 “지상전 대비 100만명 조직”",World,트럼프 열흘 시한 최후 통첩 이란 지상전 대비 조직
러시아 하늘 나는 中항공사 이란전쟁 수혜…유럽노선 2천900편↑,World,러시아 하늘 항공사 이란 전쟁 수혜 유럽 노선
"지상전? 이란 '우리도 100만 병력 준비돼있다""",World,지상전 이란 병력 준비 돼다
호르무즈 ‘톨게이트’…통행료 내면 혁명수비대가 호위해 통과,World,호르무즈 톨게이트 통행료 내면 혁명 수비대 호위 통과
정권교체·최후통첩 외치다 돌연 변덕... 오락가락 트럼프에 시장 '출렁',World,정권 교체 최후 통첩 외치 돌연 변덕 오락가락 트럼프 시장
"[자막뉴스] ""뭉치자"" UAE, '다국적 연합군' 구성해 호르무즈 해협 개방 추진",World,자막 뉴스 뭉치 다국적 연합군 구성 호르무즈 해협 개방 추진
[자막뉴스] 미국도 곡소리나는 와중...러시아·중국 웃게 한 트럼프,World,자막 뉴스 미국 리나 와중 러시아 중국 웃다 트럼프
한달 앞둔 중동 사태…‘트럼프식 거래법’ 언제까지?,World,앞두다 중동 사태 트럼프 거래
트럼프의 오락가락…협상술? 혼선? 전 세계도 '갈팡질팡',World,트럼프 오락가락 협상 혼선 세계 갈팡질팡
"협상 압박?‥""이란 공격 4월 6일까지 유예""",World,협상 압박 이란 공격 유예
‘기름값 막으려다 곳간 비어간다’...전쟁발 에너지 쇼크 대응 비용 급증 우려,World,기름값 막다 곳간 비어 간다 전쟁 에너지 쇼크 대응 비용 급증 우려
"'반격 능력' 키우기 잰걸음 일본, 토마호크 발사 가능케 호위함 개조",World,반격 능력 키우다 재다 걸음 일본 토마호크 발사 가능 호위함 개조
이란 “지상군 100만명 결집…美에 지옥 선사할 것”,World,이란 지상군 결집 지옥 선사
"""UAE, 중동 각국에 '호르무즈 안보군' 참여 설득…바레인 동참""",World,중동 각국 호르무즈 안보 참여 설득 바레인 동참
사드·에이태큼스 한 달도 못버티나…미군 미사일 고갈 '비상',World,사드 에이 큼스 달도 버티다 미군 미사일 고갈 비상
"[영상] ""이란 미사일 재고 수백발""…첨단 '카셈 바시르' 등 투입도 안돼",World,영상 이란 미사일 재고 백발 첨단 크다 시르다 투입 돼다
"""일부 선박, 위안화로 통행료 내고 호르무즈 통과""",World,일부 선박 위안화 통행료 내다 호르무즈 통과
“지옥 불러오겠다”더니 미 증시 ‘지옥불 하락’에 놀랐나···트럼프 ‘열흘 연기’ 배경은,World,지옥 불다 더니 밉다 증시 지옥불 하락 트럼프 열흘 연기 배경
"""다 모여, 호르무즈 뚫자""…이란 미사일 맞고 흑화한 UAE, 다국적 연합군 추진",World,모이다 호르무즈 뚫다 이란 미사일 맞다 흑화 다국적 연합군 추진
미국 공습 안 통했나…이란 미사일 기지 앞 뿌려진 ‘지뢰’의 정체 [밀리터리+],World,미국 공습 이란 미사일 기지 뿌리다 지뢰 정체 밀리터리
"“추가 좌석 구매해라”… 美 항공사, '큰 체형' 고객 탑승권 취소",World,추가 좌석 구매 항공사 크다 체형 고객 탑승권 취소
"""일부 선박, 이란 '호르무즈 통행료' 위안화로 지불""",World,일부 선박 이란 호르무즈 통행료 위안화 지불
"FT “UAE, 호르무즈 해협 개방 위해 ‘다국적 연합군’ 구성 추진”",World,호르무즈 해협 개방 다국적 연합군 구성 추진
"UAE, 호르무즈 재개방·이란 대응 ‘다국적 연합군’ 추진",World,호르무즈 재개 이란 대응 다국적 연합군 추진
아직 한발 남았다?…이란의 최첨단 미사일 행방에 의문 증폭,World,남다 이란 최첨단 미사일 행방 의문 증폭
[자막뉴스] 무서운 수준의 벌떼 공격...궁지 몰린 이란에 '동아줄',World,자막 뉴스 무섭다 수준 벌떼 공격 궁지 몰리다 이란 동아
인도 정부 ‘비축량 충분’ 강조해도…주유소마다 석유 사재기,World,인도 정부 비축 충분 강조 주유소 석유 사재기
[뉴스특보] 데드라인 또 미룬 트럼프…'열흘' 중대 분수령,World,뉴스특보 데드라인 미루다 트럼프 열흘 중대 분수령
"""위안화로 통행료 내고 호르무즈 통과""",World,위안화 통행료 내다 호르무즈 통과
"이란 ""지상군 100만 준비 끝…'역사적 지옥' 보여줄 것""",World,이란 지상군 준비 역사 지옥 보여주다
협상 실패시 트럼프의 선택지는…결국 지상군 투입?,World,협상 실패 트럼프 선택 지상군 투입
"[중동 전쟁] 美, '종전 협상' 와중에…“중동 병력 1만명·장갑차 투입 검토”",World,중동 전쟁 종전 협상 와중 중동 병력 장갑차 투입 검토
"“중국 파운드리기업 SMIC, 이란 군부에 칩 제조기술 공급”",World,중국 파운드리 기업 이란 군부 제조 기술 공급
'세계 2위 전력반도체 연합 탄생?' 日롬·도시바·미쓰비시 통합 협의,World,세계 전력 반도체 연합 탄생 도시바 미쓰비시 통합 협의
"""일부 선박, 위안화로 통행료 내고 호르무즈 통과""",World,일부 선박 위안화 통행료 내다 호르무즈 통과
"UAE, 호르무즈 개방 '다국적 연합군' 추진…바레인도 가세",World,호르무즈 개방 다국적 연합군 추진 바레인 가세
"""유가 100불에 웃는다더니…"" 푸틴, 올리가르히 대상 '돈 내라' 압박",World,유가 웃다 푸틴 올리다 가르다 대상 압박
“전쟁 덕에 3조 쓸어담았다”…전세계 기름값 공포 속 조용히 웃는 ‘이 나라’,World,전쟁 쓸다 담다 전세계 기름값 공포 조용하다 웃다 나라
"“AI 시대엔 변호사보다 배관공… 손기술 천대하던 시대 끝났다""",World,시대 변호사 배관 기술 천대 시대 끝나다
[줌인] ‘망한 전쟁’ 아니다… 美서 이란전 ‘영리한 승리’ 선방론 부상,World,망하다 전쟁 서다 이란 영리하다 승리 선방 부상
"자취 감춘 이란 최종병기들 ""테헤란 아껴두고 있나""",World,자취 감추다 이란 최종병기 테헤란 아끼다 두다
"""김정은, 북미회담 상당히 잘 대처…오바마·트럼프 통역 어려웠다""",World,김정은 북미 회담 상당하다 자다 대처 오바마 트럼프 통역 어렵다
"호르무즈해협 장악한 이란, 추가적 군사 조치 취할 능력은 급속히 감소",World,호르무즈 해협 장악 이란 추가 군사 조치 취할 능력 급속하다 감소
"""트럼프, 세계 경기침체 촉발""…'골프 친구' 핀란드 대통령의 직격",World,트럼프 세계 경기 침체 촉발 골프 친구 핀란드 대통령 직격
트럼프 '지상전' 카드 vs 이란 '100만 병력 결집',World,트럼프 지상전 카드 이란 병력 결집
"‘전쟁 겉으로만 말리는 척?’ 유럽, 군사 기지마다 美 폭격기·항모 사용허가",World,전쟁 말리다 유럽 군사 기지 폭격기 항모 사용 허가
"""반도체 제조에 필수""…중동사태 장기화 땐 '초비상' 전망",World,반도체 제조 필수 중동 사태 장기 초비상 전망
후티 참전시 홍해 봉쇄로 한국 경제 위기 심화 우려,World,후티 참전 홍해 봉쇄 한국 경제 위기 심화 우려
반도체에 불똥 튀나…이란 전쟁 장기화 땐 헬륨 공급 차질,World,반도체 불똥 튀다 이란 전쟁 장기 헬륨 공급 차질
"이란 “美, 역사적 지옥 맛보게 해주마…지상군 100만명 준비”",World,이란 역사 지옥 맛보다 해주다 지상군 준비
"""UAE, '다국적 연합군' 구성해 호르무즈 해협 개방 추진""",World,다국적 연합군 구성 호르무즈 해협 개방 추진
"'돈줄' 하르그 넘어 '길목' 라라크까지…트럼프, 이란 경제·군사 거점 정조준",World,돈줄 르그 넘다 길목 라라 크다 트럼프 이란 경제 군사 거점 조준
"[자막뉴스] ""무기가 없다"" 종전 못 하면 '끝장'…트럼프 서두르는 이유 나왔다",World,자막 뉴스 무기 종전 끝장 트럼프 서두르다 이유 나오다
지상전 최후수단 되나…협상 실패시 트럼프 선택지 비관적,World,지상전 최후 수단 협상 실패 트럼프 선택 비관
"""연료 비축량 충분"" 인도 정부 발표에도 주유소마다 석유 사재기(종합)",World,연료 비축 충분 인도 정부 발표 주유소 석유 사재기 종합
중동 변수에 갇힌 지도자들...네타냐후·트럼프 '동반 위기' [이슈톺],World,중동 변수 갇히다 지도자 네타냐후 트럼프 동반 위기 이슈 톺다
“결국 단종됐다”… 애플 상징 '맥 프로' 조용한 퇴장,World,단종 돼다 애플 상징 프로 조용하다 퇴장
또 물러선 트럼프…협상 전략인가 고육지책인가,World,물러서다 트럼프 협상 전략
"즉흥 발언에 번복도…“트럼프式 외교, 이란 전쟁서 한계”",World,즉흥 발언 번복 트럼프 외교 이란 전쟁 한계
"UAE, '다국적 연합군' 구성해 호르무즈 해협 개방 추진",World,다국적 연합군 구성 호르무즈 해협 개방 추진
"트럼프, 무기 떨어져서 손 내밀었나···“한 달이면 바닥”",World,트럼프 무기 떨어지다 내미다 달이 바닥
트럼프 중대 발표 전 수천억 차익 거래…“측근이 이익 챙긴 것”,World,트럼프 중대 발표 차익 거래 측근 이익 챙기다
"“이란 땅, 미군 묘지로 변할 것”…이란군, 美 지상전 검토에 경고",World,이란 미군 묘지 변하다 이란 지상전 검토 경고
"일본, 이지스함 토마호크 발사 능력 확보… 강화하는 반격능력",World,일본 이지스함 토마호크 발사 능력 확보 강화하다 반격 능력
"'이러려고 전쟁했나'...러시아, 원유 팔아 수조원 '잭팟'",World,전쟁 러시아 원유 수조 잭팟
"이란서 퍼지고 있는 '트럼프 암살'...""진짜 전쟁은 시작도 안 했다"" [Y녹취록]",World,이란 퍼지다 트럼프 암살 진짜 전쟁 시작 녹취록
반도체에 불똥튀나…중동전쟁 장기화 땐 헬륨 공급 차질(종합),World,반도체 불똥 튀다 중동전쟁 장기 헬륨 공급 차질 종합
공격 또 미룬 트럼프…'열흘의 협상' 뒤로 '최후의 일격' 준비,World,공격 미루다 트럼프 열흘 협상 최후 일격 준비
"""머스크, 스페이스X IPO에 월가 관행 깬다""",World,머스크 스페이스 관행 깨다
"美 ""中 파운드리기업 SMIC, 이란 군부에 칩 제조기술 공급""",World,파운드리 기업 이란 군부 제조 기술 공급
"이란 ""지상군 100만명 준비…美에 지옥 보여주겠다""",World,이란 지상군 준비 지옥 보여주다
"UAE, '호르무즈 안보군' 전격 참여…""이란의 에너지 인질극 끝내야""",World,호르무즈 안보 전격 참여 이란 에너지 인질 끝내다
"후티, 홍해 참전카드 만지작 '중동 전체로 확전 위기'",World,후티 홍해 참전 카드 중동 전체 확전 위기
"이란 “100만명 조직, 역사적 지옥” 경고…트럼프, 왜 공격 미뤘나 [핫이슈]",World,이란 조직 역사 지옥 경고 트럼프 공격 미루다 핫이슈
"트럼프, 이란전 종결 시한은 '한 달'…무기·전략 모두 소진 위기",World,트럼프 이란 종결 시한 무기 전략 소진 위기
"밴스 부통령 ""이란 재래식 군사력 사실상 괴멸…美 선택지 확대""",World,밴스 부통령 이란 재래식 군사력 괴멸 선택 확대
중동전쟁에 무기 소진된 美…결국 우크라 지원 축소 검토하나,World,중동전쟁 무기 소진 크다 지원 축소 검토
트럼프의 '최후의 일격' vs 이란 '100만 명 동원령'…지상전 긴장 최고조,World,트럼프 최후 일격 이란 동원령 지상전 긴장 최고
‘호르무즈 봉쇄 주역’ 해군사령관 사망에…파괴력 2배 자폭 드론 ‘아라시-2’ 날린 이란 [현장영상],World,호르무즈 봉쇄 주역 해군 사령관 사망 파괴 자폭 드론 아라시 날리다 이란 현장 영상
전쟁 여파로 아프간行 화물 컨테이너 1만개 두바이항에 발 묶여,World,전쟁 여파 아프간 화물 컨테이너 두바이 묶이다
"미 보병·기갑부대 1만명 파병? ""이란에 드론 고속정도 투입""",World,밉다 보병 기갑부대 파병 이란 드론 고속 정도 투입
"전쟁 시작해 놓고?...美국무 ""동맹국이 나서 해결해야"" 호르무즈 개방 동참 촉구",World,전쟁 시작 놓다 국무 동맹국 나서다 해결 호르무즈 개방 동참 촉구
"""이란전으로 올해 美성장률 0.3%P 하락""…파격 전망 나왔다",World,이란 올해 성장 하락 파격 전망 나오다
[뉴스특보] 트럼프 이란 공격 또 유예…압박 계속,World,뉴스특보 트럼프 이란 공격 유예 압박 계속
"미사일에 기지 손상돼 호텔 전전, 미군…이란 “투숙시 호텔도 표적”",World,미사일 기지 손상 돼다 호텔 전전 미군 이란 투숙 호텔 표적
1만 병력 더 중동으로?…'지상군 투입' 3가지 시나리오,World,병력 중동 지상군 투입 가지 시나리오
정부 못 믿고 사재기에 대혼란...인도 주유소는 난리통 그 자체 [지금이뉴스],World,정부 믿다 사재기 혼란 인도 주유소 난리 자체 뉴스
[자막뉴스] 대형 출혈 가능성...뜻대로 안 되자 '결정타' 감행 만지작,World,자막 뉴스 대형 출혈 가능성 결정 감행
"""美 이란에 쏟아부은 탄약만 39조원…핵심무기 부족 심각""",World,이란 쏟다 부다 탄약 조원 핵심 무기 부족 심각
친이란 후티 반군 위협에 확전 양상...유가 요동·뉴욕 증시 장외 급변동,World,후티 반군 위협 확전 양상 유가 요동 뉴욕 증시 장외 변동
이란 전쟁에 연료값 급등...美증시 주식 희비 쌍곡선,World,이란 전쟁 연료 급등 증시 주식 희비 쌍곡선
"""역사상 가장 정밀한 공중전"" 美 자찬에…가디언 ""100년전 폭격 이론 되풀이""",World,역사상 정밀 공중전 자찬 가디언 년전 폭격 이론 되풀이
2번째 공격 유예...국제유가 달래며 지상군 투입 조율?,World,공격 유예 국제 유가 달래다 지상군 투입 조율
트럼프 '지상전' 카드 vs 이란 '100만 병력 결집',World,트럼프 지상전 카드 이란 병력 결집
"'닥공' 이스라엘, 레바논 지상군 증파…수뇌부도 ""이러다 자멸""",World,닥공 이스라엘 레바논 지상군 증파 수뇌부 자멸
이란 “‘역사적 지옥’ 보여주마”…미 ‘지상전’ 대비 100만 전투원,World,이란 역사 지옥 보여주다 밉다 지상전 대비 전투원
"협상 압박?‥""이란 공격 4월 6일까지 유예""",World,협상 압박 이란 공격 유예
"이란 ""美 역사적 지옥 맛볼 것…지상군 100만명 준비 마쳤다""",World,이란 역사 지옥 맛보다 지상군 준비 마치다
이란 “미국 종전안에 답변 전달…지상전 대비 100만 전투원 조직”,World,이란 미국 종전 답변 전달 지상전 대비 전투원 조직
"“美의 이란 하르그섬 점령, 전쟁 확대·장기화 시킬것”",World,이란 르그 점령 전쟁 확대 장기
트럼프 “이란 협상 잘된다”더니…하르그섬 점령 욕심 못 버렸다 [핫이슈],World,트럼프 이란 협상 더니 르그 점령 욕심 버리다 핫이슈
갑자기 태도 바꾼 이유? 이란과 협상 앞둔 밴스의 자화자찬 [지금이뉴스],World,태도 바꾸다 이유 이란 협상 앞두다 밴스 자화자찬 뉴스
트럼프 “이란 발전소 공격 유예 10일 연장”…협상 국면 압박 계속,World,트럼프 이란 발전소 공격 유예 연장 협상 국면 압박 계속
"트럼프 공습 연기에도 지상전 그림자…""협상, 투입 시간벌기"" 관측도",World,트럼프 공습 연기 지상전 그림자 협상 투입 벌다 관측
"WSJ “트럼프 정부, 중동에 지상군 최대 1만명 증파 검토”",World,트럼프 정부 중동 지상군 최대 증파 검토
"무기 고갈에 발목 잡힌 트럼프…조기 휴전이냐, 최후 일격이냐",World,무기 고갈 발목 잡히다 트럼프 조기 휴전 최후 일격
"전쟁 뒤 미 증시 최대 하락한 날…트럼프, 공격 열흘 늦췄다",World,전쟁 밉다 증시 최대 하락 트럼프 공격 열흘 늦추다
"""미사일 발사기도 탑재"" 중국이 깜짝 공개한 '로봇 늑대'",World,미사일 발사 기도 탑재 중국 깜짝 공개 로봇 늑대
‘동아시아 전역 사거리’ 日무기 개발 美 전폭 지원,World,동아시아 전역 사거리 무기 개발 지원
"“우크라전 도왔는데 우린 도움 못 받아”…트럼프, 동맹국에 ‘뒤끝’",World,크다 오다 우린 도움 받다 트럼프 동맹국 뒤끝
이란 뽐내던 첨단무기 '아끼고 있나?',World,이란 뽐내다 첨단 무기 아끼다
트럼프 '지상전' 카드 vs 무기 고갈·기지 파괴 '이중고',World,트럼프 지상전 카드 무기 고갈 기지 파괴 이중고
타들어 가는 세계…‘에너지 전쟁’의 시대는 어떻게 다가왔나,World,들다 가다 세계 에너지 전쟁 시대 어떻다 다가오다
"[자막뉴스] ""기지 탈출해 호텔 전전""...역대급 피해 막심한 미군 상황",World,자막 뉴스 기지 탈출 호텔 전전 역대 피해 막심 미군 상황
"트럼프, 공격 유예 '무기소진' 때문?…“핵심무기 한달치뿐, 나머진 멍텅구리 폭탄”",World,트럼프 공격 유예 무기 소진 핵심 무기 달치 나머진 멍텅구리 폭탄
"""보복 조치도 가능""…中, 멕시코에 불공정 관세 경고",World,보복 조치 가능 멕시코 불공정 관세 경고
'종전 불확실성'에 뉴욕증시 하락…유가는 급등,World,종전 불확실 뉴욕증시 하락 유가 급등
"美 국방부, 중동 병력 1만 명 증파 논의… 對 이란 전면 압박",World,국방부 중동 병력 증파 논의 이란 전면 압박
"""중동 미군기지 병사들 호텔 전전""⋯최소 1조 원 피해",World,중동 미군기지 병사 호텔 전전 최소 피해
"미, 이란 석유통제권 장악?…'최후 일격'도 준비",World,밉다 이란 석유 통제 장악 최후 일격 준비
트럼프 시한 열흘 연장…'합의하라' 이란 압박,World,트럼프 시한 열흘 연장 합의 이란 압박
"""미국인들에 역사적 지옥으로 만들 것""...100만 대군 준비하는 이란의 경고 [지금이뉴스]",World,미국인 역사 지옥 만들다 대군 준비 이란 경고 뉴스
"中대사관 침입에 갈등 폭발, 中 “일본 여행 자제” 재차 경고",World,대사관 침입 갈등 폭발 일본 여행 자제 재차 경고
"병력 부족한 이스라엘...""전쟁 더 이어지면 자멸"" 경고 [지금이뉴스]",World,병력 부족하다 이스라엘 전쟁 이어지다 자멸 경고 뉴스
"中, 로봇늑대 시가전 훈련 공개…""미사일 발사기 탑재""",World,로봇 늑대 시가전 훈련 공개 미사일 사기 탑재
"""연료 비축량 충분"" 정부 발표에도 인도 주유소마다 석유 사재기",World,연료 비축 충분 정부 발표 인도 주유소 석유 사재기
이란 “지상군 100만명 준비... 美에 지옥 맛보게 해주겠다”,World,이란 지상군 준비 지옥 맛보다 해주다
한국 직접 거론 안했지만...동맹에 분노한 트럼프 '초강력 보복' 암시 [지금이뉴스],World,한국 직접 거론 동맹 분노하다 트럼프 강력 보복 암시 뉴스
트럼프 시한 열흘 연장…지상전 위협하며 '합의하라' 이란 압박,World,트럼프 시한 열흘 연장 지상전 위협 합의 이란 압박
"“트럼프, 유가 급등세 탈 때마다 ‘타코’”…백악관은 부인",World,트럼프 유가 급등 타코 백악관 부인
"“이란, 경제 질식공포 - 美, 원유리스크… 누가 오래 버티느냐 문제”",World,이란 경제 질식 공포 원유 리스크 버티다 문제
“싱가포르로 옮겼는데”…中 마누스 3조 거래 흔든 ‘창업자 출국 제한’,World,싱가포르 옮기다 마누스 거래 흔들다 창업 출국 제한
이란 “미국 종전안에 답변 전달…지상전 대비 100만 전투원 조직”,World,이란 미국 종전 답변 전달 지상전 대비 전투원 조직
"이스라엘, 레바논에 5개사단 투입…IDF ""군 붕괴 가능성, 추가징병 필요""",World,이스라엘 레바논 사단 투입 붕괴 가능성 추가 징병 필요
"공화당서도 이란전 제동…상원의원, '전쟁 승인 표결' 추진",World,공화당 서도 이란 제동 상원의원 전쟁 승인 표결 추진
트럼프 “이란 발전소 공격 유예 10일 연장”…협상 국면 압박 계속,World,트럼프 이란 발전소 공격 유예 연장 협상 국면 압박 계속
또 물러선 트럼프… 뒤에선 ‘하르그 점령’ 최후일격도 검토,World,물러서다 트럼프 르그 점령 최후 검토
6월 목표 스페이스X IPO…상장도 '괴짜' 머스크식으로?,World,목표 스페이스 상장도 괴짜 머스크
"이란 뽐내던 첨단무기 실종…""아직 아끼고 있나"" 촉각",World,이란 뽐내다 첨단 무기 실종 아끼다 촉각
"[영상] 이란 ""지상전 대비 100만명 조직""…""미국 '최후의 일격' 준비""",World,영상 이란 지상전 대비 조직 미국 최후 일격 준비
"WSJ “美 지상군 1만명과 장갑차, 중동 추가 파병 검토”",World,지상군 명과 장갑차 중동 추가 파병 검토
미 언론 “지상군 1만명 추가 파병 검토”…트럼프 ‘최후의 일격’ 노리나,World,밉다 언론 지상군 추가 파병 검토 트럼프 최후 일격 노리
"월가 사모대출 펀드런 확산…7조 ""못 줘""",World,사모 대출 펀드 확산 주다
"[영상] 이스라엘, 레바논 남부 집중공격…이란 해군사령관도 제거",World,영상 이스라엘 레바논 남부 집중 공격 이란 해군 사령관 제거
트럼프 “이란전 책임은 헤그세스”라더니…에너지 시설 공격 또 미뤘다 [핫이슈],World,트럼프 이란 책임 헤그세스 더니 에너지 시설 공격 미루다 핫이슈
"""하필 최악 시기에""…고부채·고금리 늪 빠진 지구촌, 유가에 '속수무책'",World,하필 최악 시기 부채 금리 빠지다 지구촌 유가 속수무책
이란 뽐내던 첨단무기 실종…주변국 '아직 아끼고 있나' 촉각,World,이란 뽐내다 첨단 무기 실종 변국 아끼다 촉각
후티 반군의 수에즈 운하 가는 바닷길 위협 더해지며 확전 양상...국제 유가 급등·뉴욕 증시 하락·환율 상승,World,후티 반군 수에즈 운하 가다 위협 더하다 확전 양상 국제 유가 급등 뉴욕 증시 하락 환율 상승
"이란전쟁발 미세먼지 습격, 숨 막힌다 [이규화의 지리각각]",World,이란 전쟁 미세먼지 습격 막히다 이규화 지리
"이란발전소 공격 또 유예...트럼프, 협상 교착 속 확전도 부담",World,이란 발전소 공격 유예 트럼프 협상 교착 전도 부담
日해상자위대 ‘원거리 타격 능력’ 확보…토마호크 올여름 시험발사,World,해상자위대 원거리 타격 능력 확보 토마호크 올여름 시험 발사
"""큰손들 슈퍼카 기다리는데""…호르무즈 막히자 '특단의 조치'",World,큰손 슈퍼카 기다리다 호르무즈 막히다 특단 조치
"석유 시장 뒤흔드는 트럼프 SNS…""사실은 정해진 패턴 있다""",World,석유 시장 흔들다 트럼프 정해진 패턴
[이번 주 뉴스메이커] 도널드 트럼프·크리스틴 라가르드·마이크 워스,World,뉴스메이커 도널드 트럼프 크리스틴 라가 르드 마이크 워스
"""美, 이란전 탄약 부족에 우크라 지원 무기 전용 검토""",World,이란 탄약 부족 크다 지원 무기 전용 검토
"‘전쟁반대론자’ 밴스, 트럼프 앞에서 ‘전쟁지지’… 이란전쟁 자화자찬",World,전쟁 반대론 밴스 트럼프 전쟁 지지 이란 전쟁 자화자찬
"""스페이스X가 온다""…머스크 '유니버스' 본격 시동",World,스페이스 가다 오다 머스크 유니버스 본격 시동
"""트럼프, 지상군 투입 기울어""…하르그섬 등 '최종타격' 점검",World,트럼프 지상군 투입 기울다 르그 최종 타격 점검
"""제3의 오일쇼크 올 수도""...美·이스라엘 목표와 정반대 국면 [이슈톺]",World,오일쇼크 오다 수도 이스라엘 목표 정반대 국면 이슈 톺다
"다급해진 이스라엘, '이란 군수산업 파괴'로 목표 변경[미국-이란 전쟁]",World,다급해지다 이스라엘 이란 군수 산업 파괴 목표 변경 미국 이란 전쟁
"""이란 폭격받은 중동 미군기지 손상 심각…병사들 호텔 전전""",World,이란 폭격 받다 중동 미군기지 손상 심각 병사 호텔 전전
"“탄약 부족 현실화”…美, 우크라이나 지원용 무기 중동 전환 검토[1일1트]",World,탄약 부족 현실 우크라이나 원용 무기 중동 전환 검토
"“남은 유조선 단 1척”…중동 의존 90% 일본, ‘석탄발전’ 늘리기로",World,남다 유조선 중동 의존 일본 석탄 발전 늘리다
"""트럼프, 중동에 보병·기갑부대 1만명 추가파병 검토""< WSJ>",World,트럼프 중동 보병 기갑부대 추가 파병 검토
"트럼프 잦은 말바꿈에 혼란한 자산시장…""투자자들 확신 못해""[미국-이란 전쟁]",World,트럼프 잦다 바꿈 혼란 자산 시장 투자자 확신 미국 이란 전쟁
“이란 폭격에 중동 미군기지 13곳 거주 불가…병사들 호텔 전전”,World,이란 폭격 중동 미군기지 거주 불가 병사 호텔 전전
"전략도 없고, 협상팀 구성도 문제…이란 전쟁에 한계 보인 트럼프 외교",World,전략 협상 구성 문제 이란 전쟁 한계 보이다 트럼프 외교
이란 전쟁에 조용히 웃는 '이 나라'…3조 쓸어담았다,World,이란 전쟁 조용하다 웃다 나라 쓸다 담다
"트럼프, 지상전 가나…특수부대 이어 ""1만 파병→하르그섬 점령 검토""",World,트럼프 지상전 가나 특수부대 파병 르그 점령 검토
[뉴스포커스] 중동발 위기 대응 총력…호르무즈 통행료 30억?,World,뉴스 포커스 중동 위기 대응 총력 호르무즈 통행료
또 멀어진 휴전…말발 떨어진 트럼프[미국-이란 전쟁],World,멀어지다 휴전 말발 떨어지다 트럼프 미국 이란 전쟁
이란 “美에 지옥 보여줄 것”…지상병력 100만명 조직,World,이란 지옥 보여주다 지상 병력 조직
막판 공세 이스라엘… 이란 무기 생산 시설 집중 공격,World,막판 공세 이스라엘 이란 무기 생산 시설 집중 공격
"""미국 에너지 콘퍼런스서도 이란 공격 비판 나와""",World,미국 에너지 콘퍼런스 서도 이란 공격 비판 나오다
美 F-18 노린 이란 미사일... 아슬아슬 스쳐 지나갔다,World,노리다 이란 미사일 아슬아슬 스치다 지나가다
나토에 분노한 미국...최후의 '플랜B' 가동하는 트럼프 [이슈톺],World,나토 분노하다 미국 최후 플랜 가동 트럼프 이슈 톺다
"""美 핵심무기 재고 한 달 치뿐…트럼프에 남는건 '멍텅구리 폭탄'""",World,핵심 무기 재고 트럼프 남다 멍텅구리 폭탄
"""100조 달러 빚의 역습""…기름값 폭탄에 각국 정부 '재정 둑' 무너지나",World,달러 역습 기름값 폭탄 각국 정부 재정 무너지다
"""지상군 1만 명 투입 검토""‥美 언론 ""기갑전력 포함""",World,지상군 투입 검토 언론 기갑 전력 포함
"트럼프 공격 유예, ‘무기 소진’ 때문?…“사드 198발 사용, 핵심무기 겨우 한달치”",World,트럼프 공격 유예 무기 소진 사드 사용 핵심 무기 달치
"美국무 ""동맹국이 나서 해결해야"" 호르무즈 개방 동참 재차 촉구",World,국무 동맹국 나서다 해결 호르무즈 개방 동참 재차 촉구
"“40일 버티는 나라가 먼저 멈췄다”… 에너지 전쟁, 이미 시작됐다",World,버티다 나라 먼저 멈추다 에너지 전쟁 시작 돼다
"'대선 3위' 대만 커원저, 징역형에 ""항복 안해""…정가 후폭풍",World,대선 대만 커원 징역형 항복 안해 정가 폭풍
"""시간 지날 수록 이란, 우위 점할 수 있다""",World,지나다 수록 이란 우위
美 '멍텅구리 포탄' 사용 불가피…한달내 핵심무기 소진,World,멍텅구리 포탄 사용 불가피 핵심 무기 소진
"트럼프, 이란 발전소 열흘 동안 안 때린다…""절박한 건 이란""",World,트럼프 이란 발전소 열흘 때리다 절박 이란
열흘 더 미룬 대이란 공격…협상 교착에 경제도 부담,World,열흘 미루다 이란 공격 협상 교착 경제 부담
"무기 급감에 협상 시도하나…“사드 198발 사용, 美핵심무기 겨우 한달치”",World,무기 급감 협상 시도 사드 사용 핵심 무기 달치
"[자막뉴스] ""이란 위해 참전 준비 완료""...공포 재발에 발작",World,자막 뉴스 이란 참전 준비 완료 공포 재발 발작
[자막뉴스] 베네수엘라 공습 때처럼...'갈팡질팡' 속 최후의 시나리오 준비,World,자막 뉴스 베네수엘라 공습 갈팡질팡 최후 시나리오 준비
"[속보]이란 “美지상전 대비, 100만명 모았다…지옥맛 보게 해줄 것”",World,속보 이란 지상전 대비 모으다 지옥 해주다
"""협상 원한다더니 왜 딴소리?""…트럼프, 이란 반응에 '당혹'",World,협상 원하다 소리 트럼프 이란 반응 당혹
"호르무즈 우회로 홍해도 막히나…후티 ""필요시 군사적 대응""",World,호르무즈 우회 홍해 막히다 후티 필요시 군사 대응
친이란 후티 반군 위협에 확전 양상...유가 급등·뉴욕 증시 하락,World,후티 반군 위협 확전 양상 유가 급등 뉴욕 증시 하락
"발전소 공격 재연기 진실공방…트럼프 ""이란이 요청""…중재국 ""요청 없었다""",World,발전소 공격 연기 진실 트럼프 이란 요청 중재 요청
"[뉴스특보] 트럼프 최후통첩 또 연장…""4월6일까지 중단""",World,뉴스특보 트럼프 최후 통첩 연장 중단
"미 육군, 사모펀드들과 손잡고 데이터센터 건설",World,밉다 육군 사모펀드 손잡다 데이터 센터 건설
"SCMP ""이란전쟁으로 에너지 가격 폭등 속 최대 수혜국은 러시아""",World,이란 전쟁 에너지 가격 폭등 최대 수혜 러시아
"출구마련 '비상' 걸렸다…""미 핵심무기 겨우 한달치""",World,출구 마련 비상 걸리다 밉다 핵심 무기 달치
"""1살에 핸들 잡고, 4살에 랠리카 운전""…7살 '레이싱 천재' 화제",World,핸들 잡고 랠리 운전 레이싱 천재 화제
이준석 “파병 대신 무기 보내 호르무즈 해협 항행 수호하자”,World,이준석 파병 대신 무기 보내다 호르무즈 해협 항행 수호
"트럼프 ""4월 6일까지 발전소 공격 또 유예""...6주 내 종전 추진?",World,트럼프 발전소 공격 유예 종전 추진
호르무즈 호위 작전 거부한 동맹국에 트럼프 “절대 잊지 않겠다” 보복 암시,World,호르무즈 호위 작전 거부 동맹국 트럼프 절대 잊다 보복 암시
"""100만 결집, 지옥 선사할 것""...협상 불구 이란 지상전 위기 최고조",World,결집 지옥 선사 협상 불구 이란 지상전 위기 최고
비난·격려가 동시에…다카이치의 '트럼프 맞춤형' 외교? [취재파일],World,비난 격려 동시 다카 치의 트럼프 맞춤 외교 취재 파일
"""하르그섬 점령은 위험""…장거리 이동·기뢰·방공망 '3중 리스크'",World,르그 점령 위험 장거리 이동 기뢰 방공 리스크
이란 “미국 종전안에 답변 전달…지상전 대비 100만 전투원 조직”,World,이란 미국 종전 답변 전달 지상전 대비 전투원 조직
"美, 중동에 1만명 추가 파병 검토…협상 혹은 확전 기로",World,중동 추가 파병 검토 협상 확전
"""재고 바닥나면 끝"" 중동 전쟁에 대만 '비닐봉지 대란'",World,재고 바닥나다 중동 전쟁 대만 비닐봉지 대란
"준비는 다 됐고, 트럼프 결정만 남았다…미 전쟁부 '최후 일격' 4가지 시나리오",World,준비 돼다 트럼프 결정 남다 밉다 전쟁 최후 일격 가지 시나리오
"""이란이 원해서""… 트럼프, 또다시 폭격 유예 [HK영상]",World,이란 원하다 트럼프 폭격 유예 영상
'이란 수출 전초기지' 점령? 트럼프의 결단에 '긴장' [지금이뉴스],World,이란 수출 초기 점령 트럼프 결단 긴장 뉴스
"日호위함, 美서 토마호크 발사 개조 완료…반격능력 강화 박차",World,호위함 서다 토마호크 발사 개조 완료 반격 능력 강화 박차
"“트럼프, 지상군 투입해 이란 항복시키려는 듯”",World,트럼프 지상군 투입 이란 항복
이란 “이스라엘 최대 발전소 미사일 공격…경고성”,World,이란 이스라엘 최대 발전소 미사일 공격 경고
이란 발전소 공격 또 유예한 트럼프…협상 교착 속 확전도 부담,World,이란 발전소 공격 유예 트럼프 협상 교착 전도 부담
‘고립주의→전쟁지지’ 바뀐 美부통령 …“이란 핵 막는 길” 자화자찬,World,고립 주의 전쟁 지지 바뀌다 부통령 이란 막다 자화자찬
“미국에 조지오웰식 법은 없다” 앤트로픽 손 들어준 법원…트럼프 정부 배제조치 차단,World,미국 조지오웰 앤트로픽 들어주다 법원 트럼프 정부 배제 조치 차단
"""트럼프, 유가 급등세 탈 때마다 '타코'했다""",World,트럼프 유가 급등 타코
"미 법원 ""앤트로픽 '공급망위험' 지정은 위법"" 제동",World,밉다 법원 앤트로픽 공급망 위험 지정은 위법 제동
"무기 급감도 협상배경?…""사드 198발 사용, 美핵심무기 겨우 한달치""",World,무기 급감 협상 배경 사드 사용 핵심 무기 달치
"고립주의였던 밴스 부통령도 ""이란 핵 막는 길"" 자화자찬",World,고립 주의 밴스 부통령 이란 막다 자화자찬
"트럼프, 동맹국에 불만 표출...""우크라이나 전쟁은 우리 전쟁 아냐""",World,트럼프 동맹국 불만 추다 우크라이나 전쟁 전쟁 알다
"트럼프, 결국 지상전 택하나…""1만명 추가 파병 고려""",World,트럼프 지상전 택하 추가 파병 고려
"中학자 ""美 '3개의 전쟁' 수렁…中, 10년이면 美경제 추월""",World,학자 전쟁 수렁 경제 추월
"이란전쟁에 한계 보인 트럼프식 외교…""상식 이탈로 위험 초래""",World,이란 전쟁 한계 보이다 트럼프 외교 상식 이탈 위험 초래
"""트펌프, 지상군 투입으로 기울어"" 이스라엘 언론",World,펌프 지상군 투입 기울다 이스라엘 언론
"이스라엘 매체 ""트럼프, 지상군 투입해 이란 항복시키려는 듯""",World,이스라엘 매체 트럼프 지상군 투입 이란 항복
"한국 언급 없었지만…트럼프 ""전쟁 안 나선 동맹국 기억"" 보복 예고",World,한국 언급 트럼프 전쟁 나선 동맹국 기억 보복 예고
"터보퀀트 충격 지속, 亞메모리주 이틀째 급락…키옥시아 10%↓",World,터보 퀀트 충격 지속 메모리 이틀 급락 키옥 시아
"트럼프, 호르무즈 파병 거부 동맹 또 압박…""잊지 않겠다""",World,트럼프 호르무즈 파병 거부 동맹 압박 잊다
"전선 너무 넓힌 이스라엘…참모총장도 ""자멸"" 우려",World,전선 넓히다 이스라엘 참모총장 자멸 우려
“전세계 운용 핵무기 약 1만기···히로시마 원폭 13만개 위력”,World,전세계 운용 핵무기 만기 히로시마 원폭 위력
후티 반군의 수에즈 운하 가는 바닷길 위협 더해지며 확전 양상...국제 유가 급등·뉴욕 증시 하락·환율 상승,World,후티 반군 수에즈 운하 가다 위협 더하다 확전 양상 국제 유가 급등 뉴욕 증시 하락 환율 상승
"트럼프 ""4월 6일까지 이란 발전소 안 때린다""…공격 유예 열흘 연장",World,트럼프 이란 발전소 때리다 공격 유예 열흘 연장
“이란 정권교체 단기간 내 불가능”…이스라엘군 인식 변화,World,이란 정권 교체 단기간 불가능 이스라엘군 인식 변화
이란 “미국 종전안에 답변 전달…지상전 대비 100만 전투원 조직”,World,이란 미국 종전 답변 전달 지상전 대비 전투원 조직
"'고립주의' 밴스도 '전쟁지지'…""이란 핵 막는 길"" 자화자찬",World,고립 주의 밴스 전쟁 지지 이란 막다 자화자찬
"협상 압박?‥""이란 공격 4월 6일까지 유예""",World,협상 압박 이란 공격 유예
"이란, 호르무즈 이어 홍해도 봉쇄 위협",World,이란 호르무즈 홍해 봉쇄 위협
日 전력반도체 '메머드급' 연합 탄생…세계 2위 노린다,World,전력 반도체 머드 연합 탄생 세계 노리다
"이스라엘, 다중 전선에 병력 고갈…“자멸 경고” 속 전쟁 목표 수정",World,이스라엘 다중 전선 병력 고갈 자멸 경고 전쟁 목표 수정
"美법원 ""앤트로픽 '공급망위험' 지정은 위법""…美정부 조치 제동",World,법원 앤트로픽 공급망 위험 지정은 위법 정부 조치 제동
"""이러다 자멸""...이스라엘 전선 확대, 군도 '우려'",World,자멸 이스라엘 전선 확대 군도 우려
"[월드앤이슈] 트럼프 ""새 시한은 4월 6일""…협상 타결 불투명",World,월드 이슈 트럼프 시한 협상 타결 불투명
"“쇠락한 천조국 美, ‘3개의 전쟁’ 수렁…中이 곧 추월한다” 전망 나온 이유",World,쇠락 천조국 전쟁 수렁 추월 전망 나오다 이유
"이스라엘, 전선 너무 넓혔나···군 수뇌부도 “붕괴 직전” 우려",World,이스라엘 전선 넓히다 수뇌부 붕괴 직전 우려
"""이란 공격! 헤즈볼라도 공격!…이스라엘 군 ""저기, 병력이 없는데요""",World,이란 공격 헤즈볼라 공격 이스라엘 병력
이란 전쟁의 나비효과…K-반도체 생산 차질 생긴다? [스프],World,이란 전쟁 나비효과 반도체 생산 차질 생기다 스프
갤런당 '5달러' 고유가에 시달리는 美…중간선거 아킬레스건 되나?,World,갤런 달러 유가 시달리다 중간 선거 아킬레스건
“호르무즈 항행 복원”… 프랑스 주도 韓 등 35개국 호위 작전 채비,World,호르무즈 항행 복원 프랑스 주도 개국 호위 작전 채비
"트럼프, 호르무즈 군함 파병 지원 않은 동맹국들에 ""기억하겠다""",World,트럼프 호르무즈 군함 파병 지원 동맹국 기억
"워런, 워시 연준 의장 후보자 맹비난…""실패서 아무것도 못 배워""",World,워런 워시 의장 후보자 맹비 실패 배우다
"뉴욕증시, 종전 기대감 약화에 일제히 하락...나스닥 '조정 국면'",World,뉴욕증시 종전 대감 약화 일제 하락 나스닥 조정 국면
"참모총장마저도 ""자멸한다""…병력 부족 심각해진 이스라엘",World,참모총장 자멸 병력 부족 심각해지다 이스라엘
'48시간→5일→10일'…타코 논란 속 '열흘'이 중대분수령[영상],World,타코 논란 열흘 중대 분수령 영상
"이란 ""호르무즈 지나는 배 1회 30억 내라""…통행료 10조 수입 예상",World,이란 호르무즈 지나다 통행료 수입 예상
“지옥 맛보게 해주겠다”…지상전 가능성에 100만명 동원한 이란의 경고,World,지옥 맛보다 해주다 지상전 가능성 동원 이란 경고
"美, 이란 대응해 무인 함정 실전 투입…드론 전쟁 해상으로",World,이란 대응 무인 함정 실전 투입 드론 전쟁 해상
"“미 국방부, 이란전에 ‘우크라 지원용 무기’ 전용 검토”",World,밉다 국방부 이란 크다 원용 무기 전용 검토
"이란, 바레인과 UAE 미군 수용 호텔들에 군사작전 목표로 ""최후 통첩""",World,이란 바레인 미군 수용 호텔 군사작전 목표 최후 통첩
[김대호 박사의 오늘의 키워드] 트럼프 최후통첩·터보퀀트 충격·나프타 수출통제,World,김대호 박사 오늘 워드 트럼프 최후 통첩 터보 퀀트 충격 나프타 수출 통제
"트럼프 ""이란발전소 공격 4월 6일까지 중단하겠다…대화, 아주 잘 진행되고 있어""",World,트럼프 이란 발전소 공격 중단 대화 자다 진행
"전선 너무 넓힌 이스라엘…참모총장마저도 ""자멸한다"" 우려",World,전선 넓히다 이스라엘 참모총장 자멸 우려
“히로시마 원폭 13만5000개 위력”…운용 중인 전세계 핵무기 수는,World,히로시마 원폭 위력 운용 중인 전세계 핵무기
"日이지스함, 토마호크 순항미사일 발사능력 갖춰…美서 개조 완료",World,이지스함 토마호크 순항미사일 발사 능력 갖추다 서다 개조 완료
"월가 보너스 3.8억 '사상 최고' 찍었는데…뉴욕시 한숨, 왜?",World,보너스 사상 최고 찍다 뉴욕시 한숨
"트러프, 결정만 남았다…하르그 침공 등 '최후일격'",World,러프 결정 남다 르그 침공 최후
“전 세계 핵무기 1만기 운용중…히로시마 원폭 13만개 위력”,World,세계 핵무기 만기 운용 히로시마 원폭 위력
"트럼프 '뒤끝' ""나토 기억하겠다""...韓도 불똥 튀나",World,트럼프 뒤끝 나토 기억 불똥 튀다
"이란 ""100만 병력 결집…미군에 지옥 안겨주겠다""",World,이란 병력 결집 미군 지옥 안기다
"엔비디아 오늘도 4% 이상 급락, 시총 4조달러 붕괴하나(상보)",World,엔비디아 오늘 급락 달러 붕괴하다 상보
"""장기전 가기엔…"" 미국, 이란 공격 시나리오 3가지 부상",World,장기전 가기 미국 이란 공격 시나리오 가지 부상
美 제재는 멀고 中 지원은 달콤… 아세안 권위주의 정권 득세  배경은 [아세안속으로],World,제재 멀다 지원 달콤 아세안 권위 주의 정권 득세 배경 아세안
트럼프 “우크라전도 미국 전쟁 아냐”···호르무즈 협조 불응에 뒤끝,World,트럼프 크다 전도 미국 전쟁 알다 호르무즈 협조 불응 뒤끝
"이연향 ""김정은·트럼프, 해결 의지 있었다""…하노이 '노딜' 내막",World,김정은 트럼프 해결 의지 하노이 노딜 내막
"[트럼프 스톡커] 증시 마감 맞춘 대통령 변덕, 2주 더 ‘일희일비’",World,트럼프 스톡 크다 증시 마감 맞추다 대통령 변덕 희다 일비
"트럼프 ""이란 공격 유예 열흘 또 연장""...4월 종전 가능성",World,트럼프 이란 공격 유예 열흘 연장 종전 가능성
"트럼프 ""군함 파견 안한 동맹국 기억하겠다"" 거듭 경고",World,트럼프 군함 파견 동맹국 기억 거듭 경고
트럼프 방중 일정 재확정… 이란 분쟁 종식 여부가 변수,World,트럼프 방중 일정 확정 이란 분쟁 종식 변수
"[비즈 나우] '터보퀀텀 쇼크'…삭풍일까, 호재일까?",World,비즈 나우 터보 퀀텀 쇼크 삭풍 재일 끄다
"""세계 핵무기 1만기…히로시마 원폭 13만5천개 위력""",World,세계 핵무기 만기 히로시마 원폭 위력
"[부자들의 투자노트] BMO ""달러, 향후 3~6개월간 강세 전망""",World,부자 투자 노트 달러 향후 월간 강세 전망
"[뉴스특보] 트럼프, 공격유예 열흘 연장…협상은 난항",World,뉴스특보 트럼프 공격 유예 열흘 연장 협상 난항
"홍해 바닷길도 막히나…예멘 후티 반군 ""이란과 연대, 필요시 참전""",World,홍해 막히다 예멘 후티 반군 이란 연대 필요시 참전
"이란 협상 또 연장한 트럼프, ""4~6주"" 전쟁 시간표 지킬까?",World,이란 협상 연장 트럼프 전쟁 시간표 지키다
"트럼프 ""열흘간 이란 안 때린다""…주말 '깜짝 휴전' 가능성도",World,트럼프 열흘 이란 때리다 주말 깜짝 휴전 가능성
"트럼프, 기어코 美 지폐에 자기 서명 '165년 전통 파괴'",World,트럼프 기어 지폐 서명 전통 파괴
"“파병은 전쟁 중에 해야, 기억하겠다”…동맹국에 경고 날린 트럼프",World,파병 전쟁 기억 동맹국 경고 날리다 트럼프
후티 반군의 수에즈 운하 가는 바닷길 위협 더해지며 확전 양상...국제 유가 급등·뉴욕 증시 하락·환율 상승,World,후티 반군 수에즈 운하 가다 위협 더하다 확전 양상 국제 유가 급등 뉴욕 증시 하락 환율 상승
"터보퀀트 충격, 메모리주 폭락에 반도체지수도 5% 급락(종합)",World,터보 퀀트 충격 메모리 폭락 반도체 수도 급락 종합
또 물러선 트럼프…'타코' 논란 가열 전망,World,물러서다 트럼프 타코 논란 가열 전망
"이스라엘, 레바논 남부 지상군 증파···5개 사단으로 늘어",World,이스라엘 레바논 남부 지상군 증파 사단 늘다
"트럼프 '최후통첩' 시한 또 연장…""4월 6일까지""",World,트럼프 최후 통첩 시한 연장
“이대로 가면 5월에 끝장”…‘이란 전쟁’에 세계최초 비상사태 선포한 이 나라,World,가면 끝장 이란 전쟁 세계 최초 비상 사태 선포 나라
메모리주 일제 폭락에 엔비디아도 4% 이상 급락,World,메모리 일제 폭락 엔비디아 급락
"트럼프, 대이란 위기 속 또 횡설수설에 백악관 리스크 부각",World,트럼프 이란 위기 횡설수설 백악관 리스크 부각
"3차례 북미회담 통역 이연향 ""두 정상 솔직했고 화기애애""",World,차례 북미 회담 통역 정상 솔직하다 화기 애애
"[마켓 브리핑] 트럼프, 장 마감 후 ""이란 공격 열흘 더 보류""",World,마켓 브리핑 트럼프 마감 이란 공격 열흘 보류
"美 국방부, 이란 해역에 자폭 무인함 첫 실전 배치",World,국방부 이란 해역 자폭 무인 실전 배치
"이스라엘 전선 확대…이란, 지상전 준비 돌입",World,이스라엘 전선 확대 이란 지상전 준비 돌입
트럼프 “4월6일 오후8시까진 이란발전소 공격 안하겠다”,World,트럼프 오후 이란 발전소 공격
"美메모리 업체도 일제 폭락, 마이크론 7%-샌디스크 11%↓(상보)",World,메모리 업체 일제 폭락 마이크론 샌디스크 상보
협상 전술?…이란 강경파 핵무기 개발 목소리 커져,World,협상 전술 이란 강경 핵무기 개발 목소리 커지다
"美, 지상전 포함 ""최후의 일격"" 준비...이란 '백만대군' 자랑",World,지상전 포함 최후 일격 준비 이란 만대 자랑
"'이란발전소 공격 또 유예'…트럼프, 협상교착 속 확전도 부담",World,이란 발전소 공격 유예 트럼프 협상 교착 전도 부담
후티 반군의 수에즈 운하 가는 바닷길 위협 더해지며 확전 양상...국제 유가 급등·뉴욕 증시 하락·환율 상승,World,후티 반군 수에즈 운하 가다 위협 더하다 확전 양상 국제 유가 급등 뉴욕 증시 하락 환율 상승
"터보퀀트 충격, 美최대 낸드 업체 샌디스크 11% 폭락",World,터보 퀀트 충격 최대 낸드 업체 샌디스크 폭락
"트럼프 ""이란 발전소 공격 유예 열흘 또 연장""...협상 압박",World,트럼프 이란 발전소 공격 유예 열흘 연장 협상 압박
"이란대통령, 말레이시아 총리와 통화 ""우리는 완전한 종전 원한다"" 밝혀",World,이란 대통령 말레이시아 총리와 통화 완전하다 종전 원하다 밝히다
이란 공격 변수 이후 북한은 어떻게 움직일까,World,이란 공격 변수 북한 어떻다 움직이다
"수척해진 마두로, 두번째 美법정 출석…판사 ""공소기각 없다""(종합2보)",World,수척하다 두번째 법정 출석 판사 공소 기각 종합
"전쟁종료 원하는 트럼프, 개전 6주차 4월 6일에 가능할까",World,전쟁 종료 원하다 트럼프 개전 주차 가능하다
[스타트 브리핑] 항공유 가격 2배 폭등...고유가·고환율에 항공업계 비상,World,스타트 브리핑 공유 가격 폭등 고유 환율 항공 업계 비상
코스피 어쩌나. 나스닥 급락…트럼프 “4월 6일까지 공격 유예”에 기대,World,코스피 나스닥 급락 트럼프 공격 유예 기대
"북미정상회담 통역 이연향 “김정은, 경험 부족에도 대응 뛰어나”",World,북미 정상회담 통역 김정은 경험 부족 대응 뛰어나다
"뉴욕증시, 일제히 급락… 이란戰 개전 후 최대 낙폭",World,뉴욕증시 일제 급락 이란 개전 최대 낙폭
"트럼프가 말한 '이란 선물'?...""유조선 10척 호르무즈 통과 허가""",World,트럼프 이란 선물 유조선 호르무즈 통과 허가
임원 6명엔 ‘1.4조 잭팟’·직원은 해고 통보한 메타,World,임원 잭팟 직원 해고 통보 메타
종전 기대감 후퇴에 미 주식·채권 동반 급락,World,종전 대감 후퇴 밉다 주식 채권 동반 급락
[외신 헤드라인] 구글 '터보퀀트' 뭐길래…삼성·SK 등 주가 '뚝',World,외신 헤드라인 구글 터보 퀀트 뭐길 삼성 주가
"""미, 하르그섬 침공 등 '최후일격' 옵션 준비…트럼프 결정 남아""",World,밉다 르그 침공 최후 옵션 준비 트럼프 결정 남아
"트럼프, 이란도 베네수처럼...""석유 통제권 장악도 옵션""",World,트럼프 이란 베다 석유 통제 장악 옵션
"트럼프 ""이란, 핵 버리고 새 길 찾아라…거부하면 '최악의 악몽'""",World,트럼프 이란 버리다 찾다 거부 최악 악몽
"'마두로' 압송처럼 이란도?…트럼프, '석유 통제' 언급했다",World,압송 이란 트럼프 석유 통제 언급
'안갯속 상황' 국제유가 5% 급등…미 증시는↓,World,안갯속 상황 국제 유가 급등 밉다 증시
美 지상군 투입 가능성은?…해협서는 신경전 고조 [글로벌 뉴스픽],World,지상군 투입 가능성 해협 서다 경전 고조 글로벌 뉴스
"트럼프 ""이란발전소 공격 보류 10일 연장""…대공격 준비 병행(종합)",World,트럼프 이란 발전소 공격 보류 연장 공격 준비 병행 종합
"지상군 증파 전선 확대…이란 ""100만 명 준비""",World,지상군 증파 전선 확대 이란 준비
"트럼프 ""4월 6일까지 10일간 발전소 공격 유예""",World,트럼프 일간 발전소 공격 유예
"""미국을 얼마나 더 수렁으로""‥험악한 미국 여론",World,미국 수렁 험악하다 미국 여론
"""4월 6일까지 발전소 안 때린다…10일 연장""",World,발전소 때리다 연장
이란 “미국 종전안에 답변 전달…지상전 대비 100만 전투원 조직”,World,이란 미국 종전 답변 전달 지상전 대비 전투원 조직
‘한국어 입과 귀’ 통번역국장 퇴임 “가장 진땀 빼게 한 美대통령은…”,World,한국어 번역 국장 퇴임 진땀 빼다 대통령
"트럼프 ""이란 공격 열흘 연기…석유통제권도 염두""",World,트럼프 이란 공격 열흘 연기 석유 통제 염두
"국제유가, 트럼프 협상수용 압박에 반등…브렌트 다시 배럴당 108달러",World,국제 유가 트럼프 협상 수용 압박 반등 브렌 배럴 달러
"""생각 빠른 트럼프, 통역하기 쉽지 않았다"" 은퇴한 북미회담 통역 이연향",World,빠르다 트럼프 통역 쉬다 은퇴 북미 회담 통역
"뉴욕증시, 이란전 협상 기대감 후퇴에 급락…나스닥 2.4%↓",World,뉴욕증시 이란 협상 대감 후퇴 급락 나스닥
"트럼프, 이란 에너지시설 공격 중단 10일 추가 연장…“협상 순조롭다”",World,트럼프 이란 에너지 시설 공격 중단 추가 연장 협상
"트럼프·김정은 통역 도맡았던 美이연향씨…""둘 다 굉장히 솔직""",World,트럼프 김정은 통역 맡다 굉장하다 솔직
"'북미회담 때 트럼프 통역' 이연향 ""김정은, 잘 대처했었다""",World,북미 회담 트럼프 통역 김정은 자다 대처
예멘 후티 반군에 이스라엘 지상군까지 확전 양상...국제 유가 급등·뉴욕 증시 동반 하락·환율 상승,World,예멘 후티 반군 이스라엘 지상군 확전 양상 국제 유가 급등 뉴욕 증시 동반 하락 환율 상승
"트럼프 ""4월 6일까지 이란 발전소 공격 유예""",World,트럼프 이란 발전소 공격 유예
"트럼프 “이란, 합의 마련 갈구…석유 통제권 장악도 옵션” [1일1트]",World,트럼프 이란 합의 마련 갈구다 석유 통제 장악 옵션
"美특수부대 ‘우라늄 탈취’ 지상전 돌입? “최후일격, 트럼프 명령만 남아”",World,특수부대 우라늄 탈취 지상전 돌입 최후 트럼프 명령 남아
"큰소리치는 美, 반박하는 이란…그걸 지켜보는 이스라엘 [글로벌 모닝 브리핑]",World,큰소리치다 반박 이란 지켜보다 이스라엘 글로벌 모닝 브리핑
‘반도체 동맹’에 돈 쏟는 美…3700억원 투입 ‘팍스 실리카’ 가동,World,반도체 동맹 쏟다 억원 투입 팍스 실리카 가동
구글 ‘터보퀀트’ 충격에 마이크론 7% ↓...이란 휴전 기대 후퇴에 유가는 5% ↑ [데일리국제금융],World,구글 터보 퀀트 충격 마이크론 이란 휴전 기대 후퇴 유가 일리 국제 금융
트럼프 “이란 에너지시설 공격 4월 6일까지 멈춘다”(종합),World,트럼프 이란 에너지 시설 공격 멈추다 종합
"뉴욕 증시, 이란전 발발 이후 가장 큰 폭 하락... S&P500 1.7% ↓",World,뉴욕 증시 이란 발발 크다 하락
"호르무즈 해협 틀어쥔 이란, 선박 통행료 30억원 징수?[트럼프 2기]",World,호르무즈 해협 틀어쥐다 이란 선박 통행료 억원 징수 트럼프
"악시오스 “미, 하르그 침공 등 ‘최후일격’ 옵션 준비…트럼프 결정 남아”",World,오스 밉다 르그 침공 최후 옵션 준비 트럼프 결정 남아
"""이란 석유 통제권 장악도 옵션""…공격 암시하며 협상 압박하는 트럼프",World,이란 석유 통제 장악 옵션 공격 암시 협상 압박 트럼프
"지뢰 깔고 방공망 배치… 이란, 원유 수출기지 하르그섬 ‘배수진’",World,지뢰 깔다 방공 배치 이란 원유 수출 기지 르그 배수진
"이란, 종전안 거부하고 역제안… 美 “지옥 보여 줄 것” 최후통첩",World,이란 종전 거부 제안 지옥 보이다 최후 통첩
하르그섬 말고 라라크섬도 있다…美 '최후의 일격' 시나리오 4가지,World,르그 라라 크다 최후 일격 시나리오 가지
[글로벌 비즈 브리핑] 구글 '터보퀀트'가 뭐길래…삼성·SK하이닉스 주가 대참사 外,World,글로벌 비즈 브리핑 구글 터보 퀀트 가다 뭐길 삼성 하이닉스 주가 참사
"日롬·도시바·미쓰비시, 전력반도체 '3각 통합' 시동…세계 2위 되나",World,도시바 미쓰비시 전력 반도체 통합 시동 세계
“아시아·유럽 노선 최대 560% 급등”…천정부지 치솟은 항공권 가격,World,아시아 유럽 노선 최대 급등 정부 치솟다 항공권 가격
"美, 협상파트너 2명 암살표적 제외… 이란, 5개 종전조건 역제안",World,협상 파트너 암살 표적 제외 이란 종전 조건 제안
"美 “지옥 보여줄 준비” 지상군 투입 압박… 이란, 하르그섬에 지뢰-미사일 대거 설치",World,지옥 보여주다 준비 지상군 투입 압박 이란 르그 지뢰 미사일 대거 설치
유가 급등에 美우체국 소포 첫 ‘유류 할증료’,World,유가 급등 우체국 소포 유류 할증
“석유 위기를 기회로”… 中 ‘수소 인프라 구축’ 드라이브,World,석유 위기 기회 수소 인프라 구축 드라이브
"이란戰에 발묶인 트럼프, 우크라에 “돈바스 포기하라” 또 압박",World,이란 묶인 트럼프 크다 돈바스 포기 하라 압박
"호르무즈 봉쇄로 韓선박 26척 고립 장기화, 이란 “美거래땐 못나가”",World,호르무즈 봉쇄 선박 고립 장기 이란 거래 나가다
이란 “美 종전안 일방적”…트럼프 “합의 없으면 공격 지속”,World,이란 종전 일방 트럼프 합의 공격 지속
구글 '터보퀀트'가 뭐길래…삼성·SK하이닉스 주가 대참사,World,구글 터보 퀀트 가다 뭐길 삼성 하이닉스 주가 참사
"트럼프 ""합의 안 급해""…최후통첩 시한은 협상에 달려, '원유 장악' 거론(종합)",World,트럼프 합의 급하다 최후 통첩 시한 협상 달다 원유 장악 거론 종합
"""합의 원한다"" ""생각 없다""… 美·이란, 협상 주도권 싸움 치열",World,합의 원하다 이란 협상 주도 싸움 치열
[뉴욕유가] 美·이란 종전 의구심에 4.6% 급등,World,뉴욕 유가 이란 종전 구심 급등
"타스님 “이란, 지상병력 100만명 조직…군지원 쇄도”",World,스님 이란 지상 병력 조직 지원 쇄도
"""전세계 핵무기 1만기…히로시마 원폭 13만 5천 개 위력""",World,전세계 핵무기 만기 히로시마 원폭 위력
"트럼프 '뭣이 중한가'…바닥 보이는 무기, 우크라 대신 이란행 검토",World,트럼프 가다 바닥 보이다 무기 크다 대신 이란 검토
메모리시장 충격 준 터보퀀트…극좌표 압축기술로 사용량 1/6로,World,메모리 시장 충격 터보 퀀트 극좌표 압축 기술 용량
"미 전직 당국자 ""한국 등, 전쟁 안정되면 호르무즈 지원 모색할 것""",World,밉다 전직 당국자 한국 전쟁 안정 호르무즈 지원 모색
"트럼프 '이란 최후통첩' D-1…""시한 연장, 협상에 달려""",World,트럼프 이란 최후 통첩 시한 연장 협상 달다
"목적 잃은 미국, 생존에 사활 건 이란… 개전 한 달 각국 동상이몽",World,목적 잃다 미국 생존 사활 이란 개전 각국 동상 이몽
"미 특사 ""이란이 협상 나선다는 강력한 징후 있어""",World,밉다 특사 이란 협상 나서다 강력하다 징후
"""전세계 핵무기 1만기 운용중…히로시마 원폭 13만5천개 위력""",World,전세계 핵무기 만기 운용 히로시마 원폭 위력
"美전직당국자 ""한국 등, 이란전 진정되면 호르무즈지원 모색할것""",World,전직 당국자 한국 이란 진정 호르무즈 지원 모색
"“이란, 지상병력 100만명 조직…청년들 군지원 쇄도”",World,이란 지상 병력 조직 청년 지원 쇄도
[속보]트럼프 “이란과 협상으로 유조선 10척 호르무즈 통과…석유통제권 장악도 옵션”,World,속보 트럼프 이란 협상 유조선 호르무즈 통과 석유 통제 장악 옵션
"트럼프 ""이란과 합의 절박하지 않다""…이란 석유 장악 가능성 시사",World,트럼프 이란 합의 절박 이란 석유 장악 가능성 시사
"[중동 전쟁] 트럼프 ""이란 석유 장악도 선택지…유조선 10척 호르무즈 통과""",World,중동 전쟁 트럼프 이란 석유 장악 선택 유조선 호르무즈 통과
"이스라엘, 레바논 남부 지상군 증파…5개 사단으로 늘어",World,이스라엘 레바논 남부 지상군 증파 사단 늘다
"""이란, 지상병력 100만명 조직…군지원 쇄도""(종합)",World,이란 지상 병력 조직 지원 쇄도 종합
"""美 '최후 일격' 준비 중…트럼프, 4개 선택지 중 결정만 남았다""",World,최후 일격 준비 트럼프 선택 결정 남다
암흑 속의 쿠바… 휴대폰 불빛으로 밤을 버텨냈다,World,암흑 쿠바 휴대폰 불빛 버티다 내다
"""미, 하르그 침공 등 '최후 일격' 옵션 준비""",World,밉다 르그 침공 최후 일격 옵션 준비
트럼프 5월 14일 방중… 내달 중 종전 시사,World,트럼프 방중 내달 종전 시사
코로나 이어 대정전… 두번 죽는 ‘쿠바 목숨줄’ 관광업,World,코로나 정전 죽다 쿠바 목숨 관광업
"세계가 중동에 눈돌린 틈타… 러, 드론 948대 날려 대낮 우크라 기습",World,세계 중동 돌리다 틈타다 드론 대다 날다 대낮 크다 기습
"2년 전 총통 선거서 26% 득표 돌풍, 대만 스타 정치인의 몰락",World,총통 선거 득표 돌풍 대만 스타 정치인 몰락
"주말 휴전 선언 가능성‥""늦기 전에 진지해져야""",World,주말 휴전 선언 가능성 늦다 진지하다
"예멘 반군, ""중동 전황 따라 군사 대응"" 경고",World,예멘 반군 중동 전황 따르다 군사 대응 경고
"이란 “미국과 거래 한국선박, 호르무즈 통과 못한다”",World,이란 미국 거래 한국 선박 호르무즈 통과
홍해까지 봉쇄 위협…AI 단기전 발목잡는 ‘해협 인질’ 작전,World,홍해 봉쇄 위협 기전 발목 잡다 해협 인질 작전
"이란, 美 15개항 종전안에 답변…""협상 제안은 기만술""(종합)",World,이란 개항 종전 답변 협상 제안 종합
"트럼프 ""협상 간절한 쪽은 이란…합의 땐 호르무즈 개방 가능""",World,트럼프 협상 간절하다 이란 합의 호르무즈 개방 가능
"동맹으로 번지는 전선…6개국, 이란에 반격 경고",World,동맹 번지 전선 개국 이란 반격 경고
"""미 국방부, 우크라이나 공급 예정 무기 이란 전쟁에 전용 검토""",World,밉다 국방부 우크라이나 공급 예정 무기 이란 전쟁 전용 검토
"""美, 종전협상 중단대비 하르그섬 침공 등 '최후일격' 옵션 준비""",World,종전 협상 중단 대비 르그 침공 최후 옵션 준비
"유럽·캐나다 작년 국방비 지출 20%↑…나토수장 ""기념비적""(종합)",World,유럽 캐나다 작년 국방 지출 나토 수장 기념비 종합
"""美, 하르그 침공 등 '최후일격' 옵션 준비…트럼프 결정 남아""",World,르그 침공 최후 옵션 준비 트럼프 결정 남아
"“美, 우크라 지원용 무기→이란 전쟁으로 돌리는 방안 검토”",World,크다 원용 무기 이란 전쟁 돌리다 방안 검토
"WP “미, 우크라이나 지원용 무기 이란 전쟁에 전용 검토”",World,밉다 우크라이나 원용 무기 이란 전쟁 전용 검토
"러, 이란 도우며 우크라 공세 강화...양동작전 펼치나?",World,이란 도우 크다 공세 강화 작전 펼치다
'이란 전쟁' 한 달에 피해 눈덩이...위험한 치킨게임,World,이란 전쟁 피해 눈덩이 위험하다 치킨게임
"뉴욕 증시, 이란 향한 트럼프 경고에 하락 출발",World,뉴욕 증시 이란 트럼프 경고 하락 출발
'오일 머니' 쓸어담던 두바이…이란 전쟁에 명품 매출 비상,World,오일 멀다 쓸다 담다 두바이 이란 전쟁 명품 매출 비상
"미·이란, 협상 테이블 밑으론 지상전 준비… 충돌 위기 고조",World,밉다 이란 협상 테이블 지상전 준비 충돌 위기 고조
"이란, 호르무즈·홍해 동시 봉쇄 위협",World,이란 호르무즈 홍해 동시 봉쇄 위협
"조급해진 트럼프 ""전쟁 몇 주 안에 끝내라""... 상황은 미지수",World,조급하다 트럼프 전쟁 끝내 상황 미지수
"""美국방부, 우크라이나 지원용 무기 이란 전쟁에 전용 검토""",World,국방부 우크라이나 원용 무기 이란 전쟁 전용 검토
"미국, 1만개 이상 타격 “지상군 출격 대기”…이란, 항모 향해 ‘미사일’",World,미국 타격 지상군 출격 대기 이란 항모 미사일
"[투나잇이슈] ""핵포기"" vs ""배상""…간극에 접점 마련 난항",World,투나잇 이슈 포기 배상 간극 접점 마련 난항
이란 “미국과 직접 대화 안 해”…홍해 입구 봉쇄도 위협,World,이란 미국 직접 대화 홍해 입구 봉쇄 위협
"뉴욕증시, 이란 향한 트럼프 경고에 하락 출발",World,뉴욕증시 이란 트럼프 경고 하락 출발
"돌격소총 조준 시늉하며 ""허허""…김정은에 선물 안긴 평양 손님",World,돌격소총 조준 시늉 김정은 선물 평양 손님
"[속보]“배 한척당 30억”…이란, 호르무즈 통행료 징수 법안 추진",World,속보 척당 이란 호르무즈 통행료 징수 법안 추진
"""혁명수비대, 이란 접수중…혁명수비대에 이 전쟁은 축복""",World,혁명 수비대 이란 접수 혁명 수비대 전쟁 축복
"트럼프 “이란전, 먼저 해보자 한 건 헤그세스”…‘종전 관리자’로 서사 재편? [권윤희의 월드뷰]",World,트럼프 이란 먼저 해보다 헤그세스 종전 관리자 서사 재편 윤희 월드
"한 번에 30억 원?...이란, 호르무즈 '통행료' 징수 추진",World,이란 호르무즈 통행료 징수 추진
"백악관 ""이란과 협상 계속...지옥 불러올 준비도""",World,백악관 이란 협상 계속 지옥 불다 오다 준비
“AI 시대에 돈 벌려면 필수” 1만명 우르르…요새 뜨는 ‘이 직업’ 정체는,World,시대 벌리다 필수 요새 뜨다 직업 정체
"美, 이란 지상전 준비하나…UAE서 기동훈련",World,이란 지상전 준비 서다 기동 훈련
"트럼프, 토요일 ‘전격 휴전설’…美, 이란 협상파트너 2명 암살 제외",World,트럼프 토요일 전격 휴전 이란 협상 파트너 암살 제외
“美·이란 간접 대화 중”…파키스탄 외무 첫 공식 확인 [美-이란 전쟁],World,이란 간접 대화 파키스탄 외무 공식 확인 이란 전쟁
"“여보, 어머님 칠순여행 취소하자”…항공권 가격 최대 560% 치솟아",World,여보 어머님 여행 취소 항공권 가격 최대 치솟다
"“호르무즈 봉쇄 지휘한 이란 해군사령관, 공습으로 사망”",World,호르무즈 봉쇄 지휘 이란 해군 사령관 공습 사망
“UAE서 美 수송기 훈련 정황 포착”…협상 앞두고 지상전 준비하나 [美-이란 전쟁],World,서다 수송기 훈련 정황 포착 협상 앞두다 지상전 준비 이란 전쟁
"이스라엘 ""호르무즈 해협 봉쇄 지휘한 이란 해군사령관 제거""",World,이스라엘 호르무즈 해협 봉쇄 지휘 이란 해군 사령관 제거
“한국은 진짜 친구”…천궁Ⅱ 3번째 포대 UAE 배치 임박,World,한국 진짜 친구 천궁 포대 배치 임박
[중동전쟁] 이란 “호르무즈 통행료 1회 30억원”…‘안보비용’ 대가로 징수 추진,World,중동전쟁 이란 호르무즈 통행료 억원 안보 비용 대가 징수 추진
"하르그 섬에 지뢰 매설한 이란군…""점령하면 홍해 입구도 봉쇄""",World,르그 지뢰 매설 이란 점령 홍해 입구 봉쇄
"트럼프 “이란, 늦기 전에 협상 나서라…되돌릴 수 없는 상황 올 것”",World,트럼프 이란 늦다 협상 나서다 되돌리다 상황 오다
'휴전할라' 다급해진 이스라엘…'핵심 타격 목표' 정하고 총공세,World,휴전 다급해지다 이스라엘 핵심 타격 목표 공세
주말 휴전 가능성?…이 시각 중동,World,주말 휴전 가능성 중동
"이스라엘 ""호르무즈 봉쇄 지휘 이란 해군사령관 제거""(종합)",World,이스라엘 호르무즈 봉쇄 지휘 이란 해군 사령관 제거 종합
두바이 명품 백화점 '텅' 비었다…매출 급감·물류 대란 심화,World,두바이 명품 백화점 비다 매출 급감 물류 대란 심화
"왕이, IAEA사무총장과 중동 논의…""핵시설 공격땐 심각 결과""(종합)",World,사무 총장 중동 논의 시설 공격 심각 결과 종합
"""美 공군 수송기, UAE 영공서 기동훈련…이란 지상전 준비 시사""",World,공군 수송기 영공 기동 훈련 이란 지상전 준비 시사
"트럼프 ""이란 협상단, 매우 이상해…합의 구걸하며 시간 끌어""",World,트럼프 이란 협상 이상하다 합의 구걸 끌다
트럼프 재촉에 이란과 ‘완전한 합의’ 없는 휴전 가능성 부상…주말 분수령,World,트럼프 재촉 이란 완전하다 합의 휴전 가능성 부상 주말 분수령
파키스탄 “우리 중재로 미·이란 간접 대화 중” 공식 확인,World,파키스탄 중재 밉다 이란 간접 대화 공식 확인
"파키스탄 외무 ""우리 중재로 美·이란 간접 대화 중"" 공식 확인",World,파키스탄 외무 중재 이란 간접 대화 공식 확인
"[속보]""초토화 되기 전에 도장찍어. 일 벌어지면 끝!""… 트럼프, 이란 폭격 유예 'D-1' 살벌한 최후통첩",World,속보 초토화 도장 찍다 벌어지다 트럼프 이란 폭격 유예 살벌하다 최후 통첩
“45일 후 모든 게 멈춘다”…중동 전쟁에 첫 번째로 비상사태 선포한 ‘이 나라’,World,모든 멈추다 중동 전쟁 비상 사태 선포 나라
"동맹국에 막대한 안보 부담…우크라, 한국, 일본 난감한 상황",World,동맹국 막대 안보 부담 크다 한국 일본 난감하다 상황
'4주 전쟁' 공언한 트럼프…종전 시간표에도 전망은 '불투명',World,전쟁 공언 트럼프 종전 시간표 전망 불투명
"미 ‘공격 유예’ 끝나는 주말…확전이냐, 극적 협상 타결이냐",World,밉다 공격 유예 끝나다 주말 전이 극적 협상 타결
"""단돈 4만원으로 52만원짜리 효과 낸다""…특허 만료에 中 비만치료제 시장 경쟁 '시동'",World,단돈 만원 만원 짜다 효과 내다 특허 만료 비만 치료 시장 경쟁 시동
미 제안 거절 뒤 역제안…더 까다로운 협상안 보니,World,밉다 제안 거절 제안 까다롭다 협상
"""메모리 6분의 1만 쓴다고?""… 구글 '터보퀀트' 쇼크에 삼성·SK하이닉스 주가 대참사",World,메모리 쓴다 구글 터보 퀀트 쇼크 삼성 하이닉스 주가 참사
"중동 6개국 ""우리도 자위권 있다""…맞대응 나서나",World,중동 개국 자위권 맞다 대응 나서다
"깜짝 '휴전 발표' 나올라…""48시간 집중 공격 지시""",World,깜짝 휴전 발표 나오다 집중 공격 지시
"미국 ""표적 1만 개 타격""…이란 ""미 항모에 미사일""",World,미국 표적 타격 이란 밉다 항모 미사일
"'1척당 30억' 통행료 이어…""홍해까지"" 우회로 막히나",World,척당 통행료 홍해 우회 막히다
日 롬·도시바·미쓰비시전기…전력반도체 '3각 통합' 시동,World,도시바 미쓰비시 전기 전력 반도체 통합 시동
"섬에 지뢰 깔고 미사일 추가…""선 넘으면 응징"" 경고",World,지뢰 깔다 미사일 추가 넘다 응징 경고
"[뉴스특보] 트럼프, 보좌진에 이란 전쟁 ‘속도전’ 지시",World,뉴스특보 트럼프 보좌 이란 전쟁 도전 지시
"13명 사망에 6000마리나 죽였는데…‘공무원 헌터’까지 등판한 일본, 겨울잠 깬 ‘곰과의 전쟁’ 선포",World,사망 마리나 죽이다 공무원 헌터 등판 일본 겨울잠 깨다 전쟁 선포
"[단독] 샤헤드까지 잡는다…韓 요격드론 ‘카이든’, 대응 버전 개발 중 [밀리터리+]",World,단독 샤헤드 잡다 요격 드론 카이 대응 버전 개발 밀리터리
"""미국이 미국과 협상하는 지경"" 전쟁 출구 못 찾는 트럼프",World,미국 미국 협상 지경 전쟁 출구 찾다 트럼프
"""구글 터보퀀트 쇼크, 전세계 메모리주 매도 촉발""-블룸버그",World,구글 터보 퀀트 쇼크 전세계 메모리 매도 촉발 블룸버그
"이란 ""호르무즈 주권 인정하라""‥미국 휴전안에 '정반대' 요구로 맞서",World,이란 호르무즈 주권 인정 하라 미국 휴전 정반대 요구 맞서다
"""1~2주 안에 전쟁 끝내라""…이란은 '5대 조건' 역제안",World,전쟁 끝내 이란 대다 조건 제안
커져가는 미국 내 반전여론‥작아지는 트럼프의 입지,World,커지다 미국 반전 여론 작아지다 트럼프 입지
"지상군 투입 맞서 가드 올리는 이란‥""하르그섬을 거대한 요새로""",World,지상군 투입 맞서다 가드 올리다 이란 르그 거대하다 요새
"트럼프 ""나토, 이란전쟁에서 아무 것도 안 해…필요 없다""",World,트럼프 나토 이란 전쟁 필요
"조급해진 트럼프 ""전쟁 몇 주 안에 끝내라""... 상황은 미지수",World,조급하다 트럼프 전쟁 끝내 상황 미지수
"""48시간 내 이란 집중 타격""‥'휴전설'에 조급해진 이스라엘",World,이란 집중 타격 휴전 조급하다 이스라엘
'주말 휴전 선언' 보도에 '미중 회담 일정 확정'까지‥진짜 전쟁 멈추나,World,주말 휴전 선언 보도 밉다 회담 일정 확정 진짜 전쟁 멈추다
"""혁명수비대, 이란 접수중…전쟁이 입지만 다져줬다""",World,혁명 수비대 이란 접수 전쟁 입지 다지다 주다
"""희생은 무섭고 정권 교체는 탐나고""… 딜레마 빠진 트럼프, 이란 전쟁 '타임오버' 임박",World,희생 무섭다 정권 교체 딜레마 빠지다 트럼프 이란 전쟁 타임 오버 임박
"'지옥' 예고한 미국…""하르그섬 침공 등 '최후 일격' 검토""",World,지옥 예고 미국 르그 침공 최후 일격 검토
"미국 ""트럼프 허풍 아니다""…지상군 공격 대비하는 이란",World,미국 트럼프 허풍 지상군 공격 대비 이란
호르무즈 봉쇄로 ‘치킨게임’ 양상…인권단체 “이란사망자 최대 1만 명”,World,호르무즈 봉쇄 치킨게임 양상 인권 단체 이란 사망자 최대
"호르무즈 뿌린 '고성능' 기뢰…이란, 배 한 척당 30억 요구",World,호르무즈 뿌리다 고성능 기뢰 이란 척당 요구
"美, 중동에 발묶인 사이… ‘손익계산’ 따지며 미소 짓는 中",World,중동 묶인 사이 손익 계산 따다 미소 짓다
"""전쟁 비용 최대 70조"" 이란 1만 곳 이상 타격…미군 항공기 202대 격추",World,전쟁 비용 최대 이란 타격 미군 항공기 대다 격추
"[단독] 이란 정부 대외 서한 입수 ""주권 지키려 호르무즈 장악""",World,단독 이란 정부 대외 서한 입수 주권 지키다 호르무즈 장악
"""이 맛있는 걸 한국인만 먹었어?""…일본서 난리난 한국 커피",World,맛있다 한국인 먹다 일본 난리 한국 커피
기름값 급등에…멈춰 선 뉴욕 명물 ‘옐로캡’,World,기름값 급등 멈추다 뉴욕 명물 옐로
"이란, 종전안 거절하고 지상전 준비 ""기뢰 매설하고 방공망 강화""",World,이란 종전 거절 지상전 준비 기뢰 매설 방공 강화
“28일 전격 휴전 가능성”…운명의 주말,World,전격 휴전 가능성 운명 주말
"이란, 종전 거부…5대 조건 역제안",World,이란 종전 거부 대다 조건 제안
[아는기자]일촉즉발 하르그섬…기뢰 이어 지뢰 전술?,World,알다 기자 일촉즉발 르그 기뢰 지뢰 전술
"'신속 독립' 주장 그린란드 정당, 덴마크 의회 첫 입성",World,신속 독립 주장 그린란드 정당 덴마크 의회 입성
"구글 입사한 이란 미녀 자매, 알고보니 '스파이' 였다",World,구글 입사 이란 미녀 자매 스파이
"""남은 석유 45일 치, 국가 위험""…비상 걸린 필리핀의 선택은",World,남다 석유 국가 위험 비상 걸리다 필리핀 선택
"“이스라엘, 레바논에 백린탄 사용”…독성 제초제 살포 이어 생태계 파괴 무기화 비판",World,이스라엘 레바논 백린탄 사용 독성 제초제 살포 생태계 파괴 무기 비판
미군 “이란 군사 목표물 1만 개 이상 타격…아직 안 끝났다”,World,미군 이란 군사 목표 타격 끝나다
"美, 공격유예 시한 이틀 앞두고 “지옥 준비”",World,공격 유예 시한 이틀 앞두다 지옥 준비
"타격 정보 이어 살상무기까지?… “러, 이란에 공격용 드론 전달 중”",World,타격 정보 살상 무기 이란 공격 드론 전달
"백악관 “오판하면 지옥 열릴 것”… 이란, 지상전 대비 지뢰 설치",World,백악관 판하 지옥 열리다 이란 지상전 대비 지뢰 설치
"젤렌스키 ""돈바스 요새는 우리 안보수단…철군 안돼""",World,렌스 돈바스 요새 안보 수단 돼다
‘예측불허’ 트럼프의 ‘갈팡질팡’ 전쟁… 세계는 대혼란 [미·이란 전쟁 한 달],World,예측 불허 트럼프 갈팡질팡 전쟁 세계 혼란 밉다 이란 전쟁
거꾸로 부는 트럼프 바람…유럽보수 선거마다 '추풍낙엽',World,거꾸로 불다 트럼프 바람 유럽 보수 선거 추풍낙엽
"전쟁 27일째, 美-이란 종전 수싸움…휴전우려 이스라엘 '48시간 총공세'",World,전쟁 이란 종전 싸움 휴전 우려 이스라엘 공세
이스라엘 “호르무즈 지휘했던 이란 해군 사령관·정보국장 제거”,World,이스라엘 호르무즈 지휘 이란 해군 사령관 정보 국장 제거
[AFTER 8NEWS] 71% 역대 최고지지율 다카이치 노림수…'눈엣가시' 평화헌법이 되레 '방패'됐다,World,역대 최고 지지율 다카 이치 노리다 눈엣 가시 평화헌법 되레 방패 돼다
"""中, 은행 대주주 지분 규제 완화 검토…자본확충 지원 나서""",World,은행 주주 규제 완화 검토 자본 확충 지원 나서다
유가 폭등에… 트럼프 '셀프 종전'으로 출구 찾나 [美-이란 전쟁],World,유가 폭등 트럼프 셀프 종전 출구 찾다 이란 전쟁
"종전·확전 '운명의 28일'… 美 ""지옥 준비"" 이란 ""대화 안해"" [美-이란 전쟁]",World,종전 확전 운명 지옥 준비 이란 대화 안해 이란 전쟁
앤디김 “韓 미사일방어체계 중동 차출 우려” [이란전쟁 한 달],World,앤디 미사일방어 체계 중동 차출 우려 이란 전쟁
협상·지상전 ‘투트랙 전략’ 美… 오일통로 막고 버티는 이란 [이란전쟁 한 달],World,협상 지상전 트랙 전략 오일 통로 막다 버티다 이란 이란 전쟁
"“美, ‘3개의 전쟁’으로 자해 중…中, 10년 후 美경제 추월” 中학자 주장",World,전쟁 자해 경제 추월 학자 주장
[기획] ‘종전 분수령’에 선 트럼프의 강온 전략… “지옥 부를 것” vs “큰 선물 받았다”,World,기획 종전 분수령 트럼프 강온 전략 지옥 부르다 크다 선물 받다
호르무즈 출구 찾기 …주말이 ‘담판’ 분수령,World,호르무즈 출구 찾기 주말 담판 분수령
"미국 ""이란, 합의 간절"" vs 이란 ""안 해""… '종전 협상' 진실 게임",World,미국 이란 합의 간절 이란 종전 협상 진실 게임
美국방 “모든 총알이 적에게 명중하게 하소서” 펜타곤서 기도,World,국방 모든 총알 명중 하소 펜타곤 기도
"“남은 석유는 45일분, 위험 임박했다”…결국 ‘국가 비상사태’ 선포한 나라",World,남다 석유 일분 위험 임박 국가 비상 사태 선포 나라
‘천궁’이 요격하는 소리?…이란 미사일·드론 수천발 막아낸 UAE 방패 [밀리터리+],World,천궁 요격 소리 이란 미사일 드론 막다 내다 방패 밀리터리
"""미국, '3개의 전쟁' 수렁 빠졌다""…중국 학계서 '미 경제 추월론' 제기",World,미국 전쟁 수렁 빠지다 중국 학계 밉다 경제 추월 제기
"이란, 하르그섬에 지뢰 깔고 미사일 추가…美 “지옥 준비됐다”",World,이란 르그 지뢰 깔다 미사일 추가 지옥 준비 돼다
"네타냐후, 휴전 가능성 경계 “48시간 집중공격 작전” 지시",World,네타냐후 휴전 가능성 경계 집중 공격 작전 지시
"우크라이나전 은혜 갚은 러시아···“이란에 드론 공급, ‘살상무기’ 지원 첫 사례”",World,우크라이나 은혜 갚다 러시아 이란 드론 공급 살상 무기 지원 사례
이란 ‘물량 승부’에 나토 군사령관 “드론 200대 만들 때 우린...”,World,이란 물량 승부 나토 사령관 드론 대다 만들다 우린
日 재무장 밀어주는 美…속내는 ‘동북아 안보 분담’,World,재무 밀다 동북아 안보 분담
4~6주면 끝난다던 '이란 전쟁'…최소 한 달 더 갈 듯,World,주다 끝나다 이란 전쟁 최소 갈다
中 ‘현대전 게임체인저’ 드론 요격용 레이저 신무기 2종 공개,World,대전 게임 체인 드론 요격 레이저 무기 공개
"“선박당 30억원”…이란, 호르무즈 통행료 징수 법안 추진",World,선박 억원 이란 호르무즈 통행료 징수 법안 추진
"""호르무즈 통과하려면 30억씩 내라""…이미 통행료 지불한 선박도",World,호르무즈 통과 통행료 지불 선박
"이란 ""호르무즈 통행료 내면 안전하게 보내준다""",World,이란 호르무즈 통행료 내면 안전하다 보내다
[자막뉴스] 미국 지상군 7천 명 집결 중...'지뢰밭' 만드는 이란의 배수진,World,자막 뉴스 미국 지상군 집결 지뢰 만들다 이란 배수진
"""트럼프, 보좌진에 전쟁 몇 주내 끝내라""...협상 vs 확전 기로",World,트럼프 보좌 전쟁 주다 끝내 협상 확전
"[뉴스특보] 미 ""협상 진행""…이란 ""대화 없다“",World,뉴스특보 밉다 협상 진행 이란 대화
"""500만원이라고?"" 가격 듣고 '화들짝'…전쟁에 한 달 새 5배 뛴 '亞-유럽' 비행기값",World,만원 가격 듣다 전쟁 뛰다 유럽 비행기
이대로면 해외 여행 포기…아시아-유럽 노선 항공권 560% 폭등,World,해외 여행 포기 아시아 유럽 노선 항공권 폭등
"""러시아, 이란에 드론 공급…美 의식해 S-400은 거부""",World,러시아 이란 드론 공급 의식 거부
"""트럼프 추가 파병은 협상 압박 수단…역효과 날 수도""",World,트럼프 추가 파병 협상 압박 수단 역효과 수도
"[영상] 이란 ""F/A-18 전투기 격추""…미국 ""거짓""",World,영상 이란 전투기 격추 미국 거짓
[영상] UAE 하늘 지킨 천궁-Ⅱ에 팔란티어 AI 탑재…'K-방공망' 한겹 더,World,영상 하늘 지키다 천궁 파다 티어 탑재 방공
美 중부사령부 “이란 군사 목표물 1만개 타격…해군 함정 90% 파괴”,World,중부 사령부 이란 군사 목표 타격 해군 함정 파괴
"""아까 1만 개째 타격했고요, 함정은 거의 파괴됐네요""…미 지휘부 ""바다 위협 끝""",World,아깝다 타격 함정 파괴 돼다 밉다 지휘 바다 위협
"트럼프도 손 못 대는데…‘선 넘은’ 이스라엘, 결국 이곳까지 때렸다 [핫이슈]",World,트럼프 대다 넘다 이스라엘 때리다 핫이슈
"“이기면 우리팀, 지면 남”…트럼프 위협 벗어난 그린란드, 월드컵 뛰는 덴마크에 착잡해하는 사연은[나우, 어스]",World,이기 지면 트럼프 위협 벗어나다 그린란드 월드컵 뛰다 덴마크 착잡하다 사연 나우 어스
"다가오는 트럼프 ‘발전소 초토화 유예 시한’ 28일···이란 전쟁 한 달, 확전이냐 종전이냐",World,다가오다 트럼프 발전소 초토화 유예 시한 이란 전쟁 전이 종전
"""더는 못 버텨, 배에서 내리게 해달라"" 日선원들 절규...호르무즈서 패닉 [지금이뉴스]",World,버티다 내리다 해달라다 선원 절규 호르무즈 패닉 뉴스
"이란, '美 종전안' 단칼 거절‥""비현실적 조건""",World,이란 종전 단칼 거절 비현실적 조건
"""트럼프, 중동전쟁 '4월 종결' 시한… 5월 방중 전 '출구 전략'""",World,트럼프 중동전쟁 종결 시한 방중 출구 전략
[영상] 하르그섬 사수전 나선 이란…'지뢰밭·대공미사일' 배수진,World,영상 르그 수전 나선 이란 지뢰 대공 미사일 배수진
[중동전쟁] 미사일 추가 배치하고 지뢰 묻어…이란 하르그섬 ‘背水陣’,World,중동전쟁 미사일 추가 배치 지뢰 묻다 이란 르그
"""이란, '호르무즈 통행료' 위안화 징수 중""…'입법화 목전' 보도도",World,이란 호르무즈 통행료 위안화 징수 입법 목전 보도
"유가상승에 中항공사 유류할증료 줄인상…여행객들 ""쌀 때 사두자""",World,유가 상승 항공사 유류 할증 인상 여행객 사두
"中학자 ""美, '3개의 전쟁' 수렁…中, 10년 후 美경제 추월 가능""",World,학자 전쟁 수렁 경제 추월 가능
"트럼프, 책임 떠넘기기? ""당신이 먼저 하자고 했잖아""",World,트럼프 책임 뜨다 넘기다 먼저 하자
“5월에 가족여행 잡아놨는데 어떡해”…국내 항공사도 기름값 폭등에 줄줄이 ‘캔슬’,World,가족 여행 잡다 어떡하다 국내 항공사 기름값 폭등 줄줄이 캔슬
"""달러 패권 키운 '페트로달러' 체제, 이란 전쟁으로 시험대""",World,달러 패권 키우다 페트 달러 체제 이란 전쟁 시험대
‘강경 실용주의자’ 갈리바프·대화 인정한 아라그치…美·이란 물밑 협상 속도 낼까[디브리핑],World,강경 실용주의 갈리 바프 대화 인정 라그 이란 물밑 협상 속도 내다 브리핑
"트럼프 ""난 끝내려는데 두 사람은 실망""…軍에 전쟁책임 전가?",World,트럼프 끝내다 실망 전쟁 책임 전가
"WSJ ""트럼프, 보좌진에 '전쟁 몇주내 끝내라' 발언""",World,트럼프 보좌 전쟁 끝내 발언
"美 “지옥 열릴 것”…이란, 하르그섬 지뢰-미사일 요새화",World,지옥 열리다 이란 르그 지뢰 미사일 요새화
"“이란전 4~6주내 끝내라”…트럼프 참모진에 조기 종전 압박, 현실은 ‘안갯속’",World,이란 주다 끝내 트럼프 참모 조기 종전 압박 현실 안갯속
"트럼프 '협상' 가닥에 이스라엘, 이란 맹렬 공격…이란도 반격",World,트럼프 협상 가닥 이스라엘 이란 맹렬 공격 이란 반격
[뉴스특보] 종전 협상 '기싸움'…이번 주말 최대 분수령,World,뉴스특보 종전 협상 싸움 주말 최대 분수령
"이란, 홍해도 봉쇄 위협…원유 해상운송 10% 차지",World,이란 홍해 봉쇄 위협 원유 해상 운송 차지
"트럼프 ""몇주 안에 끝내라""…4월 종전 목표한 듯",World,트럼프 끝내 종전 목표
[줌인] 美 “15개 항은 추측” 패 숨긴 백악관… 5개 조건 내건 이란과 팽팽한 기 싸움,World,추측 숨다 백악관 조건 이란 팽팽 싸움
"""옆집(UAE)부터 친다"" 이란, '하르그섬 점령' 첩보에 ""불바다"" 경고",World,옆집 치다 이란 르그 점령 첩보 바다 경고
"""트럼프, 측근들에 '몇 주 내로 전쟁 끝내자' 지시""",World,트럼프 측근 전쟁 끝내다 지시
이란에 사단급 지상군 투입 준비하는 미국… 목표는 테헤란 강습?,World,이란 사단 지상군 투입 준비 미국 목표 테헤란 강습
"[포착] 호르무즈 피한 ‘귀한 원유’, 전남 여수 도착…주유소에 풀리는 시점은?",World,포착 호르무즈 귀하다 원유 전남 여수 도착 주유소 풀리다 시점
"'호르무즈 통행세 30억' 부른 이란, 정식 부과 법안 내주 확정",World,호르무즈 행세 부르다 이란 정식 부과 법안 내주 확정
"트럼프, 이제 와서 군에 책임 미루나…""먼저 전쟁 목소리 낸 건 헤그세스""",World,트럼프 오다 책임 미루다 먼저 전쟁 목소리 내다 헤그세스
"“부유세 막아라”…캘리포니아 억만장자들, 1인당 15달러 ‘서명 전쟁’ 벌여",World,부유세 막다 캘리포니아 억만장자 달러 서명 전쟁 벌이다
"""전쟁에 연기된 미중정상회의…시진핑이 유리한 고지""",World,전쟁 연기 밉다 중정 회의 시진핑 유리하다 고지
[자막뉴스] 이란의 기습 발표...'옆집' 공격 이어 미군 '인명피해' 경고,World,자막 뉴스 이란 기습 발표 옆집 공격 미군 인명 피해 경고
"플로리다 뺏기고, 텍사스는 탈라리코 돌풍…트럼프 '전쟁 역풍'",World,플로리다 뺏다 텍사스 리코 돌풍 트럼프 전쟁 역풍
"‘자고 나면 바뀌는’ 트럼프의 요구···유럽 동맹국들, 이란 전쟁 관련 ‘장단 맞추기’ 난감",World,자고 나다 바뀌다 트럼프 요구 유럽 동맹국 이란 전쟁 관련 장단 맞추다 난감
"WSJ “트럼프, 보좌진에 ‘전쟁 몇 주 안에 끝내라’ 지침 내려”",World,트럼프 보좌 전쟁 끝내 지침 내다
월드컵 앞두고 비상…“미국 여행 오고 싶다고? 그럼 2000만원 보증금 내라”,World,월드컵 앞두다 비상 미국 여행 오다 싶다 만원 보증금
美공수부대·해병대 공중 강습…하르그섬 상륙작전시 벌어질 일,World,공수부대 해병대 공중 강습 르그 상륙작전 벌어지다
"이란, 호르무즈·홍해 동시 봉쇄 위협",World,이란 호르무즈 홍해 동시 봉쇄 위협
"""위고비 특허 끝""…中 비만치료제 시장 4년뒤 20조원 돌파 전망",World,고비 특허 비만 치료 시장 년뒤 조원 돌파 전망
이란 대사 “美 거래 韓선박 호르무즈 통과 못 해”,World,이란 대사 거래 선박 호르무즈 통과
"이란 ""호르무즈 해협 통과 우리가 결정""…한국 선박도 미국 기업과 연계되면 '통행 불가'",World,이란 호르무즈 해협 통과 결정 한국 선박 미국 기업 통행 불가
"""대단한 전사""가 큰 역할…美-이란 중재자 떠오른 뜻밖의 나라",World,대단하다 전사 가다 크다 역할 이란 중재 떠오르다 뜻밖 나라
"""중국 잡겠다더니 다시 중동?""…美 ‘아시아 회귀’, 트럼프가 멈춰 세웠다",World,중국 잡다 중동 아시아 회귀 트럼프 멈추다 세우다
대만 관심없는 트럼프…'기회' 판단한 시진핑,World,대만 관심 트럼프 기회 판단 시진핑
"英, 헨리 8세 이후 491년 만 첫 여성 성공회 대주교 멀랠리 취임",World,헨리 여성 성공회 대주교 멀다 랠리 취임
"종전 기대감 속 뻣뻣한 이란 ""유가도 호르무즈도 우리가 결정""",World,종전 대감 뻣뻣하다 이란 유가 호르무즈 결정
“이러다가 무산될라”…日·英·伊 공동 개발 ‘6세대 전투기’ 삐걱 [밀리터리+],World,무산 공동 개발 세대 전투기 밀리터리
중동 전역 번진 공습…6개국 이란에 반격 경고,World,중동 전역 번진 공습 개국 이란 반격 경고
"[자막뉴스] ""오일 쇼크와 가스 위기 합친 수준""...사망자도 눈덩이",World,자막 뉴스 오일 쇼크 가스 위기 합치다 수준 사망자 눈덩이
"[중동전쟁] 美, 토요일 ‘휴전 발표’ 가능성에 촉각...이스라엘 “이란 최대한 때리자”",World,중동전쟁 토요일 휴전 발표 가능성 촉각 이스라엘 이란 최대한 때리다
'이란 전쟁' 한 달에 피해 눈덩이...공멸의 치킨게임,World,이란 전쟁 피해 눈덩이 공멸 치킨게임
[월드 이슈] “최악의 혼잡” 미국 공항…공포의 ICE 투입 논란,World,월드 이슈 최악 혼잡 미국 공항 공포 투입 논란
"""트럼프, 보좌진에 '전쟁 몇주내 끝내라' 발언""< WSJ>",World,트럼프 보좌 전쟁 끝내 발언
트럼프 “헤그세스가 전쟁 하자 해”…군에 책임 미루나,World,트럼프 헤그세스 전쟁 하자 책임 미루다
"""패배 인정 안 하면 더 큰 타격""‥5월 미·중회담",World,패배 인정 크다 타격 밉다 회담
호르무즈 통과하려면 30억 내라?…통행료 징수 준비하는 이란,World,호르무즈 통과 통행료 징수 준비 이란
"이란, 비적대국엔 '호르무즈 통행 가능' 손짓...미국 침공 대비 하르그섬엔 지뢰",World,이란 비적 대국 호르무즈 통행 가능 손짓 미국 침공 대비 르그 지뢰
"“지옥이 열릴 것” 미국 압박에도…이란, 지뢰 깔고 미사일 추가했다 [美-이란 전쟁]",World,지옥 열리다 미국 압박 이란 지뢰 깔다 미사일 추가 이란 전쟁
"""미군 상륙하는 순간 표적?"" 이란, 헬기·함정 잡는 광섬유 '드론 장벽' 구축",World,미군 상륙 순간 표적 이란 헬기 함정 잡다 광섬유 드론 장벽 구축
"""4500조 날린 '이라크전 악몽'…트럼프, 이란전 협상 다급한 이유""",World,날리다 이라크전 악몽 트럼프 이란 협상 다급하다 이유
3초 간격으로 48대 연속 발사…中 ‘군집 드론’ 시연 첫 공개,World,간격 대다 연속 발사 군집 드론 시연 공개
홍해까지 위협 나섰다...AI 전쟁 발목잡은 이란 '지리장군',World,홍해 위협 나서다 전쟁 발목 잡다 이란 지리 장군
"구글 취업한 이란 자매, 기밀 빼돌린 스파이였다",World,구글 취업 이란 자매 기밀 돌리다 스파이
"'이참에 장기 점령' 이스라엘, 레바논 남부 계속 주둔",World,이참 장기 점령 이스라엘 레바논 남부 계속 주둔
"美·이란, 쟁점 미루고 부분합의부터 모색…""주말 휴전선언 주목""",World,이란 쟁점 미루다 부분 합의 모색 주말 휴전 선언 주목
구글 '터보퀀트' 반도체에 삭풍? 순풍?,World,구글 터보 퀀트 반도체 삭풍 순풍
"""트럼프가 조기 휴전하면 어쩌나""...이스라엘 ""48시간 내 이란 최대한 파괴""",World,트럼프 조기 휴전 이스라엘 이란 최대한 파괴
한번에 30억씩?…이란 의회에 호르무즈 통행료 징수 법안(종합),World,이란 의회 호르무즈 통행료 징수 법안 종합
"미국 ""이란이 합의 원해"" 종전 군불 vs 이란 ""대화 없다""...정반대 입장, 왜",World,미국 이란 합의 원하다 종전 군불 이란 대화 정반대 입장
"이란, 호르무즈 '30억 통행료' 추진…""美의 협상 제안은 패배 자인"" [HK영상]",World,이란 호르무즈 통행료 추진 협상 제안 패배 자인 영상
이란 대사 “한국은 비적대국… 미국 주도 합의에 참여 말라”,World,이란 대사 한국 비적 대국 미국 주도 합의 참여 말르다
"중동 6개국, 이란에 군사 반격 가능성 언급",World,중동 개국 이란 군사 반격 가능성 언급
"이란, 美 지상전에 대비…하르그섬에 지뢰 깔고 미사일 추가 배치",World,이란 지상전 대비 르그 지뢰 깔다 미사일 추가 배치
"""美 협상 조율할 '안보 사령탑' 졸가르드는 강경파…혁명수비대 입김 ↑""",World,협상 조율 안보 사령탑 가르다 들다 강경 혁명 수비대 입김
"트럼프, 네타냐후에 “다 죽는다” 면박…‘헤어질 결심’ 나온 배경은? [핫이슈]",World,트럼프 네타냐후 죽다 면박 헤어지다 결심 나오다 배경 핫이슈
이란 촘촘히 지뢰 깔고 미사일 배치…'원유 생명선' 하르그섬 요새화,World,이란 지뢰 깔다 미사일 배치 원유 생명 르그 요새화
"이란 ""호르무즈 이어 홍해 입구도 봉쇄 가능"" 위협",World,이란 호르무즈 홍해 입구 봉쇄 가능 위협
"러, 이란 도우며 우크라 공세 강화...양동작전 펼치나?",World,이란 도우 크다 공세 강화 작전 펼치다
"미국 지상군 투입 가능성에 이란 ""홍해 입구도 봉쇄 가능""",World,미국 지상군 투입 가능성 이란 홍해 입구 봉쇄 가능
"[자막뉴스] 美 해병대 다가오자 속속...이란, 지뢰 깔며 ""무자비한 공격""",World,자막 뉴스 해병대 다가오다 이란 지뢰 깔다 무자비하다 공격
"""이란전쟁? 군사작전이라니까"" 트럼프의 '단어 세탁'…의회 패싱 꼼수",World,이란 전쟁 군사작전 트럼프 단어 세탁 의회 패싱 꼼수
"이란대사 ""한국은 비적대국…선박 통과는 사전 협력 필요""",World,이란 대사 한국 비적 대국 선박 통과 사전 협력 필요
"트럼프 “이란, 종전 협상에 적극적이지만 인정하긴 꺼려”",World,트럼프 이란 종전 협상 적극 인정 꺼리다
"[영상] 미 ""패배 인정 않으면 지옥""…이란, 링컨함에 미사일 '보란 듯'",World,영상 밉다 패배 인정 지옥 이란 링컨 미사일
텅 빈 두바이 쇼핑몰… 명품 산업도 전쟁 유탄,World,두바이 쇼핑몰 명품 산업 전쟁 유탄
"이란대사 ""韓선박, 美와 무관시 통행가능…트럼프 휴전은 시간벌기""(종합)",World,이란 대사 선박 오다 무관 통행 가능 트럼프 휴전 벌다 종합
"""미국 조건 비현실적‥종전은 이란이 결정""",World,미국 조건 비현실적 종전 이란 결정
"중동 6개국, 이란 무력 도발 강력 규탄… 자위권 발동 시사",World,중동 개국 이란 무력 도발 강력 규탄 자위권 발동 시사
"더 때릴 곳이 없나?…미국·이스라엘, 이란 폭격 갑자기 줄어든 이유 [핫이슈]",World,때리다 미국 이스라엘 이란 폭격 줄어들다 이유 핫이슈
“트럼프가 말한 ‘이란의 선물’은 호르무즈 유조선 통과”…이스라엘 보도,World,트럼프 이란 선물 호르무즈 유조선 통과 이스라엘 보도
"""암살 명단에서 고위급 2명 제외""...명단 보니? [앵커리포트]",World,암살 명단 고위 제외 명단 앵커 리포트
백악관 “이란 패배 인정 안하면 지옥 불러올 것”…협상 위해 갈리바프·아라그치 암살 표적서 일시 제외,World,백악관 이란 패배 인정 지옥 불다 오다 협상 갈리 바프 라그 암살 표적 일시 제외
중동전쟁이 바꾼 힘의 균형...중국이 얻은 3가지 [이슈톺],World,중동전쟁 바꾸다 균형 중국 얻다 가지 이슈 톺다
주한 이란대사 “한국은 비적대국… 美 주도 호위 연합 불참해야”,World,주한 이란 대사 한국 비적 대국 주도 호위 연합 불참
백악관 “이란과 협상 진행 중”…이란 외무 “중재국 통해 종전안 검토”,World,백악관 이란 협상 진행 이란 외무 중재 통해 종전 검토
"“러시아, 이란에 드론도 지원…정권 안정 위한 개입도”",World,러시아 이란 드론 지원 정권 안정 개입
“데이터센터 건설 중단해야”…美 정가서 AI 규제 전면전 신호탄,World,데이터 센터 건설 중단 정가 규제 면전 신호탄
"""트럼프가 자랑한 '이란 선물'은 일부 유조선 호르무즈 통과 허용""",World,트럼프 자랑 이란 선물 일부 유조선 호르무즈 통과 허용
애플 폴더블에 맞불? '갤럭시Z 와이드 폴드' 렌더링 공개…“가격이 변수”,World,애플 더블 맞다 갤럭시 와이드 폴드 렌더링 공개 가격 변수
"[YTN 실시간뉴스] 트럼프 최후통첩 ""지옥 불러올 준비""",World,실시간 뉴스 트럼프 최후 통첩 지옥 불다 오다 준비
"“미군 들어오면 피바다?”…이란, 하르그섬에 덫 깔고 방공망 키웠다 [핫이슈]",World,미군 들어오다 피바다 이란 르그 깔다 방공 키우다 핫이슈
"트럼프 ""이란 핵은 암세포…우리가 도려냈고 이제 숨통 끊을 것""",World,트럼프 이란 암세포 도려내다 숨통 끊다
"급해진 트럼프, 시진핑 만나기 전 '셀프 종전' 시나리오",World,급하다 트럼프 시진핑 만나다 셀프 종전 시나리오
"한 번에 '30억'…이란, 호르무즈 해협 통행료 추진",World,이란 호르무즈 해협 통행료 추진
"'트럼프 책사' 나바로 ""관세 15% 인상 진행 중""",World,트럼프 책사 관세 인상 진행
"앤디 김 ""트럼프, 아시아 안보 경시… 韓 등 동맹에 무례""",World,앤디 트럼프 아시아 안보 경시 동맹 무례
"이란의 세컨더리보이콧 ""미국 관련 석유는 통과 못해""",World,이란 덥다 보이콧 미국 관련 석유 통과
이란 전쟁 미사일 소모에 텅스텐 공급 악화…반도체 제조까지 ‘흔들’,World,이란 전쟁 미사일 소모 텅스텐 공급 악화 반도체 제조 흔들다
“지나가겠다고? 30억씩 내”…美 동맹국들에 ‘호르무즈 통행료’ 걷겠다는 이란,World,지나가다 동맹국 호르무즈 통행료 걷다 이란
협상은 없다 vs 진행 중...미·이란 '엇박자 외교전' [이슈톺],World,협상 진행 밉다 이란 박다 외교 이슈 톺다
"[뉴스특보] ""협상 계속""vs""대화 없다""…종전협상 '안갯속'",World,뉴스특보 협상 계속 대화 종전 협상 안갯속
"네타냐후 '이란 시위 선동' 제안…트럼프 ""다 죽는다"" 거부",World,네타냐후 이란 시위 선동 제안 트럼프 죽다 거부
호르무즈 문 열겠다는 이란...억 소리나는 당황스러운 '요금제' [지금이뉴스],World,호르무즈 열다 이란 리나 당황 금제 뉴스
"美 '최정예"" 부대 투입에 이란도 강대강...트럼프 위협할 파국 공포 [Y녹취록]",World,정예 부대 투입 이란 대강 트럼프 위협 파국 공포 녹취록
"""패배 인정 안 하면 더 큰 타격""‥5월 미·중회담",World,패배 인정 크다 타격 밉다 회담
"""미국 조건 비현실적‥종전은 이란이 결정""",World,미국 조건 비현실적 종전 이란 결정
"‘그린란드 병합’ 트럼프 야욕 막았지만…덴마크 여권, 총선서 과반 실패",World,그린란드 병합 트럼프 야욕 막다 덴마크 여권 총선 과반 실패
"트럼프, “지옥 부를 준비됐다”…이란에 최후통첩",World,트럼프 지옥 부르다 준비 돼다 이란 최후 통첩
“1천명 잘랐는데 또 수백명 ‘우르르’ 해고”…섬뜩 구조조정 나선 글로벌 대기업 ‘이곳’,World,천명 자르다 수백 해고 구조조정 나선 글로벌 대기업
"주한 이란대사 ""美와 거래 기업, 호르무즈 못 지나""… 韓 선박에도 적용 시사",World,주한 이란 대사 오다 거래 기업 호르무즈 지나 선박 적용 시사
"“당신이 전쟁하자 했잖아”…트럼프, 전쟁 책임떠넘기기?",World,전쟁 트럼프 전쟁 책임 뜨다 넘기다
"이란에 ‘지옥’ 위협하며 “허풍 아니다”… ‘폭격유예’ 끝나는 주말, 최대 분수령",World,이란 지옥 위협 허풍 폭격 유예 끝나다 주말 최대 분수령
美 “1만개 군사표적 타격” 이란 “링컨호에 미사일”… 일촉즉발,World,군사 표적 타격 이란 링컨 미사일 일촉즉발
"""트럼프 '이란전 갈지자' 발언에 '호르무즈 연합' 교착""",World,트럼프 이란 갈다 발언 호르무즈 연합 교착
국가 비축유 곳간 푸는 日…다카이치 IEA에 “추가 방출 요청”,World,국가 비축 곳간 푸다 다카 이치 추가 방출 요청
"中, 메타 인수 AI기업 임원 2명 출국금지…美·中 AI 패권전 '정면충돌'",World,메타 인수 기업 임원 출국금지 패권 정면 충돌
"우크라 대출 막은 헝가리, 이번엔 “가스 끊겠다”",World,크다 대출 막다 헝가리 가스 끊다
"""피트, 네가 하자고 했잖아""...트럼프 책임 떠넘기기? [Y녹취록]",World,피트 하자 트럼프 책임 뜨다 넘기다 녹취록
"美 “지옥 열릴 것” 협상 압박에도…이란, 하르그섬에 지뢰 설치하며 공격 대비",World,지옥 열리다 협상 압박 이란 르그 지뢰 설치 공격 대비
"美 종전안 거부 이란, 5가지 역조건 맞불…팽팽한 수싸움",World,종전 거부 이란 가지 조건 맞다 팽팽 싸움
트럼프가 말한 ‘이란의 큰 선물’…정체는 ‘일부 유조선’ 호르무즈 통과 허용,World,트럼프 이란 크다 선물 정체 일부 유조선 호르무즈 통과 허용
'1만6000년' 뼈에서 개 유전자 찾았다…빙하기 말부터 인간과 지내,World,유전자 찾다 인간 지내다
"이란 ""호르무즈 이어 홍해 입구도 봉쇄 가능"" 위협",World,이란 호르무즈 홍해 입구 봉쇄 가능 위협
"이스라엘 ""3·28 휴전 가능성""‥""안 돼"" 전군 총공격 지시",World,이스라엘 휴전 가능성 돼다 전군 총공격 지시
"'연료 수급난' 인도, 러시아산 원유 또 구매",World,연료 수급 인도 러시 아산 원유 구매
"이란, 배상금 내고 인근 미군 기지 패쇄해라",World,이란 배상금 내다 인근 미군 기지 패쇄해
"""배 지나가려면 30억 내라""…이란, 호르무즈 통행료 카드 만지작",World,지나가다 이란 호르무즈 통행료 카드
"트럼프 책사 “글로벌 관세 15%로 인상, 실행중”",World,트럼프 책사 글로벌 관세 인상 실행
연이은 조기종전 시그널…28일 휴전 발표 가능성에 촉각,World,조기 종전 시그널 휴전 발표 가능성 촉각
"이라크 군병원 폭격으로 7명 숨져…미군, 또 '오인 사격' 논란",World,이라크 병원 폭격 숨지다 미군 오인 사격 논란
"""핵포기"" 등 15개 항 vs ""배상"" 등 5개 항…미국·이란 협상 타결은 '바늘구멍'",World,포기 배상 미국 이란 협상 타결 바늘 구멍
"호르무즈도 모자라 홍해 입구까지?…이란, ‘새 전선’ 경고 [핫이슈]",World,호르무즈 모자라 홍해 입구 이란 전선 경고 핫이슈
"“양 많은데 말도 안되게 저렴하다” 일본서 난리난 한국 커피, 뭐길래",World,많다 안되다 저렴하다 일본 난리 한국 커피 뭐길
[人사이더] 앤디 김 “韓 MD체계 차출 우려… 동맹국에 무례한 행보 실망”,World,사이더 앤디 체계 차출 우려 동맹국 무례하다 행보 실망
"“호르무즈 개방” 방침 밝힌 이란, ‘1회 30억원’ 통행료 징수 방침",World,호르무즈 개방 방침 밝히다 이란 억원 통행료 징수 방침
"""대화 있다"" vs ""없다""…주도권 잡으려 판 흔드는 트럼프·이란의 '수싸움'",World,대화 주도 잡다 흔들다 트럼프 이란 싸움
호르무즈 막히자 비료 가격도 급등…세계 식탁 비상,World,호르무즈 막히다 비료 가격 급등 세계 식탁 비상
연이은 조기종전 시그널…28일 휴전 발표 가능성에 촉각,World,조기 종전 시그널 휴전 발표 가능성 촉각
"트럼프 향해 ""역사적 기회""...사우디가 평화 거부하는 이유 [Y녹취록]",World,트럼프 역사 기회 사우디 평화 거부 이유 녹취록
호르무즈 봉쇄 속 통행료 카드 꺼낸 이란…선박당 ‘30억 원’ 부과 검토,World,호르무즈 봉쇄 통행료 카드 꺼내다 이란 선박 부과 검토
"[자막뉴스] 태국 유조선, 호르무즈 '무료 통과'…30억 원 통행료는?",World,자막 뉴스 태국 유조선 호르무즈 무료 통과 통행료
美 중부사령부 “현재까지 이란 군사 목표물 1만개 이상 타격”,World,중부 사령부 현재 이란 군사 목표 타격
"중동 6개국 ""자위권 있다""…이란에 군사 행동 가능성 언급",World,중동 개국 자위권 이란 군사 행동 가능성 언급
"“이란, 호르무즈서 ‘수에즈식 통행료’ 받겠다”…“1회 30억 원 수준”",World,이란 호르무즈 수에즈 통행료 받다 수준
"지상전 대비하는 이란 지도자…""섬 상륙시 걸프국 가차없는 공격""",World,지상전 대비 이란 지도자 상륙 걸프 가차 공격
"""석유보다 더 무섭다"" 복구만 5년…亞 vs 유럽 'LNG 전쟁' 시작됐다",World,석유 무섭다 복구 유럽 전쟁 시작 돼다
"""네타냐후, 이란 내 시위선동 제안했지만 트럼프가 거부""",World,네타냐후 이란 시위 선동 제안 트럼프 거부
"[자막뉴스] 함정 파고 공수부대 기다리는 이란…""극한의 치킨게임"" 하르그섬 긴장 '최고조'",World,자막 뉴스 함정 파고 공수부대 기다리다 이란 극한 치킨게임 르그 긴장 최고
"""이란, 안보 서비스 명목 호르무즈 통과에 30억씩?""",World,이란 안보 서비스 명목 호르무즈 통과
두바이 쇼핑몰 발길 뚝…명품산업도 전쟁 유탄,World,두바이 쇼핑몰 발길 명품 산업 전쟁 유탄
"[뉴스포커스] 미·이란, 종전 두고 기싸움…이스라엘, 휴전 경계",World,뉴스 포커스 밉다 이란 종전 두다 싸움 이스라엘 휴전 경계
이란의 ‘하르그섬 배수진’... 지뢰 깔고 미사일 추가 배치,World,이란 르그 배수진 지뢰 깔다 미사일 추가 배치
"트럼프 ""핵무기 가진 이란은 암, 우리가 제거…에너지가격 상승·주가 하락 단기적인것""",World,트럼프 핵무기 가지다 이란 제거 에너지 가격 상승 주가 하락 기적
"대만의 경고... 한국 정부는 어떻게 대응해야 할까 [김종성의 '히, 스토리']",World,대만 경고 한국 정부 어떻다 대응 김종성 스토리
"KF-21 개발 기간 실화?…K방산 속도·성능에 놀란 외신, 극찬 쏟아내 [밀리터리+]",World,개발 기간 실화 방산 속도 성능 놀란 외신 극찬 쏟아내다 밀리터리
“호르무즈 지나려면 30억 내”…‘수에즈식 통행료’ 카드 꺼낸 이란,World,호르무즈 지나다 수에즈 통행료 카드 꺼내다 이란
"'IPO 최대어' 스페이스X, 113조원 유치 시총 5위 찍나",World,최대 스페이스 조원 유치
"중동 6개국 ""자위권 있다""…이란에 군사행동 가능성 언급",World,중동 개국 자위권 이란 군사 행동 가능성 언급
"젤렌스키 ""트럼프, 돈바스 전체 러시아에 넘기라 압박""",World,렌스 트럼프 돈바스 전체 러시아 넘기다 압박
"""암살 보류"" 콕 찍은 두명…美, 이란 협상대표들 표적서 제외",World,암살 보류 찍다 이란 협상 대표 표적 제외
"WSJ “미국, ‘협상 파트너’ 이란 의회의장·외교장관 암살 표적서 일시 제외”",World,미국 협상 파트너 이란 의회 의장 외교 장관 암살 표적 일시 제외
"""핵포기"" vs ""배상""…간극 큰 조건에 협상타결은 '바늘구멍'",World,포기 배상 간극 크다 조건 협상 타결 바늘 구멍
"이란, 호르무즈 '통행료' 방침 강조…한번에 30억씩?",World,이란 호르무즈 통행료 방침 강조
‘GPS 먹통’ 보이지 않는 공포…호르무즈 멈춰선 日선박들,World,먹통 보이지 공포 호르무즈 멈추다 선박
"""미, 이란 의회의장·외무장관 암살표적서 일시 제외""",World,밉다 이란 의회 의장 외무 장관 암살 표적 일시 제외
"미·이란, 요구 격차 더 커졌다…“불안정한 평화가 최선”",World,밉다 이란 요구 격차 커지다 불안정하다 평화 최선
“트럼프가 언급한 '이란의 큰 선물'은 호르무즈 해협 유조선 통과”,World,트럼프 언급 이란 크다 선물 호르무즈 해협 유조선 통과
"이란 ""호르무즈 이어 홍해 입구도 봉쇄 가능"" 위협",World,이란 호르무즈 홍해 입구 봉쇄 가능 위협
"""협상 카드 남겼다""…美·이스라엘, 갈리바프·아라그치 제거 보류",World,협상 카드 남기다 이스라엘 갈리 바프 라그 제거 보류
종전협상 개시여부에 초미관심…난타전 이어가며 '치열한 기싸움',World,종전 협상 개시 미관 난타 어가 치열하다 싸움
"주한 이란대사 “韓, 참혹한 사태의 공범되지 않길”",World,주한 이란 대사 참혹하다 사태 공범
비적대국 선박 호르무즈 통과하려면 30억 내라?…통행료 받겠다는 이란,World,비적 대국 선박 호르무즈 통과 통행료 받다 이란
트럼프 “핵무장 이란은 암…우리가 제거했다”,World,트럼프 무장 이란 제거
"곳곳 거센 공습 속 이란, 미 항모 향해 미사일 발사",World,곳곳 세다 공습 이란 밉다 항모 미사일 발사
"'美, 하르그 섬 점령 실익 있나?' 군사전문가 의문제기",World,르그 점령 실익 군사 전문가 의문 제기
"""하르그섬은 절대 안 돼""…이란, 지뢰 깔고 홍해 봉쇄도 검토",World,르그 절대 돼다 이란 지뢰 깔다 홍해 봉쇄 검토
"유럽 에어버스, 미 보잉 제치고 중국과 101대·23조원 공급 계약",World,유럽 에어버스 밉다 보잉 중국 대다 조원 공급 계약
"""이젠 사람 대신 로봇이 싸운다""⋯180㎝·80㎏ 군용 휴머노이드, 우크라에 인도",World,대신 로봇 싸우다 군용 휴머노이드 크다 인도
기뢰 깔고 통행료 30억 갈취...호르무즈 해협 해적된 이란,World,기뢰 깔다 통행료 갈취 호르무즈 해협 해적 이란
이란 “미국과 직접 대화 의향 없어”…5가지 종전 조건 제시,World,이란 미국 직접 대화 의향 가지 종전 조건 제시
"""이란, 美해병대 하르그섬 상륙 대비…지뢰·방공미사일 추가배치""",World,이란 해병대 르그 상륙 대비 지뢰 방공 미사일 추가 배치
"[자막뉴스] ""하나만 사도 항공·숙박비 뽑아""...가격 폭락에도 중국인들 '일확천금' 베팅",World,자막 뉴스 사도 항공 숙박 뽑다 가격 폭락 중국 일확천금 베팅
"“한번만 통과해도 30억”…이란, 호르무즈서 ‘수에즈식 통행료’ 속셈",World,통과 이란 호르무즈 수에즈 통행료 속셈
"김영진 ""국힘 유승민 카드 있어...자만하면 경기지사 어려워""",World,김영진 국힘 유승민 카드 자만하다 경기 지사 어렵다
"“한 번 통과에 30억원”…이란, 호르무즈 ‘통행료 징수’ 카드 꺼냈다",World,통과 억원 이란 호르무즈 통행료 징수 카드 꺼내다
한번에 30억씩?…호르무즈서 '통행료' 받겠다는 이란,World,호르무즈 통행료 받다 이란
"中, 정상회담 '선물' 보잉기 500대 구매 논의…에어버스 101대 계약",World,정상회담 선물 보잉 대다 구매 논의 에어버스 대다 계약
"재집권 빨간불 켜진 헝가리 총리 “우크라 가스 공급, 단계적 중단”",World,집권 빨갛다 켜지다 헝가리 총리 크다 가스 공급 단계 중단
"이란 “미, 지상 작전 벌이면 홍해도 막을 것”···호르무즈 해협 이어 추가 봉쇄 언급",World,이란 밉다 지상 작전 벌이 홍해 호르무즈 해협 추가 봉쇄 언급
한번에 30억씩?…호르무즈서 '수에즈식 통행료' 받겠다는 이란,World,호르무즈 수에즈 통행료 받다 이란
"이란, 호르무즈 해협 이어 홍해 입구 봉쇄 가능성 거론",World,이란 호르무즈 해협 홍해 입구 봉쇄 가능성 거론
"CNN “이란, 미군 상륙 대비해 하르그섬 주변에 지뢰 매설”",World,이란 미군 상륙 대비 르그 주변 지뢰 매설
"백악관 ""트럼프, 지옥 불러올 준비 돼있어…패배 인정 않으면 더 큰 타격 입을 것"" 이란에 종전 합의 압박",World,백악관 트럼프 지옥 불다 오다 준비 돼다 패배 인정 크다 타격 이란 종전 합의 압박
"곳곳 거센 공습 속 이란, 미 항모 향해 미사일 발사",World,곳곳 세다 공습 이란 밉다 항모 미사일 발사
"""패배 인정 않으면 더 강력 타격""‥5월 중순 미·중 회담",World,패배 인정 강력 타격 중순 밉다 회담
"""미국 조건 과도해‥트럼프 마음대로 못 끝내""",World,미국 조건 과도 트럼프 끝내
이란 “미국과 직접 대화 의향 없어”…5가지 종전 조건 제시,World,이란 미국 직접 대화 의향 가지 종전 조건 제시
트럼프 ‘토요일 휴전 발표’ 가능성…이스라엘 “이란 최대한 더 때리자”,World,트럼프 토요일 휴전 발표 가능성 이스라엘 이란 최대한 때리다
"서방 정보당국 “러시아, 전쟁 시작 후 이란에 드론 지원”",World,서방 정보 당국 러시아 전쟁 시작 이란 드론 지원
"이란, 호르무즈 이어 홍해 입구까지 봉쇄 위협",World,이란 호르무즈 홍해 입구 봉쇄 위협
"中, 에어버스 항공기 101대 계약…美보잉과도 구매 협상",World,에어버스 항공기 대다 계약 보잉 구매 협상
"네타냐후 결국 폭주…“48시간 동안 이란 불태워라” 명령, 트럼프 입장은? [핫이슈]",World,네타냐후 폭주 이란 태우다 명령 트럼프 입장 핫이슈
"태국 유조선, 이란과 협상 통해 호르무즈 해협 통과…비용 지급 없어",World,태국 유조선 이란 협상 통해 호르무즈 해협 통과 비용 지급
호르무즈 이어 홍해까지…이란 “또 다른 해협 봉쇄” 경고,World,호르무즈 홍해 이란 해협 봉쇄 경고
"""트럼프, 중동에 발묶여 우크라에 '동부영토 러 내주라' 압박""",World,트럼프 중동 묶이다 크다 동부 영토 내주 압박
"""이란, 하르그섬 방어 강화…美지상군 공격 대비""",World,이란 르그 방어 강화 지상군 공격 대비
"""45일 뒤 석유 완전히 고갈""⋯필리핀, 이란 전쟁에 '국가 비상사태' 선포",World,석유 완전하다 고갈 필리핀 이란 전쟁 국가 비상 사태 선포
"셧다운 무급에 美공항요원 3600명 사직·결근…""4시간 반 대기줄""",World,셧다운 무급 공항 요원 사직 결근 대다
"""이란, 미 지상군 공격 대비해 원유 거점 하르그섬 방어 강화""",World,이란 밉다 지상군 공격 대비 원유 거점 르그 방어 강화
독일도 우크라서 발 빼나… “타우러스 미사일 제공 불가”,World,독일 크다 미사일 제공 불가
"美 ""협상 진행 중이지만…패배 인정 안하면 더 큰 타격"" 이란 압박",World,협상 진행 중이 패배 인정 크다 타격 이란 압박
"앤디김 ""이란 전쟁으로 한국 미사일 방어 체계 차출 우려""",World,앤디 이란 전쟁 한국 미사일 방어 체계 차출 우려
"""골드만삭스, 미 경기하강 위험 30%…유가 급등 영향""",World,골드만삭스 밉다 경기 하강 위험 유가 급등 영향
"“7년간 30조 투자” NASA, 달 남극에 우주정거장 대신 '달 기지' 세운다",World,투자 남극 우주정거장 대신 기지 세우다
[월드앤이슈] 종전 협상 '기싸움'…토요일 휴전 가능성 '촉각',World,월드 이슈 종전 협상 싸움 토요일 휴전 가능성 촉각
"""한반도 MD 중동 재배치, 트럼프는 韓에 무례""",World,한반도 중동 배치 트럼프 무례
"젤렌스키 ""美, 돈바스 양도 조건으로 안전보장…유럽 안보 위협""",World,렌스 돈바스 양도 조건 안전보장 유럽 안보 위협
"“이란, 미국 지상군 공격 대비해 하르그섬 방어 강화”",World,이란 미국 지상군 공격 대비 르그 방어 강화
"이란, 호르무즈 해협 이어 홍해 입구 봉쇄도 위협",World,이란 호르무즈 해협 홍해 입구 봉쇄 위협
"주유소 앞 장사진, 중국도 '오일런'…'짝퉁 주유소'까지",World,주유소 장사진 중국 오일 짝퉁 주유소
“트럼프 '토요일 휴전 발표' 가능성 촉각”…이스라엘 “48시간 내 이란 최대한 파괴”,World,트럼프 토요일 휴전 발표 가능성 촉각 이스라엘 이란 최대한 파괴
"""트럼프, 토요일 휴전 발표할 수도""…이스라엘, 48시간 이란 총공격 명령 (종합)(종합)",World,트럼프 토요일 휴전 발표 수도 이스라엘 이란 총공격 명령 종합 종합
"""이란, 하르그섬에 지뢰 깔고 미사일 추가…美지상군 대비""",World,이란 르그 지뢰 깔다 미사일 추가 지상군 대비
"""트럼프 휴전 선언할까 걱정""…미군 가기 전에 더 때릴 곳 찾는 이스라엘",World,트럼프 휴전 선언 걱정 미군 가기 때리다 찾다 이스라엘
"‘안방’ 내준 트럼프, 조기총선 몰린 네타냐후…지지율 ‘동반 나락’",World,안방 내주다 트럼프 조기 총선 몰리다 네타냐후 지지율 동반 나락
"뉴섬 주지사 ""로봇 꽂힌 머스크, 中전기차 도와줘…시대의 큰 실망""",World,뉴섬 지사 로봇 꽂히다 머스크 전기차 도와주다 시대 크다 실망
"이스라엘 “트럼프, 조기 휴전 가능성”…단기 군사성과 내기 총력",World,이스라엘 트럼프 조기 휴전 가능성 단기 군사 성과 내기 총력
"서방 정보당국 ""러시아, 전쟁 시작 후 이란에 드론 제공""",World,서방 정보 당국 러시아 전쟁 시작 이란 드론 제공
"이란 외무 ""지도부, 美 종전안 검토…대화할 생각은 없다""",World,이란 외무 도부 종전 검토 대화
"나토 사령관 “러·이란 드론 대량생산, 유럽도 무기 더 빨리 만들어야”",World,나토 사령관 이란 드론 대량생산 유럽 무기 만들다
"""이스라엘, 트럼프 '토요일 휴전 발표' 가능성에 촉각""",World,이스라엘 트럼프 토요일 휴전 발표 가능성 촉각
"이란軍 ""호르무즈 이전으로 돌아가지 않는다""",World,이란 호르무즈 이전 돌아가다
“유가 150달러 가면 혹독한 경제침체 온다”…블랙록 CEO 꺼낸 ‘최악 시나리오’,World,유가 달러 가면 혹독하다 경제 침체 오다 블랙록 꺼내다 최악 시나리오
“트럼프 언급한 이란 ‘선물’은 호르무즈 해협 유조선 통과”,World,트럼프 언급 이란 선물 호르무즈 해협 유조선 통과
"이란 사태에 우크라 뒷전…젤렌스키 ""트럼프, 돈바스 전체 양보 요구""",World,이란 사태 크다 뒷전 렌스 트럼프 돈바스 전체 양보 요구
"[비즈 나우] ""스페이스X, 이번주 IPO 신청""…우주테마 '불기둥'",World,비즈 나우 스페이스 신청 우주 테마 불기둥
"[부자들의 투자노트] JP모건 ""S&P 500, 연말까지 7천500 달성할 것""",World,부자 투자 노트 모건 연말 달성
"“머스크 10년간 최악 자책골, 가장 실망스럽다”…혹평 쏟아낸 美민주 잠룡",World,머스크 최악 자책골 실망 스럽다 혹평 쏟아내다 민주 잠룡
"유엔 사무총장, 이란전쟁 특사 임명…""美·이스라엘, 전쟁 끝낼 때 됐다""",World,유엔 사무 총장 이란 전쟁 특사 임명 이스라엘 전쟁 끝내다 돼다
"휴전 걸림돌 떠오른 헤즈볼라…이란 ""헤즈볼라와 반드시 휴전해야""",World,휴전 걸리다 떠오르다 헤즈볼라 이란 헤즈볼라 휴전
"""이스라엘, 트럼프 '토요일 휴전' 발표 가능성 경계…공격 서두른다""",World,이스라엘 트럼프 토요일 휴전 발표 가능성 경계 공격 서두르다
"[단독] 쿠팡, 美로비스트 2곳 추가 선임… “한국 등 동맹과 유대 강화 논의”",World,단독 쿠팡 로비스트 추가 선임 한국 동맹 유대 강화 논의
"'SK하닉의 위력' 美반도체주 일제 랠리했는데, 마이크론만 급락",World,위력 반도체 일제 랠리 마이크론 급락
"“트럼프, 토요일 휴전 발표할지도”... 이스라엘 “48시간 내 이란 최대한 파괴”",World,트럼프 토요일 휴전 발표 이스라엘 이란 최대한 파괴
"이란 외교장관 “미국 종전안, 흥미 없지만…최고 당국자 입장 발표는 할 것”",World,이란 외교 장관 미국 종전 흥미 최고 당국자 입장 발표
"미군 ""1만번째 이란 군사 목표물 타격…아직 안 끝났다""",World,미군 이란 군사 목표 타격 끝나다
"이란 압박 수위 높이는 백악관 ""협상 계속…지옥 풀어놓을 준비""",World,이란 압박 수위 높이다 백악관 협상 계속 지옥 풀다 준비
"백악관 “이란, 패배 인정하지 않으면 더 큰 타격 입을 것”",World,백악관 이란 패배 인정 크다 타격
"백악관 ""이란과 협상 진행 중…패배 인정 못하면 더 큰 타격""",World,백악관 이란 협상 진행 패배 인정 크다 타격
엡스타인 파일에서 시선 돌리려 전쟁 일으켰나,World,스타인 파일 시선 돌리다 전쟁 일으키다
"백악관 ""트럼프, 지옥 불러올 준비됐다""…이란에 종전 압박",World,백악관 트럼프 지옥 불다 오다 준비 돼다 이란 종전 압박
"이란, 미국 종전안 거부…""호르무즈 통과, 우리가 결정""",World,이란 미국 종전 거부 호르무즈 통과 결정
앤디김 “美中회담서 亞동맹 희생될 수 도”,World,앤디 회담 동맹 희생
"이스라엘, 美 28일 조기종전 발표 가능성 경계",World,이스라엘 조기 종전 발표 가능성 경계
"美 중부사령부 ""이란 군사 목표물 1만개 타격…작전 아직 안 끝났다""",World,중부 사령부 이란 군사 목표 타격 작전 끝나다
"[마켓 브리핑] 이란, 美 종전안 거절…백악관 ""협상 지속 중""",World,마켓 브리핑 이란 종전 거절 백악관 협상 지속
"“항복 아니면 파멸”… 美, 이란 정권 향해 압박 수위 높여",World,항복 파멸 이란 정권 압박 수위 높이다
"“러시아, 이란에 일회용 공격 드론 전달 중”…이란전쟁 변수되나",World,러시아 이란 일회용 공격 드론 전달 이란 전쟁 변수
美보수 최대 정치행사 CPAC 개막…이란전 놓고 ‘마가’ 논쟁 예상,World,보수 최대 정치 행사 개막 이란 놓다 마가 논쟁 예상
미군 “1만번째 이란 군사목표물 타격…우리는 아직 끝나지 않았다”,World,미군 이란 군사 목표 타격 끝나다
"중동 전문가들, 美·이란 진지한 협상으로 합의 길 열릴 수도",World,중동 전문가 이란 진지하다 협상 합의 열리다 수도
[김대호 박사의 오늘의 키워드] 이상한 종전 협상·빈 살만 노림수·금리인상 급선회·SK 주주 배신,World,김대호 박사 오늘 워드 이상하다 종전 협상 노리다 금리 인상 선회 주주 배신
[미·이란 전쟁 한달] 주요 일지,World,밉다 이란 전쟁 주요 일지
"앤디 김 “김 총리에 트럼프, 북미대화 진지하지 않다 말해”",World,앤디 총리 트럼프 북미 대화 진지하다
"[미·이란 전쟁 한달] ""또 쾅쾅…공습경보에 앰뷸런스 소리도 들려요""",World,밉다 이란 전쟁 공습경보 앰뷸런스 소리 들다
[미·이란 전쟁 한달] 난타전속 에너지 전쟁으로 격화…공멸의 치킨게임,World,밉다 이란 전쟁 난타 전속 에너지 전쟁 격화 공멸 치킨게임
미 우파 최대 정치행사 개막…'이란전 이견' 분출할까,World,밉다 우파 최대 정치 행사 개막 이란 이견 분출
"이란, 이스라엘 핵시설부근 디모나에 또 미사일 폭격 -- 칸TV",World,이란 이스라엘 시설 부근 디모나 미사일 폭격
지상전 준비하는 이란 실권자... “적이 섬 점령하면 무자비하게 공격”,World,지상전 준비 이란 실권 점령 무자비하다 공격
마가의 이란전 이견 분출할까…美우파 최대 정치행사 개막,World,마가 이란 이견 분출 우파 최대 정치 행사 개막
"미군 ""1만개 이상 이란 군사목표물 타격…아직 끝나지 않았다""",World,미군 이란 군사 목표 타격 끝나다
계속 출구 깜빡이 켜는 백악관 “핵심 목표 매우 근접...협상 중” [이태규의 워싱턴 플레이북],World,계속 출구 깜빡이다 켜다 백악관 핵심 목표 근접 협상 이태규 워싱턴 플레이
"'종전안 거부' 이란의 역제안... 백악관 ""다신 오판하지 말라""",World,종전 거부 이란 제안 백악관 다시다 판하 말르다
"""한국은 가장 적대적인 국가""라면서 왜 헌법은 공개 안 할까",World,한국 적대 국가 헌법 공개
"ARM 16% 폭등, 반도체지수 1.21% 상승(종합)",World,폭등 반도체 지수 상승 종합
"뉴욕 증시, 美 한달 휴전 제안 소식에 반등...유가 2% 이상 하락 [데일리국제금융]",World,뉴욕 증시 휴전 제안 소식 반등 유가 하락 일리 국제 금융
"""트럼프가 조기 휴전하면 어쩌나""...이란 급소 찾는 이스라엘",World,트럼프 조기 휴전 이란 급소 찾다 이스라엘
"주미 UAE 대사, 이란 전쟁 조기 종식 강력하게 반대",World,밉다 대사 이란 전쟁 조기 종식 강력하다 반대
"이란군 ""호르무즈 통항 우리가 결정…유가 수위도 우리 손에 달려""",World,이란 호르무즈 통항 결정 유가 수위 달다
"뉴욕 3대 지수, 美·이란 평화 협상 줄다리기 속 동반 상승",World,뉴욕 대다 지수 이란 평화 협상 줄다리기 동반 상승
미국 “패배 불인정시 지옥” 이란 “종전하려면 배상 먼저”,World,미국 패배 정시 지옥 이란 종전 배상 먼저
"[증시전략] 스페이스X, 이번 주 상장 절차 착수…세계 최대어 온다",World,증시 전략 스페이스 상장 절차 착수 세계 최대 오다
"미군 ""1만개 이상 이란 군사목표물 타격…아직 끝나지 않았다""",World,미군 이란 군사 목표 타격 끝나다
공수사단엔 '진격 명령'‥협상인가 협박인가,World,사단 진격 명령 협상 협박
"백악관, 이란에 종전 압박…""트럼프, 지옥 불러올 준비 돼 있다""",World,백악관 이란 종전 압박 트럼프 지옥 불다 오다 준비 돼다
"[외신 헤드라인] ""스페이스X, 이르면 이번 주 기업 공개 신청""",World,외신 헤드라인 스페이스 기업 공개 신청
"백악관, 이란 종전안 거부에 “패배 인정 않으면 더 큰 타격” 압박",World,백악관 이란 종전 거부 패배 인정 크다 타격 압박
"""비현실적"" 강경한 이란…美는 협상·압박 병행 [글로벌 뉴스픽]",World,비현실적 강경하다 이란 늘다 협상 압박 병행 글로벌 뉴스
"앤디김 ""韓 MD 체계 차출 우려…미중회담서 亞동맹 희생될수도""(종합)",World,앤디 체계 차출 우려 밉다 회담 동맹 희생 종합
"""패배 인정 안하면 더 큰 타격""…미중회담은 5월",World,패배 인정 크다 타격 밉다 회담
ARM 16% 폭등하자 엔비디아도 2% 상승,World,폭등 엔비디아 상승
"""미 종전안 거절…호르무즈 통과 우리가 결정""",World,밉다 종전 거절 호르무즈 통과 결정
"곳곳 거센 공습 속 이란, 미 항모 향해 미사일 발사",World,곳곳 세다 공습 이란 밉다 항모 미사일 발사
"트럼프 토요일에 전격 휴전 발표한다? “네타냐후, 긴급 대책회의 진행”",World,트럼프 토요일 전격 휴전 발표 네타냐후 긴급 대책 회의 진행
"""패배 인정 않으면 더 강력 타격""‥5월 중순 미·중 회담",World,패배 인정 강력 타격 중순 밉다 회담
배 1척에 통행료 26억?…이란의 내민 ‘호르무즈 톨게이트’ 유가 폭탄 영수증 [글로벌 모닝 브리핑],World,통행료 이란 내미다 호르무즈 톨게이트 유가 폭탄 영수증 글로벌 모닝 브리핑
"""미국 조건 비현실적·과도‥종전은 이란이 결정""",World,미국 조건 비현실적 과도 종전 이란 결정
"“스페이스X, 이번주나 다음주 기업공개 신청”",World,스페이스 다음주 기업 공개 신청
‘안전 자산’ 금의 배신?…전쟁 후 17% 폭락,World,안전 자산 배신 전쟁 폭락
이란 “미국과 직접 대화 의향 없어”…5가지 종전 조건 제시,World,이란 미국 직접 대화 의향 가지 종전 조건 제시
“감옥서 1㎞ 떨어진 마잉푸 위쪽”···안중근 유해 위치 단서 일본 신문 첫 공개,World,감옥 떨어지다 마잉푸 위쪽 안중근 유해 위치 단서 일본 신문 공개
“CPU가 돌아왔다” 컴퓨터 두뇌가 AI 서버 사령관으로[김창영의 실리콘밸리Look],World,가다 돌아오다 컴퓨터 두뇌 서버 사령관 김창영 실리콘밸리
"미 국무차관, '정상합의' 한국 핵잠 건조에 ""꽤 광범위한 절차 진행 중""",World,밉다 국무 차관 정상 합의 한국 핵잠 건조 광범위하다 절차 진행
백악관 “트럼프 방중 5월 14~15일로 조정…이란과는 협상 계속”,World,백악관 트럼프 방중 일로 조정 이란 협상 계속
"이란 외무 ""美와 협상=패배 인정, 종전안 검토 중이나 대화 생각 없다""",World,이란 외무 오다 협상 패배 인정 종전 검토 중이 대화
백악관 “미중 정상회담 5월 14~15일”...이란 전쟁 이전에 마무리 될까,World,백악관 밉다 정상회담 이란 전쟁 이전 마무리
"테슬라 0.76% 상승-리비안 2.98% 하락, 전기차 혼조(상보)",World,테슬라 상승 비다 하락 전기차 상보
"中국부펀드, 이란 전쟁에 투자논의 중단...‘사모대출 위기’ 월가 좌절",World,국부펀드 이란 전쟁 투자 논의 중단 사모 대출 위기 좌절
"국제유가, 美·이란 협상 기대감 지속에 2% 하락…시장 경계감은 지속",World,국제 유가 이란 협상 대감 지속 하락 시장 경계 감다 지속
"""이스라엘, 트럼프 '조기 휴전' 발표 우려""[미국-이란 전쟁]",World,이스라엘 트럼프 조기 휴전 발표 우려 미국 이란 전쟁
"뉴욕증시, 미·이란 종전협상 기대감에 상승…나스닥 0.8%↑(종합)",World,뉴욕증시 밉다 이란 종전 협상 대감 상승 나스닥 종합
"이란 외무 ""최고지도부 美종전안 검토…협상 의사는 없다""(종합)",World,이란 외무 최고 도부 종전 검토 협상 의사 종합
"백악관, 이란에 종전 압박… “트럼프, 지옥 불러올 준비 돼 있어”",World,백악관 이란 종전 압박 트럼프 지옥 불다 오다 준비 돼다
"러, 중동전쟁 틈탄 '봄철 대공습'…기약없는 '휴전'",World,중동전쟁 틈타다 봄철 대공습 기약 휴전
"이란군 ""유가도 호르무즈 통항도 우리가 결정""",World,이란 유가 호르무즈 항도 결정
스페이스X 상장 신청서 제출 소식에 테슬라 0.76% 상승,World,스페이스 상장 신청서 제출 소식 테슬라 상승
“이란서 큰 선물” 종전협상 떠벌리는 트럼프…불신·경계하는 이란,World,이란 크다 선물 종전 협상 떠벌리다 트럼프 불신 경계 이란
"""이스라엘, 트럼프 '토요일 휴전 발표' 가능성에 경계↑""",World,이스라엘 트럼프 토요일 휴전 발표 가능성 경계
"美 ""韓 핵잠 건조, 광범위한 절차 진행 중""",World,핵잠 건조 광범위하다 절차 진행
SK하이닉스 미국 상장 추진에 마이크론 3.4% 급락(상보),World,하이닉스 미국 상장 추진 마이크론 급락 상보
"국민연금이 지분 80배 늘린 에스티로더, 로레알 역전할 수 있을까? [박시진의 글로벌 픽]",World,국민연금 늘리다 에스티 로더 로레알 역전 박다 글로벌
"美, 중재국에서 이란과 고위급 회담 추진…이번주 전쟁 향방 분수령[미국-이란 전쟁]",World,중재 이란 고위 회담 추진 전쟁 향방 분수령 미국 이란 전쟁
"미 국무차관, '정상합의' 한 핵잠 건조에 ""꽤 광범위한 절차 진행중""",World,밉다 국무 차관 정상 합의 핵잠 건조 광범위하다 절차 진행중
해협 막히고 군사력 집결…호르무즈 둘러싼 일촉즉발,World,해협 막히다 군사력 집결 호르무즈 둘러싸다 일촉즉발
"종전협상 기대, 미증시 일제 랠리…나스닥 0.77%↑(상보)",World,종전 협상 기대 밉다 증시 일제 랠리 나스닥 상보
‘일본의 수치?’…춤추는 다카이치 스킨십 외교 논란,World,일본 수치 춤추다 다카 이치 스킨십 외교 논란
"""이스라엘, 트럼프 '토요일 휴전 발표' 가능성에 촉각""",World,이스라엘 트럼프 토요일 휴전 발표 가능성 촉각
“전쟁통에도 6억짜리 벤틀리 불티나게 팔렸다”…우크라이나에 무슨 일?,World,전쟁 짜다 벤틀리 불티 나다 팔리다 우크라이나
"트럼프, 82공수사단 2000여명 중동 투입… 하르그섬 노린다",World,트럼프 공수 사단 여명 중동 투입 르그 노리다
"이란, IMO에 서한 “비적대적 선박 호르무즈 통과 허용”",World,이란 서한 비적 대적 선박 호르무즈 통과 허용
"트럼프, 한 달 휴전카드 꺼냈다",World,트럼프 휴전 카드 꺼내다
"""우리 전쟁 아니다""라더니…美 돕는 유럽, 이란 뒷배 러시아",World,전쟁 더니 돕다 유럽 이란 러시아
"뉴섬 주지사, 일론 머스크 두고 ""이 시대 가장 실망스러운 이""",World,뉴섬 지사 머스크 두다 시대 실망
"美국무차관, '정상합의' 韓핵잠 건조에 ""꽤 광범위한 절차 진행중""",World,국무 차관 정상 합의 핵잠 건조 광범위하다 절차 진행중
"""이란, 美 ‘전쟁 종식안’ 부정적이지만, 여전히 검토중""",World,이란 전쟁 종식 부정 여전하다 검토
"[글로벌 비즈 브리핑] '112조 잭팟' 눈앞…스페이스X, 이르면 이번 주 기업 공개 신청 外",World,글로벌 비즈 브리핑 잭팟 눈앞 스페이스 기업 공개 신청
"백악관 ""이란 패배 불인정시 지옥 맛볼 것…협상은 계속""(종합)",World,백악관 이란 패배 정시 지옥 맛보다 협상 계속 종합
"팔란티어·앤두릴, '골든돔' 방공망 소프트웨어 개발 착수",World,파다 티어 앤두릴 골든 방공 소프트웨어 개발 착수
"블랙록 CEO ""유가 150달러면 세계 경기침체""…경고등 켜졌다",World,블랙록 유가 달러 세계 경기 침체 고등 켜지다
"길어지는 중동 사태에…월가 ""美 침체 확률 급격히 상승""",World,길어지다 중동 사태 침체 확률 급격하다 상승
[단독]美국방 최고위 관계자 “인태 전력 ‘주차’ 상태”,World,단독 국방 최고 관계자 인태 전력 주차 상태
"美, 15개항 논의 ‘한달 휴전’ 모색… 밴스, 협상 키맨으로 급부상",World,개항 논의 휴전 모색 밴스 협상 키맨 급부
"美, 82공수 2000명 중동 급파 승인… 군사압박-협상 ‘투트랙’",World,공수 중동 급파 승인 군사 압박 협상 트랙
"백악관 ""이란과 협상 계속…지옥 불러올 준비도 돼 있다""(종합)",World,백악관 이란 협상 계속 지옥 불다 오다 준비 돼다 종합
"앤디 김, 파병 비협조 기억하겠다는 트럼프 경고에 ""부끄러운일""",World,앤디 파병 협조 기억 트럼프 경고 부끄럽다
"종합격투기 선수 출신 美 새 국토안보장관[지금, 이 사람]",World,종합 격투기 선수 출신 국토 안보 장관
"[단독] 미국, F-15 엔진 수리 일본에 맡긴다… 방산 동맹 '일본 수혜' 부각",World,단독 미국 엔진 수리 일본 맡기다 방산 동맹 일본 수혜 부각
"'112조 잭팟' 눈앞…스페이스X, 이르면 이번 주 기업 공개 신청",World,잭팟 눈앞 스페이스 기업 공개 신청
"젤렌스키 ""美, 이란전 이유로 압박…안보보장에 돈바스 양보 요구""",World,렌스 이란 이유 압박 안보 보장 돈바스 양보 요구
"네타냐후 ""이란 겨냥 광범위한 작전 계속…헤즈볼라 해체 최우선""",World,네타냐후 이란 겨냥 광범위하다 작전 계속 헤즈볼라 해체
"이란군 ""유가도 호르무즈 통과도 우리가 결정""",World,이란 유가 호르무즈 통과 결정
"러 ""한미연합훈련은 명백한 전쟁 준비...일본에 강력한 보복""",World,한미 연합 훈련 명백하다 전쟁 준비 일본 강력하다 보복
"앤디 김, 파병 비협조 기억하겠다는 트럼프 경고에 ""부끄러운일""",World,앤디 파병 협조 기억 트럼프 경고 부끄럽다
"""이란전쟁, 장기적으론 중동 평화의 기회""",World,이란 전쟁 장기 중동 평화 기회
"美 ""핵 포기하면 제재 해제""… 이란 ""함정일수도"" 긴장 여전",World,포기 제재 해제 이란 함정 수도 긴장
"트럼프의 휴전안 무용지물 되나…이란, 美 제안 거부",World,트럼프 휴전 무용지물 이란 제안 거부
"백악관 ""이란과 협상 계속 진행 중...지옥 풀어놓을 준비 돼""",World,백악관 이란 협상 계속 진행 지옥 풀다 준비 돼다
"""이란, 바브엘만데브 해협 등 전선 확대 가능""",World,이란 바브 데브 해협 전선 확대 가능
"이란, 호르무즈 이어 '후티 앞마당' 바브엘만데브 해협 위협",World,이란 호르무즈 후티 앞마당 바브 데브 해협 위협
배상·호르무즈 통제권 보장 원하는 이란…미국과 합의 가능할까,World,배상 호르무즈 통제 보장 원하다 이란 미국 합의 가능하다
"이란군 “유가도, 호르무즈 통과도 우리 손에 달려”",World,이란 유가 호르무즈 통과 달다
"이란군 ""미군 항모에 미사일…사정권 진입시 즉각 타격""",World,이란 미군 항모 미사일 정권 진입 즉각 타격
"이란군 “유가, 호르무즈 통과는 우리가 결정”",World,이란 유가 호르무즈 통과 결정
"""이란, 美 ‘15개 종전안’ 거부…과도하고 현실 반영 못해”(종합)",World,이란 종전 거부 과도 현실 반영 종합
"이란군 ""유가도 호르무즈 통과도 우리가 결정""",World,이란 유가 호르무즈 통과 결정
미국 “공수부대 투입 승인”… 이란 “과거 유가 다신 못볼 것”,World,미국 공수부대 투입 승인 이란 과거 유가 다시다
협상 중재국 떠오른 파키스탄… 총사령관이 트럼프와 통화,World,협상 중재 떠오르다 파키스탄 총사령관 트럼프 통화
"""공수부대 투입 승인""…'지상전'으로 협상 압박",World,공수부대 투입 승인 지상전 협상 압박
"헤즈볼라, 이스라엘과 대화 전면 거부…""협상은 항복""",World,헤즈볼라 이스라엘 대화 전면 거부 협상 항복
"""한 달 휴전하며 협상""…이란에 15개 항목 제시",World,휴전 협상 이란 항목 제시
"“中, AI 반도체 접근 못 하게 더 엄격히 수출 통제해야”",World,반도체 접근 엄격하다 수출 통제
트럼프의 이란 강공 뒤엔… 사우디 ‘Mr 에브리싱’ 있었다,World,트럼프 이란 강공 사우디 에브리싱
"공화, ‘트럼프 안방’ 마러라고 지역구서도 패배",World,공화 트럼프 안방 마르다 지역구 서도 패배
"美, 글로벌 관세 10→15%로 인상?…트럼프책사 “실행중”",World,글로벌 관세 인상 트럼프 책사 실행
"미국 ""15개 요구안 전달""‥이란 ""비현실적에 과도""",World,미국 구안 전달 이란 비현실적 과도
"헝가리 총리 ""우크라행 가스 공급 점진적 중단""(종합)",World,헝가리 총리 크다 가스 공급 점진 중단 종합
"이란, 美 종전안 거부…""배상·호르무즈 주권 보장해야""(종합)",World,이란 종전 거부 배상 호르무즈 주권 보장 종합
"“이란, 美 종전안 거절…호르무즈 주권보장 등 5대 조건 역제안”",World,이란 종전 거절 호르무즈 주권 보장 대다 조건 제안
"이란, 美제안 거절 뒤 5개 역제안…주도권 놓고 밀당 시작됐다",World,이란 제안 거절 제안 주도 놓다 밀당 시작 돼다
"이란, 美 ‘15개 종전안’ 거부 vs 백악관 “패배 불인정시 더 큰 타격”",World,이란 종전 거부 백악관 패배 정시 크다 타격
"이란 국영방송 ""이란, 美 종전안 거절…비현실적이고 과도해"" [종합]",World,이란 국영 방송 이란 종전 거절 비현실적 과도 종합
"“美, 파키스탄서 이란 회담 추진”…이란 “종전안 거절, 비현실적”",World,파키스탄 이란 회담 추진 이란 종전 거절 비현실적
“트럼프 ‘협상 15개안’ 1년 전 내용 재탕… 이란 설득 힘들 것”,World,트럼프 협상 개다 내용 재탕 이란 설득 힘들다
"""이란, 美종전안 거절…비현실적이고 과도해""<이란 국영방송>(종합)",World,이란 종전 거절 비현실적 과도 이란 국영 방송 종합
"뉴욕증시, 미국·이란 종전 협상 기대감에 상승 출발",World,뉴욕증시 미국 이란 종전 협상 대감 상승 출발
"[중동 전쟁] 이란, 美 휴전 제안 거부…""우리가 원할 때 끝낼 것""",World,중동 전쟁 이란 휴전 제안 거부 원하다 끝내다
러 “한·미 훈련은 전쟁 준비…日 무기 우크라 유입 땐 보복”,World,밉다 훈련 전쟁 준비 무기 크다 유입 보복
[W 언박싱] ‘트럼프 공식’ 생긴 증시…내부정보유출 의혹까지?,World,언박싱 트럼프 공식 생기다 증시 내부 정보 유출 의혹
이란군 “美 항모에 미사일 쐈다...사정권 진입시 또 타격”,World,이란 항모 미사일 쏘다 정권 진입 타격
"뉴욕 증시, 미국·이란 종전 협상 기대감에 상승",World,뉴욕 증시 미국 이란 종전 협상 대감 상승
트럼프 마러라고 이웃들도 등 돌렸나…보선서 공화 충격 패배,World,트럼프 마르다 이웃 돌리다 선서 공화 충격 패배
"이란군 ""美항공모함에 순항미사일 발사…사정권 진입 시 즉시 타격""",World,이란 항공모함 순항미사일 발사 정권 진입 타격
"태국 유조선 1척, 호르무즈 무사 통과…""이란과 협상 결과""",World,태국 유조선 호르무즈 무사 통과 이란 협상 결과
"이란 국영방송 ""美종전안 거절…비현실적이고 과도해""",World,이란 국영 방송 종전 거절 비현실적 과도
[속보] 이란 고위 당국자 “미국 제안 과도해” 거부 입장···5가지 조건 제시,World,속보 이란 고위 당국자 미국 제안 과도 거부 입장 가지 조건 제시
트럼프 마러라고 이웃들도 등 돌렸나…보선서 공화 충격 패배,World,트럼프 마르다 이웃 돌리다 선서 공화 충격 패배
이란 “非적대국 선박 호르무즈 통행 허용”…IMO에 선별적 통과 서한,World,이란 대국 선박 호르무즈 통행 허용 통과 서한
"美항모 향해 미사일 위협한 이란 ""사정권 들어오면 또 발사""",World,항모 미사일 위협 이란 정권 들어오다 발사
“선물 받았다”던 트럼프…“공수부대 중동 전개 명령”,World,선물 받다 트럼프 공수부대 중동 전개 명령
"[투나잇이슈] 미, 협상 동시에 공수부대 파병…이란, 함정 의심",World,투나잇 이슈 밉다 협상 동시 공수부대 파병 이란 함정 의심
이란군 “미군 항모 향해 미사일 발사…사정권 진입 시 또 타격”,World,이란 미군 항모 미사일 발사 정권 진입 타격
중동전쟁에 금값 폭락...중국 '불나방 투자' 재점화,World,중동전쟁 금값 폭락 중국 불나방 투자 점화
"이란 반관영 매체 ""미국과 휴전 수용 불가""",World,이란 관영 매체 미국 휴전 수용 불가
"'평화' 손짓하며 등엔 전쟁 칼날…美, 이란에 화전양면 전술 극대화",World,평화 손짓 전쟁 칼날 이란 화전 양면 전술 대화
"이란, IMO 회원국에 서한…“비적대적 선박 호르무즈 통과”",World,이란 회원 서한 비적 대적 선박 호르무즈 통과
"""동맹국에 통보도 없이"" 미국 직격한 프랑스...'호르무즈 재개방' 연대할까?",World,동맹국 통보 미국 직격 프랑스 호르무즈 재개 연대
"트럼프 ""피트, 당신이 하자고 했잖아""...'전쟁 책임' 장관 탓?",World,트럼프 피트 하자 전쟁 책임 장관
"이란 매체 ""이란, 미국의 휴전 제안 거부""",World,이란 매체 이란 미국 휴전 제안 거부
"태국 유조선, 통행료 없이 호르무즈 통과... 이란 측 ""우방국, 특별한 자리 있다""",World,태국 유조선 통행료 호르무즈 통과 이란 우방 특별하다 자리
“당선되면 프러포즈할게” 무릎 꿇고 약혼반지 든 50세 佛정치인 화제,World,당선 프러포즈 무릎 꿇다 약혼반지 들다 정치인 화제
이란 국회의장 “미국의 모든 움직임 주시…결의 시험하러 들지 말라”,World,이란 국회의장 미국 모든 움직임 주시 결의 시험 들다 말르다
“미 82공수사단 2천명 중동 전개 명령…기뢰제거함 복귀 준비”,World,밉다 공수 사단 천명 중동 전개 명령 기뢰 제거 복귀 준비
"갈리바프 이란 국회의장 ""美 병력 배치 면밀히 주시""…이란군, 미 항모 향해 미사일 발사",World,갈리 바프 이란 국회의장 병력 배치 면밀하다 주시 이란 밉다 항모 미사일 발사
"호르무즈 해협 일부 선박 통과 재개…""24시간 4척 이동""",World,호르무즈 해협 일부 선박 통과 재개 이동
"이란군 ""미 항모 향해 미사일 발사…사정권 진입시 또 타격""",World,이란 밉다 항모 미사일 발사 정권 진입 타격
이란군 “美항모 향해 순항미사일 발사…우리를 시험하지 말라”,World,이란 항모 순항미사일 발사 시험 말르다
이란군 “미 항모 향해 미사일 발사…사정권 진입시 또 타격”,World,이란 밉다 항모 미사일 발사 정권 진입 타격
"독일 대통령 ""미 국제법 위반"" 비판 역풍…이란은 환영",World,독일 대통령 밉다 국제 위반 비판 역풍 이란 환영
[김종석의 오프닝]“두 번 속았다”…트럼프 의심하는 이란,World,김종석 오프닝 트럼프 의심 이란
"'연료 수급 대란' 인도, 웃돈 주고 7년 만에 이란산 원유 구매",World,연료 수급 대란 인도 웃돈 주다 이란 원유 구매
"이란군 ""美항모 향해 미사일 발사…사정권 진입시 또 타격""",World,이란 항모 미사일 발사 정권 진입 타격
"트럼프 ""이란, 큰 선물 보내""...협상 강조하며 공수부대 급파",World,트럼프 이란 크다 선물 보내다 협상 강조 공수부대 급파
미 사모대출펀드 ‘환매’ 러시…월가 뇌관 되나?,World,밉다 사모 대출 펀드 환매 러시 뇌관
"美국방부 '전시체제' 선언…""무기생산 4배 늘린다""",World,국방부 전시체제 선언 무기 생산 늘리다
"이란 ""비적대적 선박에 호르무즈 개방"" 공식화...에너지 수송 숨통?",World,이란 비적 대적 선박 호르무즈 개방 공식 에너지 수송 숨통
"“이란에 대한 군사 행동 도 넘었다”…미국인, 전쟁 조사 결과 보니",World,이란 군사 행동 넘다 미국인 전쟁 조사 결과
"협상 배제 이스라엘, 종전 합의 순순히 따를까",World,협상 배제 이스라엘 종전 합의 순순하다 따르다
"태국 유조선 호르무즈 통과...협상설에 ""미국 혼자 하나?""",World,태국 유조선 호르무즈 통과 협상 미국
"""미, 이란과 한달 휴전 후 종전 15개항 협상 추진""",World,밉다 이란 휴전 종전 개항 협상 추진
터미네이터가 현실로…180㎝ 'AI 로봇병사' 우크라전 투입,World,터미네이터 현실 로봇 병사 크다 투입
진심? 연막전술?…이란 “두 번 속았다” 트럼프 협상에 ‘함정’ 의심,World,진심 연막 전술 이란 트럼프 협상 함정 의심
"이란, 트럼프 행정부 불신 짙어…""두번이나 속았다""",World,이란 트럼프 행정부 불신 짙다
"트럼프는 낙관하지만 회담 성사 '안갯속'…이란 ""암살 시도 우려""",World,트럼프 낙관 회담 성사 안갯속 이란 암살 시도 우려
협상 달갑지 않은 이스라엘?…이란 새 안보수장엔 강경파,World,협상 갑지 이스라엘 이란 안보 수장 강경
공격 미루나 했더니…중동 곳곳서 화염 계속,World,공격 미루다 중동 곳곳 화염 계속
"호르무즈에 발 묶인 선박 3200척…이란 ""비적대적 선박만 통과 허용""",World,호르무즈 묶인 선박 이란 비적 대적 선박 통과 허용
"“미, 이란에 15개 요구안 전달”…파키스탄서 대면 회담 성사될까?",World,밉다 이란 구안 전달 파키스탄 대면 회담 성사
타이·중국 유조선 호르무즈 통과…이란 “비적대국 선박은 허용”,World,타이 중국 유조선 호르무즈 통과 이란 비적 대국 선박 허용
전 세계 LNG 쟁탈전 시작…카타르 공급 중단 선언 '후폭풍',World,세계 쟁탈전 시작 카타르 공급 중단 선언 폭풍
'세계 최초' 30조 쓰는 곳이…中 노린 미국의 '무서운 계획',World,세계 최초 쓰다 노리다 미국 무섭다 계획
"이란 ""美 셀프 협상하냐"" 조롱…평화 회담 가능할까",World,이란 셀프 협상 조롱 평화 회담 가능하다
"이란, IMO 회원국에 서한…“비적대적 선박 호르무즈 통과”",World,이란 회원 서한 비적 대적 선박 호르무즈 통과
"美, ‘자유의 무기고’ 박차… “사드 생산 4배 늘리고 전시 납품 체제 전환”",World,자유 무기고 박차 사드 생산 늘리다 전시 납품 체제 전환
"호르무즈 ‘통행증’ 받은 中, 발 묶인 韓…‘한미동맹’이 해운까지 덮쳐[美-이란 전쟁]",World,호르무즈 통행 받다 묶인 한미 동맹 해운 덮다 치다 이란 전쟁
"美 매체 ""이란, 막 던지는 트럼프 협상 믿지 않아..난항 예상""(종합)",World,매체 이란 던지다 트럼프 협상 믿다 난항 예상 종합
"이란 핵심 '강경파' 재편…사우디 ""종전은 실수"" 美 설득",World,이란 핵심 강경 재편 사우디 종전 실수 설득
"이스라엘, 자국 영토 위협 '헤즈볼라' 약화가 전쟁 목적",World,이스라엘 자국 영토 위협 헤즈볼라 약화 전쟁 목적
"[중동 전쟁] 美, 82공수사단 2000명 중동 투입…트럼프, 강·온 ‘양면’ 전략",World,중동 전쟁 공수 사단 중동 투입 트럼프 양면 전략
"트럼프 ""피트, 당신이 하자고 했잖아""...'전쟁 책임' 장관 탓?",World,트럼프 피트 하자 전쟁 책임 장관
"이스라엘, 국방비 14조원 증액…보건·교육 예산 깎아 미사일 만든다",World,이스라엘 국방 조원 증액 보건 교육 예산 깎다 미사일 만들다
"'연료 수급 대란' 인도, 웃돈 주고 7년 만에 이란산 원유 구매",World,연료 수급 대란 인도 웃돈 주다 이란 원유 구매
"협상 땐 이란 유리?…""우리 땅으로"" 조급한 이스라엘",World,협상 이란 유리 조급하다 이스라엘
'선별 통제' 현실화...태국 유조선 호르무즈 통과,World,선별 통제 현실 태국 유조선 호르무즈 통과
"종전 협상 키맨은 밴스?…“이란, 약속 지킬 인물로 판단”",World,종전 협상 키맨 밴스 이란 약속 지키다 인물 판단
"'희생양' 만들어 떠넘기기? 트럼프 ""피트, 협상 원치 않아…승리에만 관심""",World,희생양 만들다 뜨다 넘기다 트럼프 피트 협상 승리 관심
트럼프발 낙관론도 남일…26일째 ‘더 세게’ 치고받은 테헤란-이스라엘,World,트럼프 낙관 론도 남일 세다 치고받다 테헤란 이스라엘
줄줄이 숨진 이란 수뇌부…미국이 주목한 협상 상대는,World,줄줄이 숨지다 이란 수뇌부 미국 주목 협상 상대
[뉴스특보] 종전이냐 확전이냐…미·이란 대면 협상 가능성은?,World,뉴스특보 종전 전이 밉다 이란 대면 협상 가능성
"협상 분위기 띄우면서…""트럼프, 공수부대 투입 승인""",World,협상 분위기 띄우다 트럼프 공수부대 투입 승인
“정말 말도 안되게 저렴하다”…일본 직장인들 줄 서는 한국 커피의 정체,World,안되다 저렴하다 일본 직장 서다 한국 커피 정체
‘반부패 숙청 주도’ 왕치산 전 中부주석 최측근 또 낙마,World,부패 숙청 주도 왕치산 부주석 최측근 낙마
홈그라운드 마러라고에서도 패배‥바닥 뚫는 트럼프 지지율,World,라운드 마르다 패배 바닥 뚫다 트럼프 지지율
남 때리더니 집부터 뚫렸다…美 전략기지 뒤덮은 의문의 드론 떼 [밀리터리+],World,때리다 뚫리다 전략 기지 덮다 의문 드론 밀리터리
복잡한 심경의 사우디·UAE‥전쟁 원하는 이스라엘이 협상 걸림돌?,World,복잡하다 심경 사우디 전쟁 원하다 이스라엘 협상 걸리다
"""협상한다""면서 공수부대 투입 승인‥트럼프 특유의 양면전술?",World,협상 면서 공수부대 투입 승인 트럼프 양면 전술
"""대면 협상 제안은 미국의 함정""‥협상 앞서 '암살' 우려하는 이란",World,대면 협상 제안 미국 함정 협상 앞서 암살 우려 이란
"""과거 유가 다신 못 볼 것""…'타협 불가' 재확인",World,과거 유가 다시다 타협 불가 확인
트럼프의 15개 제안에 이란은 호르무즈 관리한다며 종전과 배상 요구,World,트럼프 제안 이란 호르무즈 관리 종전 배상 요구
블랙록 CEO “유가 150달러면 세계 경기침체 덮칠 것”,World,블랙록 유가 달러 세계 경기 침체 덮다
잊혀진 틈 드론 1천대 폭격…하루 수천억 푸틴 주머니로,World,잊혀지다 드론 천대 폭격 하루 푸틴 주머니
"""누가 큰 돈 벌었다""…트럼프 발표 15분전 8700억 '베팅'",World,크다 벌다 트럼프 발표 분전 베팅
미국 82공수사단 2000명 중동으로…하르그섬 장악하나,World,미국 공수 사단 중동 르그 장악
"“이란과 외교적 협조”…태국 유조선 1척, 호르무즈 해협 무사히 통과",World,이란 외교 협조 태국 유조선 호르무즈 해협 무사하다 통과
"[아는기자]‘선물’ 받았다더니…트럼프, 이번에도 양면전술?",World,알다 기자 선물 받다 트럼프 양면 전술
'터미네이터 현실로'…로봇 '팬텀 MK-1' 우크라 전선 투입,World,터미네이터 현실 로봇 팬텀 크다 전선 투입
[뉴스추적] 전 테헤란 특파원에게 듣는다,World,뉴스 추적 테헤란 특파원 듣다
"미국, 뒤로는 '최정예' 급파…이란은 '암살 함정' 의심",World,미국 정예 급파 이란 암살 함정 의심
"중동 향하는 美 지상군 병력 7000명 됐다…최정예 82공수사단, 이란전 작전 투입",World,중동 지상군 병력 돼다 정예 공수 사단 이란 작전 투입
"총 쏘는 180㎝ 휴머노이드 로봇 2대, 우크라전 투입",World,쏘다 휴머노이드 로봇 대다 크다 투입
트럼프 “이란과 대화 중” 다죽었는데 누구랑? 아직 남은 한 사람 시선 집중,World,트럼프 이란 대화 죽다 남다 시선 집중
"트럼프 ""이란이 엄청난 금액 선물 줬다""…15개 요구 조건 전달",World,트럼프 이란 엄청나다 금액 선물 주다 요구 조건 전달
호르무즈 정상화 요원…미 공수부대 투입 '코앞',World,호르무즈 정상화 요원 밉다 공수부대 투입 코앞
"나사, 30조원 들여 ‘달기지’ 짓는다",World,나사 조원 들이다 달기지 짓다
‘마러라고의 굴욕’… 트럼프 ‘안방’ 보선서 美공화당 충격패,World,마르다 고의 굴욕 트럼프 안방 선서 공화당 충격
"이란, 탄두 100kg 신형 집속탄 사용…방어 어렵고 파괴력은 늘어",World,이란 탄두 신형 집속탄 사용 방어 어렵다 파괴 늘다
이란·헤즈볼라 공격에 곳곳서 사상자…대대적 반격,World,이란 헤즈볼라 공격 곳곳 상자 대적 반격
"'터미네이터' 현실로…총쏘는 180㎝ 로봇병사, 우크라전 투입",World,터미네이터 현실 쏘다 로봇 병사 크다 투입
"이란, 안보수장에 혁명수비대 출신 강경파…“협상이 암살 함정”",World,이란 안보 수장 혁명 수비대 출신 강경 협상 암살 함정
"""美, 육군 정예 82공수사단 2000명 중동 전개 명령""",World,육군 정예 공수 사단 중동 전개 명령
"트럼프 '5일 유예'에도 불타는 중동…이란 ""공격하면서 협상이라니""",World,트럼프 유예 불타다 중동 이란 공격 협상
"러-우 전쟁 드론, 발트해 연안 3국 잇따라 침범",World,전쟁 드론 발트해 연안 잇따르다 침범
"‘해협’ 연다는 이란, 軍 보내는 미… 협상 수싸움",World,해협 달다 이란 보내다 밉다 협상 싸움
출구전략 모색하는 트럼프…핵 능력 해체 등 15개 요구 전달,World,출구 전략 모색 트럼프 능력 해체 요구 전달
협상 물꼬 트려는 미국·이란…마이웨이 닥공 이스라엘,World,협상 물꼬 트려 미국 이란 마이웨이 닥공 이스라엘
"美, 우라늄 농축 포기 등 ‘재탕 요구’… “이란, 수용 안 할 것” [美·이란 전쟁]",World,우라늄 농축 포기 재탕 요구 이란 수용 이란 전쟁
"태국 유조선 1척, 호르무즈 무사 통과…""이란과 외교 협조""",World,태국 유조선 호르무즈 무사 통과 이란 외교 협조
"美 최정예 공수부대 2000명... “트럼프, 중동 투입 승인했다”",World,정예 공수부대 트럼프 중동 투입 승인
"트럼프 ""피트, 당신이 하자고 했잖아""...'전쟁 책임' 장관 탓?",World,트럼프 피트 하자 전쟁 책임 장관
"이란 ""해협 선별 개방"" vs 미국 '병력 투입' 압박",World,이란 해협 선별 개방 미국 병력 투입 압박
전자전에 길잃은 드론…발트3국 영공침범 잇따라,World,전자전 잃다 드론 발트 침범 잇따르다
"이란 원전에 또 발사체 ‘쾅’…이스라엘, 레바논 남부 장기 점령 예고",World,이란 원전 발사체 이스라엘 레바논 남부 장기 점령 예고
이란 공습 직전마다 베팅 '명중'…100만달러 번 익명 트레이더,World,이란 공습 직전 베팅 명중 달러 익명 레이더
"""미군 '정예' 82공수사단 2천 명 중동 전개 명령""",World,미군 정예 공수 사단 중동 전개 명령
"“함정, 두번이나 속았다”…이란, 트럼프 ‘협상’ 언급 안 믿는 이유",World,함정 이란 트럼프 협상 언급 믿다 이유
"카타르, ‘불가항력’ 선언할 듯…이란 “비적대적 선박 호르무즈 통과”",World,카타르 불가항력 선언 이란 비적 대적 선박 호르무즈 통과
"이란, 안보수장에 혁명수비대 출신 강경파…“협상이 암살 함정”",World,이란 안보 수장 혁명 수비대 출신 강경 협상 암살 함정
"독일이 무기 만든다니, 좀 그렇긴 하네…폭스바겐 공장, 차 대신 아이언돔 생산?",World,독일 무기 만들다 폭스바겐 공장 대신 아이언돔 생산
"""美 '정예' 82공수사단 2천명 중동 전개 명령""(종합)",World,정예 공수 사단 천명 중동 전개 명령 종합
"폭스바겐, 車공장서 아이언돔 부품 만든다",World,폭스바겐 공장 아이언돔 부품 만들다
"""이란 집속탄에 12명 부상""…""전면적 공습"" 맞불",World,이란 집속탄 부상 전면 공습 맞다
"'이란과 협상' 주장하는 트럼프, 강경파 따돌리기 전략?...""정권 주변에 협상파 있다""",World,이란 협상 주장 트럼프 강경 따돌리다 전략 정권 주변 협상
"셀프 종전 명분 쌓는 트럼프…""이란 사실상 정권 교체됐다""",World,셀프 종전 명분 쌓다 트럼프 이란 정권 교체 돼다
"[앵커리포트] ""중동 재편 기회""…사우디·UAE 참전하나",World,앵커 리포트 중동 재편 기회 사우디 참전
"교육비 깎아 전쟁비 충당···이스라엘, 국방 예산 14조원 추가 편성하기로",World,교육비 깎다 전쟁 충당 이스라엘 국방 예산 조원 추가 편성
"카타르, LNG 공급 '불가항력' 선언…국제 유가 '요동'",World,카타르 공급 불가항력 선언 국제 유가 요동
“두번 속았다” 불신 드러낸 이란…물밑선 호르무즈 통제권 요구,World,불신 드러내다 이란 물밑선 호르무즈 통제 요구
"“사우디 왕세자, 트럼프에 이란전쟁 계속해라…지상군 투입도 부추겨”",World,사우디 왕세자 트럼프 이란 전쟁 계속 지상군 투입 부추기다
"美, 최정예 82공수로 협상 압박",World,정예 공수 협상 압박
"트럼프 발언 15분 전 수상한 거래…크루그먼 ""국가안보 이용한 반역""",World,트럼프 발언 수상한 거래 크루그먼 국가 안보 이용 반역
다이먼 “中에 핵심 공급망 의존했던 엄청난 실수 바로잡아야”,World,멀다 핵심 공급망 의존 엄청나다 실수 바로잡다
알리바바 “지금은 수익보다 성장이 먼저”…‘AI 네이쥐안’ 논란 반박,World,알리바바 수익 성장 먼저 쥐다 논란 반박
"“이란 뒤에 러·북 커넥션”…이스라엘, 카스피해까지 때린 이유 [권윤희의 월드뷰]",World,이란 커넥션 이스라엘 카스피해 때리다 이유 윤희 월드
손정의 무한야망 … 쿠팡·야놀자 대박 이어 카겜까지 접수,World,손정 무한 야망 쿠팡 놀다 대박 카겜 접수
"""이란, 나한테 큰 선물 주더라!"" ""그걸 믿나?"" 양측 요구사항 보니…""우린 폭탄으로 협상한다!"" 훅 내려앉은 지지율에 (트럼프 NOW)",World,이란 크다 선물 주더 믿다 요구사항 우린 폭탄 협상 내려앉다 지지율 트럼프
"""미·에콰도르 폭격 '마약조직 훈련장', 실제는 젖소 목장""",World,밉다 에콰도르 폭격 마약 조직 훈련 실제 젖소 목장
"‘원주민 혈통·종합격투기 출신’ 마크웨인 멀린 美국토안보장관[지금, 이 사람]",World,원주민 혈통 종합 격투기 출신 마크 웨인 멀린 국토 안보 장관
"“사우디 빈살만, 트럼프에 ‘지상군 이란 투입’ 부추겨···‘종전 반대’ 표명도” NYT 보도",World,사우디 빈살 트럼프 지상군 이란 투입 부추기다 종전 반대 표명 보도
차 대신 아이언돔 발사대…폭스바겐의 ‘방산 피벗’,World,대신 아이언돔 발사 폭스바겐 방산 피벗
"설계만 하던 Arm, 칩 직접 만든다…CPU시장 지각변동",World,설계 직접 만들다 시장 지각 변동
"美-이란 '종전 협상' 물꼬 텄지만…서로 ""요구사항 터무니없다""",World,이란 종전 협상 물꼬 서로 요구사항 무니
"미국 새 국토안보장관 취임...'은퇴' 국경순찰대장은 ""더 많이 잡았어야""",World,미국 국토 안보 장관 취임 은퇴 국경 순찰 대장 잡다
"이란 ""非적대국 선박 호르무즈 통과 허용""",World,이란 대국 선박 호르무즈 통과 허용
덴마크 총선 좌파 승리했지만 과반 실패···프레데릭센 3연임 시험대,World,덴마크 총선 좌파 승리 과반 실패 프레데릭 세다 시험대
"지표로 드러난 '에너지 쇼크'…""전세계 스태그플레이션 전조""",World,지표 드러나다 에너지 쇼크 전세계 스태그플레이션 전조
"[뉴스특보] 협상 '낙관론' 부각…美, 군사 압박 병행",World,뉴스특보 협상 낙관 부각 군사 압박 병행
"호르무즈 운명 가를 '트럼프 15개 요구안'…이란은 ""통행료 징수"" 응수",World,호르무즈 운명 가르다 트럼프 구안 이란 통행료 징수 응수
[영상] F-22·B-52 비행시험 모습 포착…날개 밑에 장착한 물체는?,World,영상 비행 시험 모습 포착 날개 착하다 물체
"필리핀, 국가 에너지 비상 사태 선포…석유 확보 등 신속 대응",World,필리핀 국가 에너지 비상 사태 선포 석유 확보 신속 대응
"‘유학생’ 둔갑한 北 군인… 러시아서 번 달러, 核으로 갔다",World,유학생 둔갑 군인 러시아 달러 가다
"""설마 여기를?"" 미군도 못 건드린 이란 '안방' 카스피해, 이스라엘이 쳤다",World,미군 건드리다 이란 안방 카스피해 이스라엘 치다
나토 사무총장 '이란 전쟁 지지' 발언에 유럽 국가들 '부글',World,나토 사무 총장 이란 전쟁 지지 발언 유럽 국가 부글
"""두번이나 속았다""…이란, 트럼프 협상 발언에 '불신'",World,이란 트럼프 협상 발언 불신
"카타르, ‘불가항력’ 선언할 듯…이란 “비적대적 선박 호르무즈 통과”",World,카타르 불가항력 선언 이란 비적 대적 선박 호르무즈 통과
"2000명 죽었는데…북한서 ‘이란 파병’ 공포 확산, 확전에 불 지피나 [핫이슈]",World,죽다 북한 이란 파병 공포 확산 확전 피나 핫이슈
"[인터뷰] ""이란, 붕괴 아닌 적응했다… 美 '5일 유예'는 전술적 판단""",World,인터뷰 이란 붕괴 적응하다 유예 늘다 전술 판단
"""비적대국 통과 허용""‥협상 테이블 '암살 함정' 우려",World,비적 대국 통과 허용 협상 테이블 암살 함정 우려
"저커버그의 베팅…""6배 성장 시키면 경영진에 수억달러 스톡옵션""",World,저커버그 베팅 성장 영진 달러 스톡옵션
"“트럼프에 더는 안 속아”…이란, ‘협상 제안=합정’ 의심",World,트럼프 이란 협상 제안 합정 의심
호르무즈 개방이 협상 관건…미 공수부대 투입할까,World,호르무즈 개방 협상 관건 밉다 공수부대 투입
"이란 ""미군 기지 공격""…레바논 접경서 '맞불 공습'",World,이란 미군 기지 공격 레바논 접경 맞다 공습
"“전쟁 나면 뛴다더니”...‘안전자산’ 금의 배신, 한 달 새 15% ‘뚝’",World,전쟁 나다 뛰다 안전 자산 배신
"이란軍 ""美, 자신과 협상하는 중이냐""…트럼프 발표에 코웃음",World,이란 협상 중이 트럼프 발표 코웃음
"‘세계 2위급’ 또 터졌다...‘21세기 석유’라는 희토류 966만톤, 中 매장지 확인",World,세계 위급 터지다 세기 석유 희토류 매장 확인
"미, ‘이란과 협상’ 누구와?…부메랑 된 ‘참수작전’에 암살 의심도",World,밉다 이란 협상 부메랑 참수 작전 암살 의심
“우린 벌써 두번 속았다” 트럼프 협상언급에 이란은 ‘함정’ 의심,World,우린 벌써 트럼프 협상 언급 이란 함정 의심
"미 육군 최정예 공수부대, 중동 투입 승인 떨어졌다…이란 원유 기지 하늘에 나타나나",World,밉다 육군 정예 공수부대 중동 투입 승인 떨어지다 이란 원유 기지 하늘 나타나다
“미국은 예측불가”…이란전쟁에 ‘자주 국방’ 목소리 키우는 유럽,World,미국 예측 불가 이란 전쟁 자주 국방 목소리 키우다 유럽
전쟁 26일째…美·이란 협상 기대에도 예루살렘-테헤란 교전,World,전쟁 이란 협상 기대 예루살렘 테헤란 교전
"트럼프 ""'경제 붐' 온다"" 호언장담하더니…줄줄이 '비상'",World,트럼프 경제 오다 호언 담하다 줄줄이 비상
트럼프· 네타냐후 동상이몽?…이스라엘군 “이란과 몇 주 더 전쟁하고파” [핫이슈],World,트럼프 네타냐후 동상 이몽 이스라엘군 이란 전쟁 하고프다 핫이슈
"갈리바프, 트럼프 선호하는 '스트롱맨'…실권 여부는 '글쎄'",World,갈리 바프 트럼프 선호 스트 롱맨 실권 글쎄
"이란군 “미국, 스스로와 협상하는 지경”···트럼프 ‘15개 요구안’은 1년 전 것 재탕이었다",World,이란 미국 스스로 협상 지경 트럼프 구안 재탕
"‘종전 군불’ 지핀 트럼프, 뒤에선 최정예 부대 중동 급파",World,종전 군불 지핀 트럼프 정예 부대 중동 급파
"""두 번이나 속았는데..."" 이란, 중재 국가들에 전한 말 [지금이뉴스]",World,늘다 이란 중재 국가 뉴스
"“트럼프, 최정예 82공수사단 1천명 투입 승인”…하르그섬 침투하나",World,트럼프 정예 공수 사단 천명 투입 승인 르그 침투
"""전쟁은 관세와 다르다""...'TACO' 트럼프의 시험대 [지금이뉴스]",World,전쟁 관세 다르다 트럼프 시험대 뉴스
"극적 협상 타결이냐, 지상전 수렁이냐…이란 전쟁 중대 분수령 [View]",World,극적 협상 타결 지상전 수렁 이란 전쟁 중대 분수령
[뉴스특보] 휴전 띄우고 공수부대 급파…트럼프의 '양면전술',World,뉴스특보 휴전 띄우다 공수부대 급파 트럼프 양면 전술
나토 사무총장 '이란 전쟁 지지' 발언에 유럽국가들 '부글',World,나토 사무 총장 이란 전쟁 지지 발언 유럽 국가 부글
"""지금 안 사면 공장 멈춘다"" 亞정유사 '묻지마 매수'에…UAE유 160불 돌파(종합)",World,사면 공장 멈추다 유사 묻다 매수 돌파 종합
"""이란전은 AI가 주도한 첫 대규모 전쟁""…팔란티어 CTO의 전환점 선언",World,이란 가다 주도하다 대규모 전쟁 파다 티어 전환 선언
이란 “트럼프 틀니 튀어나오게 타격할 것”…‘휴전 협상’ 주장하는 트럼프에 말폭탄,World,이란 트럼프 틀니 튀어나오다 타격 휴전 협상 주장 트럼프 폭탄
"FT ""中, 메타에 인수된 AI기업 '마누스' 창업자들 출국 막아""",World,메타 인수 기업 마누스 창업 출국 막다
협상설 개의치 않는 난타전...전문가도 놀란 미사일 탄두 '경악' [Y녹취록],World,협상 의치 난타 전문가 놀란 미사일 탄두 경악 녹취록
"저커버그의 베팅…""시총 9조달러 되면 경영진에 대박 스톡옵션""",World,저커버그 베팅 달러 영진 대박 스톡옵션
"“한국은 통과?”…이란, 호르무즈 ‘선별 개방’ 카드 꺼냈다 [핫이슈]",World,한국 통과 이란 호르무즈 선별 개방 카드 꺼내다 핫이슈
美공수부대 호르무즈 '근접'…걸프국도 참전?,World,공수부대 호르무즈 근접 걸프 국도 참전
"협상 배제 이스라엘, 종전 합의 순순히 따를까",World,협상 배제 이스라엘 종전 합의 순순하다 따르다
"이란, ‘비적대적 선박만 호르무즈 통과’…미국 이스라엘 빠져",World,이란 비적 대적 선박 호르무즈 통과 미국 이스라엘 빠지다
차 대신 로켓 만든다...몰락하던 폭스바겐의 결단 [지금이뉴스],World,대신 로켓 만들다 몰락하다 폭스바겐 결단 뉴스
"이란, 호르무즈 선별통제 공식화...""미, 15개 조건 종전안 전달""",World,이란 호르무즈 통제 공식 밉다 조건 종전 전달
"미국은 1년에 1척, 한국은 1주에 1척...마스가 한화조선소에 달렸다",World,미국 한국 마스 한화 조선소 달리다
유가 떨어졌지만 안심은 금물…중동 현물가는 이미 160달러,World,유가 떨어지다 안심 금물 중동 물가 달러
이스라엘에 또 '집속탄'…헤즈볼라 겨냥 맞불 공습,World,이스라엘 집속탄 헤즈볼라 겨냥 맞다 공습
"[영상] ""트럼프, 82공수 중동투입 승인""…하르그섬 점령 리스크는?",World,영상 트럼프 공수 중동 투입 승인 르그 점령 리스크
"이란 ""비적대적 선박만 통과""…'1척당 30억' 통행료 노린다",World,이란 비적 대적 선박 통과 척당 통행료 노리다
"트럼프 ""선물 받았다"" 웃었지만…펜타곤은 '최정예’ 탄창' 채웠다",World,트럼프 선물 받다 웃다 펜타곤 정예 탄창 채우다
"""이란, 암살 함정 우려""…강·온 '양동전술' 구사",World,이란 암살 함정 우려 전술 구사
"""미, 한달 휴전 제안""…'호르무즈 통제권' 핵심 변수",World,밉다 휴전 제안 호르무즈 통제 핵심 변수
"""이제 돈 뺄래"" 사모대출 펀드런, 대형운용사 ""5%밖에 못줘""",World,빼다 사모 대출 펀드 대형 운용 주다
'호르무즈 열어주세요' 구걸…이란 미사일에 트럼프 조롱 사진,World,호르무즈 열다 구걸 이란 미사일 트럼프 조롱 사진
"“역대 최대 ‘드론 1000대’ 폭격”…물 만난 푸틴, 불바다 된 우크라 [핫이슈]",World,역대 최대 드론 대다 폭격 만난 푸틴 바다 크다 핫이슈
日 자위대 장교 주일中대사관 침입에…日 “유감”·中 “극우 확산”,World,자위대 장교 주일 대사관 침입 유감 극우 확산
비만약 이렇게 싸진다고?…저가 복제약 쏟아지자 ‘주의보’ 떴다,World,싸다 저가 제약 쏟아지다 주의보 뜨다
"[월드 이슈] 잊혀진 러-우 전쟁, 민간인 희생자 급증",World,월드 이슈 잊혀지다 전쟁 민간인 희생 급증
"중동 재편 노리는 사우디...""빈살만, 트럼프에 이란 전쟁 지속 촉구""",World,중동 재편 노리다 사우디 빈살 트럼프 이란 전쟁 지속 촉구
"""보이는 대로 사둬야 돼""…日, 중동 사태에 휴지 품절 발작 왜?",World,보이다 두다 돼다 중동 사태 휴지 품절 발작
"이란, 안보수장에 혁명수비대 출신 강경파…“협상이 암살 함정”",World,이란 안보 수장 혁명 수비대 출신 강경 협상 암살 함정
100달러? 두바이유는 160달러…亞 비명에 중동쇼크 세계 확산,World,달러 두바이 달러 비명 중동 쇼크 세계 확산
이란에 제시한 협상안 보니...막대한 피해 겪고 다시 제자리로 [이슈톺],World,이란 제시 협상 막대 피해 겪다 제자리 이슈 톺다
[기획] 최저 지지율에 ‘마러라고’마저 패배… 출구없는 전쟁에 궁지 몰린 트럼프,World,기획 최저 지지율 마르다 패배 출구 전쟁 궁지 몰리다 트럼프
"현직 자위대 장교 주일中대사관 침입에…日 ""유감""·中 ""우경화""(종합)",World,현직 자위대 장교 주일 대사관 침입 유감 우경 종합
'안전자산' 믿었는데...전쟁에 맥없이 무섭게 추락한 금값 [지금이뉴스],World,안전 자산 믿다 전쟁 무섭다 추락 금값 뉴스
“좀 도와줘! 호르무즈 열어주세요” 대놓고 조롱하는 이란...트럼프 ‘5일 유예’ 비웃나,World,도와주다 호르무즈 열다 조롱 이란 트럼프 유예 비웃다
이란 “비적대적 선박 호르무즈 통과”…일부 상선은 통행료 냈다,World,이란 비적 대적 선박 호르무즈 통과 일부 상선 통행료 내다
"“2차대전처럼?” 폭스바겐 車공장, 군수공장 전환 논의 중",World,대전 폭스바겐 공장 군수 공장 전환 논의
"S펜 돌아오고 배터리 용량 확대?… 갤럭시Z 폴드8, 렌더링 공개",World,돌아오다 배터리 용량 확대 갤럭시 폴드 렌더링 공개
"""비공식 회담으로 이란戰 종전 어려울 것""…中전문기관 전망",World,비공식 회담 이란 종전 어리다 전문 기관 전망
"""집속탄에 12명 부상""…레바논 접경 '난타전'",World,집속탄 부상 레바논 접경 난타
"이번주 휴전이냐 확전이냐…""트럼프 협상 제안은 함정"" 의심도",World,휴전 전이 트럼프 협상 제안 함정 의심
"'자동차공장'→'아이언돔 부품공장' 전환…""폭스바겐·라파엘 논의 중""",World,자동차 공장 아이언돔 부품 공장 전환 폭스바겐 라파엘 논의
"‘터미네이터’ 현실로? 총 쏘는 180㎝ 로봇병, 우크라전 투입",World,터미네이터 현실 쏘다 로봇 크다 투입
"이란군 대변인 ""트럼프, 자기 자신과 협상하나"" 조롱",World,이란 대변인 트럼프 협상 조롱
"협상한다는 트럼프, 군사압박도 최고조…""82공수 2000명 파병""(종합)",World,협상 트럼프 군사 압박 최고 공수 파병 종합
가진 것 모두 핵으로...美에 정면도전하는 중국군 '대전환' [지금이뉴스],World,가지다 정면도 전하 중국군 전환 뉴스
"이란 경제 목줄 하르그섬… 트럼프, 해병대 상륙 카드 만지작",World,이란 경제 목줄 르그 트럼프 해병대 상륙 카드
이란 전쟁에도 금값 17%↓…뚝 떨어진 이유는,World,이란 전쟁 금값 떨어지다 이유
"ICC 초대 검사 “이란전쟁은 침략범죄…트럼프, 국제규범 뒤틀어”[1일1트]",World,초대 검사 이란 전쟁 침략범죄 트럼프 국제 규범 뒤틀다
"‘안전자산’ 꼽히던 금, 한 달 만에 17% ↓···이란 전쟁에선 왜 맥을 못 추나",World,안전 자산 꼽히다 이란 전쟁 추나
지상전 준비하는 이스라엘... 레바논 국경선까지 바꿀 태세,World,지상전 준비 이스라엘 레바논 국경선 바꾸다 태세
"필리핀, 국가 에너지 비상사태 선포…석유 확보 등 신속 대응",World,필리핀 국가 에너지 비상 사태 선포 석유 확보 신속 대응
"""이란 대표단, 윗코프·쿠슈너 아닌 밴스와 협상하길 원해""",World,이란 대표 윗코프 쿠슈너 밴스 협상 원하다
"""트럼프 측근, 국가기밀로 선물거래 폭리…명백한 반역""…폴 크루그먼 교수",World,트럼프 측근 국가 기밀 선물거래 폭리 명백하다 반역 크루그먼 교수
'세계 2위 수준' 또 대박 터졌다…966만톤 초대형 희토류 매장지 中서 확인,World,세계 수준 대박 터지다 초대형 희토류 매장 서다 확인
"4주째 충돌한 이스라엘-이란, 美 협상설 가운데 난타전",World,충돌 이스라엘 이란 협상 가운데 난타
"이란 ""호르무즈 선별적 개방"" vs 미국 ""15개 조건"" 압박",World,이란 호르무즈 개방 미국 조건 압박
"""1L 커피가 3800원""…한국 '저가 커피' 일본서 통했다",World,커피 한국 저가 커피 일본
전쟁에도 '안전자산' 금 힘 못쓰는 이유는,World,전쟁 안전 자산 쓰다 이유
"[뉴스특보] 트럼프 ""이란이 선물 줬다""…협상 낙관론 부각",World,뉴스특보 트럼프 이란 선물 주다 협상 낙관 부각
"카타르, 한국 포함 4개국에 ‘LNG 공급 차질’ 선언할 듯…최대 5년 여파",World,카타르 한국 포함 개국 공급 차질 선언 최대 여파
"""일시적 휴전 아닌 완전한 정전 원해"" 이란 외교, 中 왕이와 통화",World,일시 휴전 완전하다 정전 원하다 이란 외교 통화
美 해군 “中보유 잠수함 모두 핵잠 전환 전망”,World,해군 보유 잠수함 핵잠 전환 전망
'휴전 논의'에도 치고받는 이스라엘·헤즈볼라,World,휴전 논의 치고받다 이스라엘 헤즈볼라
트럼프도 쩔쩔매는 호르무즈…재개방 어려운 구조적 이유 4가지[디브리핑],World,트럼프 쩔쩔매다 호르무즈 재개 어렵다 구조 이유 가지 브리핑
"협상? 이란 ""이미 두 번 속아…'암살' 함정일지도""",World,협상 이란 암살 함정 일지
"""이란 공습은 치명적 실수""…동맹국에서도 맹비난 나왔다 [자막뉴스]",World,이란 공습 치명 실수 동맹국 맹비 나오다 자막 뉴스
"방송사 유튜브, 이란전쟁 '대목' 삼아 '시청자 자극 경쟁'",World,방송사 유튜브 이란 전쟁 대목 삼다 시청자 자극 경쟁
"""마약조직 훈련장이라더니 젖소 목장""...에콰도르 폭격 작전 논란",World,마약 조직 훈련 더니 젖소 목장 에콰도르 폭격 작전 논란
폭스바겐도 무기 만든다...'차 공장→아이언돔 부품공장' 전환 논의,World,폭스바겐 무기 만들다 공장 아이언돔 부품 공장 전환 논의
"""하늘의 위협 끝낸다"" 트럼프 '골든돔' 두뇌, 팔란티어·안두릴이 개발",World,하늘 위협 끝내다 트럼프 골든 두뇌 파다 티어 안두릴 개발
"""트럼프 '15개 항'은 재탕에 불과...이란 수용 가능성 낮아""",World,트럼프 재탕 불과 이란 수용 가능성 낮다
"이제 석유걱정 끝?…이란 “호르무즈 개방” 방침, 유엔 안보리에 제출",World,석유 걱정 이란 호르무즈 개방 방침 유엔 안보리 제출
중동 26일째 화염…미·이란 협상 기대감에도 공습 계속…이란 “비적대적 선박만 해협 통과”,World,중동 화염 밉다 이란 협상 대감 공습 계속 이란 비적 대적 선박 해협 통과
"中, '싹다 바꾼다' 핵잠으로…中, 美 해군력에 도전",World,바꾸다 핵잠 해군력 도전
'평균자산 132억' 中부자 절반이 2030...비결은 부동산 아닌 '이것',World,평균 자산 부자 절반 비결 부동산
"""美, 이란에 15개 요구목록 전달""…'재탕 안건' 실효성 의문",World,이란 요구 목록 전달 재탕 안건 실효 의문
"이스라엘, 레바논 남부 점령 수순…""헤즈볼라 방어 완충지대 조성""",World,이스라엘 레바논 남부 점령 수순 헤즈볼라 방어 완충지대 조성
[자막뉴스] 파국 감내한 결과가 '당혹'...도리어 악재 뒤집어 쓴 트럼프,World,자막 뉴스 파국 내한 결과 당혹 도리어 악재 뒤지다 쓸다 트럼프
"""트럼프 15개 요구, 이란 수용 가능성 희박…네타냐후 휴전 원하지 않아""",World,트럼프 요구 이란 수용 가능성 희박 네타냐후 휴전 원하다
"""종전은 실수""...트럼프 구워삶는 빈 살만의 검은 속내 [이슈톺]",World,종전 실수 트럼프 굽다 삶다 검다 이슈 톺다
"트럼프가 투입하는 82공수사단, '마켓가든' 작전 전철 밟을까?",World,트럼프 투입 공수 사단 마켓가든 작전 전철 밟다
[뉴스특보] 미·이란 휴전 협상 기대감…靑 비상경제상황실 가동,World,뉴스특보 밉다 이란 휴전 협상 대감 비상 경제 황실 가동
"""중동 재편 기회""…사우디·UAE 참전 시간 문제?",World,중동 재편 기회 사우디 참전 문제
"카타르, LNG 공급 '불가항력' 선언…국제 유가 '요동'",World,카타르 공급 불가항력 선언 국제 유가 요동
안갯속 미-이란 협상…‘벼랑 끝 줄다리기’ 어디까지? [뉴스in뉴스],World,안갯속 밉다 이란 협상 벼랑 줄다리기 뉴스 뉴스
"이란 ""비적대적 선박에 호르무즈 개방"" 공식화...에너지 수송 숨통?",World,이란 비적 대적 선박 호르무즈 개방 공식 에너지 수송 숨통
"트럼프 공격 유예 발표 15분 前, 누군가 ‘유가 하락’에 8700억원 베팅",World,트럼프 공격 유예 발표 유가 하락 억원 베팅
"""비적대적 선박""만 통과…이란, 호르무즈 해협 조건 걸었다",World,비적 대적 선박 통과 이란 호르무즈 해협 조건 걸다
"“중국, 모든 잠수함 핵잠으로 전환 방침···한·미·일 대상 억지력 강화” 산케이 보도",World,중국 모든 잠수함 핵잠 전환 방침 밉다 대상 억지 강화 산케이 보도
이란 “뒤통수 친 사람들 말고 밴스가 협상 나와야”···‘불개입주의자’ 밴스의 시간 오나,World,이란 뒤통수 밴스 협상 나오다 개입 주의자 밴스
"트럼프 ""이란, 정권교체 됐다""…전쟁 출구로 슬쩍 발 뻗기",World,트럼프 이란 정권 교체 돼다 전쟁 출구 뻗다
"美우위에 강력한 도전…""中보유 잠수함 모두 핵잠 전환 전망""",World,우위 강력하다 도전 보유 잠수함 핵잠 전환 전망
카타르 LNG '불가항력' 선언‥가스요금 오르나,World,카타르 불가항력 선언 가스요금
"이란, 안보수장에 혁명수비대 출신 강경파…“협상이 암살 함정”",World,이란 안보 수장 혁명 수비대 출신 강경 협상 암살 함정
"""비적대국 통과 허용""‥협상 테이블 '암살 함정' 우려",World,비적 대국 통과 허용 협상 테이블 암살 함정 우려
"압도적인 군사력, 천문학적 비용...미국은 왜 질서를 잃었나 [임상훈의 글로벌리포트]",World,압도 군사력 천문학 비용 미국 질서 잃다 임상훈 글로벌 리포트
[영상] 또 뚫린 이스라엘 방공망…이란 탄도미사일 텔아비브 주택가 쾅!,World,영상 뚫리다 이스라엘 방공 이란 탄도미사일 텔아비브 주택가
"'한달 휴전 제안' 본격 협상국면…""난제 수두룩, 조기타결 난망""",World,휴전 제안 본격 협상국 난제 수두 조기 타결 난망
"獨대통령, 트럼프 이란 침공 맹폭…""러시아처럼 美-유럽 관계 훼손"" 경고",World,대통령 트럼프 이란 침공 맹폭 러시아 유럽 관계 훼손 경고
중동 26일째 화염…미·이란 협상 기대감에도 난타전 계속,World,중동 화염 밉다 이란 협상 대감 난타 계속
"‘그린란드 사수’ 덴마크 총리, 총선서 절반의 승리",World,그린란드 사수 덴마크 총리 총선 절반 승리
뉴욕 라과디아 공항 충돌사고 당시 활주로 경보시스템 미작동,World,뉴욕 라과디아 공항 충돌 사고 당시 활주로 경보 시스템 밉다 작동
"트럼프 ""이란이 선물 줬다""…협상 '낙관론' 부각",World,트럼프 이란 선물 주다 협상 낙관 부각
"""며칠 내 투입…트럼프, 미 최정예 1,000명 중동 배치 승인""",World,며칠 투입 트럼프 밉다 정예 중동 배치 승인
"미국 15개 종전 조건…일부 진전, 대부분 1년 전 협상 재탕",World,미국 종전 조건 일부 진전 대부분 협상 재탕
"""휴전 협상장 갔다가 암살당하는거 아냐?""…이란, 트럼프 말에 긴가민가·불안불안",World,휴전 협상 가다 암살 당하다 알다 이란 트럼프 기다 민가 불안 불안
"ICC 초대 수석검사 ""이란전쟁은 침략범죄…트럼프, 국제규범 뒤틀어""",World,초대 수석 검사 이란 전쟁 침략범죄 트럼프 국제 규범 뒤틀다
협상자 불투명한 휴전…양면전략은 지속,World,협상 불투명하다 휴전 양면 전략 지속
대한항공도 유류할증료 긴급조정…중동·아시아 항공사 '울상',World,대한항공 유류 할증 긴급 조정 중동 아시아 항공사 울상
"""협상 중"" 트럼프 주장에도 중동 곳곳 교전 지속 '전쟁 격화'",World,협상 트럼프 주장 중동 곳곳 교전 지속 전쟁 격화
"""中전문가들, 美-이란 비공식회담으로 돌파구 마련 어렵다 판단""",World,전문가 이란 비공식 회담 돌파구 마련 어렵다 판단
"""폭스바겐, '車공장→아이언돔 공장' 전환 논의""",World,폭스바겐 공장 아이언돔 공장 전환 논의
협상·압박 병행하는 트럼프…최정예 공수부대 중동 투입 준비,World,협상 압박 병행 트럼프 정예 공수부대 중동 투입 준비
"트럼프, 美 '최정예' 82공수사단 중동 투입 승인",World,트럼프 정예 공수 사단 중동 투입 승인
'트럼프 한달 휴전 제안'에 시장 반색…코스피 3% 강세,World,트럼프 휴전 제안 시장 코스피 강세
"협상한다는 트럼프, 군사 압박도 최고조…""82공수 1000명 파병"" 승인",World,협상 트럼프 군사 압박 최고 공수 파병 승인
"""이건 긁힌 상처일 뿐"" 팔다리 잘려도 버티는 이란…美장성의 섬뜩한 경고",World,이건 긁힌 상처 팔다리 잘리다 버티다 이란 장성 섬뜩하다 경고
"英 해군, 호르무즈 재개방 작전 주도… 30개국 연합 논의",World,해군 호르무즈 재개 작전 주도 개국 연합 논의
"美 보수논객 “부통령 밴스, '수정헌법 25조'로 트럼프 해임시켜야”",World,보수 논객 부통령 밴스 수정 헌법 트럼프 해임
"인도 영화도 이탈리아 와인도…""세계 경제, 전쟁 충격파""",World,인도 영화 이탈리아 와인 세계 경제 전쟁 충격파
"'친명' 김영진 ""김동연, 어려운 시기 같이 뛴 민주당 멤버""",World,김영진 김동연 어렵다 시기 뛰다 민주당 멤버
"""미 해병대 이어 공수부대 1000명 중동투입…일주일 내 파병""",World,밉다 해병대 공수부대 중동 투입 일주일 파병
"폭스바겐, 車 대신 미사일...獨 공장서 아이언돔 부품 생산 추진",World,폭스바겐 대신 미사일 공장 아이언돔 부품 생산 추진
막후에서 트럼프 돕는 유럽...미군 작전은 다 유럽 덕분? [지금이뉴스],World,막후 트럼프 돕다 유럽 미군 작전 유럽 덕분 뉴스
“협상하자더니 암살 함정?”…이란이 못 믿는 트럼프의 손짓 [핫이슈],World,협상 암살 함정 이란 믿다 트럼프 손짓 핫이슈
"‘라이언 일병 구하기’ 美82공수사단, 이란 우라늄 확보할까",World,라이언 일병 공수 사단 이란 우라늄 확보
"방글라데시, 에너지난 심화에 첫 원전 1호기 가동 서둘러",World,방글라데시 에너지 심화 원전 호기 가동 서두르다
올들어 랠리하던 마이크론 주가 4일 연속 급락…왜?,World,오다 들다 랠리 마이크론 주가 연속 급락
"中 “트럼프, 중동 분쟁 압박 직면…전쟁 여전히 불확실”",World,트럼프 중동 분쟁 압박 직면 전쟁 여전하다 불확실
"트럼프, ‘최정예’ 82공수사단 선발대 1000명, 중동투입 승인…CNN “며칠 내 투입”",World,트럼프 정예 공수 사단 선발 중동 투입 승인 며칠 투입
"트럼프, 82공수사단 1000명 중동 투입 승인…“수일 내 배치”",World,트럼프 공수 사단 중동 투입 승인 수일 배치
"獨대통령 ""이란 전쟁은 국제법 위반이자 '재앙적 실수'""",World,대통령 이란 전쟁 국제 위반 이자 재앙 실수
"사모대출 흔들리자…美 은행들 ""다시 우리가 할 차례""",World,사모 대출 흔들리다 은행 차례
"협상하자더니 공수부대 투입…트럼프, 최정예부대 이란戰 투입 승인",World,협상 공수부대 투입 트럼프 최정 부대 이란 투입 승인
세계 최강 미군도 속수무책? 호르무즈 '늪'에 빠진 트럼프…공동관리 제안 이유,World,세계 최강 미군 속수무책 호르무즈 빠지다 트럼프 공동관리 제안 이유
카메라에 담긴 러시아 ‘자폭 드론’…우크라 세계문화유산 덮쳐,World,카메라 담기다 러시아 자폭 드론 크다 세계 문화유산 덮다 치다
"""트럼프 '15개 항'은 재탕…이란 수용 가능성 낮아""",World,트럼프 재탕 이란 수용 가능성 낮다
트럼프 “이란과 종전 합의 진행 중”…이스라엘-이란은 공방 지속,World,트럼프 이란 종전 합의 진행 이스라엘 이란 지속
"美공화, 트럼프 저택 '마러라고' 보선서 충격패…트럼프 지지율 36% '최저'",World,공화 트럼프 저택 마르다 선서 충격 트럼프 지지율 최저
“트럼프 틀니 튀어나오게 때릴 것” 공격 수위 높여가는 이란 [美-이란 전쟁],World,트럼프 틀니 튀어나오다 때리다 공격 수위 높이다 이란 이란 전쟁
"나사, 달궤도 우주정거장 대신 달기지 짓는다…7년간 30조 투입",World,나사 궤도 우주정거장 대신 달기지 짓다 투입
[뉴스특보] 이번주 대면협상 가능성…美 공수부대 투입 초읽기?,World,뉴스특보 대면 협상 가능성 공수부대 투입 초읽기
"이란의 ‘100㎏ 탄두’ 최초 확인, 신무기 발사?…이스라엘 방공망 또 굴욕[밀리터리+]",World,이란 탄두 최초 확인 무기 발사 이스라엘 방공 굴욕 밀리터리
"트럼프 '정신승리'? ""이란 정권 교체했고 우리가 이겼다""",World,트럼프 정신승리 이란 정권 교체 이기다
"3인 추려진 與 경기도지사 후보 적합도, 김동연 1위",World,추다 경기도 지사 후보 적합 김동연
"""일단 30일간 멈추자"" 트럼프의 파격 제안...종전 합의 '패스트트랙' 가동",World,일간 멈추다 트럼프 파격 제안 종전 합의 패스트 트랙 가동
“미국 ‘최정예’ 82공수사단 선발대 천 명 중동 투입 초읽기”,World,미국 정예 공수 사단 선발 중동 투입 초읽기
앞에선 '협상' 뒤로는 '칼갈이'...낙하산 부대 준비하는 트럼프,World,협상 갈이 낙하산 부대 준비 트럼프
美 15개 항목 제안에 파키스탄 중재 본격화…이란은 진의 의심,World,항목 제안 파키스탄 중재 본격 이란 진의 의심
"미 정부, 이란에 1달 휴전 등 15개 요구 사항 전달…종전 가능할까?",World,밉다 정부 이란 휴전 요구 사항 전달 종전 가능하다
"""지금이 이란 정권 끝낼 기회""...사우디 왕세자 지상군 투입 압박",World,이란 정권 끝내다 기회 사우디 왕세자 지상군 투입 압박
"""미, 이란에 한 달 휴전 제안...핵 포기 등 15개 항 논의 추진""",World,밉다 이란 휴전 제안 포기 논의 추진
"""지하 핵실험 다시 하라""…트럼프 한마디에 美 '30년 금기' 깨나",World,지하 핵실험 하라 트럼프 금기 깨나
덴마크 총선서 집권 좌파연합 신승…과반 실패로 3선 불투명(종합),World,덴마크 총선 집권 좌파 연합 과반 실패 불투명 종합
"트럼프 출구 찾기 나섰지만…""합의도, 철수도, 확전도 어렵다""",World,트럼프 출구 찾기 나서다 합의 철수 전도 어렵다
"이란, 안보수장에 혁명수비대 출신 강경파…“협상이 암살 함정”",World,이란 안보 수장 혁명 수비대 출신 강경 협상 암살 함정
"트럼프 ""이란 측으로부터 석유·가스와 관련된 엄청난 가치가 있는 선물 받았다""",World,트럼프 이란 석유 가스 관련 엄청나다 가치 선물 받다
"이란 휴전설 '모락모락'...4월 9일까지 협상, 한달 휴전",World,이란 휴전 모락모락 협상 휴전
"'있을 때 사두자' 車업체들, 알루미늄 사재기",World,사두 업체 알루미늄 사재기
"“카스피해까지 번졌다”…이스라엘, 러-이란 무기·식량 수송로 공습",World,카스피해 지다 이스라엘 이란 무기 식량 송로 공습
"""에콰도르 무장 마약조직 훈련장 폭격했다더니…젖소목장""",World,에콰도르 무장 마약 조직 훈련 폭격 젖소 목장
"급물살 탄 美-이란 휴전 협상…트럼프 ""이란이 선물줬다""(종합)",World,물살 이란 휴전 협상 트럼프 이란 선물 주다 종합
러시아 드론 1000대 '하늘 덮었다'…우크라이나 전역 초토화,World,러시아 드론 대다 하늘 덮다 우크라이나 전역 초토화
"""트럼프, 승인했다...미국 '최정예' 중동 투입 초읽기"" [지금이뉴스]",World,트럼프 승인 미국 정예 중동 투입 초읽기 뉴스
“체르노빌 급 대재앙 올 수도”…이란 유일 원자력 발전소 인근 또 피격 [핫이슈],World,체르노빌 대재앙 오다 수도 이란 유일 원자력 발전소 인근 피격 핫이슈
"""이란, 협상 상대로 밴스 美부통령 선호""…주말 회담 성사 주목",World,이란 협상 상대로 밴스 부통령 선호 주말 회담 성사 주목
"""목요일 회담하자"" 중재 나선 3국…입장차이 여전한 미국과 이란",World,목요일 회담 중재 나선 입장 차이 여전하다 미국 이란
"""車업체들, 알루미늄 사재기…몇개월치 재고 의존""",World,업체 알루미늄 사재기 몇개 월치 재고 의존
"트럼프 정부, 이란에 15개 요구 전달…핵·미사일 제한 포함",World,트럼프 정부 이란 요구 전달 미사일 제한 포함
협상 기대 부채질하면서 최정예 병력 급파…트럼프의 속내는?,World,협상 기대 부채질 정예 병력 급파 트럼프
"""휴전 1개월 조건은 핵 포기""⋯이란, 트럼프 15개 요구안 수용할까?",World,휴전 개월 조건 포기 이란 트럼프 구안 수용
“美 ‘최정예’ 82공수사단 선발대 1000명 중동전개 임박”,World,정예 공수 사단 선발 중동전 임박
"트럼프 행정부, ‘이란과 한달 휴전·15개 요구안’ 협상 구상",World,트럼프 행정부 이란 휴전 구안 협상 구상
"""트럼프, 82공수사단 선발대 1천명 투입 승인""…하르그섬 침투 가능성",World,트럼프 공수 사단 선발 천명 투입 승인 르그 침투 가능성
관심 떨어진 틈타 봄 공세…대낮 포격에 사상자 속출,World,관심 떨어지다 틈타다 공세 대낮 포격 상자 속출
걸프만에 갇힌 3200척... 이란 “‘비적대적 선박’만 호르무즈 해협 통과 허용”,World,걸프 갇히다 이란 비적 대적 선박 호르무즈 해협 통과 허용
“이란이 큰 선물 줬다”…‘협상 기대 부채질’ 트럼프가 뒤에서 한 일,World,이란 크다 선물 주다 협상 기대 부채질 트럼프
"이란 ""비적대 선박만 호르무즈 해협 통과""",World,이란 비적 선박 호르무즈 해협 통과
"레바논 베이루트에 이 군 공습 하루새 격화, 피난민도 급증",World,레바논 베이루트 공습 하루 격화 피난민 급증
"""美 '최정예' 82공수사단 선발대 1천명 중동투입 초읽기""",World,정예 공수 사단 선발 천명 중동 투입 초읽기
"""비적대국 선박, 호르무즈 해협 통과 허용"" 이란, IMO에 서한[미국-이란 전쟁]",World,비적 대국 선박 호르무즈 해협 통과 허용 이란 서한 미국 이란 전쟁
"트럼프와 맞장 뜬 덴마크 총리, ‘정권 연장’ 승부수 통할까 [이 사람@World]",World,트럼프 맞다 뜨다 덴마크 총리 정권 연장 승부
"""연 1000만톤 수입하는데""⋯카타르 결국 '불가항력' 선언, 韓가스 수급 '비상'",World,수입 카타르 불가항력 선언 가스 수급 비상
"미군 최대 8천 명 중동 집결해 하르그섬 장악 시도…""해병대 투입 후 공수부대와 교대""",World,미군 최대 중동 집결 르그 장악 시도 해병대 투입 공수부대 교대
트럼프 ‘공격 유예’ 발표 직전 대규모 원유 거래…“누군가 부자 됐을 것”,World,트럼프 공격 유예 발표 직전 대규모 원유 거래 부자 돼다
"이란 ""암살 함정일 수도""‥안보수장 후임엔 강경파",World,이란 암살 함정 수도 안보 수장 후임 강경
"이란, 안보수장에 혁명수비대 출신 강경파…“협상이 암살 함정”",World,이란 안보 수장 혁명 수비대 출신 강경 협상 암살 함정
"이란, 유엔에 ""비적대적 선박은 호르무즈 해협 통과 가능""",World,이란 유엔 비적 대적 선박 호르무즈 해협 통과 가능
"이란 ""비적대적 선박만 호르무즈 해협 통과""…IMO 회원국에 서한",World,이란 비적 대적 선박 호르무즈 해협 통과 회원 서한
"""美, 한달 휴전 후 '핵농축 포기-제재 해제' 15개항 협상 추진""(종합)",World,휴전 농축 포기 제재 해제 개항 협상 추진 종합
"파키스탄, 美·이란 중재역 급부상…주내 대면 협상 개최 의지",World,파키스탄 이란 중재 급부 주다 대면 협상 개최 의지
이란 “비적대 선박만 통과”…호르무즈 ‘선별 통행’ 공식화,World,이란 비적 선박 통과 호르무즈 선별 통행 공식
"“1100억 날렸다” 대만 유명가수, 코인 투자 실패로 ‘날벼락’",World,날리다 대만 유명 가수 코인 투자 실패 날벼락
"""美, 이란 측에 15개 요구목록 전달""…'한달 휴전' 모색 보도도(종합)",World,이란 요구 목록 전달 휴전 모색 보도 종합
"이란 ""비적대적 선박만 호르무즈 해협 통과 허용""",World,이란 비적 대적 선박 호르무즈 해협 통과 허용
종전 조건 15개 던진 트럼프...이란 선택의 시간 [지금이뉴스],World,종전 조건 던지다 트럼프 이란 선택 뉴스
"""이란과 한 달 휴전 선언 가능성""...급박하게 돌아가는 전황 [이슈톺]",World,이란 휴전 선언 가능성 급박하다 돌아가다 전황 이슈 톺다
"[뉴스UP] ""협상하자""더니 ""공수부대 배치""...앞뒤 다른 트럼프",World,뉴스 협상 더니 공수부대 배치 앞뒤 트럼프
"러시아, 우크라에 드론 1000여 대 발사... ""대낮에 인파 몰린 곳 노려""",World,러시아 크다 드론 대다 발사 대낮 인파 몰리다 노리다
"[월드앤이슈] 미국, 15개 요구 전달…이란, 美협상 함정 우려",World,월드 이슈 미국 요구 전달 이란 협상 함정 우려
"이란 외교장관, 한국에 “침략국 아니면 호르무즈해협 안전하게 통과”",World,이란 외교 장관 한국 침략 호르무즈 해협 안전하다 통과
"덴마크 집권 사회당, 총선 출구조사서 선두.. 프레데릭센 총리 승리",World,덴마크 집권 사회 총선 출구조사 선두 프레데릭 세다 총리 승리
"이란 ""비적대적 선박만 호르무즈 해협 통과 허용""",World,이란 비적 대적 선박 호르무즈 해협 통과 허용
트럼프 “이란서 큰 선물 받아” 협상 거론하면서…중동에 최정예 공수부대 급파,World,트럼프 이란 크다 선물 받다 협상 거론 중동 정예 공수부대 급파
"""美, 이란에 ‘15개 항 종전안’ 전달""…출구전략 모색",World,이란 종전 전달 출구 전략 모색
"독일 대통령 “트럼프의 이란 공습, 치명적 실수… 대서양동맹 회복 불가”",World,독일 대통령 트럼프 이란 공습 치명 실수 대서양 동맹 회복 불가
"미, 이란과 이르면 26일 평화회담 개최 방안 논의…이스라엘 “글쎄”",World,밉다 이란 평화 회담 개최 방안 논의 이스라엘 글쎄
"푸틴, 중동 혼란 틈타 봄철 우크라 대공세…전후 최대 대낮 공격",World,푸틴 중동 혼란 틈타다 봄철 크다 공세 최대 대낮 공격
"이란 ""호르무즈 해협, 비적대적 선박만 통과할 수 있어""",World,이란 호르무즈 해협 비적 대적 선박 통과
"‘영화 혁명’이라더니…오픈AI, 동영상 AI ‘소라’ 공개 2년 만에 전격 철수",World,영화 혁명 오픈 동영상 소라 공개 전격 철수
"'트럼프 화법 공부해야 하나""...'타코' 행보에 널뛰는 주식 [앵커리포트]",World,트럼프 화법 공부 타코 행보 뛰다 주식 앵커 리포트
"사우디 ‘실세’ 빈 살만 왕세자, 트럼프에 전쟁 계속 촉구",World,사우디 실세 왕세자 트럼프 전쟁 계속 촉구
"발 묶인 선박 3200척인데…‘비적대적 선박’만 허용한 이란, 얼마나 나올까",World,묶인 선박 비적 대적 선박 허용 이란 나오다
"FT “이란, 비적대적 선박만 호르무즈 해협 통과 허용”",World,이란 비적 대적 선박 호르무즈 해협 통과 허용
[자막뉴스] 절호의 기회 노리는 빈 살만...트럼프는 '발등의 불',World,자막 뉴스 절호 기회 노리다 트럼프 발등
"트럼프 “이란, 석유·가스, 호르무즈 통행 관련 큰 선물 보내와”",World,트럼프 이란 석유 가스 호르무즈 통행 관련 크다 선물 보내오다
"""미국, 15개 요구 전달""…이란은 '암살함정' 우려",World,미국 요구 전달 이란 암살 함정 우려
"이란 ""비적대적 선박만 호르무즈 해협 통과 허용""",World,이란 비적 대적 선박 호르무즈 해협 통과 허용
트럼프 ‘종전 제안서’ 내밀었지만…지렛대 쥔 이란 ‘3번은 안 속아’,World,트럼프 종전 제안 내미다 지렛대 쥐다 이란 번은
"NASA, 달 궤도 우주정거장 대신 ‘달 기지’ 짓는다",World,궤도 우주정거장 대신 기지 짓다
"“모즈타바, 미 특사에 ‘종전 협상 개시 동의’ 비밀리 통보”…아랍권 매체 보도",World,타바 밉다 특사 종전 협상 개시 동의 비밀리 통보 아랍권 매체 보도
"""전쟁통에 6억짜리 차가 수두룩""…유럽 벤틀리 판매 3위는 '키이우 지점'",World,전쟁 짜다 차갑다 수두 유럽 벤틀리 판매 키이우 지점
"“우주정거장 접고 달에 산다” NASA, 7년간 30조 쏟아 ‘영구 기지’ 짓는다",World,우주정거장 접다 산다 쏟다 영구 기지 짓다
"몰도바, 러 대공습에 불똥…우크라 송전선 끊어져 비상사태 선포",World,몰도바 대공습 불똥 크다 송전 끊어지다 비상 사태 선포
"카타르, 韓 등 4개국 LNG 장기계약 '불가항력' 선언…이란 전쟁 여파",World,카타르 개국 장기 계약 불가항력 선언 이란 전쟁 여파
"트럼프 ""이란, 큰 선물 보내""...협상·공격 양면 전술 가능성",World,트럼프 이란 크다 선물 보내다 협상 공격 양면 전술 가능성
[비즈 나우] 대세는 'AI 에이전트'…승부처 바뀐다,World,비즈 나우 대세 에이전트 승부 바뀌다
이란 '집속탄' 미사일 이스라엘 중부 타격…어린이 포함 12명 부상,World,이란 집속탄 미사일 이스라엘 중부 타격 어린이 포함 부상
"트럼프, 이란戰 승리 주장…""美국방·합참의장은 협상하는 것에 실망""",World,트럼프 이란 승리 주장 국방 합참의장 협상 실망
"“중재국들, 48시간 내 파키스탄서 美·이란 회담 추진”",World,중재 파키스탄 이란 회담 추진
"[부자들의 투자노트] 골드만삭스 ""원유 흐름 정상화까지 오래 걸릴 수도""",World,부자 투자 노트 골드만삭스 원유 흐름 정상화 걸리다 수도
"카타르, 韓 등 4개국에 LNG 장기계약 불가항력 선언",World,카타르 개국 장기 계약 불가항력 선언
"[자막뉴스] ""아프간 철수 때도 그러더니"" 미국에 직격탄...갈라지는 유럽",World,자막 뉴스 아프간 철수 미국 직격탄 갈라지다 유럽
"트럼프, 협상한다며 공수부대 파병?…의구심 확대",World,트럼프 협상 공수부대 파병 구심 확대
"""공격 미뤘다"" 했는데…이란·이스라엘은 전면 '난타전'",World,공격 미루다 이란 이스라엘 전면 난타
세계 최고 방공망의 굴욕…“가성비 따지다 요격 실패”,World,세계 최고 방공 굴욕 가성 따다 요격 실패
"이란, 호르무즈해협 개방 주장 ""적대 국가만 금지""",World,이란 호르무즈 해협 개방 주장 적대 국가 금지
"""미·이란 중재국 떠오른 '파키스탄' 좋은 사인"" [모닝콜]",World,밉다 이란 중재 떠오르다 파키스탄 좋다 사인 모닝콜
"Arm, 35년 ‘설계만’ 끝…자체 CPU로 AI칩 시장 참전",World,설계 자체 시장 참전
국제유가 다시 100달러선…중동 협상 흔들리자 공급불안 재부각,World,국제 유가 달러 중동 협상 흔들리다 공급 불안 부각
"“美, 이란과 한달 휴전 후 종전 15개항 협상 추진”",World,이란 휴전 종전 개항 협상 추진
협상 거론하더니...이란 허 찌를 '화전양면' 카드 준비 [지금이뉴스],World,협상 거론 이란 허다 찌르다 화전 양면 카드 준비 뉴스
"카타르, 한국 등 4개국에 LNG 공급 '불가항력' 선언",World,카타르 한국 개국 공급 불가항력 선언
"[자막뉴스] ""이번 전쟁에서 처음 본 유형""...이스라엘 뚫은 이란 신무기?",World,자막 뉴스 전쟁 처음 유형 이스라엘 뚫다 이란 무기
"[자막뉴스] ""심각한 후폭풍"" 경고가 현실로...한국에 끝내 던진 통보",World,자막 뉴스 심각하다 폭풍 경고 현실 한국 끝내 던지다 통보
[마켓 브리핑] 하루 만에 꺾인 조기 종전 기대…걸프국 참전 가능성,World,마켓 브리핑 하루 꺾다 조기 종전 기대 걸프 참전 가능성
"이란, 유엔에 ‘호르무즈 개방’ 통보… “비적대적 선박 한정”",World,이란 유엔 호르무즈 개방 통보 비적 대적 선박 한정
"WSJ ""트럼프, 공수부대 배치 곧 명령""…이란과 협상 거론하며 압박 병행",World,트럼프 공수부대 배치 명령 이란 협상 거론 압박 병행
[김대호 박사의 오늘의 키워드] 82 공수부대·LNG 공급중단·금리인상 폭탄·사모펀드 경고등,World,김대호 박사 오늘 워드 공수부대 공급 중단 금리 인상 폭탄 사모펀드 고등
‘우릴 공격하다니…’ 사우디·UAE 전쟁 합류로 선회,World,우릴 공격 사우디 전쟁 합류 선회
"이란, 안보수장에 혁명수비대 출신 강경파…“협상이 암살 함정”",World,이란 안보 수장 혁명 수비대 출신 강경 협상 암살 함정
협상 분위기 조성 동시에 병력 증강도… 이란 압박용과 지상전 가능성 놓고 해석 분분,World,협상 분위기 조성 동시 병력 증강 이란 압박 지상전 가능성 놓다 해석 분분
커지는 ‘4월 에너지 위기설’... 진짜 위기는 그 다음에 온다[페트로-일렉트로],World,커지다 에너지 위기 진짜 위기 오다 페트 일렉트로
"美-이란 ‘先휴전-後논의, 가자지구 모델’ 급부상[이태규의 워싱턴 플레이북]",World,이란 휴전 논의 가자지구 모델 급부 이태규 워싱턴 플레이
"트럼프, 이란서 석유-가스 관련 ""큰 선물 받았다"" 주장",World,트럼프 이란 석유 가스 관련 크다 선물 받다 주장
"앞에선 협상 낙관론, 뒤에선 최정예 부대 급파… 트럼프의 '진의'는?",World,협상 낙관 정예 부대 급파 트럼프 진의 늘다
"""동맹국에 통보도 없이"" 미국 직격한 프랑스...'호르무즈 재개방' 연대할까?",World,동맹국 통보 미국 직격 프랑스 호르무즈 재개 연대
"트럼프 ""이란이 석유· 가스 관련 선물...협상 상대 곧 드러날 것""",World,트럼프 이란 석유 가스 관련 선물 협상 상대 드러나다
반도체 설계도 팔던 Arm의 변신…자체 AI CPU 판매 선언,World,반도체 설계도 파다 변신 자체 판매 선언
"""이란전쟁 장기적으론 기회""…'월가 황제'의 중동 낙관론, 왜?",World,이란 전쟁 장기 기회 황제 중동 낙관
‘엄청난 선물’ 받았다는 트럼프… 호르무즈에는 美 해병대 수천 명 급파,World,엄청나다 선물 받다 트럼프 호르무즈 해병대 수천 급파
"협상 기대 부채질하는 트럼프, 뒤로는 최정예 부대 중동 급파",World,협상 기대 부채질 트럼프 정예 부대 중동 급파
‘안갯속’ 미·이란 협상에 뉴욕증시 하락…나스닥 0.8%↓,World,안갯속 밉다 이란 협상 뉴욕증시 하락 나스닥
"[증시전략] 이란 전쟁 끝나도 ""유가 당분간 안 떨어져""…전략은?",World,증시 전략 이란 전쟁 끝나다 유가 당분간 떨어지다 전략
협상 이끈 전화 한 통…“모즈타바의 동의 있었다” [美-이란 전쟁],World,협상 이끌다 전화 타바 동의 이란 전쟁
[외신 헤드라인] 증시 개·폐장 때 정책 발표 의혹…트럼프 의도는?,World,외신 헤드라인 증시 폐장 정책 발표 의혹 트럼프 의도
美 정예 공수부대 파병 임박…이란 압박하는 걸프국,World,정예 공수부대 파병 임박 이란 압박 걸프
협상 기대에도 흔들린 뉴욕증시…유가·금리 동반 상승 ‘이중 압박’[월스트리트in],World,협상 기대 흔들리다 뉴욕증시 유가 금리 동반 상승 이중 압박 월스트리트
"뉴욕증시, 3대 지수 하락 마감... 중동 불안·유가 반등 여파",World,뉴욕증시 대다 지수 하락 마감 중동 불안 유가 반등 여파
"트럼프 “이란, 우리에게 석유·가스 선물 줬다” 사실상 정권교체 시사",World,트럼프 이란 석유 가스 선물 주다 정권 교체 시사
관심 떨어진 틈타 봄 공세…대낮 포격에 사상자 속출,World,관심 떨어지다 틈타다 공세 대낮 포격 상자 속출
"뉴욕증시, 美·이란 협상 불신...브렌트유 다시 100달러대 [데일리국제금융]",World,뉴욕증시 이란 협상 불신 브렌 트유 달러 일리 국제 금융
"""LNG 못 댄다"" 불가항력 선언…라리자니 후임에 '강경파'",World,대다 불가항력 선언 라리 후임 강경
이란 미사일 96% 격추…석유와 맞바꾼 미사일이 뭐길래[박시진의 글로벌 픽],World,이란 미사일 격추 석유 맞다 바꾸다 미사일 뭐길 박다 글로벌
LNG 공급 '불가항력' 선언‥가스요금도 오르나,World,공급 불가항력 선언 가스요금
“이란 돕고 원유 제재 풀고”…중동서 몸집 키우는 러시아,World,이란 돕다 원유 제재 중동 몸집 키우다 러시아
"""이란이 선물, 석유·가스 관련""…공수부대 곧 명령",World,이란 선물 석유 가스 관련 공수부대 명령
"""암살 함정일수도""‥안보수장 후임엔 강경파",World,암살 함정 수도 안보 수장 후임 강경
‘시커먼 연기’ 치솟는 푸자이라…‘우회 하역’ 포착,World,시커멓다 연기 치솟다 푸자이라 우회 포착
"“사우디 왕세자, 트럼프에 ‘전쟁 지속해야…이란 정권 붕괴’ 촉구”",World,사우디 왕세자 트럼프 전쟁 지속 이란 정권 붕괴 촉구
"“트럼프, 공수부대 중동배치 곧 명령”…협상·압박 양면 전략[1일1트]",World,트럼프 공수부대 중동 배치 명령 협상 압박 양면 전략
"이란 외무 “호르무즈, 침략자 진영엔 닫혀” [美·이란 전쟁]",World,이란 외무 호르무즈 침략 진영 닫히다 이란 전쟁
트럼프 “공격 중단” 발표 15분 전...‘8700억’ 움직였다[글로벌 모닝 브리핑],World,트럼프 공격 중단 발표 움직이다 글로벌 모닝 브리핑
"사우디·UAE, 對이란 강경 선회…""참전은 시간 문제?""",World,사우디 이란 강경 선회 참전 문제
"매티스 전 국방 ""지금 종전하면 호르무즈 이란에 넘겨주는 것""",World,티스 국방 종전 호르무즈 이란 넘겨주다
"美, 협상한다며 공수부대 파병?…""함정일 수도""",World,협상 공수부대 파병 함정 수도
"국제유가, 낙관론 후퇴하자 하루만에 반등…브렌트유 100달러대",World,국제 유가 낙관 후퇴 하루 반등 브렌 트유 달러
"트럼프 ""이란으로부터 엄청난 선물 받아...이란 정권 교체한 것""",World,트럼프 이란 엄청나다 선물 받다 이란 정권 교체
"트럼프 ""이란, 매우 큰 선물 보내…석유·가스, 호르무즈 통행 관련""",World,트럼프 이란 크다 선물 보내다 석유 가스 호르무즈 통행 관련
트럼프 휴전 선언…전문가 “5일 내 전쟁 절대 안 끝나”[美-이란 전쟁],World,트럼프 휴전 선언 전문가 전쟁 절대 끝나다 이란 전쟁
"트럼프 “이란, 협상서 ‘에너지 관련 선물’ 제안""…협상 실체는 불확실",World,트럼프 이란 협상 에너지 관련 선물 제안 협상 실체 불확실
"트럼프 ""이란측, 원유 관련 선물 보내…호르무즈 대한것""(종합)",World,트럼프 이란 원유 관련 선물 보내다 호르무즈 종합
"유가 급등+공수여단 파병, 미증시 일제 하락…나스닥 0.84%(상보)",World,유가 급등 여단 파병 밉다 증시 일제 하락 나스닥 상보
"국제 유가, 하루 만에 100달러 위로...“신속한 전쟁 종결 기대 줄어”",World,국제 유가 하루 달러 위로 신속하다 전쟁 종결 기대 줄다
이란 외무 “교전국 외엔 호르무즈 개방…전면 휴전 주력”,World,이란 외무 전국 호르무즈 개방 전면 휴전 주력
호재는 07:00 악재는 16:30… 美증시에 맞춰진 ‘트럼프 입’,World,재는 재는 증시 맞추다 트럼프
갑자기 유화모드 ‘타코’ 트럼프… 출구전략인가 연막작전인가,World,유화 모드 타코 트럼프 출구 전략 연막 작전
"“美·이란, 이번 주 파키스탄서 첫 대면 협상”",World,이란 파키스탄 대면 협상
"""AI로 법개정 10배 빠르게"" 日 돌풍 일으킨 '꽁지머리' 당대표",World,개정 빠르다 돌풍 일으키다 꽁지머리 대표
"카타르, 한국 등 LNG 장기계약 '불가항력' 선언",World,카타르 한국 장기 계약 불가항력 선언
이란 공격에 달라진 걸프국... 참전 검토·美 계속 싸워주길 바래 [윤재준의 월드뷰],World,이란 공격 달라지다 걸프 참전 검토 계속 싸우다 윤재준 월드
트럼프 “헤그세스가 이란 공습 가장 먼저 지지”,World,트럼프 헤그세스 이란 공습 먼저 지지
"“이란전 꺼리는 유럽, 실제론 기지 제공 등 美 배후 지원”",World,이란 꺼리다 유럽 실제 기지 제공 배후 지원
트럼프 ‘핵물질 제거-제재 해제’ 출구 제시… 이란 “美의 시간 벌기”,World,트럼프 핵물질 제거 제재 해제 출구 제시 이란 벌다
"미군기지 없는 파키스탄, 美-이란 중재… 수도 이슬라마바드 회담 장소로 제안",World,미군기지 파키스탄 이란 중재 수도 이슬라마바드 회담 장소 제안
사우디-UAE 강경 선회… 對이란 공격 동참할듯,World,사우디 강경 선회 이란 공격 동참
‘트럼프 공습유예’에도 치고받은 이스라엘-이란,World,트럼프 공습 유예 치고받다 이스라엘 이란
美 지상전도 준비… 해병·공수부대 8000명 ‘하르그섬 점령’ 검토,World,지상전 준비 해병 공수부대 르그 점령 검토
‘이란 우방’ 中도 전쟁 후폭풍… 13년만에 기름값 통제,World,이란 우방 전쟁 폭풍 기름값 통제
AI 에이전트가 대세…설계도만 팔던 ARM도 자체칩 판다,World,에이전트 대세 설계도 파다 자체 판다
미국이 찍은 전쟁 종료일 '4월 9일' 이유는?... 협상 앞두고 '기싸움',World,미국 찍다 전쟁 종료 이유 협상 앞두다 싸움
"""미·이란, 이르면 26일 회담…전쟁은 2~3주 지속 계획""",World,밉다 이란 회담 전쟁 지속 계획
길어지는 중동 사태에…車 업계 알루미늄 사재기 확산,World,길어지다 중동 사태 업계 알루미늄 사재기 확산
"이란 ""비적대적 선박은 호르무즈 통과 가능""…IMO 회원국에 서한",World,이란 비적 대적 선박 호르무즈 통과 가능 회원 서한
이란 전쟁은 도박?…증시 타이밍에 맞춘 트럼프의 입,World,이란 전쟁 도박 증시 타이밍 맞추다 트럼프
“쾅 소리에 나가봤더니”…휴스턴 주택 지붕 뚫은 ‘돌덩이’의 정체,World,소리 가보다 휴스턴 주택 지붕 뚫다 덩이 정체
"트럼프 ""이란과 건설적 대화""… 종전 디데이 4월9일 현실로?",World,트럼프 이란 건설 대화 종전 디데이 현실
"설계도만 팔던 반도체기업 Arm, 자체칩 판매선언…AGI CPU 출시",World,설계도 파다 반도체 기업 자체 판매 선언 출시
"‘월가 황제’ 다이먼 “이란, ‘당장의 위협’ 아닌 돌진하는 살인자들”",World,황제 멀다 이란 위협 돌진 살인자
[뉴욕유가] 공수부대까지 파병하는 미국…WTI 4.8%↑,World,뉴욕 유가 공수부대 파병 미국
"""美국방부, 공수 3천명 중동 배치 계획""…2가지 의도 담겨",World,국방부 공수 천명 중동 배치 계획 가지 의도 담기다
"""영국, 프랑스와 호르무즈 재개방 위한 국제 노력 주도""",World,영국 프랑스 호르무즈 재개 국제 노력 주도
"WSJ “트럼프, 공수부대 중동배치 곧 명령”…협상 거론하며 압박 병행",World,트럼프 공수부대 중동 배치 명령 협상 거론 압박 병행
"""美, 82공수사단 3000명 중동 투입 추진""…호르무즈 ‘군사 옵션’ 부상",World,공수 사단 중동 투입 추진 호르무즈 군사 옵션 부상
"NASA, 달궤도 우주정거장 계획 중단…30조원 들여 달기지 짓는다",World,궤도 우주정거장 계획 중단 조원 들이다 달기지 짓다
"美 공수 투입 임박 ""수 시간 내 배치 명령""…지상군은 미정",World,공수 투입 임박 배치 명령 지상군 미정
"美 육군 최정예 공수부대 제82 공수사단, 중동으로 움직인다",World,육군 정예 공수부대 공수 사단 중동 움직이다
"""트럼프, 공수부대 중동배치 곧 명령""…협상 거론하며 압박 병행",World,트럼프 공수부대 중동 배치 명령 협상 거론 압박 병행
"오픈AI 포기한 텍사스주 '스타게이트 확장' 데이터센터, MS 손에",World,오픈 포기 텍사스주 스타게이트 확장 데이터 센터
"""사우디 왕세자, 트럼프에 이란戰 계속해라 촉구…지상전도 찬성""",World,사우디 왕세자 트럼프 이란 계속 촉구 지상전 찬성
"""美, 이란 작전 지원하러 곧 중동에 공수부대 3000명 파병""-WSJ",World,이란 작전 지원 중동 공수부대 파병
"러, 하루 400여대 드론·미사일 공습…최소 5명 숨져",World,하루 여대 드론 미사일 공습 최소 숨지다
"협상설에도 미사일 난타전...""100kg 탄두 첫 발견""",World,협상 미사일 난타 탄두 발견
"사우디·UAE, 對이란 공세 참전 저울질…""인내 무한하지 않아""",World,사우디 이란 공세 참전 인내 무한
종전이냐 확전이냐… “이르면 이번주 대면협상”,World,종전 전이 대면 협상
"'공격 유예' 뒤에도 중동 곳곳 포성…""끔찍한 밤""",World,공격 유예 중동 곳곳 포성 끔찍하다
"대화 상대 떠오른 갈리바프… 美, 차기 지도자로 찍었나",World,대화 상대 떠오르다 갈리 바프 차기 지도자 찍다
"美 해병대, 추가 시한 맞춰 중동 도착… 협상은 연막작전?",World,해병대 추가 시한 맞추다 중동 도착 협상 연막 작전
"美, AI·반도체 패권 확보 위한 ‘팍스 실리카 펀드’ 출범",World,반도체 패권 확보 팍스 실리카 펀드 출범
물가·임금·부동산 줄줄이 상승… “日 디플레 시대 끝났다”,World,물가 임금 부동산 줄줄이 상승 디플레 시대 끝나다
‘뉴욕 공항 폐쇄’ 항공기·소방차 충돌 직전 교신 공개…관제 혼전 가능성,World,뉴욕 공항 폐쇄 항공기 소방차 충돌 직전 교신 공개 관제 혼전 가능성
"""미국 '4월 9일 종전' 목표""...파키스탄 중재 '급물살'",World,미국 종전 목표 파키스탄 중재 물살
"""미-이란 곧 대면 협상""‥중동 운명 분수령 맞나",World,밉다 이란 대면 협상 중동 운명 분수령 맞다
러 봄공세 본격화…대낮까지 계속된 폭격에 사상자 속출(종합),World,공세 본격 대낮 계속 폭격 상자 속출 종합
"뉴욕 증시, 미국·이란 대화 의구심에 하락",World,뉴욕 증시 미국 이란 대화 구심 하락
"카타르, LNG 공급 ‘불가항력’ 선언… 韓 등 장기계약 이행 일시 중단",World,카타르 공급 불가항력 선언 장기 계약 이행 일시 중단
"[송세영 특파원의 여기는 베이징] ‘호국신산’ TSMC 가동 멈출라… 대만, 탈원전 철회",World,송세영 특파원 여기다 베이징 호국 가동 멈추다 대만 원전 철회
"트럼프, 5일 유예 승부수…이란선 초토화 연막 작전 의심",World,트럼프 유예 승부 이란 초토화 연막 작전 의심
줄줄이 암살당한 이란 지도부…미·갈리바프 국회의장 협상설,World,줄줄이 암살 이란 도부 밉다 갈리 바프 국회의장 협상
美 증시 개장·마감 맞춘 트럼프 메시지… 수상한 거래도,World,증시 개장 마감 맞추다 트럼프 메시지 수상한 거래
"“이란 외무장관, 美 중동 특사에게 ‘경제 제재 완화’ 등 요구”",World,이란 외무 장관 중동 특사 경제 제재 완화 요구
"이란, 라리자니 후임에 혁명수비대 출신 강경파 임명… 하메네이 측근",World,이란 라리 후임 혁명 수비대 출신 강경 임명 하메네이 측근
"""트럼프 정부, 파키스탄 통해 이란 측에 15개 요구목록 전달""",World,트럼프 정부 파키스탄 통해 이란 요구 목록 전달
이란에 당한 카타르 결국…韓과 LNG 장기계약 '불가항력' 선언,World,이란 당한 카타르 장기 계약 불가항력 선언
"""이란 사태 이어지면 국제유가 배럴당 179달러까지 급등""",World,이란 사태 이어지다 국제 유가 배럴 달러 급등
트럼프 협상 언급에 이란 '호르무즈 통제·배상' 파격 조건 응수?,World,트럼프 협상 언급 이란 호르무즈 통제 배상 파격 조건 응수
"카타르, 한국 등에 LNG 장기계약 불가항력 선언",World,카타르 한국 장기 계약 불가항력 선언
"카타르, 한국 등에 LNG 장기계약 불가항력 선언",World,카타르 한국 장기 계약 불가항력 선언
카타르 “한국 LNG 장기계약 불가항력 선언 필요”,World,카타르 한국 장기 계약 불가항력 선언 필요
매티스 전 美국방 “지금 종전하면 호르무즈 이란에 넘겨주는 것”,World,티스 국방 종전 호르무즈 이란 넘겨주다
‘시커먼 연기’ 치솟는 푸자이라…호르무즈 해협 지금은?,World,시커멓다 연기 치솟다 푸자이라 호르무즈 해협
협상설에도 군사 충돌 여전…네타냐후 “이란은 추락 중”,World,협상 군사 충돌 네타냐후 이란 추락
[투나잇이슈] 미·이란 '첫 대면 협상' 가능성…중동사태 분수령,World,투나잇 이슈 밉다 이란 대면 협상 가능성 중동 사태 분수령
이란 부인했지만 대화 국면 열렸다…“이번 주 파키스탄 회담 가능성”,World,이란 부인 대화 국면 열리다 파키스탄 회담 가능성
"[취재후 Talk] 미국-이란, '서로 딴소리' 이유는?",World,취재 미국 이란 서로 소리 이유
"트럼프, 출구 전략 찾을까…'지상군' 카드 유효?",World,트럼프 출구 전략 찾다 지상군 카드 유효
미국 “핵포기부터” 이란 “피해 전액보상”…각자 할말하는 종전협상,World,미국 포기 이란 피해 전액 보상 종전 협상
"'진퇴양난' 트럼프, 확전서 협상으로 출구전략 모색?",World,진퇴양난 트럼프 전서 협상 출구 전략 모색
세 가지 동상이몽...트럼프의 '중동 빅딜' 통할까,World,가지 동상 이몽 트럼프 중동 빅딜
‘트럼프의 조기 종전’ 못 믿는 이유 3가지…동맹국도 등 돌렸다 [핫이슈],World,트럼프 조기 종전 믿다 이유 가지 동맹국 돌리다 핫이슈
이란 안보수장에 '혁명수비대' 출신 강경파 임명,World,이란 안보 수장 혁명 수비대 출신 강경 임명
"이란과 이스라엘, 트럼프 '협상' 언급에도 상호 맹공",World,이란 이스라엘 트럼프 협상 언급 상호 맹공
물로 씻어 먹어도…잔류 농약 많은 12가지 농산물은?,World,씻다 먹다 잔류 농약 많다 가지 농산물
"""500억 잃었다"" 코인 투자했다가 날벼락…유명 가수 '충격 근황'",World,잃다 코인 투자 날벼락 유명 가수 충격 근황
[시사기획 창] 이상한 전쟁,World,시사 기획 이상하다 전쟁
"“트럼프, 4월 9일 찍었다”…뜻대로 될까",World,트럼프 찍다
"이스라엘 전역 피격…""이란 겨냥 전면적 공격 계속""",World,이스라엘 전역 피격 이란 겨냥 전면 공격 계속
누가 트럼프를 멈췄나…이란戰 뒤집은 비공식 외교 네트워크[디브리핑],World,트럼프 멈추다 이란 뒤지다 비공식 외교 네트워크 브리핑
지상군 투입 준비는 '착착'...공격 유예는 연막작전?,World,지상군 투입 준비 착착 공격 유예 연막 작전
"""100kg 이란 탄두 첫 확인""...주말 협상설에도 난타전",World,이란 탄두 확인 주말 협상 난타
안개 속 비밀 회담...중동 운명 가를 닷새,World,안개 비밀 회담 중동 운명 가르다 닷새
"트럼프 ""이란, 핵 포기에 동의..협상 결렬 시 다시 폭격""",World,트럼프 이란 포기 동의 협상 결렬 폭격
"이란, 국가안보수장에 혁명수비대 출신 강경파 임명",World,이란 국가 안보 수장 혁명 수비대 출신 강경 임명
"레바논, 자국주재 이란 대사 신임장 취소하고 기피인물 선언",World,레바논 자국 주재 이란 대사 신임장 취소 기피 인물 선언
곧 대면회담? 시간벌기?…트럼프 '이란과 대화 중' 발언에도 혼란만[트럼프 2기],World,대면 회담 벌다 트럼프 이란 대화 발언 혼란 트럼프
중동발 에너지난에 영국서 북해 유전 개발 논란,World,중동 에너지 영국 북해 유전 개발 논란
美·이란 협상 중재한 파키스탄 실세... 트럼프가 좋아하는 ‘야전 원수’,World,이란 협상 중재 파키스탄 실세 트럼프 좋아하다 야전 원수
세계 최고 방공망의 굴욕…“가성비 따지다 요격 실패”,World,세계 최고 방공 굴욕 가성 따다 요격 실패
[뉴스더] 체면 구긴 '세계최강 방공망'…한국도 비상?,World,뉴스 체면 구기다 세계 최강 방공 한국 비상
"‘공습 유예’에도…미군 8000명, 이란 하르그섬 장악 나서나",World,공습 유예 미군 이란 르그 장악 나서다
"사거리 4000㎞ 미사일 쏘고 '비공개'…""발사 지점 노출되면 타격 목표""",World,사거리 미사일 쏘다 비공개 발사 지점 노출 타격 목표
"주일 미 해병, 인도양 도착…하르그섬 출동 대기",World,주일 밉다 해병 인도양 도착 르그 출동 대기
"""이란 '넘버3' 국회의장과 협상""…'타코' 전략 불안불안",World,이란 넘버 국회의장 협상 타코 전략 불안 불안
"""발 빼기도 쉽지 않아""…'변덕' 행보 시험대",World,빼기 쉬다 변덕 행보 시험대
"미군 최대 8천 명 중동 집결해 하르그섬 장악 시도…""해병대 투입 후 공수부대와 교대""",World,미군 최대 중동 집결 르그 장악 시도 해병대 투입 공수부대 교대
"비싼 미사일 아끼려다…""자초한 일"" 방공망 뚫렸다",World,비싸다 미사일 아끼다 자초 방공 뚫리다
"급변한 전쟁 상황, 트럼프 의도는?..종전 진심 혹은 연막 작전?",World,급변 전쟁 상황 트럼프 의도 종전 진심 연막 작전
[뉴스특보] 미·이란 첫 대면 협상 가능성…타협·확전 분수령,World,뉴스특보 밉다 이란 대면 협상 가능성 타협 확전 분수령
'호르무즈 긴장' 여전…피해 입은 걸프국 강경 모드,World,호르무즈 긴장 피해 입다 걸프 강경 모드
'협상 발표' 1시간 안됐는데…이스라엘은 다른 길?,World,협상 발표 돼다 이스라엘
"""미, 이란 전쟁 '4월 9일' 종전 제시...이번 주 회담""",World,밉다 이란 전쟁 종전 제시 회담
"미, 호르무즈 통제권 주고 이란 핵 포기 받아내나…‘빅딜’ 가능성",World,밉다 호르무즈 통제 주다 이란 포기 받다 빅딜 가능성
"미국이 콕 집은 차기 지도자?…강경파 갈리바프, 협상 파트너 유력",World,미국 집다 차기 지도자 강경 갈리 바프 협상 파트너 유력
"中, 주일중국대사관 괴한 침입 규탄…""日에 강력 항의""(종합)",World,주일 중국 대사관 괴한 침입 규탄 강력 항의 종합
"미국과 협상 나설 인물은 누구... ""트럼프, 차기 이란 지도자로 갈리바프 고심""",World,미국 협상 나서다 인물 트럼프 차기 이란 지도자 갈리 바프 고심
“중국 방공망 뚫는다” F-22 랩터 변신…‘항속거리’ 약점 지웠나 [밀리터리+],World,중국 방공 뚫다 랩터 변신 항속거리 약점 지우다 밀리터리
"이란이 본 트럼프의 속셈‥""시간 벌기·기만 전략""",World,이란 트럼프 속셈 벌다 기만 전략
유가 뛰자 中 13년만에 기름값 통제…주유소 ‘북새통’,World,유가 뛰다 기름값 통제 주유소 북새통
"말뿐인 유예‥공수부대 투입도 검토?‥""하르그섬 장악""",World,유예 공수부대 투입 검토 르그 장악
"""헤즈볼라 궤멸 때까지""…이스라엘군, 레바논 남부 장기 주둔하나",World,헤즈볼라 궤멸 이스라엘군 레바논 남부 장기 주둔
왜 5일?‥새로운 시한 뒤에 숨은 트럼프의 시나리오는?,World,새롭다 시한 숨다 트럼프 시나리오
"대만, 한국에 최후통첩성 메시지…'중국(대만)' 안 바꾸면 '남한' 표기",World,대만 한국 최후 통첩 메시지 중국 대만 바꾸다 남한 표기
타협이냐 확전이냐‥개전 후 미-이란 첫 대면협상 가능성 흘러나와,World,타협 전이 개전 밉다 이란 대면 협상 가능성 흘러나오다
"이스라엘, 레바논 남부 장기 점령하나…""위협 제거 때까지 통제""",World,이스라엘 레바논 남부 장기 점령 위협 제거 통제
트럼프 “15개안 거의 합의” 말하지만…실제론 ‘시계제로’,World,트럼프 개다 합의 실제 시계 제로
美 “갈리바프와 협상 유력”…’이란 차기 지도자’ 찍었나,World,갈리 바프 협상 유력 이란 차기 지도자 찍다
이스라엘 ‘다윗의 돌팔매’ 요격 실패…200명 부상,World,이스라엘 다윗 돌팔매 요격 실패 부상
이슬람 4개국 중재에 물러난 트럼프…이번주 파키스탄서 회담 추진,World,이슬람 개국 중재 물러나다 트럼프 파키스탄 회담 추진
유가 폭등에 中 전기차 '반사이익'…中 배터리 제조사 주가도 크게 올라,World,유가 폭등 전기차 반사 이익 배터리 조사 주가 크게
"[아는기자]트럼프 ‘5일 유예’, 군사작전 준비용?",World,알다 기자 트럼프 유예 군사작전 준비
콜롬비아 軍 수송기 추락… 최소 66명 사망,World,콜롬비아 수송기 추락 최소 사망
“개헌 반드시 실현” 못 박는 日 자민당… ‘자위대 명기’ 속도전,World,개헌 실현 박다 자민당 자위대 명기 도전
"""수상한 발표 시점과 거래""…선물 거래 급증에 폴리마켓 10배 수익 예측도",World,수상한 발표 시점 거래 선물 거래 급증 폴리 마켓 수익 예측
공격 보류 직후 이스라엘은 무참히 때렸다…이란도 반격,World,공격 보류 직후 이스라엘 무참 때리다 이란 반격
"""이란, 도저히 받을 수 없는 조건""…트럼프 연막작전?",World,이란 도저히 받다 조건 트럼프 연막 작전
"최후통첩 하루 반 만에…트럼프, 돌연 “공격 유예”",World,최후 통첩 하루 트럼프 돌연 공격 유예
이스라엘 전역 피격…헤즈볼라 겨냥 맞불 공습,World,이스라엘 전역 피격 헤즈볼라 겨냥 맞다 공습
미국과 '접촉설' 강력 부인…이란 종전 협상 누가 하나?,World,미국 접촉 강력 부인 이란 종전 협상
"트럼프, 해상풍력 발전 포기 기업에 1.5조원 지급···전기료 오르는데 “세금으로 발전 중단” 비판",World,트럼프 해상 풍력 발전 포기 기업 조원 지급 전기 세금 발전 중단 비판
"방아쇠 직전 트럼프 '돌발'…이란은 ""거짓말쟁이"" 싸늘",World,방아쇠 직전 트럼프 돌발 이란 거짓말쟁이 늘다
세계 최고 방공망의 굴욕…“가성비 따지다 요격 실패”,World,세계 최고 방공 굴욕 가성 따다 요격 실패
이번 주 미·이란 개전 뒤 첫 ‘대면 협상’ 가능성…타협·확전 갈림길,World,밉다 이란 개전 대면 협상 가능성 타협 확전 갈림길
"""종전 4월 9일"" ""15개 합의""… 트럼프의 오락가락, '타코'냐 기만이냐",World,종전 합의 트럼프 오락가락 타코 기만
“암살시도 복수 기회” 트럼프 부추긴 네타냐후 [美·이란 전쟁],World,암살 시도 복수 기회 트럼프 부추기다 네타냐후 이란 전쟁
"트럼프, 증시 개장 전 또 ‘타코’ 논란… “연막” “출구전략” 엇갈려 [美·이란 전쟁]",World,트럼프 증시 개장 타코 논란 연막 출구 전략 엇갈리다 이란 전쟁
“거의 합의” 트럼프… 중동엔 미군 증파,World,합의 트럼프 중동 미군 증파
"이란 외무, 조현 장관에 “호르무즈 해협, ‘침략자 측’ 배에는 닫혀”",World,이란 외무 조현 장관 호르무즈 해협 침략 닫히다
협상 땐 호르무즈·핵무기 포괄적 논의… 주장 엇갈려 난항 예상,World,협상 호르무즈 핵무기 포괄 논의 주장 엇갈리다 난항 예상
[뉴스특보] 타협이냐 확전이냐…이번주 '첫 대좌' 가능성,World,뉴스특보 타협 전이 대좌 가능성
"""미국, 전쟁 종료 '4월 9일' 목표""...파키스탄 대면 협상 가능성",World,미국 전쟁 종료 목표 파키스탄 대면 협상 가능성
트럼프 “헤그세스가 가장 먼저 공습 지지” 치하,World,트럼프 헤그세스 먼저 공습 지지 치하
사우디·UAE 강경대응 선회…美에 군사기지 개방·이란자산 동결,World,사우디 강경 대응 선회 군사기지 개방 이란 자산 동결
"대만, '남한 표기' 고수…'韓, 대만 수긍 방안 제시' 관측도(종합)",World,대만 남한 표기 고수 대만 수긍 방안 제시 관측 종합
"佛토탈에너지, 미국 해상풍력발전 프로젝트 2건 포기",World,토탈 에너지 미국 해상 풍력발전 프로젝트 포기
"이란전 25일차｜트럼프 “5일 더”…공수부대까지 투입하나, 오늘의 핵심 [전황브리핑]",World,이란 일차 트럼프 공수부대 투입 오늘 핵심 전황 브리핑
美 공수부대 하르그섬 투입 검토…이란 원유 심장 노린다,World,공수부대 르그 투입 검토 이란 원유 심장 노리다
"美·이란, 이번주 첫 대면협상… 美, 상륙군 집결 '무력시위' [美-이란 전쟁]",World,이란 대면 협상 상륙 집결 무력 시위 이란 전쟁
트럼프의 양면전술…'종전' 외치고 뒤에선 '파병' 늘려,World,트럼프 양면 전술 종전 외치 파병 늘리다
"중국 화물선, 이란 호르무즈 ‘안전 통로’ 첫 통과…상업 운항 재개 조짐",World,중국 화물선 이란 호르무즈 안전 통로 통과 상업 운항 재개 조짐
이번 주 미·이란 개전 뒤 첫 ‘대면 협상’ 가능성…타협·확전 갈림길,World,밉다 이란 개전 대면 협상 가능성 타협 확전 갈림길
"""이스라엘에 탄도미사일"" ""헤즈볼라 폭격""…맞불 공습",World,이스라엘 탄도미사일 헤즈볼라 폭격 맞다 공습
중동발 유가 폭등에 ‘반사이익’… 중국 전기차·배터리 업계 급부상,World,중동 유가 폭등 반사 이익 중국 전기차 배터리 업계 급부
"“스톱, 스톱!” 10번 외쳤지만…여객기-소방차 ‘쾅’",World,스톱 스톱 외치다 여객기 소방차
"사우디·UAE, 이란에 강경대응 시사… 전면전은 '부담'",World,사우디 이란 강경 대응 시사 면전 부담
"주말 협상설에도 미사일 공방...""이란 미사일 재고 급감""",World,주말 협상 미사일 이란 미사일 재고 급감
이민자 62만명 추방…美 고용시장 얼려버린 ICE,World,이민자 추방 고용 시장 얼리다 버리다
美·이란 파키스탄 중재로 만난다지만…이란 협상자 불분명 ‘합의 안갯속’,World,이란 파키스탄 중재 만나다 이란 협상 불분명 합의 안갯속
가스 웃고 석유 울고… 美 에너지 업체 이란전 희비,World,가스 웃다 석유 에너지 업체 이란 희비
"이스라엘, 제국주의적 영토 확장 나서나…극우 장관 “국경선 바꿔야”",World,이스라엘 제국주의 영토 확장 나서다 극우 장관 국경선 바꾸다
40년 전부터 이란 전략 구상해 온 트럼프…'위협하면 물러날 것' 맹신 [이상은의 워싱턴나우],World,이란 전략 상해 트럼프 위협 물러나다 맹신 이상은 워싱턴 나우
"트럼프 공격유예 50분 만에…네타냐후, 테헤란에 100발 쐈다[美-이란 전쟁]",World,트럼프 공격 유예 네타냐후 테헤란 쏘다 이란 전쟁
“현재 기업가치 평가 모두 틀려”...불신 커지는 사모대출,World,현재 기업 가치 평가 틀리다 불신 커지다 사모 대출
"""아놔, 이란 더는 못 참겠네""…뚜껑 열린 걸프국, 사우디는 참전까지 검토",World,놓다 이란 참다 뚜껑 열리다 걸프 사우디 참전 검토
中 겨냥 반도체전쟁 실탄 모으는 美…1조弗 동맹펀드 띄운다,World,겨냥 반도체 전쟁 실탄 모으다 동맹 펀드 띄우다
"입지 좁아지는 네타냐후 … 美비판 여론에도 ""국익 수호할 것""",World,입지 좁다 네타냐후 비판 여론 국익 수호
"EU 집행위원장 ""美·이란 즉각 협상 시작해야…호르무즈도 개방하라""",World,집행 위원장 이란 즉각 협상 시작 호르무즈 개방
이란戰으로 세계 경제 아우성인데…美 LNG 수출기업은 ‘전쟁 특수’,World,이란 세계 경제 아우성 수출 기업 전쟁 특수
"美·이란, 이번주 '첫 대면 협상' 가능성…확전·종전 기로(종합)",World,이란 대면 협상 가능성 확전 종전 종합
모두가 참전?…네타냐후 총리 “대이란 전쟁에 전 세계가 동참하자” [핫이슈],World,참전 네타냐후 총리 이란 전쟁 세계 동참 핫이슈
"유가 폭등에 전쟁 접나…트럼프, 이란과 '종전 딜' 카드 꺼냈다",World,유가 폭등 전쟁 트럼프 이란 종전 카드 꺼내다
이란 전쟁 중재 나선 파키스탄…이슬람 형제국이자 비나토 동맹국,World,이란 전쟁 중재 나선 파키스탄 이슬람 형제 이자 나토 동맹국
"미국, 이란 하르그섬에 공수부대 3000명 파병 검토중",World,미국 이란 르그 공수부대 파병 검토
"""이란에 '21조' 돈줄 열어줬다""…트럼프, 이란산 원유 제재 완화 파장",World,이란 돈줄 열다 주다 트럼프 이란 원유 제재 완화 파장
"중동 원유 필요 없을텐데…트럼프, 왜 호르무즈에 집착할까",World,중동 원유 필요 트럼프 호르무즈 집착
"[자막뉴스] 이스라엘, '가성비' 따지다가 이란 미사일 요격 실패",World,자막 뉴스 이스라엘 가성 따다 이란 미사일 요격 실패
"전쟁 저지, 윤석열의 합참의장은 되고 트럼프의 합참의장은 안 된 이유",World,전쟁 저지 윤석열 합참의장 트럼프 합참의장 이유
"“핵 중단” 미국-“피해 보상” 이란…팽팽한 조건, 협의 가능성은?",World,중단 미국 피해 보상 이란 팽팽 조건 협의 가능성
이란전쟁 중재 나선 파키스탄…이슬람 형제국이자 비나토 동맹국,World,이란 전쟁 중재 나선 파키스탄 이슬람 형제 이자 나토 동맹국
"중국, ‘유가 임시 조정’ 첫 실행…대만은 원전 재가동 적극 검토",World,중국 유가 임시 조정 실행 대만 원전 가동 적극 검토
"""탄약 무제한?"" 트럼프 호언장담에도…미군, 이란전 3주 만에 '병참 위기'",World,탄약 무제한 트럼프 호언 장담 미군 이란 병참 위기
"中선주 화물선, 이란 호르무즈해협 '안전통로'로 첫 통과",World,서다 화물선 이란 호르무즈 해협 안전 통로 통과
"이란 탄도미사일 아직 1000기 남은 듯…""전력은 여전""",World,이란 탄도미사일 남다 전력
"""이스라엘 공군기지 타격""…""이란 사상자 수십명""",World,이스라엘 공군기지 타격 이란 상자 수십
전쟁發 공급 차질에 알루미늄 확보 경쟁...車업계 ‘패닉 바잉’,World,전쟁 공급 차질 알루미늄 확보 경쟁 업계 패닉 바잉
이번 주 미·이란 개전 뒤 첫 ‘대면 협상’ 가능성…타협·확전 갈림길,World,밉다 이란 개전 대면 협상 가능성 타협 확전 갈림길
이란도 '간접 소통' 인정‥미국은 지상군 증파,World,이란 간접 소통 인정 미국 지상군 증파
"이스라엘, ‘공습유예’뒤 테헤란 공습…이란은 美기지 드론공격",World,이스라엘 공습 유예 테헤란 공습 이란 기지 드론 공격
‘종전’ ‘확전’ 분수령…美·이란 첫 대면협상 성사되나,World,종전 확전 분수령 이란 대면 협상 성사
"참전은 안 한다지만…유럽, 이란전쟁서 미군 막후 지원",World,참전 다지 유럽 이란 전쟁 미군 막후 지원
"CNN “트럼프, 종전 쉽지 않을 것”…이스라엘 매체 “미국 목표는 4월 9일”",World,트럼프 종전 쉬다 이스라엘 매체 미국 목표
"""'TACO' 트럼프, 종전 원해도 이란 전쟁 못 끝낼 수도""",World,트럼프 종전 원하다 이란 전쟁 끝내다 수도
[Who] 협상 막판 번복이 주특기? 이란 유일 ‘대외 소통 창구’ 압바스 아라그치 외무장관,World,협상 막판 번복 특기 이란 유일 대외 소통 창구 압바스 라그 외무 장관
"“좋은 대화 중”이라던 트럼프, 거짓말이었나…이란 공격 직전 멈춰 선 이유 [핫이슈]",World,좋다 대화 트럼프 거짓말 이란 공격 직전 멈추다 이유 핫이슈
"“암살 시도, 복수하셔야죠”…네타냐후, 공격 망설이던 트럼프 재촉",World,암살 시도 복수 네타냐후 공격 망설이다 트럼프 재촉
트럼프 “이란과 거의 대부분 합의 돼…잘 안 풀리면 또 신나게 폭격할 것” [현장영상],World,트럼프 이란 대부분 합의 돼다 자다 풀리다 신나다 폭격 현장 영상
"트럼프 '타코'에 울고웃는 시장, '또 바뀔라' 불안 속 유가 재반등",World,트럼프 타코 웃다 시장 바뀌다 불안 유가 반등
"이스라엘, 비용 줄이려 중거리 방공망 썼다가 요격실패로 낭패",World,이스라엘 비용 줄이다 중거리 방공 써다 요격 실패 낭패
트럼프 말에…국제 유가·증시 또 롤러코스터,World,트럼프 국제 유가 증시 롤러코스터
탄도미사일 재고는 줄었는데...'비대칭 전쟁' 카드 쥔 이란 [지금이뉴스],World,탄도미사일 재고 줄다 대칭 전쟁 카드 쥐다 이란 뉴스
"대만 ""韓, 중국(대만) 표기 안고치면 남한으로 바꿀 것"" 거듭 압박",World,대만 중국 대만 표기 남한 바꾸다 거듭 압박
"""트럼프 '타코' 이란 전쟁에선 불가능""",World,트럼프 타코 이란 전쟁 불가능
트럼프 이란 발표에 증시 롤러코스터…전쟁마저 시장관리용 도구?,World,트럼프 이란 발표 증시 롤러코스터 전쟁 장관 리용 도구
"유럽, 겉으론 이란전쟁 말려도… 막후에서는 美에 결정적 협조",World,유럽 이란 전쟁 말리다 막후 결정 협조
"트럼프 변덕 시험대…""이란 전쟁에선 '타코' 못할 것""",World,트럼프 변덕 시험대 이란 전쟁 타코
안개 속 비밀 회담...중동 운명 가를 닷새,World,안개 비밀 회담 중동 운명 가르다 닷새
사우디·UAE 결국 움직인다…이란전 참전 임박 중동 확전 위기,World,사우디 움직이다 이란 참전 임박 중동 확전 위기
[자막뉴스] '데드라인' 직전 이란에 발 디디는 미군...중동 초토화 예고,World,자막 뉴스 데드라인 직전 이란 디디다 미군 중동 초토화 예고
"트럼프 유턴시킨 중동, 협상 전망은 회의적…""이란 대표는 누구?""",World,트럼프 유턴 중동 협상 전망 회의 이란 대표
"""중국 화물선, 이란 설정 호르무즈 '안전통로' 통과""",World,중국 화물선 이란 설정 호르무즈 안전 통로 통과
[뉴스특보] '최후통첩' 미룬 트럼프…이번 주 첫 대좌 가능성,World,뉴스특보 최후 통첩 미루다 트럼프 대좌 가능성
[포착] 광섬유 드론에 공중서 ‘쾅’…러 최강 공격 헬기 Ka-52의 최후 (영상),World,포착 광섬유 드론 공중 최강 공격 헬기 최후 영상
"""핵포기 해""vs""배상금 줘"" 트럼프·이란 6대6 협상조건…핵심은",World,포기 배상금 주다 트럼프 이란 대다 협상 조건 핵심
"시험대 오른 트럼프 변덕…""이란 전쟁에선 '타코' 못할 것""",World,시험대 오른 트럼프 변덕 이란 전쟁 타코
"""5일 멈추자"" 아랍 중재안 수용한 트럼프…미·이란 타결까진 험로(종합)",World,멈추다 아랍 중재 수용 트럼프 밉다 이란 타결 험로 종합
미·이란 협상 기대 와중에도 중동 난타전 계속,World,밉다 이란 협상 기대 와중 중동 난타 계속
전쟁 4주차 이란 탄도미사일 재고는…2천500기→1천기 줄어든 듯,World,전쟁 주차 이란 탄도미사일 재고 천기 줄어들다
"유럽, 겉으론 말려도…군사기지마다 미 폭격기·항모 사용 허가",World,유럽 말리다 군사기지 밉다 폭격기 항모 사용 허가
[자막뉴스] 씨알도 안 먹히는 트럼프 '빅딜'...날뛰는 이스라엘과 이란,World,자막 뉴스 알도 먹히다 트럼프 빅딜 날뛰다 이스라엘 이란
"유럽, 군사기지마다 미국 폭격기·항모 허가…“트럼프 불평과 달라”",World,유럽 군사기지 미국 폭격기 항모 허가 트럼프 불평 달라
"트럼프 불만에도 유럽 동맹국, 美 대이란 작전 핵심 역할",World,트럼프 불만 유럽 동맹국 이란 작전 핵심 역할
"이란 보며 오싹해진 김정은 ""美 군사력에 당할 나라가 없다"" [Y녹취록]",World,이란 오싹하다 김정은 군사력 당하다 나라 녹취록
인도 LPG운반선 2척 호르무즈 해협 통과…이란 선별적 통과 허용,World,인도 운반 호르무즈 해협 통과 이란 통과 허용
"주말 협상설에도 이어진 미사일 공방...""레바논 남부 합병해야""",World,주말 협상 이어진 미사일 레바논 남부 합병
"갈리바프 이란 의장, 트럼프의 선택? ""베네수 모델"" vs ""오판""",World,갈리 바프 이란 의장 트럼프 선택 베다 모델
‘군사 작전’ 증시 끝난 주말에 발표하는 트럼프,World,군사 작전 증시 끝나다 주말 발표 트럼프
"트럼프가 이란 ‘차기 지도자’로 낙점?···혁명수비대 출신 강경파 갈리바프, 대화 나설까",World,트럼프 이란 차기 지도자 낙점 혁명 수비대 출신 강경 갈리 바프 대화 나서다
"""참을 만큼 참았다""…걸프 국가들, 대이란 공세 가세 움직임",World,차다 참다 걸프 국가 이란 공세 가세 움직임
파키스탄 대면 협상 가능성...이란 '안전통로'로 해협 통제,World,파키스탄 대면 협상 가능성 이란 안전 통로 해협 통제
“이란 전쟁으로 코카서스서 미 영향력 확대···러·이란 영향력 축소”,World,이란 전쟁 코카서스 밉다 영향력 확대 이란 영향력 축소
"EU, 트럼프 '러우전쟁' 보복 우려에…이란전 개입 수준 고심",World,트럼프 러우 전쟁 보복 우려 이란 개입 수준 고심
"미군기지 없는 파키스탄, 美·이란 중재 “이슬라마바드서 종전협상을”",World,미군기지 파키스탄 이란 중재 이슬라마바드 종전 협상
"유럽, 겉으론 말려도…군사기지마다 美 폭격기·항모 사용허가",World,유럽 말리다 군사기지 폭격기 항모 사용 허가
"조현, 아라그치에 호르무즈 항행보장 촉구…이란 반체제매체도 “韓 깊은 우려” 주목",World,조현 라그 호르무즈 항행 보장 촉구 이란 반체제 매체 깊다 우려 주목
"日상선미쓰이, 호르무즈 통과 보도에 ""사실 아냐""",World,선미 쓰이다 호르무즈 통과 보도 알다
"인도 영화도, 이태리 와인도…세계 경제 때린 이란 전쟁",World,인도 영화 이태리 와인 세계 경제 때리다 이란 전쟁
이란 지도부 줄줄이 '참수' 됐는데…美 협상한 이란 지도부 누구,World,이란 도부 줄줄이 참수 돼다 협상 이란 도부
"잘 나가던 금, 왜 떨어지나…달러·금리에 밀려 조정",World,자다 나가다 떨어지다 달러 금리 밀리다 조정
트럼프 ‘수상한’ 중대발표 이은 ‘수상한 거래’… “가족·측근 ‘중동전’서 수익” 소문도,World,트럼프 수상한 중대 발표 수상한 거래 가족 측근 중동전 서다 수익 소문
"LNG 없는 나라 서러워 살겠나…한국, 울며 겨자 먹기로 멀고 비싼 미국산 결제",World,나라 서럽다 살다 한국 울다 겨자 먹기 멀다 비싸다 미국 결제
전쟁 중인데 폭락…“금 투자 조심하세요” 경고한 중국,World,전쟁 폭락 투자 조심하다 경고 중국
[월드 이슈] “어제의 트럼프와 싸우는 오늘의 트럼프”…‘오락가락’ 이유는?,World,월드 이슈 어제 트럼프 싸우다 오늘 트럼프 오락가락 이유
"중국서도 AI 시대 '토큰 경제' 폭발 성장…""2년 만에 1천 배 증가""",World,중국 서도 시대 토큰 경제 폭발 성장 증가
“4일간 6000명 사상”…푸틴의 ‘고기 분쇄’ 전술이 가져온 처참한 성과 [핫이슈],World,일간 사상 푸틴 고기 분쇄 전술 가져오다 처참하다 성과 핫이슈
"‘협상 중’ 발표에도 충돌 여전…파키스탄, 중재역 자처",World,협상 발표 충돌 파키스탄 중재 자처
"사우디·UAE 강경 선회…이란전쟁, 걸프국 참전 분수령",World,사우디 강경 선회 이란 전쟁 걸프 참전 분수령
[영상] '가성비' 따지다가 뚫린 방공망…이란 탄도미사일 요격 실패,World,영상 가성 따다 뚫리다 방공 이란 탄도미사일 요격 실패
"미국, 이란 폭격 보류 “양측 모두 합의 원해”…이란 “합의 없어”",World,미국 이란 폭격 보류 합의 원하다 이란 합의
"트럼프의 '수상한 타이밍'…전쟁 발표, 증시 맞춰 움직이나",World,트럼프 수상한 타이밍 전쟁 발표 증시 맞추다 움직
"이스라엘 “런던, 파리에 이란 미사일 떨어질 수 있어”…英 장관 반발",World,이스라엘 런던 파리 이란 미사일 떨어지다 장관 반발
"이란 턱밑에 ""美 공수부대 3천명 추가 검토""… 트럼프 공습유예, 기만전술인가",World,이란 턱밑 공수부대 천명 추가 검토 트럼프 공습 유예 전술
[줌인] 서열 1·2위 모두 사라진 이란… 美 트럼프와 협상한 막후 실세는,World,서열 사라지다 이란 트럼프 협상 막후 실세
"""러-우 전쟁은 약과"" 역대급 에너지 재앙, 셰브론 CEO의 뼈아픈 경고",World,전쟁 약과 역대 에너지 재앙 셰브론 아프다 경고
"北 “평양 오지마” 반박 담화에도…日 “다카이치, 김정은 마주할 각오”",World,평양 오다 반박 담화 다카 이치 김정은 마주 각오
"中 전문가들 “미군의 섬 상륙, 피해 커…이란 반길 것”",World,전문가 미군 상륙 피해 크다 이란 반기다
"""중동 전쟁에 아프리카 우회 선박 급증…연료공급 회사 호황""",World,중동 전쟁 아프리카 우회 선박 급증 연료 공급 회사 호황
TSMC 핵심 인재 유출 '비상'...테슬라 '테라팹' 발표 파장 [지금이뉴스],World,핵심 인재 유출 비상 테슬라 테라 발표 파장 뉴스
"대만도 반도체 인재 경쟁…""테슬라 '10년 이상' 엔지니어 모집""",World,대만 반도체 인재 경쟁 테슬라 엔지니어 모집
"트럼프 “공격 유예” 발표 15분 전…8700억원, 수상한 원유 거래",World,트럼프 공격 유예 발표 억원 수상한 원유 거래
전쟁 아무리 끝내고 싶어도...접선조차 어려운 이란 '초유의 사태' [이슈톺],World,전쟁 끝내다 싶다 접선 어렵다 이란 초유 사태 이슈 톺다
"""공격 유예"" 뒤에도…탄도미사일·폭격 곳곳 '포성'",World,공격 유예 탄도미사일 폭격 곳곳 포성
"트럼프, 이란 부인 속 돌연 “5일 협상”…종전 서막인가, 일격 앞둔 연막인가",World,트럼프 이란 부인 돌연 협상 종전 서막 일격 앞두다 연막
"""트럼프와 비밀협상? 가짜 뉴스""…이란 실세 갈리바프 '전면 부인'",World,트럼프 비밀 협상 가짜 뉴스 이란 실세 갈리 바프 전면 부인
"“호르무즈 봉쇄 규탄받아야” 유럽연합 수장, 이란-미국에 종전 협상 촉구",World,호르무즈 봉쇄 규탄 받다 유럽연합 수장 이란 미국 종전 협상 촉구
“4월 ×일 전쟁 끝난다” 구체적 날짜 공개…이스라엘만 ‘나락’ 갈까 [핫이슈],World,전쟁 끝나다 구체 날짜 공개 이스라엘 나락 갈다 핫이슈
"“유가 100달러 넘자 급선회”…트럼프, 이란과 첫 대면 협상 승부수",World,유가 달러 넘다 선회 트럼프 이란 대면 협상 승부
"기뢰 깔린 호르무즈, 낙하산 타고 하르그섬 점령? NYT ""미국, 이란에 82공수사단 투입 검토""",World,기뢰 깔리다 호르무즈 낙하산 타고 르그 점령 미국 이란 공수 사단 투입 검토
"IEA “중동 전쟁發 에너지 위기, 오일쇼크와 우크라전 합친 여파 능가할 것”",World,중동 전쟁 에너지 위기 오일쇼크 크다 합치다 여파 능가
"주 35시간 근무제 반대한 마크롱, ‘설계자’ 조스팽 기려",World,무제 반대 마크 설계자 조스 기다
"주말 협상설에도 이어진 미사일 공방...""레바논 남부 합병해야""",World,주말 협상 이어진 미사일 레바논 남부 합병
“이란戰 조기종식 잘못된 기대 말아야”…영국 총리 지적,World,이란 조기 종식 기대 말다 영국 총리 지적
"협상 물꼬 트려는 미국·이란, 간극 좁힐까···유예 끝나는 날, 미 해병대 중동 도착",World,협상 물꼬 트려 미국 이란 간극 좁히다 유예 끝나다 밉다 해병대 중동 도착
"""이번 주 파키스탄 이슬라마바드 첫 협상 가능성""",World,파키스탄 이슬라마바드 협상 가능성
"中서도 AI시대 '토큰경제' 폭발 성장…""2년 만에 1천배 증가""",World,서도 시대 토큰 경제 폭발 성장 천배 증가
다카이치 “이란서 억류 日 국민 귀국…5400억엔 비축유 방출도 시작” [美-이란 전쟁],World,다카 이치 이란 억류 국민 귀국 비축 방출 시작 이란 전쟁
"""전쟁에 가격 2배 뛰어도 사야"" 삼전닉스에 불똥?…中 매체 분석",World,전쟁 가격 뛰다 사다 닉스 불똥 매체 분석
미국·이란 중재 나선 파키스탄···회담 장소로 이슬라마바드 거론,World,미국 이란 중재 나선 파키스탄 회담 장소 이슬라마바드 거론
"미-이란 중재자로 떠오른 파키스탄…""이번 주 대면 협상 가능성""",World,밉다 이란 중재 떠오르다 파키스탄 대면 협상 가능성
트럼프 향해 “오늘 밤 특별한 계획”…직후 이스라엘에 미사일 날린 이란 [핫이슈],World,트럼프 오늘 특별하다 계획 직후 이스라엘 미사일 날리다 이란 핫이슈
"‘협상 중’ 발표에도 충돌 여전…파키스탄, 중재역 자처",World,협상 발표 충돌 파키스탄 중재 자처
"""불 꺼진 美최대 항모"" 제럴드 포드함, 이란 전선 이탈…중동 항모 1척만 남아",World,꺼지다 최대 항모 제럴드 포드 이란 전선 이탈 중동 항모 남아
사우디·UAE 강경 대응 선회…미국에 군사기지 개방·이란 자산 동결,World,사우디 강경 대응 선회 미국 군사기지 개방 이란 자산 동결
"""돈 아끼려다 뚫렸다""…빗나간 이스라엘 '다윗의 돌팔매'에 200명 피 흘려",World,아끼다 뚫리다 빗나가다 이스라엘 다윗 돌팔매 흘리다
"사우디·UAE, 점차 강경대응…美에 군사기지 개방·이란자산 동결",World,사우디 점차 강경 대응 군사기지 개방 이란 자산 동결
트럼프 ‘5일 휴전’ 이란 전쟁 끝낼까…파키스탄이 중재,World,트럼프 휴전 이란 전쟁 끝내다 파키스탄 중재
지상군 투입 준비는 '착착'...공격 유예는 연막작전?,World,지상군 투입 준비 착착 공격 유예 연막 작전
韓 천궁 라이벌이라더니…이란 미사일에 뚫린 이스라엘의 중거리 방패 [밀리터리+],World,천궁 라이벌 더니 이란 미사일 뚫리다 이스라엘 중거리 방패 밀리터리
"다카이치 오토펜 폭소·만찬 춤에...일본 SNS선 ""국가의 수치""",World,다카 이치 오토 폭소 만찬 일본 국가 수치
"""걸프국, 참전 검토…이란 호르무즈 장기 통제 우려 고조""",World,걸프 참전 검토 이란 호르무즈 장기 통제 우려 고조
"트럼프, 주말엔 ‘폭탄’ 주초엔 ‘사탕’…증시 추세 보며 전쟁하나?",World,트럼프 주말 폭탄 주초 사탕 증시 추세 전쟁
"석유회사 CEO들, 전쟁발 '장기 충격' 경고",World,석유 회사 들다 전쟁 장기 충격 경고
타협이냐 확전이냐…이번 주 미·이란 '개전 후 첫 대좌' 가능성,World,타협 전이 밉다 이란 개전 대좌 가능성
"이란 협상 주도 트럼프 사위…""투자 회사 자산 30% 급증""",World,이란 협상 주도 트럼프 사위 투자 회사 자산 급증
"中화물선, 유조선 잇따라 호르무즈 통과",World,화물선 유조선 잇따르다 호르무즈 통과
"트럼프의 ‘공격 유예’ 타이밍, 소름 돋는 이유…이란은 “가짜뉴스” 반박 [핫이슈]",World,트럼프 공격 유예 타이밍 소름 돋다 이유 이란 가짜 뉴스 반박 핫이슈
[뉴스특보] 트럼프 '이란 공격유예' 메시지에…널뛰는 금융시장,World,뉴스특보 트럼프 이란 공격 유예 메시지 뛰다 금융시장
"네타냐후 ""핵심이익 수호""…이스라엘, 공습 지속",World,네타냐후 핵심 이익 수호 이스라엘 공습 지속
"백악관 ""美·이란 파키스탄 회담 보도는 '추측성'…확정된 것 없다""",World,백악관 이란 파키스탄 회담 보도 추측 확정
극적 타협하나…이번주 미·이란 첫 대면 협상 가능성,World,극적 타협 밉다 이란 대면 협상 가능성
미-이란 고위급 만난다…이번주 '첫 대좌' 가능성,World,밉다 이란 고위 만나다 대좌 가능성
세 가지 동상이몽...트럼프의 '중동 빅딜' 통할까,World,가지 동상 이몽 트럼프 중동 빅딜
미·이란 '개전 후 첫 대좌' 가능성…사태 분수령,World,밉다 이란 개전 대좌 가능성 사태 분수령
"美·이란, 파키스탄 대면 협상 가능성…조기 종전 회의론도",World,이란 파키스탄 대면 협상 가능성 조기 종전 회의론
트럼프의 '공격 연기'에도 공습경보 이어진 중동,World,트럼프 공격 연기 공습경보 이어진 중동
"“암살 시도 복수해야지” 네타냐후, 트럼프에 '이란 전쟁' 부추겼나",World,암살 시도 복수 네타냐후 트럼프 이란 전쟁 부추기다
"""공격 유예"" 선언에도‥이스라엘은 테헤란 공습",World,공격 유예 선언 이스라엘 테헤란 공습
"‘협상 중’ 발표에도 충돌 여전…파키스탄, 중재역 자처",World,협상 발표 충돌 파키스탄 중재 자처
이란도 '간접 소통' 인정‥美 지상군 8천 명까지?,World,이란 간접 소통 인정 지상군
"미국, 이란 폭격 보류 “양측 모두 합의 원해”…이란 “합의 없어”",World,미국 이란 폭격 보류 합의 원하다 이란 합의
"“해병대가 뚫고 공수부대가 굳히기”…美, 원유 기지 하르그섬 장악 작전 가능성",World,해병대 뚫다 공수부대 굳히다 원유 기지 르그 장악 작전 가능성
"“미, 신속대응군 3000명 하르그섬 장악 투입 검토”",World,밉다 대응 르그 장악 투입 검토
이란 핵포기→호르무즈 공동관리 ‘출구’ 제시한 트럼프… 군사옵션 쥔 채 이란 압박,World,이란 포기 호르무즈 공동관리 출구 제시 트럼프 군사 옵션 쥐다 이란 압박
미-이란 ‘쿠슈너 - 갈리바프’ 채널 가동설… 물밑협상 종전 모색,World,밉다 이란 쿠슈너 갈리 바프 채널 가동 물밑 협상 종전 모색
"“너무 알뜰했다” 이스라엘, ‘가성비’ 따지다 참혹한 피해…200명 부상",World,알뜰하다 이스라엘 가성 따다 참혹하다 피해 부상
타협이냐 확전이냐…이번주 미·이란 '개전 후 첫 대좌' 가능성,World,타협 전이 밉다 이란 개전 대좌 가능성
이란 전쟁 장기화 우려…에너지 CEO들 “공급망 충격·성장 둔화” 경고,World,이란 전쟁 장기 우려 에너지 들다 공급망 충격 성장 둔화 경고
"“중국 화물선, 23일 이란 관할 호르무즈 ‘안전통로’ 첫 통과”",World,중국 화물선 이란 관할 호르무즈 안전 통로 통과
"이란 미사일 요격, 가성비 따지던 이스라엘…""22억원 아끼려다 아이언돔 뚫렸다""",World,이란 미사일 요격 가성 따다 이스라엘 억원 아끼다 아이언돔 뚫리다
"9·11 소송 이끈 92세 '거물' 판사, 마두로 재판 맡아…""건강이 변수""",World,소송 이끌다 거물 판사 재판 맡다 건강 변수
"""필요한 약 있으세요""…24시간 '풀타임' 근무하는 中 '약국 로봇' [차이나 워치]",World,필요하다 풀타임 근무 약국 로봇 차이나 워치
"""이란, 호르무즈 봉쇄 후 선박 통행 95% 감소…통과 원유 대부분 중국행""",World,이란 호르무즈 봉쇄 선박 통행 감소 통과 원유 대부분 중국
"당근 줬다, 채찍 때리기…트럼프의 호르무즈 '변덕 전략'[타임라인]",World,당근 주다 채찍 때리다 트럼프 호르무즈 변덕 전략 타임 라인
"""中화물선, 23일 이란 관할 호르무즈 '안전통로' 첫 통과""",World,화물선 이란 관할 호르무즈 안전 통로 통과
"사우디 참전 검토·UAE, 이란 자산동결",World,사우디 참전 검토 이란 자산 동결
"‘돌연 협상’ 트럼프, 종전 의지인가 지상군 시간벌기인가",World,돌연 협상 트럼프 종전 의지 지상군 벌다
사우디·UAE 강경대응 선회…美에 군사기지 개방·이란자산 동결,World,사우디 강경 대응 선회 군사기지 개방 이란 자산 동결
"전쟁 끝내려는 트럼프, 계속 때리는 이스라엘…이란전 '동상이몽'",World,전쟁 끝내다 트럼프 계속 때리다 이스라엘 이란 동상 이몽
트럼프 협상 발언 15분 전 대량 거래...유가 급락 앞두고 수상한 베팅,World,트럼프 협상 발언 대량 거래 유가 급락 앞두다 수상한 베팅
"트럼프 중대발표 타이밍, ‘공식’ 있었네…‘마감 후·개장 전’ 발표 패턴 반복",World,트럼프 중대 발표 타이밍 공식 마감 개장 발표 패턴 반복
"美 ‘이란 차기 지도자’ 찍었나…갈리바프, 협상 파트너 부상",World,이란 차기 지도자 찍다 갈리 바프 협상 파트너 부상
"최후통첩→""보류"" 트럼프, 개장전·마감후 기막힌 '타코' 타이밍",World,최후 통첩 보류 트럼프 개장 마감 기막히다 타코 타이밍
"""美, 이란 전쟁 종식 목표일 4월 9일 제시""…이란은 협상설 부인",World,이란 전쟁 종식 목표 제시 이란 협상 부인
"[오늘 트럼프는] ""이란과 대화…5일 간 공격 유예""",World,오늘 트럼프 이란 대화 공격 유예
"석유회사 CEO들, 전쟁발 '장기 충격' 경고",World,석유 회사 들다 전쟁 장기 충격 경고
"“폭격 직전 전화 왔다?”…트럼프 깜짝 주장, 이란은 ‘가짜 뉴스’ 맞불 [밀리터리+]",World,폭격 직전 전화 오다 트럼프 깜짝 주장 이란 가짜 뉴스 맞다 밀리터리
“미국-이란 싸우는 동안 혼자 웃었다”…중동 전쟁 진짜 승자는 ‘美 LNG업체’,World,미국 이란 싸우다 웃다 중동 전쟁 진짜 승자 업체
"트럼프, 또 'TACO'?…'이란 에너지 초토화' 최후통첩 직전 급선회 속내는",World,트럼프 이란 에너지 초토화 최후 통첩 직전 선회
"""美 해병대원 태운 USS트리폴리함, 인도양에""…WSJ ""협상 시한 맞춰 중동 도착""",World,해병대 태운 트리폴리 인도양 협상 시한 맞추다 중동 도착
도쿄 도심 집값 37개월 만에 하락… 전용 70㎡ 18억원,World,도쿄 도심 집값 개월 하락 전용 억원
"[자막뉴스] 결국 테이블 올린 '최악의 시나리오'…""절대 안 돼"" 절규에도 ""카드 없다""",World,자막 뉴스 테이블 올리다 최악 시나리오 절대 돼다 절규 카드
"""친구야, 지금이 복수할 기회야""...네타냐후가 건넨 '악마의 제안'",World,친구 복수 기회 네타냐후 건네다 악마 제안
"[자막뉴스] 'AI 슈퍼 사이클' 급제동 걸렸다…""전쟁 당장 끝나도 회복 어려워""",World,자막 뉴스 슈퍼 사이클 제동 걸리다 전쟁 끝나다 회복 어렵다
"공습 멈춘 5일, 물밑 '종전 빅딜' 진행되나?...이란 숨은 실세 급부상한 갈리바프",World,공습 멈추다 물밑 종전 빅딜 진행 이란 숨다 실세 급부 갈리 바프
[이란전쟁 한달]종전해도 '고유가 후폭풍' 덮친다…스태그플레이션 경고,World,이란 전쟁 종전 고유 폭풍 덮다 치다 스태그플레이션 경고
"[영상] 트럼프, 최후통첩 12시간 전 불쑥 '협상'…이란 ""가짜뉴스""",World,영상 트럼프 최후 통첩 불쑥 협상 이란 가짜 뉴스
"트럼프, 승리 선언하고 퇴각? 매티스 전 장관 ""이란, 통행세 뜯어낼 것""",World,트럼프 승리 선언 퇴각 티스 장관 이란 행세 뜯다
"네타냐후, 트럼프와 통화…“이스라엘 핵심 이익 수호”",World,네타냐후 트럼프 통화 이스라엘 핵심 이익 수호
"UAE 국영석유기업 CEO, 이란 호르무즈해협 위협은 '경제적 테러'",World,국영 석유 기업 이란 호르무즈 해협 위협 경제 테러
"美에너지장관 ""유가 상승, 크지 않아"" vs 업계 ""공급 빠듯""",World,에너지 장관 유가 상승 크다 업계 공급 빠듯
"바레인, 호르무즈 '무력사용 허용' 안보리 결의 추진…이란 압박",World,바레인 호르무즈 무력 사용 허용 안보리 결의 추진 이란 압박
"“이란에 선물 받았다”더니…트럼프, 최정예 공수부대 중동 투입 준비",World,이란 선물 받다 더니 트럼프 정예 공수부대 중동 투입 준비
"이란, 호르무즈 완전 통제권 요구…트럼프 주장 정면 반박",World,이란 호르무즈 통제 요구 트럼프 주장 정면 반박
18시간內 어디든 가는 美공수부대… “이란 하르그섬 장악에 투입 검토”,World,가다 공수부대 이란 르그 장악 투입 검토
'왜 매번 이때?' 트럼프 수상한 발표…증시 개장·마감 맞췄나,World,트럼프 수상한 발표 증시 개장 마감 맞추다
"""종전·확전·지연"" 세갈래로 나뉜 이란戰…기로에 선 트럼프[이란전쟁 한달]",World,종전 확전 지연 갈래 나뉘다 이란 트럼프 이란 전쟁
전쟁에 돈을 거는 사람들: 현실판 오징어게임 '워 카지노' 논란,World,전쟁 현실 오징어 게임 카지노 논란
"“美 국방부, 이란에 공수부대 3000명 파병 검토 중” [美-이란 전쟁]",World,국방부 이란 공수부대 파병 검토 이란 전쟁
"해병대 이어 공수부대까지?…트럼프, 이란 하르그섬 장악하려는 이유 [핫이슈]",World,해병대 공수부대 트럼프 이란 르그 장악 이유 핫이슈
"""트럼프, 수상한 시점에 중대 발표""…포착된 패턴",World,트럼프 수상한 시점 중대 발표 포착 패턴
