title,category
"유엔 인권이사회, 북한인권결의안 채택…24년 연속",Politics
"정부, 독도 조사·접근성 강화...5년간 4,339억 투입",Politics
"이혁재, '한동훈 만세' 외친 청년에 ""내가 젊었으면 폰 던졌다""",Politics
민주 경기지사 후보들 첫 토론‥정책·공약 설전,Politics
"김재섭 ""정원오, 구청장 시절 여직원과 칸쿤 출장...의결서엔 남성 기록""",Politics
"李대통령 ""종량제 봉투 재고 충분…지엽적 문제 과장돼""",Politics
김부겸 대구시장 적합도 49.5% ‘1위’…국힘 후보 지지율 합계보다 높다,Politics
이 대통령 “한·인니 전투기 공동개발 세계적 모범…방산협력 확장”,Politics
"김부겸 전 총리 ""대구가 가슴속에 가진 잠재력 이번에 저하고 한번 폭발시킵시다""",Politics
"진성준 ""부동산 보유세 인상, 7월 세제개편 포함 가능성 상당""",Politics
"김용, 박상용 검사 녹취록에 격분... ""빙산의 일각, 조작 수사의 스모킹건 드러났다""",Politics
"[영상]“원샷이에요?” 한라봉 주스 들이킨 李대통령, ‘하GPT’등 참모들에게 초콜릿 선물 쐈다",Politics
부산 북구갑 가상대결 조국 29.1% vs 한동훈 21.6%…출마 여부 변수로,Politics
"김재섭 ""정원오, 출장女직원 男으로 둔갑""…鄭 ""구청 측 실수""",Politics
"조정훈 ""강제 회비·공천 개입 없었다""…공천헌금 의혹 반박",Politics
"한동훈 ""욕을.. 너무 화내지 말라""·조국 ""세상이 자기 중심으로 돌아가는 줄 아나""",Politics
"이 대통령, 중동발 에너지 위기에 ""긴급할 경우 긴급재정명령 가능""",Politics
"[르포]""사람보고 찍어야지 안그래예"" VS 미워도 다시 한 번…흔들리는 부산",Politics
[뉴스포커스] 김부겸 출마 선언…보수 텃밭 ‘대구 선거판’ 요동,Politics
"이 대통령, '종량제 봉투 대란'에 ""헛소문 퍼뜨린 사람 찾으라"" 경찰에 지시",Politics
"김용태 ""제주 ⅓은 후보도 못 내, 국힘 후보 다 흰색…장동혁, 그런데도 이혁재를?""",Politics
“또 ‘오세훈 했다’ 비판 듣고 싶나”…吳 집중 견제하는 與 후보들,Politics
"김재섭 “정원오, 女직원과 칸쿤 출장가고 성별 바꿔” vs정원오 “정상 공무, 무도한 네거티브”",Politics
"김재섭 “정원오, 女직원과 출장후 서류엔 ‘남성’” 鄭 “단순실수…정상공무”",Politics
"이재명 대통령 ""종량제봉투 재고 충분…원유 北 유입 등 헛소문 낸 이들 찾아내야""",Politics
"장동혁 ""전재수·김병기에 장경태까지 與는 '슬로우'…사법 잣대 고장나""",Politics
정원오 측 “여직원 성별 오기는 단순 실수…출장 11명이 같이 갔다”,Politics
"국힘 예비후보, 대놓고 '윤어게인'...""고성국 앞에서 충성 검증하나""",Politics
"이 대통령 ""쓰레기봉투 사재기 할 이유 없어…원유 90만 배럴 북한 갔다는 헛소문 신속 수사""",Politics
"김재섭 “정원오, 여성과 단둘이 해외 출장 뒤 서류엔 ‘남성’으로 기록”",Politics
'전쟁 추경' 국회 심사 곧 시작...대북송금 녹취 폭로전 가열,Politics
"김재섭 ""정원오 女직원과 칸쿤 출장, 서류엔 男""…鄭측 ""무도한 네거티브""",Politics
"임이자 ""이혁재 '주홍글씨'에 너무 야박.. 입시비리 확정 받아도 사면돼 당대표 하는데""",Politics
"“15년만 젊었어도 휴대폰 던졌다”…이혁재, ‘한동훈 만세’ 외친 청년 비난 논란",Politics
"조국 ""Fu○○…"" 노래에 한동훈 ""그런 욕은 트럼프도 안한다""",Politics
"李대통령 ""쓰레기봉투 가격 안 올라…사재기 이유 無""",Politics
"박상용 ""이화영 측 종범 주장에 진술 요구한 것…회유 아니다""",Politics
"국힘 ""정부 부동산 정책, 단순 실패 넘어…청년·신혼부부 삶 파괴""",Politics
"“나를 향해 욕” “자기애 강한 듯”…한동훈-조국, 격해지는 말싸움",Politics
"국힘 ""선거 뒤로 미룬 증세폭탄 국민이 심판할 거""",Politics
"국정조사 특위, 대장동 일당 증인 채택 전망…한동훈 연일 “날 불러달라”",Politics
‘북한 무인기 침투’ 도운 국정원 직원 1명·군인 2명 검찰 송치,Politics
[속보] 李대통령 “헌법상 긴급재정명령 활용할수도…국민 유류소비 줄여달라”,Politics
"F-51D 몰고 6번째 출격, 적 벙커 파괴하다 대공포 맞고 산화한 김현일 공군 대위 4월의 6·25전쟁영웅 선정",Politics
이 대통령 'ABC론' 반박? 발언 원문은 '비정상 정치' 직격,Politics
"대구시장 여론조사, 김부겸 49.5% 1위... 추경호 15.9%",Politics
"""중국판 신분제 만들려 하나""…국힘 ""주택 세금 시한폭탄 빨라진다"" 경고",Politics
"김동연, 4년간 月400만원 ‘남몰래 기부’ 깜짝공개된 사연…“생색내고 싶지 않았다”",Politics
"이념보단 이해관계…'캐스팅보터' 중도층, 여전한 변수",Politics
"이진숙 ‘김부겸, 국힘 후보들 압도 조사’ 공유…“평생 경험치 못한 일”",Politics
"[단독]'대구시장 컷오프' 주호영, 오후 장동혁 면담…컷오프 결정 취소 요구",Politics
"대구시장 잡음 속 김부겸 등판…국힘, 이젠 ‘영남당’도 위태[이런정치]",Politics
국민의힘 “대구 시민이 표 찍는 기계? 김부겸 막말”,Politics
"""정원오, 서울시 책임 묻는 건 무책임""…전현희, 성폭력 논란 '성동문화원장' 재임용 직격",Politics
"정춘생 ""'고문기술자' 이근안, 훈·포장 16개...달랑 1개만 취소, 평생 떵떵, 굉장히 충격""[여의도초대석]",Politics
확 바뀐 청와대 홈피... 대통령과 함께 찍은 사진 '화제',Politics
"권영진 “옆집 아줌마 이정현이 혼내면, 대구 자존심 상해”",Politics
"[직격인터뷰] 민형배 ""노무현·문재인·이재명식 정공법으로 네거티브 돌파""",Politics
"권영진 “이정현 공관위, 대구시민 무시…국힘 바보짓이 김부겸 불러내”",Politics
“女군 ‘발차기’에 男군 ‘으악’” 김정은 박수…“딸 주애 위해서” 분석,Politics
전용기 “짜깁기라고? 전체 공개 감당하겠는가”…쌍방울 형량 거래 의혹 ‘일파만파’,Politics
"與허소 ""김부겸 박빙열세→박빙…여론조사 10%정도 빼고 봐야, 해볼만 해""",Politics
"한동훈 ""'FXXX', 내게 욕…트럼프도 안 써"" vs 조국 ""자기애 강한 듯""",Politics
"민주, 김부겸 앞세워 동진…국힘 '대구가 자판가냐' 움찔",Politics
"한동훈 ""이혁재 기용한 것 보니…아직도 미련 못 버렸다""",Politics
지선 후 곧장 보유세 인상? 진성준 “7월 개편 가능성”,Politics
"진성준 ""보유세 인상 7월 개편 가능성""…국힘 ""정략적 술수""",Politics
"한동훈, 서영교 저격 “李 제거, 내가 설계했다면 나 부르라”",Politics
"정부, '12·12 군사반란' 맞선 고 김오랑 중령 무공훈장 추진",Politics
"주애 없던 날, 발차기로 남군 제압한 여군…기상천외 '차력쇼'도",Politics
이젠 대놓고…국힘 윤갑근 충북지사 예비후보 “저는 윤어게인 후보”,Politics
천하람 “형량거래 주범은 박상용 아니라 서민석”,Politics
"한동훈 ""조국 'FXXX', 내게 욕?…한번 붙자""→ 曺 ""착각도 참, 내 출마지로 오든지""",Politics
"이혁재, '한동훈 만세' 외친 청년에 ""15년만 젊었어도 폰 던졌다""",Politics
"한동훈 ""조국, 트럼프도 안하는 욕을"" vs 조국 ""강한 자기애, 우습다""",Politics
민주 경기지사 후보들 첫 토론‥정책·공약 설전,Politics
"전과 이력에 발목 잡힌 민주 현역, 경선 불복 탈당 국힘 현역 공천 잡음 여야 동시에",Politics
"장성철 ""주호영 만났더니 가처분 기각시 '무조건 무소속'…나도 놀랐다""",Politics
"한화디펜스-필리조선소, 미 해군 첫 수주…차세대 군수함 개발",Politics
"한동훈 ""국힘 당권파 아직 미련 못 버려…그러니까 이혁재 기용""",Politics
"[단독] 공공정비 용적률 상향 반쪽효과…강남·용산 사업장, 인센티브 대상 제외",Politics
김동연 “아무나 나와도 이긴다고? 4년 전 0.15%P 차로 이겨…‘민심 후보’ 필요” [인터뷰],Politics
이정현 '전남광주통합시장' 출마 시사…巨與 안마당 선택 속내는,Politics
"트럼프 ""아랍국이 이란 전쟁 비용 내라""…걸프전 방식 재현하나?",Politics
국민의힘 내홍 속 김부겸 등판…위기 커지는 대구시장戰 등 [3/31(화) 데일리안 출근길 뉴스],Politics
"인천·김포, 5호선 연장 추진에 역사 신설 추가 요구로 갈등",Politics
"[인터뷰] 박수민 ""오세훈 뛰어넘을 최고의 혁신상품…정책 1순위 주택""",Politics
"[인터뷰] 박주민 ""본인만 吳 이긴다는 후보 있어…누가 더 민주당다운지""",Politics
"[청와대 스케치] 李대통령 “이념·가치, 뭐가 중요한가…‘다수 국민의 최대 행복’이 기준”",Politics
문정인 연세대 명예교수 “美 군사행동 제어할 존재는 남한… 北이 대화 나서야 할 이유” [세계초대석],Politics
굳건한 지지율에 '대구' 김부겸까지…무서울 것 없는 민주,Politics
美 급했나…35년만에 투하한 ‘대전차지뢰’ 위력은[이현호의 밀리터리!톡],Politics
"결국 등판한 김부겸 “이것도 내 팔자”…‘대구는 대구’, 이번엔?",Politics
"“주소만 옮기고 세금 깎는다”… 李, ‘유령 본사’ 구조 정면 겨냥",Politics
경찰이 피해자에 “소문나면 쪽팔리잖아”···인권변호사가 ‘불송치 대나무숲’ 만든 이유,Politics
"한화, 대형 항공우주 방산기업 도약…LIG, 종합 무장체계 업체 발돋움",Politics
KAI 민영화·풍산 매각설…K방산 ‘합종연횡’ 신호탄 되나,Politics
"이혁재 ""언론 비판? 두렵지 않아…100만 유튜버 될 때까지 투쟁할 것""",Politics
"이혁재 ""휴대폰 던졌을 것""…국힘 청년 오디션 탈락자 향한 발언 논란",Politics
경쟁 넘어 원팀된 이철우·임이자…돋보이는 대승적 공조,Politics
"李대통령, 전국 12곳 타운홀 대장정 마침표…靑 '시즌2' 시동",Politics
선거 끝나면 보유세 올리나… 예결위원장 “7월 세제 개편 가능성”,Politics
"신정훈, 강기정 꺾고 단일화… 전남광주·대전 與 경선판 ‘요동’",Politics
"광주에서 제주까지…李 12회 타운홀미팅, 뭘 남겼나",Politics
AX·로봇·TK통합까지?…김부겸에 쥐어줄 與 선물보따리,Politics
"MB ""尹 말 적고 술도 못하는 줄""…그날 만찬장서 벌어진 일 [이명박 회고록]",Politics
"""다 싫다""는 '콘크리트 무당층' 27%, 野 4당 지지율보다 높다",Politics
"[단독] 김부겸 “대구가 왜 국힘 지켜야하노, TK통합 재추진 할 것”",Politics
"대구는 혼란, 경기는 구인난…국힘, 여전한 안갯속 공천",Politics
[시대광장] 하늘에서 햄버거가 오는 도시,Politics
"제주동문시장 방문한 李대통령 “여보, 얼갈이 김치 사줘”… 오메기떡 나눠 먹고 은갈치·옥돔 구매",Politics
김부겸 “대구가 국힘 버려야 진짜 보수 살아” 출마… 野는 자중지란,Politics
李 “에너지 문제에 잠이 잘 안와… 화석 의존하면 미래 매우 위험”,Politics
"'거리의 변호사' 박주민 ""돈 벌어오는 서울시장 되겠다"" [인터뷰]",Politics
"""보수 쇄신""엔 한목소리, 행동은 따로따로… 오세훈·한동훈·유승민은 왜?",Politics
"""한국에서만 가능한 북한뷰 카페""…'북멍'하러 오두산 찾은 시민들",Politics
"영화 ‘서울의 봄’ 정해인 열연 故김오랑 중령, ‘무공훈장’ 받는다",Politics
"'출마 왜 한 건지'…한준호·추미애·김동연, 與경기지사 본경선 토론 '난타전'",Politics
“우리가 국힘 자판기냐” 대구서 고개드는 심판론,Politics
"김동연, 추미애에 ""정말 궁금해서…경기도지사로서 뭘 하려는지""",Politics
후보 교통정리도 안 돼… 주호영·이진숙 무소속 출마 시사,Politics
"“尹 못 끊고, 당은 두쪽, 이젠 공천 파동… 국힘 보면 천불이 난다”",Politics
李 “에너지 때문에 난리… 사실 잠 안올 정도로 심각”,Politics
"진성준 “보유세 인상, 7월 가능성 커”",Politics
나경원 “박상용 녹취록 짜깁기 조작…전체 녹취 당당히 공개하라”,Politics
12·12 신군부 맞선 김오랑 중령 戰死 반영해 46년 만에 ‘보국훈장→무공훈장’ 교체 추진,Politics
"[단독] 軍, ‘彈 뱅크’ 설립해 ‘미사일·로켓·폭탄·드론’ 비축량 획기적으로 늘린다",Politics
"북·중·러에 잘못된 신호 준다, 미 ‘하르그섬 점령’ 딜레마",Politics
"이혁재, ‘한동훈 만세’ 외친 청년에…“15년만 젊었어도 폰 던졌다”",Politics
"""참패 받아들여야"" 국힘 내부 반성 목소리 쏟아졌다",Politics
김진태-우상호 '도청 신청사 착공' 공방,Politics
"""우선 열심히 뛸 수밖에""…교통정리 필요한 '계양을·안산갑', 정청래 선택은?",Politics
국민의힘 내홍 속 김부겸 등판…위기 커지는 대구시장戰,Politics
"[르포] ""대통령은 싫어도 김부겸은""…'보수 아성' 대구마저 흔들?",Politics
"지지율 코너 몰린 장동혁, '내부결속·대여투쟁' 호소 통할까",Politics
金 ‘보수 회초리론’… 대구의 선택은,Politics
"'보수심장' 흔드는 민주당…김부겸, 대구 등판 '동진전략' 본격화",Politics
"한동훈 ""국힘 일부 아직도 윤어게인…그러니까 이혁재 기용""",Politics
"한동훈 ""'그알' 사과받은 李 대통령...내 가짜뉴스도 사과하라""",Politics
미 전문가들 “김정은 협상 나오게 하려면 ‘비핵화 후순위' 접근 필요”,Politics
"정부, 12·12 반란 맞서다 숨진 故 김오랑 중령에 ‘무공훈장’ 추서 추진",Politics
"여야 '박상용 녹취록' 공방…여 ""조작 수사 주범"" 야 ""집단 린치성 공격""",Politics
"안철수, 유상증자 결정한 한화솔루션에 ""한화트러블"" 비판",Politics
"'서울의 봄' 정해인 역 故김오랑 중령…정부, 무공훈장 추진",Politics
[인터뷰]주호영 “날 컷오프? 임진왜란에서 이순신 빼는 것”,Politics
[윤정호의 앵커칼럼] 범죄자 전성시대,Politics
"이혁재, ‘한동훈 만세’ 외친 청년에 “15년만 젊었어도 폰 던졌다”",Politics
"조국 ""유시민 ABC론, 대통령 참칭 갈라치기에 개탄한 것""",Politics
‘12·12 반란’ 맞선 故김오랑 중령에 무공훈장 추진,Politics
"李 ""제주 4·3, 나치 국가폭력""에 발끈한 윤상현…조사보고서 보니",Politics
"이명박 ""인정하자, 보수는 참패했다""…쏟아낸 '쓴소리'",Politics
"김부겸 ""국민의힘 정신 차리게, 나를 써 달라""",Politics
"""여보, 김치도 삽시다""…이 대통령 부부, 동문시장서 1시간 넘게 '제주 장보기",Politics
李 “화석에너지 의존하면 위험…재생에너지로 빨리 전환해야”,Politics
임미애가 김부겸 출마선언 때 눈물 흘린 이유,Politics
"金여사와 제주 동문시장 찾은 李대통령, 특산품 쇼핑 나서",Politics
"제주 동문시장 찾은 李대통령, 金여사에 ""여보, 얼갈이김치 삽시다""",Politics
김부겸 치고 나가는데…출발도 못하는 국힘,Politics
"이인선, 컷오프 된 주호영·이진숙에 ""'선당후사'해 달라""",Politics
"제주 동문시장 찾은 李대통령, 金여사에게 ""얼갈이김치 사달라""",Politics
"[비하인드 뉴스] 억울함 호소한 이혁재…""휴대폰 던질 뻔"" 구설",Politics
[광주·전남 주간정치] 오승용 “신정훈 단일후보 확정…효과 어디까지?”,Politics
"朴은 시의원, 朱는 시당 인사…3040 앞세운 캠프",Politics
"李대통령, 김 여사와 제주 동문시장 방문…""여보, 김치도 삽시다""",Politics
오세훈 “민주당만 아니면 누구든”…한동훈·이준석과 연대론 원론적 공감,Politics
민주 ‘김부겸發 동진’ 가속…국힘 ‘반쪽 영남당’ 경고음,Politics
장동혁이 택한 위기 돌파 전략 '이재명 때리기'…통할까?,Politics
"'고문 기술자'가 받은 훈장만 16개... 김근태가 찾아낸 '그 눈빛' [김종성의 '히, 스토리']",Politics
"이혁재 ""언론 비판 두렵지 않아…100만 유튜버 될 때까지 투쟁할 것""",Politics
"주애 없던 날, 발차기로 남군 제압한 여군…기상천외 '차력쇼'도",Politics
"4년 전 '팽', 이제와 '꽃가마'? 국힘 '유승민 차출론'의 그림자",Politics
"""강남 아파트 팔아라"" ""사법리스크""…野대구시장 토론회서 추경호 집중포화",Politics
"이혁재 손 쳐들며 ""폰 던져버릴라""...'한동훈 만세' 청년에 분노",Politics
"윤희석 ""MB, 오죽 답답했으면 이렇게 말했겠나...집에 갈 사람들 직격""",Politics
"빗속에서 수백명이 ""김부겸"" 연호... ""국힘 버려야 대구가 산다""",Politics
"李 ""오늘 결혼 35주년"" 깜짝 발언…제주서 꺼낸 신혼여행 기억이",Politics
김부겸 등판으로 판 바뀐 대구…앞으로 전망은 [뉴스추적],Politics
"韓, 주한미군 중동 차출 불안한데… “北은 위협 강화로 인식”",Politics
김부겸 “대구 시민과 지역소멸 절망의 벽 넘고파”…국힘은 “위기감” 긴장,Politics
"""낙지 내가 사겠다!"" 박주민·정원오 '계산 경쟁'에 전현희는 ""굴 살게요~""",Politics
尹어게인 품은 국민의힘 '청년 오디션'…최종우승 10명 중 여성은 '0명',Politics
"박수민 “서울 주택난, 年 10만호 꾸준한 공급으로 해소” [서울시장 출마자에 듣는다]",Politics
공천 늪 빠진 장동혁… 유세현장 못 가고 연일 ‘SNS 대여공세’,Politics
MB가 13년만 한 말 “보수 그냥 진게 아니라 참패”,Politics
美 지상군 호르무즈 투입 딜레마… “장기 점령 불가능 압박용” 분석,Politics
“이재명이가 잘하는 거 맞잖아” vs “김부겸? 대구는 국힘이 된다 마” [르포],Politics
‘청년’ 대신 ‘논란’만 키운 국힘판 청년오디션,Politics
주호영 변수·김부겸 등판까지… “안방도 위험” 국힘 대구 패닉,Politics
"한동훈 “재보궐, 아직 안 정해…장동혁 지도부, 민심에 못 다가가”",Politics
"[맞수토론] 국힘, 유승민 출마 거듭 설득…끈질긴 SOS 통할까?",Politics
"국힘 통제불능…컷오프 이진숙, 흰옷 입고 ""대구시장 예비후보""",Politics
화두는 북항재개발… 여야 입법 선점 경쟁 2라운드,Politics
李 “오늘이 결혼기념일” 제주 신혼여행 얘기한 이유,Politics
"신정훈, 강기정 제치고 단일후보…與 전남광주시장 경선 4파전(종합2보)",Politics
"""한동훈 복당 만세"" 이혁재, 돌발행동 오디션 참가자에 분노",Politics
"박상용 녹취 파문…서민석 ""그럼 내가 XX짓 한 건가"" 공개 예고[박지환의 뉴스톡]",Politics
"李대통령 ""정치는 현실…이념·가치, 뭐가 중요한가"" 정치권 일갈(종합)",Politics
"李대통령, 결혼 35주년 깜짝 공개… “신혼여행 올려고 그전에 제주도 안 와”",Politics
[단독] 공공정비 용적률 1.3배 올려도…사업장 40%는 혜택 못 받아,Politics
"김부겸, 12년만의 출사표…대구, ‘김부겸이냐 국민의힘이냐’ 진검승부",Politics
"[인터뷰] 김동연 “추미애는 개혁자산, 나는 바로 쓸 현금자산”",Politics
"박원석 ""이진숙, 대구 보궐 공천에 눈독…주호영 무소속 출마 여부 큰 변수""[박영환의 시사1번지]",Politics
"한동훈·이준석과 연대론⋯오세훈 ""민주당 아니면 누구든""",Politics
"김부겸 ""대구가 앞장서 국힘 버려야 … 저를 써달라""",Politics
"""들뜨면 안 돼""·""마타도어 근절""…與, '승리 낙관론' 거듭 경계(종합)",Politics
"‘하르그섬 점령’은 나비 날갯짓…주한미군, 중·러 견제 맡을 판",Politics
무시무시한 北특수부대…손으로 못 짚은채 허리 위 벽돌 부숴,Politics
"李, 제주 타운홀미팅 참석 “오늘 결혼기념일, 신혼여행 생각나”",Politics
"위기의 낙동강 전선…""張, 마지막 골든타임 잡아라""",Politics
"한동훈 “‘그알’ 사과 받은 李대통령, 내 가짜뉴스도 사과해야”",Politics
김부겸 출사표…요동치는 대구 민심,Politics
"새민주 “김현지·한동훈 뺀 공취모 국조, ‘6시간중 92초’ 박상용 녹취 짜깁기도 자충수”",Politics
李 “정치는 현실”…똑같이 베버 인용해 유시민 ‘ABC’ 우회비판,Politics
"“보여도, 안 보여도 걱정”…장동혁 ‘부산 지원’ 올 수 있을까",Politics
"ICBM 출력 강화…김정은, 새 고체엔진 시험 참관 “전략적 군사력 최강”",Politics
"'대구시장 출마' 선언한 김부겸, '보수의 심장' 뒤집는 이변 만들까",Politics
"오세훈 ""민주당만 아니라면 어떤 정파·인물이건 통합 정치 필요""",Politics
"김부겸, 대구시장 출사표…국힘은 공천 잡음 여전",Politics
"'컷오프' 이진숙 ""모든 가능성 열어두겠다""…무소속 출마 시사",Politics
"김부겸 등판에…국민의힘 대구시장 예비후보, 견제구(종합)",Politics
"'신당역 스토킹 살인 사건 막말' 시의원, 민주당 단수공천 받아",Politics
"닛케이 “이란, ‘거대한 북한’될 수도···호르무즈 인질로 세계 위협”",Politics
조국과 빅매치? 주한 연대?…한동훈 ‘등판’할까 [황현희의 불편한 여의도],Politics
"[현장] '빗속 출마' 김부겸 ""도와주이소""…시민들 ""뒤집어엎자""",Politics
김부겸 등판에도 국민의힘은 공천 내홍 지속…‘보수의 심장’에서 ‘격전지’된 대구,Politics
“보수 참패” MB 일갈에 보수 야권 자성 목소리…“충격파 필요”,Politics
"""왜 식당 사장이 백신 확인하나""…설채현, 반려동물 규제 정조준",Politics
김부겸 前 총리 대구시장 출마 공식 선언…“대구 시민을 주인으로 받들겠다” [6∙3의 선택],Politics
"호남 출마 시사한 이정현…국민의힘 지방선거 공천 ""모두 잃었다""",Politics
"전재수 ""부산글로벌법, 제가 끝까지 책임""…주진우 ""쇼 좀 그만""",Politics
"오세훈, '吳·韓·李 연대론'에 ""민주당만 아니면 어떤 정파·인물이건 필요""",Politics
"국민의힘 대전 공천 후폭풍... 김현호 ""경선 포기""·김연수 ""재심 신청""",Politics
진성준 “7월 세제개편안에 부동산 보유세 인상 가능성”,Politics
"제주 찾은 李대통령 ""전세계 에너지 문제로 난리…잠이 안 온다""",Politics
"김부겸 전 총리 ""대구가 가슴속에 가진 잠재력 이번에 저하고 한번 폭발시킵시다""",Politics
"""김부겸 버릴 만큼 대구 여유 있습니까""…힘 있는 여당 후보 선물 보따리 풀었다",Politics
김부겸 “대구가 국힘 버려야 보수가 산다”,Politics
북한판 ‘독거미 부대’? 여군 특수부대 과시한 이유,Politics
"조갑제 ""김부겸, 대구서 '1대 1 구도' 붙어도 유리해""",Politics
선거판엔 동지도 없다… 찐명 vs 찐명 ‘사생결단’,Politics
"與, 경선 과열에 의원 자제령…후원회장·직책 금지",Politics
"이 대통령, ABC론 언급?···“국민을 기준으로 판단하면 이념·가치·성향이 뭐 중요하겠나”",Politics
"진성준 ""부동산 보유세 인상, 7월 세제 개편안에 포함될 가능성 상당""",Politics
김부겸 전 총리 출마선언…데이터로 본 '대구 디비질까?' [이브닝 브리핑],Politics
"""보수 참패 인정해야, 尹은 이미 과거""…MB의 일침",Politics
"""조정훈 의원 측에 운영비 강제 징수, 책 강매, 불출마 종용당해""",Politics
"여당, 전현희·박주민·정원오 서울 최고위…“보여주기 행정 끝내야” “들뜨면 안 돼”",Politics
"협상 잘 된다는 트럼프, 하르그섬 점령도 거론",Politics
"25조 정부안 곧 국회로...""전쟁 추경"" VS ""매표용""",Politics
충남도 금강수목원 매각 강행에 시민사회 '강력 규탄',Politics
장동혁·이준석 비공개 오찬 회동…‘보수 대여 투쟁’ 공조 재가동,Politics
"李대통령 “100명 꽹과리나 1명 이메일 똑같이 취급한다""",Politics
李 “에너지 문제로 난리... 잠 안 올 정도로 상황 심각”,Politics
김부겸 대구 상륙…'대북송금 녹취' 여야 설전,Politics
"오세훈 ""정원오, 성동구서 벌어진 성폭력 혐의자 인사건 서울시에 왜 미루나?""",Politics
민주는 ‘지도부 밀착’ 하는데 국힘은 ‘기피’… ‘장동혁 리스크’ 현실화,Politics
"김부겸, 與 '험지' 대구 맡는다…정청래는 '격전지' 서울 다지기",Politics
"이 대통령, 5살 손편지에 ""할아버지 말고 아저씨"" 깜짝 답장",Politics
"손 쳐든 이혁재, “한동훈 복당 만세” 외친 청년 탈락자에 한 말",Politics
"7월 세제 개편 보유세 인상 포함되나… 與 진성준 ""가능성 상당""",Politics
"안철수 ""한화솔루션, '한화트러블' 됐다""…유상증자 직격",Politics
7월 세제개편에 ‘부동산 보유세 인상’? 진성준 “가능성 상당해”,Politics
"진성준, 구윤철 '보유세 최후수단' 언급에 ""7월 가능성 상당히 커""",Politics
오세훈 “대통령보다는 서울시장 5선 원해…민주당 되면 박원순 시즌2 시작”,Politics
"[르포] 김부겸 출마, 대구민심 들어보니…""변화 기대"" vs ""진정성 의심""",Politics
"'부정선거TF' 주장한 국힘 김민수 ""기자들, 왜 부정선거론으로 몰고 싶어하나""",Politics
"김부겸 ""李 정부 욕만 한 국힘, 뭘 할 수 있나…제가 대구시장 돼야""",Politics
김부겸에 맞설 적임자 누구?…국힘 대구시장 후보 '대혼전',Politics
고문경찰 웃겠다…수사암장·불심검문의 나라 [한기호의 정치박박],Politics
"""제 전화 받아적으소"" 김부겸 공식 등판… 보수텃밭 흔들 3가지 무기",Politics
"""'이재명 주범' 돼야"" 녹취 파문...與 ""박상용 즉각 수사해야"" 이화영 석방 촉구도",Politics
"추경호 ""김부겸, 경기서 전원생활 즐기다 대구 출마…본인 선택인가""",Politics
"李 대통령, 제주 제2공항 찬반 물으며 “잘 판단해달라”",Politics
"고성국 ""이정현, 전남광주 출마할 것...이정현 진정성 부정하지 말라""",Politics
“이진숙 뇌 구조 이상” “법카의 여왕” 최민희 모욕죄 무혐의,Politics
"[단독] 조광한 만난 이진숙 ""이정현 만나겠다""…'8인 경선' 요구",Politics
가난한 노인에게 지하철은 생존의 통로입니다,Politics
도끼·곡괭이로 배 찍으면서 기합…'차력쇼'로 도배된 北 특수부대 시범,Politics
"김부겸 등판에 추경호 ""정청래 야욕을 위한 호출""",Politics
"강찬호 ""이재명 정부, 돈 푸는 단기 처방보다 진짜 실력 보여야""[박영환의 시사1번지]",Politics
김부겸 출마에 대구 선거판 요동…보수 텃밭 '격전지'로(종합),Politics
[르포] 李대통령 지역구 인천 계양을…‘5선 당대표’ 송영길 vs ‘靑 대변인’ 김남준,Politics
"결선 대결 노영민·신용한, 본경선 탈락 후보에 구애 작전",Politics
"부엉이바위서 노무현 대통령 조롱한 청년, 국힘 오디션 최종 우승",Politics
"이 대통령 ""정치인, 신념·가치 실험은 옳지 않아... 다수 국민의 최대 행복 중요""",Politics
"李대통령 ""에너지, 잠 안 올 정도로 심각…재생에너지로 신속 전환""",Politics
"‘공소취소’ 갈등하던 김어준과 친명, ‘조작기소’엔 공동 전선",Politics
"[고수다] ""결국 국힘 찍는다고? 대구 자존심 상해""‥""유승민도 몰라, 마지막 기회""",Politics
"나경원 ""與, 짜깁기 녹취로 국민 속여…서민석, 청주시장 공천 받으려 폭로""",Politics
"4·3 박진경 대령 서훈 취소 언제…유공자 취소 심의, 반년 걸릴 수도",Politics
"이재명 대통령 ""오늘 결혼기념일""...제주도서 신혼여행 얘기 꺼낸 이유",Politics
"국힘, MB '보수 참패했다'에 ""뼈아픈 지적이라고 생각""",Politics
"""李 주범 회유, 박상용 검사 아닌 이화영 변호인의 싸구려 수작""",Politics
박상용 검사 녹취에 與野 공방…“조작기소 확인” vs “명백한 가짜 뉴스”,Politics
"이혁재, '한동훈 만세' 외친 청년에 ""내가 젊었으면 폰 던졌다""",Politics
"김부겸, 대구 출사표…'대북송금' 녹취록 공방",Politics
"25조 정부안 곧 국회로...""전쟁 추경"" VS ""매표용""",Politics
"[현장FACT] ""대구가 표 찍어주는 기계냐?""...'대구시장 출마' 김부겸, 국민의힘 직격 (영상)",Politics
"이명박 ""보수는 참패했다…국힘, 반성 없이 분열만"" 직격",Politics
"김부겸은 동진, 이정현은 서진…본진 공략 앞장서는 OB들",Politics
"최민희 ""이진숙 뇌 구조 이상, 빵진숙, 법카의 여왕…경찰 모욕죄 '혐의없음' 불송치""",Politics
정청래 따라 노량진 간 與서울시장 후보들 “내가 살게” 계산 경쟁,Politics
"이혁재 ""좌파였어도 그랬겠냐…'한동훈 복당' 외친 참가자에 폰 던질 뻔""",Politics
“종량제 봉투 부족해지면 일반 봉투 사용도 허용”,Politics
"박주민·정원오 신경전 계속…지도부는 ""언행 자제"" 당부",Politics
"“보수, 참패 인정이 먼저”…쓴소리 쏟아낸 이명박, 현 정부엔?",Politics
"국힘, 유승민 '불출마 변화 없다'에도 설득 총력 ""다양한 채널 노력""",Politics
"정현주·박미경 여수시의원 예비후보, 민주당 경선 '컷오프'에 항의",Politics
[연합뉴스 이 시각 헤드라인] - 14:30,Politics
"한동훈, ""대통령 된 다음 불리한 방송 조지면…"" 김종배 ""MBC 압수수색은?""",Politics
팔뚝에 도끼 내려쳤다…'차력쇼' 뺨친 北특수부대에 김정은 미소,Politics
"野, '박상용 녹취' 공개에…""민주당 또 공작 정치, 선거용 짜깁기""",Politics
국민의힘 울산 '음주 운전' 시·구의원 공천·경선 후보 결정 '논란',Politics
“‘경선 원칙’ 강조한 민주당”…순천만 6곳 중 4곳 단수공천 왜,Politics
"신정훈 “강기정과 단일화, 시대의 열망이 만난 화학적 결합”",Politics
"수산시장 상인들 만난 정청래 ""우리 중 누가 제일 얼굴 커요?""",Politics
선거 뒤 부동산 보유세 올리나…진성준 “7월 세제개편 가능성”,Politics
"박원석 ""장동혁, 리더십 잃어...선거 때 극우 유튜브 찾아갈 것""",Politics
"이혁재, 국힘 심사위원 논란에 ""내가 좌파였어도 이랬을까""",Politics
"이명박 ""인정하자, 보수는 참패했다""…13년 만의 인터뷰에서 탄식",Politics
"이명박 ""보수, 그냥 진 게 아닌 참패 인정해야…윤석열은 이미 과거""",Politics
이정현 험지 출마 시사에…국힘 “삼고초려해 모실 분”,Politics
"나경원 ""與 공개 박상용 녹취록은 짜깁기…전체 녹취록 공개해야""",Politics
"[人사이더] 이준석 “미국은 반도체에 물 대줄 때, 한국은 물 빼는 꼴”",Politics
[단독] “中企 가느니 군복무” 박사과정 전문연구요원 신청자 4년 만에 반토막,Politics
"103번째 '금귀월래' 박지원 의원 ""음성이 나왔는데 조작했다고? AI가 했냐!!!""",Politics
"[홍성] 민주당 군수 후보, '경선 확정'… 이종화·손세희 2파전",Politics
"이화영 석방 위한 시민행동 ""박상용 검사 즉각 체포해야""",Politics
"조갑제 ""대구시장 김부겸 우세… 변수는 '주호영-한동훈' 연대""",Politics
"KBS 추가녹취록 공개 ""박 검사 발언 부적절"" 박상용 ""짜깁기 허위왜곡""",Politics
"김현정, '전쟁 추경' 골든타임 경고…""국민의힘, 언제까지 발목만 잡을 건가""",Politics
"최혁진, '조희대 탄핵안' 발의 초읽기... ""112명 서명 완료, 안 나가면 내쫓을 것""",Politics
"김동아, 박상용 검사 '이재명 주범 회유' 녹취...""정치검찰의 추잡한 거래""",Politics
"박상용 검사 녹취 논란…""李 잡으려 진술조작"" vs ""짜깁기""",Politics
"李 대통령 ""할아버지 말고 아저씨""…5세 편지에 답변 보니",Politics
"""들뜨면 안 돼""·""마타도어 근절""…與, '승리 낙관론' 거듭 경계",Politics
"""회초리 들어야 진짜 보수 살아""‥대구 격전지로",Politics
"“金총리, 진실과 다르게 말해” 주장한 美 공화당 원로에 반박 나선 정부",Politics
"'회유 녹취' 격돌…與 ""쌍방울 사건 완전조작"" vs 野 ""선동목적 증거조작""",Politics
5월에 '남북미' 아닌 '북중러 밀착' 2탄 연출?…中이 쥔 꽃놀이패,Politics
"""이재명 수사, 당연했다""… 박상용 검사, 글 7건 올리며  '공개 반박'",Politics
"“韓 종교탄압” 美 MAGA 진영 목사 주장…총리실, 조목조목 반박",Politics
"장동혁 ""천안함 유족에 면박 준 李 대통령, 북한 눈치 살피나""",Politics
"“대구, 회초리 들어야”…대구시장 나선 김부겸 출사표는 ‘보수 심판론’",Politics
"이준석 ""반도체 혈전 속 4대강 보 해체는 자해행위""",Politics
오세훈 “대통령·서울시장 중 묻는다면 후자”… ‘사즉생 각오’ 승부수,Politics
"“李정권 추경으로 표사고, 선거 끝나면 세금폭탄” 장동혁의 말",Politics
거대 양당 '불붙은' 부산시장 경선... 본선 주자는?,Politics
민주당 통합시장 경선 3강 재편…'2차 연대 승패 가른다',Politics
"25조 정부안 곧 국회로...""전쟁 추경"" VS ""매표용""",Politics
김부겸 앞세워 동진하는 민주…노선 갈등 제자리걸음 국힘,Politics
與전남광주시장경선 '단일화·연대'…'민-김' 양강판세 요동치나,Politics
"천하람 ""녹취록에 '이화영 부당회유' 안 보여…조작기소 국조는 불법""",Politics
"개혁신당 “‘진술 회유’ 녹취, 민주당의 묻지마식 폭로…내용에 문제 없어”",Politics
"삽·곡괭이로 복근 찍고, 머리로 돌판깨고 김정은 ‘박수’…북한군 고문같은 차력쇼",Politics
"강·신, 신정훈으로 단일화 ... 강기정 ""신정훈 승리가 제 승리""",Politics
"김부겸 출사표…“대구, 국힘 버려야 보수가 산다”",Politics
"국힘 '험지 구인난' 현주소…이정현, 전남광주 '셀프공천' 시사",Politics
'3말4초' 예고 조국 고심 중…부산·경기·전북 6곳 저울질,Politics
"개혁신당, 박상용 녹취 공개에 ""부당한 회유 내용 안 보여""",Politics
"""대구가 앞장서서 국힘 버려야""…'파란 피' 김부겸, 대구시장 출사표",Politics
"김부겸 “지역소멸 벽 넘겠다. 대구, 국힘 버려야” 대구시장 출마",Politics
"정청래, ‘진술 회유 의혹’ 녹취에 “조작 기소 사실이구나 생각”",Politics
"한동훈 ""李 대통령, 계산은 정확히…청담동·백해룡 가짜뉴스 사과해야""",Politics
李 “할아버지 말고 아저씨라 불러주면 좋겠다” 무슨 일?,Politics
"與 ""쌍방울 사건 하나부터 열까지 조작…수사팀 증언대 세울것""",Politics
"민형배 일부 지지자들, 신정훈·강기정 단일화에 辛 지지 '논란'(종합)",Politics
"조갑제 ""국민의힘 1대1로 붙어도 김부겸 전 총리 유리···이번 공천은 '한동훈 공포증'""",Politics
대구 최대 '격전지' 부상…김부겸 출마 선언,Politics
"이혁재, 국힘 심사위원 논란에…“좌파 였어도 이런 잣대 댔을까 의문”",Politics
손 쳐든 이혁재 “폰 던져버릴라”…‘한동훈 복당!’ 청년 막말 심사후기,Politics
"""내가 죽일 거야"" 김중남 강릉시장 후보 측 '청년 신인 사퇴' 종용 논란",Politics
이혁재 “17년 전 폭행 사건 일으킨 사람 왜 초대했느냐?…난 어디 가서 살라고”,Politics
[뉴스포커스] 김부겸 대구시장 출마 선언…이정현은 호남출마 시사,Politics
"신정훈·강기정 단일화 ""85년 그때처럼 하나의 심장으로 뛴다""(종합)",Politics
‘李 주범’ 녹취 파장 확산… 민주 ‘회유 정황’ vs. 국힘 ‘짜깁기 조작’ 정면충돌,Politics
"신정훈, 강기정 제치고 단일후보…與 전남광주시장 경선 4파전(종합)",Politics
"주호영 ""장동혁·이정현, 수습 안되니 참아달라? 김부겸과 지는 싸움해""",Politics
"정청래, 차량 5부제 동참 대중교통 출근… “계속 이렇게 다니겠다”",Politics
"민형배·주철현·김영록, '신정훈 단일후보'에 미묘한 입장차",Politics
"이준석 ""이미 다 보여줬다""…전한길 ""졸업장에 전공 왜 없나"" 의혹 제기에 반박",Politics
"장동혁 ""투표로 세금폭탄 막아야…100원 주고 1000원 뺏는 정권""",Politics
장동혁 “100원 주고 1000원 빼앗는 정권…투표로 세금폭탄 막아야”,Politics
"김부겸 ""대구가 국힘 버려야 보수가 살아…회초리 들어달라""",Politics
"민주당, 박상용 검사 집중공세‥정청래 ""검사 집단서 퇴출해야""",Politics
"與, ‘국조·추경 투트랙’ 공세 강화…정국 주도권 잡기 속도전 [이런정치]",Politics
"[지방선거 인터뷰]박수민 ""吳 돌파력 부족…서울엔 야전사령관 필요""",Politics
"김부겸 대구시장 출사표…""대구가 국힘 버려야 보수가 산다""(종합)",Politics
[속보]“대구서 주호영·한동훈 무소속 연대로 바람” 조갑제의 말,Politics
"이명박, 13년 만에 심경 토로 ""보수는 패배가 아니라 '참패'""",Politics
"[속보]“대구가 국힘 버려야…” 김부겸, 대구시장 출마 선언",Politics
"조국 ""與, 국힘 자멸에 경각심 잃어...정치개혁 약속 지켜야""",Politics
"'전쟁 추경' 제출 D-1...여 ""속도전"" 야 ""정밀 검증""",Politics
"""李정부 출범 후 서울 LH공공임대 아파트 공급 164가구 그쳐""",Politics
"안철수 ""한화솔루션 아니라 '한화트러블'…주주가 '물주'인가""",Politics
"장동혁 ""이재명 정부 100원 주고 1,000원 뺏어가… 투표로 심판해야""",Politics
"김부겸 ""국민의힘, 시민을 표 찍어주는 기계 취급⋯지역주의 극복 위해 나를 써 달라""",Politics
"MB “윤석열, 싫은 소리 했더니 말 없어져…와인 한 모금, 술 못하는 줄”",Politics
[경남 혈투]김경수 VS 박완수…전·현직 빅매치[시사쇼],Politics
"與 ""대북송금 사건, 하나부터 열까지 조작…수사팀 증언대 세울 것""",Politics
"김부겸, 12년 만에 다시 대구시장 출사표 “대구가 국힘 버려야 진짜 보수 살아나···함께 바꿉시더”",Politics
김부겸 “대구가 앞장서 국힘 버려야 ‘진짜 보수’ 살아나”,Politics
"이명박, 13년만의 인터뷰서 탄식...""보수 참패 인정해야""",Politics
[지금 북한은] 가죽점퍼에 몸짓까지 똑 닮은 부녀…사실상 후계자?,Politics
"장동혁 ""100원주고 1000원 뺏어가는 李정권, 지방선거서 심판해야""",Politics
"[자막뉴스] ""이혁재가 국힘 청년 심사를?"" 비판 일자…""룸살롱 폭행, 10년 전 일"" 하소연",Politics
이재명 대통령 지지도 62.2% 유지… “경제 지표 악화에 횡보”,Politics
李대통령 ‘칭찬 정치’…부처들 “뿌듯하면서도 긴장감 높아져” [이런정치],Politics
"김부겸의 두번째 도전 ""대구는 제 자부심, 우리 다시 함 해보입시더""",Politics
“월급 줄었다면 여기부터 봐라”… 4월 급여명세서 ‘이 항목’ 때문,Politics
김부겸 대구시장 선거 출마 “대구가 국힘 버려야 진짜 보수 살아나”,Politics
"이준석 ""4대강 보 해체는 '자해'…반도체전쟁에서 정부가 보급로 끊나'""",Politics
"이준석 “李 정부, 4대강 보 해체로 용수공급 막아…반도체 산업 자해행위”",Politics
"이준석 ""반도체 혈전 속 4대강 보 해체는 자해…용인 말고 새만금 수순""",Politics
"정청래 “쌍방울 대북송금 사건, 하나부터 열까지 조작”",Politics
"국민의힘 ""與, '범죄 가산점' 지선 공천…범죄자들로 라인업""",Politics
"장동혁 ""100원 주고 천원 뺏는 정권…지방선거서 심판해야""",Politics
"""한화솔루션, 주주들 '물주'로 봤다""...빚 갚겠다고 증자, 안철수도 맹비난",Politics
"한동훈, SNL서 ""李대통령 이러시면 안 됩니다""...'그알' 사태 언급",Politics
與 동진 본격화에 野 '적전분열'…대구서도 균열 조짐,Politics
"""그날의 약속 지키겠다"" 김부겸, 대구시장 출사표…대구 민심은 과연?",Politics
"김부겸 ""대구, 국민의힘 버려야 보수 '환골탈태'할 수 있어""",Politics
"조갑제 ""김부겸 1대1 붙어 이길 국힘 후보 없다…朱韓 무소속 연대만이""",Politics
"[속보]김부겸 ""대구시장 선거 다시 도전하겠다""",Politics
"MB ""참패한 보수가 분열까지, 무슨 희망 있겠나""",Politics
김부겸 대구시장 출마 선언…“대구가 앞장서 국힘 버려야”,Politics
김부겸 “제가 져야 할 책임은 대구…다시 함 해보입시더”,Politics
"주호영 ""부당한 컷오프, 법원이 구해줄 것... 당 잔꾀 부리지 말라""",Politics
"김부겸 ""대구가 국민의힘 버려야 보수가 산다"" 대구시장 출마 [선언문 전문]",Politics
"與 '李 주범 만들기 회유' 녹취에…국힘 ""선동 목적 증거 조작""(종합)",Politics
박상용 검사 “이화영 측이 ‘종범 의율’ 먼저 제안”...6가지 근거 들어 반박,Politics
"[현장+]지하철 출근한 정청래...""만나서 좋아"" 시민 말에 ""사진 찍자""",Politics
"장동혁 ""100원 주고 1000원 빼앗는 정권…지선 후 세금 폭탄""",Politics
"주호영, 전남광주시장 출마 뜻 이정현에 “주민 두 번 우롱”",Politics
김재원 “주호영 가처분 인용 가능성 배제할 수 없어…대구 시장 공천은 좀 더 전략적이었으면” [정치시그널],Politics
"""억울한 컷오프 없다""는 민주당…현장에선 다른 목소리 '솔솔'",Politics
"한동훈 ""이대통령, '그알'엔 사과하라더니…나한텐 왜 사과 없나""",Politics
北 추진력 높인 고체엔진 공개…다탄두 ICBM 개발 의도,Politics
"정청래, 지하철·버스 타고 출근…""저는 젊어요"" 자리도 양보",Politics
"장동혁 ""100원 주고 1000원 뺏는 정권…지선서 심판해야""",Politics
"'우린 이란과 다르다' 김정은, ICBM 고체연료 시험…특수전 훈련 참관도",Politics
"'이재명 주범' 녹취 공개에…국힘 ""앞뒤 자른 진실조작 선동""",Politics
"주호영 ""토끼도 굴 3개 만드는데 나도 준비…무소속? 시민 의견 듣고""",Politics
"이 대통령 발언 다룬 <조선> 사설, 제주 4·3이 '남로당 반란' 때문?",Politics
"與이소영 ""추경 늦으면 지방은 편성 불가…4월 2주까지 못 미뤄""",Politics
"안철수, 한화솔루션 ‘빚 갚는 유증’에 “개미 자산 증발시키는 물주 경영”",Politics
"장동혁 ""백원 주고 천원 뺏는 정권…올바른 투표로 막아야""",Politics
"민형배 일부 지지자들, 신정훈·강기정 단일화에 辛 지지 '논란'",Politics
12년 만의 재도전…김부겸 오늘 대구시장 출마 '핵심 의제'는,Politics
"""홍길동의 마음으로""…이진숙, '대구시장' 어깨띠하고 달성공원에 야구장",Politics
"하정우 ""대통령 꼭 보셨으면""...李 ""나의 하GTP"" 응답",Politics
"이혁재 ""내가 좌파 연예인이었어도 이랬을까…어디 가서 살라고""",Politics
보수 '최후의 보루' 대구에 잇따른 도전장…김부겸은 누구?,Politics
'보수의 심장' 노리는 김부겸 누구?…대구 선거판 흔들까,Politics
"민주당, 순천 불공정 공천 논란…김문수 공개 저격 등 갈등 표면화",Politics
"한동훈 ""李, 계산 정확히...'청담동 술자리' 가짜뉴스 부추긴 거 사과해야""",Politics
"[인터뷰]김동연 ""유승민 등판? 민주당 본선 경쟁력 중요…바로 나""",Politics
"안철수 ""한화솔루션 아니라 한화트러블…빚갚겠다고 증자? 주주가 물주냐""",Politics
"정청래, 5부제 동참 대중교통 출근…""계속 이렇게 다니겠다""",Politics
"안철수 ""유상증자 '한화솔루션', 주주 물주로 본 '한화트러블'""",Politics
"침묵 깬 이인제, 이진숙 지원사격...""가장 빛나는 투사 목 치다니"" 공관위 맹비난",Politics
"주호영 “박근혜 탄핵, 첫 단추가 잘못된 공천” 공관위 직격",Politics
"전용기 “박상용, 앞으로 나올 녹취에도 변명 준비해야 할 것”",Politics
"주호영 ""컷오프는 중대 문제…공천 폐해 뿌리 뽑아야""",Politics
[정치뷰] 김부겸 기대감 커지는 與…국민의힘 텃밭 '사수' 총력,Politics
‘험지’ 대구 공략 나서는 與김부겸…오늘 출마선언,Politics
"민주는 '동진', 김부겸 오늘 대구 출마선언 / 주호영 무소속 출마? 흰 옷 입은 이진숙 / 국힘 이정현은 호남 출마 시사 / 지하철 타고 출근하는 정청래",Politics
[6·3 지선] 이정현 전남광주 출마 시사…'컷오프' 이진숙 대구 유세,Politics
"진짜 반성, 보수 가치 재구축, 덧셈 정치로 전환",Politics
"'아스팔트도 자산' 이혁재, 논란 일자 ""어디서 살라는거냐""",Politics
"이인제, 이진숙 지원 사격 “가장 빛나는 투사”",Politics
"지선 대신 당권?…국힘 내부 ""장동혁 밑에선 출구 없다""[여의뷰]",Politics
"""北, 미군의 '전략적 유연성' 위협으로 인식…유사시 미군 한반도에 집결""",Politics
"수사 검사가 ""이재명 주범 돼야""‥국정조사로",Politics
"[인터뷰] 오세훈 ""대통령보다 5선 서울시장 택하겠다…진심 통할 것""",Politics
"[인터뷰] 전현희 ""마지막 유리천장 깰 것…강남 당선 유일, 본선 경쟁력""",Politics
“조국·한동훈 와서 빅매치 되면 주민들은 즐겁지”…부산 민심 르포,Politics
추미애 직행이냐 대역전극이냐…민주당 경기도지사 경선 관전법,Politics
[청와대스케치] 李대통령 “붉은 동백꽃이 떨어지듯 무수히 많은 생명이 쓰러진 4·3…현대사 가장 큰 비극”,Politics
"김부겸, 대구시장 출사표···국힘은 ‘자중지란’ [투데이 여의도 스케치]",Politics
미사일 보유량 전쟁 핵심 변수…세계 ‘미사일 강국’ 어디[이현호의 밀리터리!톡],Politics
“백바지-난닝구 때처럼 당 분열시키나”[주간 舌전],Politics
"김부겸, 오늘 출마 선언…'보수텃밭' 대구 선거판 '지각변동' 예고",Politics
'압승 또는 완패'…서울시장 선거 3연속 25개 자치구 '싹쓸이' 뚜렷,Politics
"이 대통령 ""다주택공직자 승진 배제? 사실 아냐…손실은 그의 책임""",Politics
"김부겸, 오늘 출마선언…이정현 ""험지서 역할""",Politics
'회유 없었다'던 박상용…녹취 공개로 논란의 중심에,Politics
李대통령 “다주택 공직자 승진배제 사실 아니다”,Politics
"MB ""집에 있어야할 그들이, 야당서 뭔가 하니까 그게 문제"" [이명박 회고록]",Politics
이재명標 '부동산 정상화 정책팀' 재편 속도…다주택 공직자 배제 착수,Politics
"믿었던 70대도, 캐스팅보터 20대도…국힘에 등 돌렸다",Politics
전세계 바닷속 지도 그린다…미래 '해저전쟁' 준비하는 中 [밀리터리 브리핑],Politics
"""범죄자"" 욕한 장동혁 대신 검찰만 때린다, 여당의 진짜 속셈",Politics
"[인터뷰]전현희 ""저는 '강남3구'에도 소구력 있어…李 대통령과 국정철학 통하는 '이심전심' 후보""",Politics
"[단독] ""인정하자, 보수는 참패했다""…MB, 13년 만에 입 열다",Politics
"김부겸 출마 선언에 달궈지는 대구…국힘, 위기감 속 대구시장 첫 토론회",Politics
후보 난립·인물난 되풀이...경기도 지선 공천 ‘딜레마’,Politics
"‘尹 어게인’ 논란, “한동훈 만세” 나온 청년 오디션",Politics
"민주는 東進, 김부겸 오늘 대구 출마선언… 정청래, 영덕 대게잡이 배 타며 ‘TK 구애’",Politics
"8번중 5번 보수가 차지했던 경기지사, 후보조차 못찾는 국힘",Politics
"김정은, ICBM 새 고체엔진 시험… 美에 ‘이란과 다르다’ 메시지",Politics
靑 ‘다주택 5급 이상 승진 배제’ 추진 않기로,Politics
안방 대신 영남 훑는 민주당··· DJ 오랜 숙원 '동진' 총력전,Politics
"김부겸, 오늘 출마 선언…'보수 심장' 대구 선거판 흔든다",Politics
"이혁재 ""평생 활동도 하지 말고 죽으라는 소리냐"" 불만",Politics
"한동훈 ""李, 계산은 정확히...'청담동 술자리' 가짜뉴스 부추긴 거 사과해야""",Politics
與 ‘검사가 형량거래 제안’ 녹취 공개… 박상용 검사 “짜깁기한 것”,Politics
"與, 김부겸 앞세워 영남 동진… 野 이정현은 호남 출마시사",Politics
"김정은, 추진력 높인 고체엔진 공개… 美에 ‘우린 이란과 달라’ 메시지",Politics
이혁재 “내가 좌파 연예인이었어도 이랬을까…어디가서 살라는거냐”,Politics
비호감 덫에 빠진 장동혁 지도부… 호감도·지지율 모두 19%,Politics
"유시민이 던진 불씨, 송영길이 부채질…靑, '집안 싸움'에 속앓이?",Politics
"'한강버스'로 번진 유람선 사고...與 ""시민생명 볼모 정치쇼"" ·오세훈 측 ""정치공세""",Politics
"이혁재 ""내가 좌파 연예인이었어도 이랬을까…어디 가서 살라는거냐""",Politics
"전쟁 중인 미국 보란 듯…김정은, 신형 ICBM 엔진 과시",Politics
"“전재수·김용…범죄자 전성시대” 장동혁, SNS로 연일 대여 공세",Politics
"[개헌 성패<하>] 이번엔 다를까…원포인트 개헌, 관건은 국민의힘 9표",Politics
"김부겸, 내일 대구시장 출사표...이정현, 험지 호남 출마 시사",Politics
"민주 ""대통령 잡으려 진술 설계""...수사검사 ""적반하장, 황당무계""",Politics
"‘국힘 청년 오디션 심사’ 이혁재 “룸살롱 폭행, 10년전 일…날 못 죽여 안달”",Politics
“지금 대구에 필요한 사람”…유튜브로 출마 예고한 김부겸 전 총리,Politics
"'컷오프' 주호영 ""국힘·보수 무너뜨려온 공천 폐해 뿌리 뽑아야""",Politics
"유람선 사고가 '한강버스'에 대한 경고? 서울시 ""민주당, 저열한 한강 우려먹기"" 반발",Politics
"김부겸, 유튜브 통해 출마선언 예고…""지금 대구에 필요한 사람""",Politics
박지원 “쓰레기봉투 동났다…물색모르는 야당 지지도 추락할 것”,Politics
"박상용 검사 ""이재명 주범되는 자백있어야"" 녹취 폭로 파문",Politics
"김부겸, 유튜브 채널에 출마선언 예고…""대구 목소리 대변""(종합)",Politics
민형배 측근 과거 뇌물 구속·여론조사 개입 논란 확대,Politics
설~ 설~ 끓는 안산갑…보궐선거 앞두고 범여권 내전 과열,Politics
"'컷오프' 국힘 주호영 ""잘못된 공천이 보수 무너뜨려…개혁해야""",Politics
환호 대신 잡음만 키운 국힘 청년 오디션,Politics
"박주민·정원오, 기숙사 놓고 설전…""鄭, 반값기숙사 반대"" ""대안부지 제안""(종합)",Politics
"민주당, ‘이화영 진술 회유 의혹’ 녹취 공개",Politics
"김정은, 美 직접 타격 가능한 ICBM용 엔진 시험 참관…딸 주애 모습 안 보여",Politics
"대구시장 출마 선언 앞둔 김부겸…정청래 ""늘 미안하고 고마워""",Politics
"부산 북갑 보궐선거, 돌고 돌아 결국 ‘구관 대결’?",Politics
"“이재명 주범 되는 자백 있어야” 與, 쌍방울사건 검사 육성 공개",Politics
[6·3 지선] 이정현 전남광주 출마 시사…'컷오프' 이진숙 대구 유세,Politics
"""이재명 완전히 주범 되는 자백 있어야""‥쌍방울 사건 '진술 회유' 논란",Politics
국힘 내홍에 흔들리는 대구…선거판 갈피 못 잡고 ‘지리멸렬’,Politics
김부겸 앞세워 기대 부푼 민주…“대구도 부울경도 해볼 만”,Politics
"“李, 얄밉게 잘한다 아이가”… 흔들리는 대구 민심",Politics
부동산 정상화 자신감 드러내는 李대통령…힘받는 보유세 개편설,Politics
李대통령 ‘천안함 발언’ 논란에… 靑 “남북관계 안타까움 표현”,Politics
"민주, '대북송금' 검사 녹취 공개…해당 검사 ""짜깁기"" 반박",Politics
[뉴스더] 판 커진 6·3 재보궐…현역 '사퇴시점' 수싸움,Politics
"‘컷오프’ 주호영 “대구 시민 뜻 따라 결심할 것…공관위, 지금이라도 바로 잡아야”",Politics
"""국정안정 힘실려 與 유리… 국힘 최후의 보루 TK 지킬지 촉각"" [막오른 6·3 지방선거]",Politics
"이정현 ""신청자 '0' 험지 갈 것"" 전남광주 통합시장 나설 듯…김부겸, 30일 출마선언",Politics
"‘컷오프’ 이진숙, ‘대구시장’ 어깨띠에 삼성 유니폼 입고 야구장 등장",Politics
중동 새판 짜려는 美… 亞·유럽과 ‘포스트 아브라함’ 연대 [이종윤의 밀리터리 월드],Politics
"美,차세대 정밀타격 미사일 시험 비행 성공… 극초음속 무기 경쟁 가속 [이종윤의 밀리터리 월드]",Politics
金의 도전·朱는 반발·劉 거리두기… 정계 재편 중대 변수로,Politics
김동연 “다시 경기도정 맡으면 동지와 함께하는 것을 행동으로 보여줄 것” [경기지사 예비후보에게 듣는다],Politics
삼성라이온즈파크 등장한 '공천 컷오프' 이진숙,Politics
"김건희에 귀금속 준 이봉관 회장 왜 자수했나 ""이러다 죽을 것 같았다""",Politics
"선거판 흔들 '메가톤급' 변수 여전 ""싸움은 이제부터""",Politics
李 공소취소 총공세 펼치는 민주당,Politics
"박형준 ""운전자 바꾸면 길 잃어"" vs 주진우 ""깨끗한 손으로 교체""",Politics
대전 지방선거 공천…민주당 '경선'·국민의힘 '단수',Politics
'친명 단일화' 장종태·장철민…세 결집 응수 나선 허태정,Politics
"“가장 어려운 곳에서 역할하겠다”… 이정현, 광주특별시장 출마하나",Politics
"한동훈, 연일 李 대통령 저격 ""청담동·백해룡 100% 가짜뉴스…계산 정확히 하자""",Politics
"김부겸, 2·28 기념 공원에서 대구시장 출마…파란 바람 일으키나",Politics
"‘이란과 우린 달라’… 北, 美 보란듯 신형 ICBM 엔진 시험 공개",Politics
'李 주범 자백' 육성 파장…대북송금 사건 거래설 재구성,Politics
우의교엔 북한행 트럭 ‘씽씽’… ‘빗장 더 풀리나’ 기대감 솔솔 [북·중 접경지 단둥 르포],Politics
"“이재명이 완전 주범으로”…쌍방울 수사 검사, 이화영 회유 정황",Politics
"김남국·김용·전해철에 조국까지?···‘양문석 지역구’ 안산갑 보궐선거, 범여권 과열 양상",Politics
'공천 파동→표심 이탈' 수세에 몰린 장동혁,Politics
박주민·전현희 '정원오 때리기'…鄭은 오세훈 비판(종합),Politics
"""서울 발전에 세금 꼭 써야 하나… 시민리츠로 '자강' 가능"" [6·3 지방선거 주자]",Politics
"[데일리안 오늘뉴스 종합] 김부겸, 30일 대구시장 출마 공식화…오전 국회·오후 대구서 발표, 국민의힘 ""'추경 만능론'에 매몰된 李정부, 국가적 위기 더 키워"" 등",Politics
"전한길 부정선거 이어 학력 음모론까지, 이준석 ""고소 추가"" 반발",Politics
"SNL 나간 한동훈 ""李 정치 대승적으로 하라, 다큐로 한 말""",Politics
"6년 전 영상 올린 김부겸 ""그날의 약속 지키겠습니다""",Politics
"민주 ""한강유람선 사고, 오세훈 한강버스에 대한 경고…즉각 중단하라""",Politics
"SNL 다큐였나…한동훈 “‘그알’ 조지는 李대통령, 청담동·백해룡 가짜뉴스 ‘계산’합시다”",Politics
"'폭력 전과' 이혁재, 국힘 심사 적절성 논란에 ""씨, 난 어디서 살라고""",Politics
"이정현 ""나부터 어려운 길""... 컷오프 논란에 '험지 출마' 배수진",Politics
김부겸 내일 대구시장 출정식…이정현은 광주 출마 시사,Politics
"조광한 ""오세훈 정치적 메시지? 후보 사퇴하고 정치 선언하는 게 맞아""",Politics
영남권 분위기 달라져…국힘→민주 간판 바꿔 출마 ‘우르르’,Politics
"이정현 ""가능성 0% 지역 가겠다""",Politics
"""이재명 주범 설계"" ""이화영 자백 후 통화""…朴검사 녹취 '진실게임'",Politics
김부겸 출마 ‘동진’하는 민주…텃밭 사수도 비상 걸린 국힘,Politics
"다주택 참모 해법, 文 때와 다르다... '공직 윤리' 대신 '경제 논리' 택한 李",Politics
'3파전' 국힘 대구 달서구청장 최종 후보 31일 공개,Politics
"李 ""사과하라 한다고 北이 사과하겠나""…국힘 ""그 한마디 문턱이 그렇게 높나""",Politics
국힘 ‘청년 오디션’ 한다더니…이혁재 “아스팔트 청년도 자산” 논란,Politics
"'25조 추경' 국무회의 의결·李, 잇단 정상회담…이번주(30~4월5일) 주요일정",Politics
"與 ""검찰, 李대통령 잡으려 진술조작 확인""…박상용 녹취 공개(종합2보)",Politics
與전남광주시장 정책배심원제…지지자는 환호·배심원은 실망,Politics
이 대통령 '북 천안함 사과하란다고 하겠나' 조선일보 보도에 청와대 답변은,Politics
"“사실상 이재명 선거”..전문가들, 與 우세 전망 [막오른 6·3 지방선거]",Politics
"한동훈, 조국에게 ""쭈뼛거리지 말고 만나자""…조국, 노래 '**** you'로 응수?",Politics
"4·3 앞 제주 찾은 이 대통령 “국가폭력, 나치 전범처럼 영구 책임”…공소시효 폐지 약속",Politics
"美, 이란 지상전 검토 속 ""이미 목표 달성""…대이란 대응 '혼선'",Politics
"[기획] 정부, 물가 다잡는다… 43품목 집중관리",Politics
국힘 잇따른 헛발질에…김부겸 대구시장 결국엔 등판,Politics
"민주 ""정치검찰, 대통령 잡으려 진술 설계""...국힘 ""범죄자 전성시대""",Politics
"민주 ""검찰 '대북송금' 진술 조작""…녹취 공개",Politics
"한동훈 ""이 대통령, 계산 정확히 하자…청담동 술자리 가짜뉴스 사과해야""",Politics
"김부겸, 내일 출마선언…대구시장 선거 격전 예고(종합2보)",Politics
"주진우, 박형준에 맞불…""'안 된다' 관료형 리더십으로 한계 봉착""",Politics
"與 ""검찰, 李대통령 잡으려 진술조작 확인""…박상용 녹취 공개(종합)",Politics
"경선 레이스 맞춰 메시지 늘리는 장동혁, 지지율 반등 동력 될까",Politics
이재명·전재수·김용 다 때린 장동혁…2선 후퇴 대신 정면돌파,Politics
"""이재명이 완전히 주범 되는 자백 있어야"" 검사 녹취 공개…민주당, 쌍방울 사건에 국조 화력 집중",Politics
"한동훈 “청담동 가짜뉴스 부추긴 李, 내게 사과하라”",Politics
"한동훈 “청담동·백해룡 가짜뉴스… 李대통령, 계산 정확히 하자”",Politics
"한병도 ""배우자, 차명약국과 무관…월급받는 근무약사""",Politics
"쌍방울 녹취록 공개한 與 특위, ""내주 연어·술파티 수원지검 현장점검""",Politics
"SNL서 이재명 직격한 한동훈⋯이번엔 ""저한테 사과 안 하셨죠?""",Politics
박주민·전현희 '정원오 때리기'…정원오는 오세훈 비판,Politics
"한동훈 조작기소 국조 증인 신청 어쩌나…국힘, 또다시 내홍 조짐",Politics
“정부 덕에 금연하는 날 올까요”…‘담뱃값 1만원 시대’ 열릴까,Politics
“바닷가 돔구장 짓겠다” 전재수 공약…박형준은 ‘사직야구장 재건축’,Politics
"“우린 이란과 전략적 체급 달라” …김정은, 화성-20 개량형 새 고체엔진 시험·특수부대 참관",Politics
"‘윤 어게인’ 최종 우승, ‘폭행 전과’ 이혁재 심사···논란만 남긴 국힘 청년 오디션",Politics
"'2차 종합특검 후속 입법' 공방…여 ""비겁한 선동"" 야 ""범죄자들 살판""",Politics
민형배 캠프 '오늘만 신정훈 지지'… 특별시장 단일화 개입 논란,Politics
"한동훈 ""계산은 정확히…李대통령 가짜뉴스 부추긴 거 사과하라""",Politics
"민주당, ‘박상용-변호인’ 녹취 전격 공개…“이재명 주범 자백 시 추가영장 없다” 회유 정황",Politics
[단독] 이정현 “가능성 0% 지역 가겠다”…전남광주통합시장 출마 시사,Politics
"‘李대통령의 남자’ 김용, 경기 안산 공천 초미 관심",Politics
"한병도 ""배우자 '면허대여 약국 연루 의혹' 명백한 왜곡…사실무근""",Politics
김동연 캠프 “1% 패배도 없다…유승민 카드에도 흔들림 없어”,Politics
"박주민 ""응봉동 반값기숙사 반대한 정원오…민주당의 길 아냐""",Politics
"[인터뷰]박찬대 ""새로운 인천 자신감, 기존 행정 넘는 아이디어 있다""",Politics
"이 대통령 ""국가폭력은 나치전범처럼 영구책임…상속재산은 자손도 책임""",Politics
"나경원 ""與공개 박상용 녹취록, 전형적인 짜깁기… 전체 녹취 공개해야""",Politics
"김부겸, 대구시장 출마…정청래 ""꼭 이기고 돌아와달라""",Politics
"TV조선, 메인뉴스에서 '김용 전자발찌' 오보 정정 방송",Politics
"우원식 “최악의 경찰 이근안, 이승의 악행 저승에서 다 갚길”",Politics
"박상용 검사실 ""연어·술 파티"" 현장, 국회 특위 직접 확인한다",Politics
"北, 美보란듯이 신형 ICBM 엔진 시험…김정은 “최강의 전략 군사력”",Politics
"‘공천 내홍’ 국민의힘, 경기지사 유승민 출마 설득 총력전",Politics
“대구시장” 어깨띠 이진숙…컷오프 아랑곳없이 ‘야구장 마이웨이’,Politics
나경원 “박상용 검사 녹취는 짜깁기 조작… 모든 녹취 공개하라”,Politics
"‘반의반값 아파트 10만호 공약’ 與전현희 “토지는 공공이 소유, 건물만 분양”",Politics
김부겸 등판에 TK까지 넘본다…민주당 ‘동진 전략’ 본격화,Politics
선거 포기한 장동혁?… 박민영 이어 ‘윤 어게인’ 이혁재 논란도 뭉개기,Politics
"박상용 검사 녹취 공개 ""이재명 씨가 완전 주범되는 자백 있어야""…與 ""이화영 회유 정황""",Politics
"나경원, ‘이화영 회유 의혹’ 녹취록에 “전형적 짜깁기, 전체 공개하라”",Politics
"정청래 “대구 김부겸, 꼭 이기고 돌아오라…삼고초려 미안하고 고마워”",Politics
김부겸 대구시장 출마… ‘미워도 다시 한번’에 기대는 국힘,Politics
"한준호, 박상용 맹비난...""주범이 '이재명'이어야 했나...책임 물을 것""",Politics
박상용 검사 “이화영 대북송금 자백후 변호인이 종범 회유…내 ‘거절’을 ‘제안’ 둔갑시켜”,Politics
"[속보] “尹검찰, 李대통령 잡으려 진술조작 확인…법의 심판대에 올릴 것” 與국조특위 밝혀",Politics
"주진우 ""박형준 시장님, '안 된다'로는 부산 못 바꿉니다""",Politics
"김정은, ICBM용 새 고체엔진 시험 참관…미국 향한 무력과시",Politics
"'찐명' 김영진 ""유시민 ABC론? 또 난닝구 빽바지?...노무현 때도 갈등 중심, 결국 정권 뺏겨""[KBC 뉴스메이커]",Politics
"민주 ""정치검찰, 대통령 잡으려 진술 설계""...국힘 ""범죄자 전성시대""",Politics
"“전공 빠진 졸업장 믿냐” 전한길, 이준석 또 압박",Politics
"나경원 ""박상용 녹취록, 전형적인 짜집기 조작…전체 녹취 당당히 공개하라""",Politics
李 대통령 “제주 4·3 진압 공로 서훈 취소 근거 마련… 국가 폭력 시효 영구 폐지”,Politics
"'서울시장 출마' 전현희, 서울 주거공약 발표…""반의반 값 아파트 10만 호 공급""",Politics
"민주 국조특위 ""검찰, 이 대통령 잡으려 진술조작 확인…총체적 불법""",Politics
"장동혁, 검사 줄사표 소식에 ""범죄자들만 살판, 국민만 피해""",Politics
박민영·이혁재 논란에 여전히 '절윤의 늪'..장동혁號 운명은,Politics
북한에도 '독거미 부대' 있다…여군 특수부대 이례적 조명,Politics
"민주, 대북송금 수사검사 녹취 공개…국정조사 본격화",Politics
"전재수·김용·송영길 출마 예정…장동혁 ""'범죄자 전성시대' 민주 오만함, 국민 심판할 것""",Politics
"한동훈 ""대통령이 방송 조지면 나라 꼴이 어떻게 되나"" 李 질타",Politics
한강유람선 좌초에 민주당 일제히 오세훈 비판…“시민 생명 볼모로 정치쇼”,Politics
"보수 텃밭 디비지나…김부겸, 30일 대구시장 출마 선언",Politics
장동혁 “범죄자 전성시대”…민주 지선·보선 출마 예정자에 독설,Politics
김민석·김어준 세 차례 공개 충돌... 심상치 않은 與 지지층 분열 [노변정담],Politics
"""아들도 그렇게 가깝진 않겠다"" 尹을 삼촌이라 부른 진짜 실세 [실록 윤석열 시대2]",Politics
"김정은, 추진력 26% 늘어난 ICBM 엔진 공개 “군사력 최강”…이란과 다르다고 과시했나",Politics
"흰색 상의·어깨띠 두르고...이진숙, 야구 개막일 '라팍' 등장",Politics
"與국조특위 “검찰, 李대통령 잡으려 진술조작 확인… 총체적 불법”",Politics
與 “검사 회유 드러나…연어 술파티 목격 교도관 국조특위 증인 출석”,Politics
“방송국 조진 이재명” “몰상식한 추미애”…SNL 출연 한동훈 ‘말말말’,Politics
"서울시장 출마 전현희, ‘반의반값 아파트’ 10만호 공약",Politics
"'왕사남' 영월 찾은 조국 ""우상호와 연대 열어뒀다""…김진태 도정보고회엔 ""사전 선거운동 의심""",Politics
"“씨, 어디서 살라고”…이혁재, 음주폭행·내란옹호 욕먹더니 투덜",Politics
"與, '상납·강매 의혹' 조정훈에 ""정자법 위반""…조 의원측 ""사실 아냐""",Politics
"장동혁, 李대통령 등 대여 공세 고삐…내홍·지지율 정체에 '동력 부족'",Politics
"오준환, 컷오프 단식 4일째…""당에 대한 애정 변함없어""",Politics
[일요와이드] 중동전쟁 장기화 최대 고비…지방선거 대진표 윤곽,Politics
"전현희, 서울 주거공약 발표…""임기내 반의반값 아파트 10만호 공급""",Politics
"민주, 대북송금 수사검사 녹취 공개…국정조사 드라이브",Politics
"與국조특위 ""검찰, 李대통령 잡으려 진술조작 확인…총체적 불법""",Politics
"김종혁 “국힘, ‘역시 한동훈’ 여론 무서워 국정조사 안 부르나”",Politics
"국힘 “이재명, 북한에 천안함 ‘사과하라’ 한마디 문턱 그렇게 높나”",Politics
"與 ""대북 송금 검사, 이재명 주범 자백 회유"" 녹취 공개…""역으로 짜깁기"" 반박",Politics
"북 ICBM용 새 고체엔진 시험…""전략적 군사력 최강""",Politics
"이정현 ""공천 상처 입은 분들께 사죄…가장 어려운 곳서 역할할 것""",Politics
"김정은, 엔진성능 높여 다탄두 ICBM 위협…美 보란 듯 ""북한은 이란과 다르다""",Politics
"이혁재 또 尹옹호 ""아스팔트청년 자산… JTBC MBC 엄청난 기사, 노이즈 마케팅""",Politics
"""이재명 주범 되는 자백 있어야..."" 쌍방울 검사는 이렇게 말했다",Politics
"보수 텃밭서 ‘이변’ 노리는 김부겸, 대구시장 출마 공식화",Politics
수사 장기화 속 공천헌금 의혹 정치인 주변 인물들도 출사표,Politics
"[서산] 민주당 시장 예비후보들, 경선 앞두고 첫 '토론'… 누가 잘했나",Politics
"'북한 사투리' 라디오 들어서 감옥 갔는데... 엄청난 반전 [김종성의 '히, 스토리']",Politics
"조국, 욕설 제목 팝송 SNS 공유…'한동훈 연관 아니냐' 추측무성",Politics
"""美, 수주간 이어질 지상작전 준비 중""",Politics
전현희 “임기 내 공공주택 10만호 공급…李정부 부동산 철학 ‘이심전심’”,Politics
"[단독] “한강버스 위법” 감사원, 1년 전엔 “문제없다” 감사 거부",Politics
"北, '세계 수준' ICBM 엔진 성능 과시…美 본토 '다탄두'로 때린다",Politics
국힘 대구 달서구청장 단일화 논란 이어 지역 의원들 '개입' 논란,Politics
"SNL 나온 한동훈, ‘그알’ 언급한 李에 “대통령 되고 그러면 안 돼”",Politics
김부겸 내일 ‘대구시장 출마’ 선언한다…2·28기념공원 고른 까닭은,Politics
"김부겸, 내일 국회·대구서 출사표…대구시장 선거판 커진다",Politics
장동혁 “민주당 출마 예정자들 ‘범죄자 전성시대’”,Politics
"국민의힘 ""전쟁 추경? 매표용 현금 살포…불난 집에 기름 붓나""",Politics
[여의도풍향계] 유시민 'ABC론'에 여권 균열…수세 몰린 장동혁 지도부,Politics
"김부겸, 민주당 총력 설득 끝 등판…대구 선거판 흔드나(종합)",Politics
이혁재 심사로 시작해 '한동훈 만세'로 끝났다...국힘 청년 오디션 뼈때린 윤상현,Politics
[人사이더] 달아오른 대구시장 선거… 김부겸 출마 이유가?,Politics
"""대통령이 방송 조지면 나라 꼴 뭐가 되냐""... SNL 출연 한동훈, 李에 쓴소리",Politics
‘태풍의 눈’ 김부겸 대구시장 출마 공식화…국민의힘 안방 사수 비상,Politics
"이재명 대통령 '고문 경찰' 이근안에 ""최악의 범죄자""",Politics
"김부겸, 내일 출마선언…국힘 내홍 속 대구시장 선거 격전 예고(종합)",Politics
"김정은, 릴레이 방산시찰…""러시아戰서 배워온 노하우로 고도화""",Politics
"SNL 한동훈 “대통령, 방송국 조져”…그알 보도에 “상당부분 팩트” 논란",Politics
"""어우 되게 과감하시네""...한동훈, 李대통령에 '영상편지' 남기더니",Politics
"절윤한다던 국힘, 이혁재에 손현보 아들까지…도로 ‘윤어게인’?",Politics
[연합뉴스 이 시각 헤드라인] - 10:30,Politics
"'이재명 주범 자백' 육성에 ""회유 증거"" vs ""짜깁기""",Politics
"국민의힘 ""이 대통령, 통수권자 자격 없어‥굴종적 안보관""",Politics
"SNL 출연한 한동훈…“李대통령, 정치를 대승적으로 하세요” 저격",Politics
"SNL 출연한 한동훈, 李대통령 '그알' 사과 요구에 ""나라 꼴이…"" 직격탄",Politics
[위클리 키워드] 삭발,Politics
"'빛바랜 훈장' 국가폭력 주도자 서훈 박탈되나…경찰, 전수조사 착수",Politics
"3000만 원 드론으로 미국 상대하는 이란...드론 전쟁 시대, 한국군은 어디쯤 왔나",Politics
"[속보]李 “고문·사건조작 범죄자들, 훈장 박탈 당연”",Politics
"조국, 페이스북에 'FXXX You'…한동훈 발언 맞물려 해석 분분",Politics
"'대구시장' 어깨띠 한 이진숙 ""컷오프? 내 갈길 간다""…대구시장 선거운동",Politics
"한동훈, 李대통령에 ""자기에게 불리한 방송 조지면 나라 꼴 어떻게 되겠나""",Politics
"명품무기, 중동형 K2 전차 vs K2 전차 비교해 보니[이현호의 방산!톡]",Politics
"北, 엔진출력 높여 다탄두 ICBM 박차…美에 '건들지 말라' 메시지",Politics
"'경남 1당 다툼' 민주·국힘, 전 선거구 공천한다…심사 본격화",Politics
"‘여론조사 압도’ 김부겸, 대구시장 당선 그래도 못 미더운 까닭은",Politics
"이란 전쟁 한달…강대국도 못 끝냈다, ‘짧은 전쟁’ 끝났다 [박수찬의 軍]",Politics
영서 잡고 영동 흔들고…강원지사 선거 '동진' 승부,Politics
"이 대통령 ""다주택 공직자에 '매각 압박' 안 해""…부동산 정책 자신감",Politics
"김정은, ICBM용 새 고체엔진 시험 참관…""전략적 군사력 최강""(종합)",Politics
"""물러서지 않겠다는 의지의 결연함""…'삭발'을 선택한 정치인들",Politics
민주당 설득 끝 '김부겸' 등판...대구 선거판 흔드나,Politics
"'성추행 유죄' 오태완 의령군수, 비공개 공천 신청에 당내 반발",Politics
"SNL나간 한동훈 ""李대통령 이러시면 안 됩니다""…예능 아닌 다큐라며 한 말",Politics
"장동혁 직격한 박지원 ""오로지 추경? 지금 '전쟁추경' 안 하면 언제 하나? 이러다 다 죽어""",Politics
"대구시장 경선 앞두고 국힘 내홍 지속…시민 ""혼란스럽다""",Politics
"법치인가, 권력의 무기인가…'사법 3법'이 던진 질문",Politics
"北, ICBM용 대출력 고체연료 엔진 분출 시험 진행…""최강의 전략 군사력""",Politics
李 “다주택 공직자 승진 배제 사실 아냐”,Politics
"박형준 ""월클 도시 만들겠다"" vs 주진우 ""부산 경제 뛰게 할 것”…경선캠프 개소(종합)",Politics
"[인터뷰] 한준호 ""'명픽'은 함께 일할 사람…경기도 곳곳서 저 보게 될 것""",Politics
"[직격인터뷰] 김영록 ""행정과 경제, 성과로 검증된 후보""",Politics
"[직격인터뷰] 주철현 ""난 '원조 친명'…끝까지 가겠다""",Politics
"김정은, 새 고체엔진 시험 참관…""전략적 군사력 최강 올려""",Politics
"전재수 ""부산 북항에 바다 품은 돔구장…사직구장 너무 낡았다”",Politics
"“주호영, 대구시장 출마해야…3파전이 대구 살려” 홍의락 말에 정치권 파장",Politics
"'뉴페이스 공천' 막바지…서울·부산 경선 자평, 일각 '사심' 의심",Politics
수도권 자신감에 동진 속도내는 與…최전선 PK·대구 당력 집중,Politics
"[지선PICK] 김동연 ""나는 '일 잘하는 친명'…국정 제1동반자로서 역할 할 것""",Politics
"與 ""반대해도 강행""·국힘 ""무차별 돈풀기 반대""…추경 샅바싸움",Politics
지지율 65% 업은 李 '부동산 드라이브'…참모 매각·관료 배제까지 속도전,Politics
[단독]6·3 지선 앞두고 공무원 38명 사직…공직사회 '출마 러시',Politics
"민주당 총력 설득 끝 등판…김부겸, 대구 선거판 흔드나",Politics
'레드팀' 자처하는 국민의힘 초·재선들…'침묵하는 중진'에 쏠리는 눈길,Politics
"[인터뷰] 유정복, '홀대론'에 발끈…""베스트 드라이버냐 초보 운전자냐""",Politics
"한화오션, 加잠수함 현지협력 확대…운항·탐지·유지보수 망라",Politics
국힘 본격 경선 레이스…서울·부산·대구·경북 후보 토론회 시작,Politics
[트럼프관세 1년] 동맹 구조 바꾼 트럼프…'거래 외교' 기세 여전,Politics
국힘 또 바닥…집안싸움에 대여 공세 '무용지물'[여론풍향계],Politics
조국·김남국·김용·전해철까지…여권 인사 대거 거론되는 안산갑 보궐선거,Politics
"다카이치, 아베처럼 미국과 이란 간 중재 나설까",Politics
"李대통령 “부동산공화국 탈출, 대한민국 대전환 위한 핵심 과제” 外 [이 주의 점‘입’가경]",Politics
'타지 부촌'에 집 두고 '내 지역'엔 전세사는 경기 시장·군수들,Politics
"김용민 전대 출마설…""檢개혁 완수 성과"" 지지층 업고 당권 노리나",Politics
‘어퍼컷 세레머니’ 박형준 “손흥민처럼 월클 도시” 달아오르는 부산 선거판,Politics
김정은 '대적' 선언에도 李대통령 '저자세'…서해수호의 날이 들춘 민낯,Politics
[개헌 성패<상>] '좌초'의 역사…개헌은 왜 실패했나,Politics
"지지율 상승에 인물로 화룡점정…민주, 역대급 지선 승리 현실화?",Politics
"국민의힘 ‘혁신 공천’ 강조했지만…내홍에 가처분 신청, 삭발까지",Politics
영남까지 노리는 정청래...여의도 맴도는 장동혁,Politics
"이 대통령 ""다주택공직자 승진배제, 사실 아냐...보고받은 적도 없어""",Politics
"이혁재 ""누가 될까 고사했지만, 큰 보람""…비판론엔 '아쉬움'",Politics
"전한길 ""공증 하버드 학적부 필요""…이준석 ""타진요식 음모론""",Politics
지방선거에서 시작된 합종연횡…정권까지 교체했던 연합?[대통령의 연설],Politics
"이혁재, '논란' 언급 없었다…""장동혁 중심으로 승리 집중""",Politics
김건희 '수사 무마' 정조준…직권 남용 '윗선' 밝혀내나,Politics
"'윤어게인' 이혁재 ""아스팔트 청년도 자산‥장동혁 중심으로 승리""",Politics
"엇박자 내는 이스라엘에…""민간인들 떠나라"" 보복 예고",Politics
"논란 이혁재 '윤어게인' 옹호…쏟아진 박수 ""새로운 발견"" 평가도",Politics
"'TK 표심잡기' 나선 정청래…국힘, 공천 놓고 '불협화음' 여전",Politics
장동혁 비판하는 국힘 출마자들…장동혁은 '마이웨이',Politics
김부겸 출마 앞두고 팽팽한 대구 민심…정청래 '무박 2일' TK 공략,Politics
"""네거티브하면 후보 자격 박탈""… 성남 경선, '통합 시험대' 올라",Politics
"""입양 아동 물량·소진"" 예비 부모 경악케 한 담당 직원 말",Politics
"""전한길 '타진요' 수법"" 이준석, 하버드대 졸업장 공개한 이유",Politics
"[뉴스더] 부동산 심리전 李, ""손실 감수""는 경고장?",Politics
"李 ""다주택 공직자 승진 배제 사실 아냐""…野 ""사실상 매각 유도""",Politics
"정청래, 무박 2일 '野 텃밭' 공략…박형준·주진우 첫 TV토론 격돌",Politics
‘장동혁은 유세장 기피 인물’?…“화살은 외부로”,Politics
"[데일리안 오늘뉴스 종합] “유족 가슴에 비수”…여야 ‘천안함’ 공방 격화, 이혁재 “아스팔트 청년도 자산”, 문닫는 검찰 '엑소더스' 현실화",Politics
"김정은 ""예측 불가능성만 예측 가능""…옅어진 기대감, 대화에서 대비로 [취재파일]",Politics
"이혁재, 논란에도 모습 드러냈다…“장동혁 중심으로 승리하자”",Politics
박형준 “부산을 ‘월클 도시’로 만들겠다”…주진우 “정정당당히 싸워 승리할 것”,Politics
"박형준·주진우, 같은날 캠프 개소식…""월클 도시"" vs ""반드시 승리""",Politics
"한동훈, '조작기소 국조에'…""불러도 망, 쫄아서 못불러도 망""",Politics
차기 지도자 與 김민석 14.5%·野 장동혁 18.2%-리서치웰,Politics
"여야, 李정부 부동산 정책 공방…""부동산 폭등"" ""통계 왜곡 후안무치""",Politics
대전 구청장 선거판 윤곽… 유성 ‘정용래 vs 조원휘’ 확정,Politics
"박형준 “보수 대통합”, 주진우 “보수의 적자”",Politics
"한동훈 ""민주당, 번호표 뽑고 한명씩 나온다...부끄러운 줄 몰라""",Politics
"한준호, 대북송금 수사팀 직격…“짐승은 두려울 때 짖어”",Politics
"이혁재 ""아스팔트 청년도 소중한 자산…장동혁 중심으로 승리""",Politics
"“팔라고는 안 한다”… 李의 선 긋기, 그러나 다주택은 이미 ‘불리한 상태’",Politics
"호준석 ""'이재명 피고인' 변호인이 수사 검사들 겁박...이게 나라냐, 국조를 처벌해야""[여의도 진검승부]",Politics
"이준석, 학력위조 의혹에 하버드 졸업장 공개…""타진요와 같은 수법""",Politics
李대통령 “공직자 다주택 매각압박 안해… 정책만으로 집값 안정 가능”,Politics
"국민의힘 ‘심사위원’ 이혁재 “아스팔트 청년도 자산, 장동혁으로 집중”",Politics
"""비정상 폭등"" ""시장 정상화""…여야 '부동산 정책 책임론' 공방",Politics
"박형준 ""월클 도시 만들겠다""…주진우 ""정정당당히 승리할 것""(종합)",Politics
"국힘 ""이 대통령, 천안함 유족에 면박""…청 ""남북 현실 답답함 말한 것""",Politics
"국민의힘, 李대통령에 사과 요구 분출…""천안함 유가족 절규 짓밟아""",Politics
"李대통령 ""조기특진도 사양한 참군인""…직접 찾아가 악수한 이 사람, 누구?",Politics
"이대통령, 다주택 공직자 승진 배제 보도에 ""집 팔라 말라 하지 않는다""",Politics
이혁재 “아스팔트 청년도 우리 자산…장동혁 중심으로 승리”,Politics
"중동사태, '파병' 압박 등 한반도 안보에도 영향",Politics
"여야, 李정부 부동산 정책 공방…""비정상 폭등"" vs ""후안무치""",Politics
"""가벼운 한마디가 46명 희생 짓밟았다""…국힘, 李대통령 천안함 발언 맹폭",Politics
"'검찰 직속상관' 양부남 ""한동훈, 민주당 쫄았네?...경망, 교만, 자기가 대단한 줄 알아""[여의도 진검승부]",Politics
"홍의락 ""주호영, 대구시장 출마해야…3파전이 대구 살린다""",Politics
"""서강대교 넘지 말라"" 조성현 대령 만난 대통령...""특진 사양, 참 군인""",Politics
"[자막뉴스] 美, 한국에서 빼가더니...유탄 맞은 한국 '최악의 시나리오'",Politics
"장동혁 ""청년의 힘으로 선거승리""‥이혁재 ""장동혁 중심으로 이기자""",Politics
"이언주, ‘탈원전 비판’ 박수영에 “10년 전 얘기로 억지 비난”",Politics
장동혁 “청년의 힘으로 지선 승리”…이혁재 “뭇매 맞을 테니 청년이 바꿔달라”,Politics
"[자막뉴스] ""집 팔라 말라 안 한다""...대통령이 직접 반박한 보도 내용",Politics
"악명 높던 北 ‘게슈타포’ 보위부, 어쩌다 김정은의 애물단지 됐나 [주성하의 ‘北토크’]",Politics
트럼프 발언 직전 거액 선물 계약ㆍ조기 휴전 베팅… 부도덕ㆍ몰염치 판치는 ‘전쟁 경제’[양정대의 전쟁(錢爭)외교 시대],Politics
"이정현 러브콜 받은 유승민, 경기도지사 출마 의사 묻자 ""생각해본적 없다""",Politics
이혁재 논란 속 국힘 청년오디션 결선 심사...장동혁 “청년의 힘으로 승리할 것”,Politics
영덕에서 새벽 고기잡이 나선 정청래…“경북 더 잘 살피겠단 의지”,Politics
자주국방 꿈 이룰까...가속페달 밟는 이 대통령,Politics
“빨간 점퍼 입게 해달라”…오세훈 공개 압박 속 국힘 악재 누적,Politics
"국민의힘, 기초長 ‘현역 컷오프’ 현실화…대구서도 “혁신 공천” 목소리",Politics
"장동혁, '해촉 요구' 이혁재와 청년 오디션 참석…""청년의 힘으로 승리""",Politics
장동혁 “공정 심사” 강조…이혁재 논란 속 국민의힘 청년 오디션 결선,Politics
"""전공 빠진 졸업장 믿어?""…전한길, 이준석에 '학적부 공개' 재차 압박",Politics
"바다 위 지뢰 ‘기뢰’ 위력은…가성비 극강, 세계경제도 타격[이현호의 밀리터리!톡]",Politics
"""父를 父라 부르지 못하고"" 텃밭 대구서도 '빨간점퍼' 못 입는 국힘, 어쩌다[금주의 정치舌전]",Politics
"오세훈, 내부순환로 지하화 추진…서울 대개조 시작",Politics
"""4월 23일 단일화""... 서울진보교육감 후보 6명 전격 합의",Politics
‘오디션’ 심사 논란 이혁재… “아스팔트 위 청년도 소중한 자산”,Politics
"“파병? 아무도 안 움직인다”…식어가는 美 압박, 한국 숨통 트이나 [외안대전]",Politics
"국힘 ""李 대통령, 北 천안함 폭침에 또 침묵…유가족 절규 짓밟아""",Politics
"나경원 “북한이 사과하겠냐는 李대통령, 유가족 마음에 비수 꽂아”",Politics
"세종 민주진보교육감 단일화 '파행 위기' 극적 타결, 29일부터 4일간 투표",Politics
"장동혁 ""北이 사과하란다고 하겠냐는 李, 천안함 유족 가슴에 비수""",Politics
"국힘 ""천안함 유족 절규 짓밟은 李대통령, 사과해야""",Politics
'전남지사가 서울 아파트 소유' 공격한 신정훈…어디 사나 봤더니,Politics
"李대통령, 다주택자 승진 배제 보도 부인…“집 팔라 강요 안 해”",Politics
"국힘, ""북한 천안함 폭침, 대통령이 분명하고 단호하게 사과 요구해야…""",Politics
"국힘 “李, 천안함 유족 면박…가슴에 비수”",Politics
"나경원 ""李대통령, 천안함 유족에 잔인한 비수…어느나라 대통령인가""",Politics
"이준석, 학력위조 의혹에 하버드 졸업장 공개…“타진요와 같은 수법”",Politics
"[6.3 지방선거] '임병택 vs. 이동현', 민주당 시흥시장 후보 경선",Politics
"국힘 지지율 19%로 추락…일부 후보들 ""장 대표 유세장 올라""",Politics
"송언석 ""李대통령, 천안함 유족에 면박…대통령이 할 말인가"" 직격",Politics
"李대통령 “5급 이상 공직자, 손해 감수하며 다주택 유지하겠다면 자유”",Politics
"난무하는 정치적 동원, 유시민 ‘ABC론’에 숨은 정파적 셈법",Politics
[연합뉴스 이 시각 헤드라인] - 10:30,Politics
"이재명 ""다주택 공직자에 집 팔라 말아라 하지 않는다""",Politics
"박지원, 유시민 'ABC론' 두고 ""민감하게 반응 말고 단결"" 주문",Politics
"靑, ‘다주택 5급 승진 배제’ 추진 않기로…李 “손실은 본인 책임”",Politics
4.5세대 KF-21 늘리기가 답인가[양낙규의 Defence Club],Politics
"""美, 불량국가의 '국제질서 변경' 막으려 해…韓, 트럼프에 협력해야""",Politics
추미애 직행이냐 대역전극이냐…판 커지는 민주당 경기도지사 경선 관전법,Politics
[이슈]‘로또 청약’ 막는다 “시세차익 환수 공공주택 사업 활용”,Politics
"李, 석달만에 '정무특보' 임명장…당-청 이은 '조정식'의 안정감",Politics
"강수영 ""김부겸에 분노 맡길 수도""…서정욱 ""그래도 국힘 95%"" [논/쟁]",Politics
"李대통령 ""다주택자 승진배제, 사실 아냐""",Politics
"'다주택자 승진 배제' 보도에...李 ""사실 아냐""",Politics
"[지방정치 알고리즘] 광역의회 여성 14.8% 정체, 그 해법은?",Politics
李대통령 ‘靑 다주택 5급 승진배제’ 보도 직접 반박…“매각 강요할 필요 전혀 없다”,Politics
"김영우 ""장동혁, 劉 잡으려면 2선 후퇴를"" vs 서정욱 ""張외엔 대안없다…劉 대권기회""",Politics
"“집 팔라 마라 하지 않는다”…李대통령, 다주택 공직자 ‘승진배제설’ 정면 반박",Politics
"영덕 찾은 정청래 ""동진정책은 무서운 제목…與 어려운 지역 자주 찾겠다""",Politics
오늘 저녁 SNL에 한동훈 뜬다…대중 행보 이어져,Politics
이 대통령 “다주택 공직자에 집 팔라말라 하지 않아”…‘5급 이상 승진 배제’ 보도 일축,Politics
[클로즈업 북한] 미용 성형도 허용…“북한 여성들 ‘외모 꾸미기’ 확산”,Politics
트럼프 ‘이란 발전소 공격’ 열흘 시한…韓·이란 정부는 소통 ‘엇박자’,Politics
장동혁 체제에 반기 든 ‘주호영·한동훈’…TK 연대설까지 솔솔,Politics
李대통령이 다시 쏘아 올린 ‘선택적 모병제’…“전장환경 급변중”,Politics
노무현도 낙선한 ‘전략공천 무덤’···전재수 나가면 ‘한동훈 대 조국’ 차기 대선급 빅매치 오나,Politics
"[이슈&한반도] 친정체제 강화·헌법 수정…“한국, 가장 적대적 국가” 외",Politics
"이 대통령 ""참군인, 한번 보고 싶었다""...장군 진급 마다한 대령",Politics
"李대통령 “靑, 다주택 공직자 집 팔아라 말라 하지 않는다” 일축",Politics
"이 대통령 ""다주택 공직자 승진 배제 검토한 적 없어""",Politics
장동혁 “절윤에도 지지율만 떨어져...왜 민주당처럼 안되나” 호통,Politics
다주택 공무원 승진 배제? 이 대통령 “사실 아냐”,Politics
"전한길 ""이준석, 졸업장 의혹만 증가…복수전공은 허위사실"" 재반박",Politics
"국힘 '복당 보류' 김쌍우, 부산 기장군수 무소속 출마",Politics
'경기지사' 후보가 없다‥그렇다고 이진숙을?,Politics
"전현희 ""李대통령 팔지 않는다…열세 뒤집을 것"" [인터뷰]",Politics
"""0.1% 틈도 없게""‥실무 '과장급'도 배제 검토",Politics
경기 유승민 등판론에 장동혁 “가능성 열어 놓겠다”…답 없는 유승민,Politics
"""대구가 핫바지가"" 컷오프 역풍…이진숙 '약속대련설'에 대구 민심 뿔났다",Politics
"[직격인터뷰] 강기정 ""추진력과 정직함 갖춰…도구로 써달라""",Politics
'단수 공천' 뒤집힌 성남…민주당 내홍에 신상진 '어부지리?',Politics
"이재명 대통령 ""청와대는 다주택 공직자에게 집을 팔라 말라 하지 않는다""",Politics
8개월만에 10%대로 추락…'장동혁·빨간 점퍼' 속앓이,Politics
"‘집안 싸움’ 불붙는 민주당…정청래, “쉬운 선거 없다” 내부 단속",Politics
'막대기만 꽂아도' 옛말…균열 난 대구 보수 민심,Politics
쇄신 말하던 국힘…‘폭행·체납 논란’ 이혁재에 청년 심사 맡겼다,Politics
"[지선PICK] 김동연 ""경기도, '일잘러' 도지사 필요…'당사남'으로 李정부 성공 뒷받침""",Politics
‘다주택자’ 정책업무서 솎아내는 청와대…과장급까지 전수조사,Politics
"이재명 “쓰다만 소설”… 조국 “盧, 웃음 짓고 계실 것” [투데이 여의도 스케치]",Politics
[주간政談<하>] 국민의힘 대변인단에 무슨 일이?,Politics
"6.3 재보선 '미니 총선급'…확정 지역 7곳, 10곳 넘을 수도",Politics
"유승민 거듭 ""불출마"" 이정현 ""문 열겠다""…끈질긴 '러브콜'",Politics
"최저 지지율에 코너 몰린 장동혁…지원 유세 안 부르고, 빨간 점퍼 기피까지",Politics
"""6선이 설마 무소속으로?""…국힘 긴장케한 주호영·한동훈 연대설",Politics
"경기도지사 후보로 유승민 지목한 서정욱 ""'대권이 최종 목표인 유승민, 선당후사 안 하면 안돼""",Politics
'난닝구'와 '빽바지'의 추억…지금 이 논쟁이 李정부에 도움이 될까?[박세열 칼럼],Politics
‘안 팔면 답이 없다’…청와대가 다주택 참모 ‘직접 압박’ 않는 이유,Politics
"‘대구·경북, 대전·충남 행정통합 무산’에…여야 후보들 출마 잰걸음",Politics
"""'한국' 대신 '남한' 쓰겠다""…대만 입국신고서에 무슨 일이?",Politics
즉흥 SNS인 줄 알았더니…'바둑 고수' 李의 부동산 심리전,Politics
호르무즈 해협 기뢰 공포에…세계 9위 'K-소해전력' 주목,Politics
이란 전쟁 한 달...한국 외교·안보에 큰 파장,Politics
"오세훈 ""빨간 점퍼 입고 싶다"" 당권파 ""격 떨어뜨려""… 국힘, 공천 난맥 지속",Politics
"4월30일 전이냐 후냐… 여야, 지선출마 의원 사퇴시점 놓고 수싸움",Politics
선거 두달앞 국힘 지지율 10%대 첫 추락… 與는 영남 공천 속도전,Politics
공천 내홍에 지지율 쇼크…“정말 한심하단 분위기 팽배”,Politics
"선거 두달앞 국힘 지지율 19%... 장동혁, 유세장 기피 인물 됐다",Politics
주호영 “컷오프 가처분 기각되면 무소속 출마 고려”,Politics
'경기지사' 후보가 없다‥그렇다고 이진숙을?,Politics
올해도 국회 재산 1위는 ‘1200억’ 이사람(Feat.안랩),Politics
"지지율 바닥치는데…장동혁, 도로 '윤어게인' 노선 향하나",Politics
유승민에 '러브콜' 보냈지만…당 체질은 여전히 '역주행 중',Politics
이란 전쟁 한 달…안보·에너지 '복합 리스크' 직면한 한국,Politics
[주간政談<상>] '영감을 지켜라'…우당탕탕 차량 5부제 대작전,Politics
"박용진, 유시민 겨냥 “盧 때도 민주당 주류는 거부감”",Politics
"""난 김부겸이""vs""빨갱이가?""...반으로 나뉜 대구 민심 ""누가 될지, 가봐야 안다""",Politics
"""쉬운 선거 없다"" 민주 기강잡기...국힘은 또 최저 지지율",Politics
"이혁재 “尹, 내 가치관으론 무죄”…진종오 “李 해촉해야”",Politics
"통일교 의혹 수사받는데... 與, 전재수 부산시장 경선",Politics
국힘 잇따른 현역 ‘컷오프’…민주당 6인 경선 일정 확정,Politics
[정치더] '여권도 자중지란',Politics
"유승민, '당 쇄신안'에 ""갈라진 분들 다시 합쳐야""…출마 요구엔 재차 선 그어",Politics
"‘집안 싸움’ 불붙는 민주당…정청래, “쉬운 선거 없다” 내부 단속",Politics
[단독] 오영훈 비판 정체불명 문자 발송 명의는 ‘문대림’,Politics
"장동혁 ""민주당은 똘똘 뭉치는데 왜 우린 못하나""",Politics
"김종인 ""조희대 개인 잘못이라고 사법부 전체 뒤엎나""",Politics
TK도 27% 동률…'장동혁·빨간 점퍼' 속앓이,Politics
與 “보수당에 뺏길까” 野 “한동훈 나오나”…정치권 수싸움 가시화,Politics
"""한번 뵈면 좋겠다"" 장동혁 연일 러브콜…유승민 ""불출마 확고""",Politics
"지선 두달앞 국힘 지지율, 장동혁 취임후 10%대 첫 추락",Politics
"“불출마 생각 변함없다”…장동혁 만난 유승민, 여전히 선그어",Politics
"[비하인드 뉴스] '나밖에 없다'는 주호영…고성국 ""김부겸 따위 누구든지""",Politics
윤희근 사퇴·이범석 컷오프... 국힘 경선 '혼돈',Politics
[비하인드 뉴스] 다주택 털고 5부제 '솔선수범'…장동혁은 '뉴이재명'?,Politics
"추미애 후보 지지자, 향우회 간담회에서 '득표율' 발언 논란",Politics
“‘무료 이발’ 해준다더니 머리를 홀랑…”김영환 ‘삭발식’ 갔다가 봉변,Politics
국힘 지지율 19% 최저치…후보들 '장동혁 거리두기',Politics
어쩌다 경기지사 '구인난'까지‥유승민 러브콜에 이진숙 차출설?,Politics
"장동혁, 유승민 만나 ""한 번 뵈면 좋겠다""…유 ""불출마 생각에 변화 없다""(종합)",Politics
"이혁재, 국힘 오디션서 '尹 대왕고래' 소환…""원유 나왔다면""",Politics
"이혁재 심사위원에 TV조선 앵커 ""거꾸로 가는 국힘"" MBC 앵커 ""윤어게인 본색""",Politics
유승민이 영웅을 기억하는 법[주간 여의도 Who?],Politics
"민주당 주자 셋, 조국까지?…안산갑 '최대 격전지' 부상",Politics
[단독] 천안함 유족 “北 사과 받아달라”... 李 “사과하란다고 하겠습니까”,Politics
유승민에 '경기 등판' 손 내밀었지만…거듭 손사래,Politics
"색다른 선거운동? / ""오만방자"" 비판에 경고한 정청래? / 한동훈, 예능 출연 [정치톡톡]",Politics
국민의힘 또 10%대…여당의 '반도 안 되는' 지지율,Politics
[현장에서 묻다]전국서 가장 비싼 통행료…경남도지사 후보의 해법은?,Politics
국힘 잇따른 현역 ‘컷오프’…민주당 6인 경선 일정 확정,Politics
"국힘 일각, 이혁재 '청년 후보 심사'에 ""도움 안 돼…해촉해야""(종합)",Politics
[단독] 오영훈 비판 정체불명 문자 발송 명의는 ‘문대림’,Politics
장동혁 “박민영 잘 싸우는데 왜?”…대변인 임명 당내 반발 외면,Politics
"“여기 꽃바구니 하나”…李, 채상병 묘역 찾아",Politics
李 대통령 “계엄 때 ‘다리 넘지 말라’ 조성현 대령은 참군인… 응원해달라”,Politics
"""쉬운 선거 없다"" 민주 기강잡기...국힘은 또 최저 지지율",Politics
"“나서 달라” “생각 없다”…유승민, 국힘 러브콜에 거듭 선긋기",Politics
논란의 국민의힘 '청년 오디션'…尹어게인 후보들이 결선 갔다,Politics
"李대통령, ‘서강대교 넘지 말라’ 조성현 대령에 “진정한 참군인” 공개 칭찬",Politics
"한준호, 유시민에 ""분열 조장 바람직하지 않아""",Politics
선택적 모병제 다시 불지핀 李대통령…“국방개혁 속도 내야”,Politics
장동혁 취임 후 첫 10%대 당 지지율… 절윤·공천 싸고 자중지란,Politics
"장동혁 “한 번 보자” 했지만…유승민, 불출마 고수",Politics
"신정훈 ""민주당 선관위, 민형배 '득표율 호도' 게시물 삭제지시""(종합)",Politics
"李, ""서강대교 넘지 말라"" 조성현 대령 만나 ""특진 검토했지만…""",Politics
[단독] 국힘 오디션 탈락 직후 ‘한동훈 만세’ 외친 청년…“의도된 행동이었다”,Politics
"나경원 “또 여당 법사위원장? 국회 해산 요구해야…유승민, 불출마할듯”",Politics
"전남·광주특별시장, '박심'은 민형배?...'후원회장' 논란에 박지원 ""잘 몰라서, 곧 사임""[여의도초대석]",Politics
"장동혁, 유승민 만나 ""한 번 뵈면 좋겠다""…유, 출마에 부정적 입장",Politics
[맞수토론] '주-한 연대' 흰 점퍼 입나…오세훈은 '반장동혁' 세력 구축?,Politics
"이 대통령, 계엄때 '서강대교 넘지말라' 지시 조성현 대령에 ""한번 보고 싶었다""",Politics
"""서강대교 넘지 말라"" 조성현 대령…李 ""참군인"" 치켜세운 까닭",Politics
유시민 'ABC론' 송영길 친문 비판 겨냥?…수습 나선 정청래,Politics
국힘 끝없는 추락?…선거 앞두고 '장동혁호' 지지율 20% 붕괴,Politics
"李대통령 ""비상계엄 막은 조성현 대령, 조기특진 사양…참군인 기억을""",Politics
"李대통령, '다리 넘지 말라' 조성현 대령 만나 ""한번 보고 싶었다""",Politics
"‘서강대교 넘지 말라’ 조성현 대령, 특진 사양…李 “진정한 참군, 응원해달라”",Politics
"박지원 ""유시민 ABC론? 분파적 얘기에 반응 말자""",Politics
"민주 성남시장 후보 공천 번복에 '친명' 김병욱 ""선당후사 마음으로 받아들여""",Politics
‘안중근 방귀열차’ 올려 조롱…“뉴스 나왔다” 자랑해도 처벌 어려워,Politics
"與 '김부겸 출마' 수순에 대구 추가 공모, 부산은 '전재수·이재성' 경선",Politics
"李대통령, '이재명 조폭연루설' 또 비판… ""쓰다 만 소설""",Politics
[연합뉴스 이 시각 헤드라인] - 18:00,Politics
"김부겸, 출마 선언 최적지는 어디…수성알파시티 등 부상(종합)",Politics
"장동혁 ""서울 월세 150만원...李정권 부동산 정책 바로잡아야""",Politics
"""스마트강군 전환 필수 … 선택적 모병제를""",Politics
강기정·신정훈 단일화…민주당 전남광주통합시장 경선 요동,Politics
"""시계 받았다"" vs ""완전 허위""…주진우·전재수 정면 충돌",Politics
"장동혁, 유승민에 연일 경기지사 후보 러브콜 보내",Politics
"""윤석열 대통령 만세!"" 국힘 청년 오디션 결선 진출한 '윤 어게인'",Politics
"장동혁 ""한번 뵈면 좋겠다""…유승민 ""불출마 생각에 변화 없다""",Politics
"張 ""내부총질 탓"" 吳 ""분리 선거해야""…'절尹' 이후 갈등 격화",Politics
"장동혁 “6·3, 부동산 바로잡는 선거”…다주택 ‘걸림돌’ 치우고 총력전",Politics
"李, '서강대교 넘지 말라' 조성현 대령 만나…""한 번 보고팠다""(종합)",Politics
"“‘다 이긴다’는 말부터 자른다”… 정청래, 압승론 차단하고 ‘선거 리스크’ 먼저 겨눠",Politics
주진우 “전재수 ‘통일교 뇌물’ 거짓말”…田 “주 의원이 허위사실 공표”,Politics
"‘광폭’ 정청래와 비교되는 ‘방콕’ 장동혁, 안 가나 못 가나",Politics
"李 “‘서강대교 넘지말라’ 조성현 대령, 본인이 특진 사양…진정한 참군인”",Politics
"李대통령, ""서강대교 넘지 말라"" 조성현 대령에 ""보고 싶었다""",Politics
"여, 압승 기대에 '언행 주의보'…국힘, 위기 속 유승민에 러브콜",Politics
"민주당, 성남시장 ‘단수공천’ 결정 철회…김병욱·김지호 2인 경선",Politics
따릉이·지하철로 출근한 의원들 '인증샷'... 차량 5부제 동참 국회 풍경,Politics
"주진우 고발장에 전재수 반발 ""법적책임 묻겠다""",Politics
"'여당 프리미엄' 민주당, 6·3 지선 석권 목표…판세 가를 5가지 숫자",Politics
김종혁 “당내서 ‘장동혁 대표 거의 힘 없다’고 해…이상한 상황”,Politics
'시끄러운 혁신' 하겠다더니…이정현 국힘 공관위 전국서 '잡음'만,Politics
"""절윤 결의문 냈는데 왜"" 장동혁, 최악 지지율에 분통",Politics
"강득구, 유시민 겨냥 ""무죄 판결 받고 돌아온 사람에게 '당에 해 된다'고 하는건 이해 어려워""",Politics
"박지원, 유시민 ABC론에…“분파적 얘기 민감하게 반응하지 말자”",Politics
당대표인데 서울시장 유세 못 가는 신세···‘빨강 대신 흰색 점퍼’ 고민 후보들,Politics
“정책·비전으로 경쟁하길”… 전재수-이재성 부산시장 경선 돌입 (종합),Politics
"[단독] 장동혁 ""우리 당은 왜 대표 중심으로 못 뭉치나""... 박민영 재임명 반발에 격노",Politics
"전재수 ""허위주장 끝까지 책임 물을 것""…주진우 ""당당하게 사실 밝히라""",Politics
"한동훈 재차 국조특위 증인 자청 ""뭐가 무서워 도망다니나""",Politics
‘비명’ 전해철 출마 가능성에··· “당대표 직무정지 외치던 분”,Politics
"여, 대구 추가공모…국힘, 위기 속 유승민에 러브콜",Politics
"한동훈 ""국조 증인 제외 코미디…민주, 뭐가 무서워 도망다니나""",Politics
"전한길 또 ""하버드 맞냐?""…""무식이 용감"" 졸업장 인증",Politics
"'대구시장 공천 배제' 주호영, 10년 전에도 컷오프→가처분→무소속 출마",Politics
"25, 15, 3, 0.... 남성 정치인들은 이 충격적인 수치를 보라",Politics
"장동혁, 유승민 접촉했나… 국힘 경기지사 인물난에 골머리",Politics
"""이혁재가 우리당 심사위원? 어그로 안 돼""…진종오 ""해촉하고 다시 선정해야""",Politics
[단독]개혁신당 '허은아 축출 논란' 경찰수사 결론…이준석 등 무혐의,Politics
"강득구 ""무죄받고 돌아온 인물이 당에 해가 되나…송영길, 정부 성공 원해""",Politics
"이종훈 ""유시민-송영길 논란은 예고편, 전당대회 명청대전 더욱 치열""[박영환의 시사1번지]",Politics
"'국힘 심사위원' 뜬 개그맨 이혁재…""방송서도 퇴출된 사람"" 당내 비판",Politics
국힘 충북지사 경선 윤희근 사퇴…윤갑근 “모욕적이지만 끝까지 참여”,Politics
오세훈 “한동훈·이준석과 전략적 제휴 가능성”…‘보수연대’ 시사,Politics
"논란의 이혁재…이란 원유 얘기하다 '尹 대왕고래' 언급, 왜?[노컷브이]",Politics
"하버드 졸업장 올린 이준석, 전한길에 ""사실 왜곡, 책임 묻겠다"" 강공",Politics
"박성준 “한동훈, 국정조사 대상 아냐” 한동훈 “쫄았네”",Politics
윤희근 사퇴하고 윤갑근 남았다... 국힘 충북지사 후보 2인 경선으로,Politics
"[여담야담] 국힘 후보들의 '흰색 점퍼' 선거운동…오세훈 ""빨간 점퍼 입고 싶다""",Politics
"주호영, ‘컷오프’ 불복 가처분 심문 출석… “정적 제거용 공천 끝내야”",Politics
원주시장 대진표 압축…디펜딩 챔피언의 맞수 누가 될까,Politics
"양향자 ""유승민, 떠밀려 나오면 안돼""→ 劉 ""이정현 연락, 입장 변화 없다""",Politics
"박민영 감싸는 국힘 당권파 ""더 막말한 사람 많아""",Politics
'빨강 대신 흰 점퍼' 국힘 후보…당 거리두기 '2018어게인',Politics
"장동혁, 주택 4채 처분 후… ""잘못된 부동산 정책 바로잡겠다""",Politics
"'법원 출석' 주호영 ""무소속 출마 포함 모든 경우의 수 준비""",Politics
"""장동혁, 서울 오지마라""…당 대표가 선거 걸림돌 된 국힘",Politics
'룸살롱 폭행' 이혁재에 가려진 '원조 친윤' 강명구·조지연 [기자수첩],Politics
"김종천·전문학 민주당 대전 서구청장 후보, 컷오프 반발 ""재심 신청""",Politics
"[단독] 유승민 ""이정현 연락 왔지만 입장 변화없다…갈라진 보수 통합부터""",Politics
지방선거 승리 기정사실화?…당권 두고 '갈라치기 덫'에 빠진 與,Politics
오세훈 “빨간 점퍼 입고 싶다…張 변화 없으면 분리 선거”,Politics
"민주, 영남 공략 시동…국힘, 최저 지지율 수렁",Politics
"이준석, 전한길 ‘학위 의혹’에 ‘하버드 졸업장’ 응수",Politics
전한길 “하버드 졸업 맞냐”…이준석 “타진요 수법” 졸업장 공개,Politics
유시민 ‘ABC 발언’에 박지원 “분파적인 얘기 반응하지 말자”,Politics
"주호영 ""가처분 인용 가능성 높아…한동훈 참모진과 이야기 중""",Politics
"주호영 ""무소속 출마 포함 경우의 수 준비…한동훈과 협력할 수밖에 없지 않겠나""",Politics
"[속보]與부산시장 후보, 전재수·이재성 경선…경북지사 오중기 단수공천",Politics
"이동학 ""이진숙 급해진 듯... 재보궐 공천 쉽지 않을 수도""",Politics
"한동훈과 연대설?…주호영 ""직접 만남 없었지만 참모 간엔 교감""",Politics
경기지사 유승민 등판? '보수의 김부겸' 만들겠다는 국민의힘,Politics
"주호영 ""법원, 가처분 인용 확률 높아···한동훈 측 참모진과 협력 논하고 있다""",Politics
"[르포] 김부겸 출마에 흔들리는 대구…""보수 지켜야"" vs ""이젠 바꿔야""",Politics
"진종오 “이혁재 해촉해야, 코미디는 충분”",Politics
"다주택자라면 과장급도 정책 배제? 청와대 ""보유 현황 파악 중""",Politics
"이혁재 놓고 국힘 내부 '설전'…""부적합"" ""반성 중""",Politics
"기후환경장관 ""쓰레기봉투 사재기 안 하셔도 된다. 안심하시라""",Politics
"하버드 졸업장 공개한 이준석 “전한길, 아무말 대잔치”",Politics
주호영 “가처분 기각되면 무소속 출마…인용땐 경선 참여”,Politics
"[단독] 정청래 ""어긋난 컷오프 확인""…김지호 재심 인용날 '공천 원칙' 공문 발송",Politics
"“추미애 되면 유승민 뜬다”“ABC, 분열의 길”…與 경선 생존법",Politics
"서정욱 ""대구 고향 친구들도 김부겸 뽑는다더라…이진숙 컷오프도 그 때문""",Politics
김영환 이어 이범석도 '컷오프'…국민의힘 공천 후폭풍 어디까지(종합),Politics
"이준석 ""전한길, 타진요 같다"" 하버드대 학력 의혹 정면 반박",Politics
"李 ""'조폭연루설'은 쓰다만 소설…스토리라인 부실"" 거듭 비판",Politics
"'청년 후보 심사' 이혁재에 진종오 ""어그로 충분, 해촉해야""",Politics
"李대통령 ""조폭 연루설, 스토리 워낙 부실해 쓰다만 소설"" 이틀만에 또 비판",Politics
"'노무현' 앞세우고 '윤석열' 빼고... 교육감 후보들, 경력 전쟁",Politics
"‘하버드 졸업장’ 올린 이준석 “전한길, 타진요와 똑같아…고소 추가”",Politics
"이준석, 전한길 ""하버드 맞냐?"" 반복에 졸업장 공개",Politics
"주진우 ""뇌물의혹 전재수·수의계약 정원오 평행이론""",Politics
"오세훈 ""빨간 점퍼 입고 싶습니다. 입게 해 주세요. 당에 요청""",Politics
“스토리라인 워낙 부실해 쓰다만 소설”…이 대통령 ‘조폭연루설’ 재차 비판,Politics
"강남구청장 컷오프 성중기, 국힘 떠나 무소속 출마 시사",Politics
"李대통령 ""'조폭연루설'은 쓰다만 소설…출연진 연기가 조금만 리얼했어도""",Politics
"李대통령, ‘조폭 연루설’ 또 비판…“쓰다만 소설, 출연진 연기 조금만 리얼했어도”",Politics
"""어그로꾼 당장 해촉""…국힘 일각, 이혁재 심사위원 반대 목소리",Politics
"채상병 묘역 찾은 李대통령 ""그래도 많은게 제자리 찾아 다행""",Politics
與 지지층의 분화? 강성 아닌 지지층은 아예 바깥으로 밀려나 [김수민의 일침일갈],Politics
"‘룸살롱 폭행’ 이혁재, 국힘 오디션 심사자격 논란에 “책임 다해”",Politics
"당과 멀어지기?…국힘 후보들, '張·빨간색' 거리 두며 속앓이",Politics
"'뉴이재명', 분열이 아니라 확장이 돼야 한다",Politics
"'국조증인 제외' 한동훈 ""코미디 하나?…1대 190인데 뭐가 무서워서 도망가나""",Politics
"이재명 대통령 ""'조폭연루설'은 쓰다만 소설…출연진의 연기가 조금만 리얼했어도"" 연일 비판",Politics
"'유시민의 ABC론'이 불러온 민주진영 내전... 이동형 ""비겁한 갈라치기 멈춰라""",Politics
"전국시간선택제노조, 근무시간 강제 변경 폐지 환영",Politics
"정청래 ""언행 주의"" 기강잡기…국힘, 최저 지지율 수렁",Politics
"‘서울 무상교통’ 내건 박주민, 머스크에게 메시지 보낸 까닭은 [런치정치]",Politics
응어리 여전한 유족… “왜 천안함 사과 요구 못하나”,Politics
민주당 ‘집안 싸움’ 안산…“김용 나와 달라” VS “대법 판결 이후여야”,Politics
"신정훈 ""민주당 선관위, 민형배 '득표율 호도' 게시물 삭제지시""",Politics
"선물들고 뛰는 민주, 출발부터 꼬인 국힘",Politics
D-70에도 공천 '룰의 전쟁'…늪에 빠진 국힘,Politics
"""李대통령 따라서""…'복심' 김현지도 다주택 처분 나섰다",Politics
[무등의 아침] 신정훈 “후보 단일화 논의 중…정치공학적 유불리 따져선 안 돼”,Politics
"윤희근 전 경찰청장 ""당이 생각지도 못한 사람 내세워""",Politics
민주당 대전시당 공천 윤곽…구청장·지방의원 1차 심사 발표,Politics
"파병 요구도 문제…이준석, 트럼프 향해 쓴소리한 까닭",Politics
"'인적 쇄신'도 거절당한 오세훈 ""변화 거부하면 장동혁 분리""",Politics
"이준석 ""전한길, 아무말 대잔치 또 시작⋯'타진요' 방식으로 학력 의혹 제기""",Politics
"송영길, 유시민 'ABC론' 저격에 ""안중근 '견리사의'가 삶의 기준"" 반박",Politics
“미국·북한 회담 통역 자원… 트럼프·김정은 솔직하게 대화”,Politics
"김병욱, 성남시장 후보 경선 수용…“이재명 정부 성공 견인할 것”",Politics
"김영환 '삭발식' 참여 노인 ""무료이발인 줄…홀딱 깎아 버렸어""",Politics
"하버드 졸업장 올린 이준석…“전한길, 또 아무말 대잔치”",Politics
"오세훈 ""빨간색 점퍼 입고 싶지만…장동혁 변화 없으면 '분리 선거'""",Politics
"부산행 이준석 ""빨간색이 빨간 점퍼 못 입어"" 쓴소리",Politics
"박지원, 유시민 ABC론에 “민감하게 반응 말자···유 작가도 이 정도로 덮어두는 게 좋아”",Politics
"'국힘 심사위원 논란' 이혁재, 룸살롱 폭행에 ""법적·도덕적 책임 다해""",Politics
"이 대통령 '조폭 연루설' 거듭 비판…""스토리라인 부실, 쓰다만 소설""",Politics
"""재밌게 봐달라"" 한동훈, SNL 또 등판…풍자 수위 어디까지",Politics
“가벼운 언행 엄중 조치”… 지선 압승론에 민주당 ‘기강 잡기’,Politics
6·3재보궐 앞두고 ‘핫해진’ 안산갑…조국·전해철·김용·김남국·용혜인 ‘출마설’,Politics
오세훈 “혁신 선대위는 중도확장 선대위…빨간색 입고 싶다”,Politics
"한동훈, 국조증인 제외에 ""코미디 하나...1대 190인데 뭐가 무서워 도망가나""",Politics
"‘음주 폭행’ 실수라던 이혁재, 국힘 청년 후보들에 “저스트 두 잇!”",Politics
"정청래 ""가벼운 언행 엄중조치""…국힘, 유승민에 러브콜",Politics
"국힘, 지선 코앞인데 노선 갈등 재점화…당내 곳곳 지뢰밭",Politics
"[인터뷰] 김용태 ""장동혁 리더십 붕괴…서울·경기·인천 묶어 '혁신 선대위' 꾸려야""",Politics
"김병욱, 성남시장 경선 전환 수용… “갈등 아닌 화합 선택”",Politics
"한준호, 'ABC론' 유시민에 ""정치인 직접 거론해 구분 짓는 건 위험한 행위""",Politics
"박지원 “주호영, 신당 창당 나서야...무소속으로 출마 안 할 듯”",Politics
"한동훈 SNL 뜬다…""새 시즌 첫 회 출연, 재밌게 봐 달라""",Politics
"서정욱 ""대구 고향 친구도 김부겸 찍겠다고…이진숙 컷오프, 金대비 차원""",Politics
"오세훈 ""국힘 변화 없으면 분리해 선거…빨간 점퍼 입게 해 달라""",Politics
"박형준, 세이브코리아 집회에 ""법치주의 지키기 위한 운동이었다""",Politics
정당 지지율 민주 46% vs 국힘 19%…중도층선 44% vs 13%,Politics
"李대통령, 검·경의 형량거래 통한 사건 조작 비판",Politics
김영환 이어 이범석도 '컷오프'…국민의힘 공천 후폭풍 어디까지,Politics
"이준석 “전한길의 하버드 학력 의혹 제기, 타진요와 똑같아...고소할 것”",Politics
"‘다주택자’ 청와대 참모진, 잇따라 부동산 처분 시작",Politics
"집 두채 이상 과장급까지?…정부, 부동산정책 업무배제 검토",Politics
"전한길 ""하버드 학력 위조""…이준석 ""졸업장 공개, 고소 항목 추가하겠다""",Politics
"민주당, 영도·사상구청장 단수→경선 변경 논란",Politics
"""장동혁, 유승민과 의견 교환은 했다""…조광한 ""유승민, 경기지사 관심 있다는 말 안 해""",Politics
"前 수방사령관 ""육사총동창회 '사관학교 통합' 반대, 시대착오적 발상""",Politics
오세훈 “지선에서 국민의힘 지면 ‘박원순 시즌2’ 시작될 것”,Politics
이재명 대통령 지지율 65%…중도층 64% ‘긍정’[한국갤럽],Politics
"이준석 “전한길, ‘타진요’ 방식과 똑같다”…‘고소 추가’한 까닭은",Politics
"집 6채 중 4채 처분한 장동혁 ""대통령이 팔아서 아냐""",Politics
"""'그알' 김상중 리얼 연기 덕분에"" 李대통령, 이번엔 ""쓰다만 소설""",Politics
국힘 충북지사 후보 줄사퇴… '김수민 내정설'에 경선 붕괴 위기,Politics
"오세훈 “국힘, 중도 확장해야… 빨간 점퍼 입고 싶다”",Politics
험지부터 양지까지…서울시 비례 의원들의 '출마 지도',Politics
"김부겸, 與 전폭 지원 확보…출마 선언 장소 수성알파시티 부상",Politics
‘조폭 연루설’ 재차 비판나선 李대통령 “스토리 라인 워낙 부실…쓰다만 소설”,Politics
"박지원 ""조국 안산갑? 민주 관계 생각해야…송영길 만났더니 '당 결정대로'""",Politics
"오세훈 ""당 변화 없으면 분리할 수밖에…빨간 점퍼 입고 싶다""",Politics
오세훈 “18% 지지율로 어떻게 선거하나…빨간색 입게 해달라”,Politics
"안귀령 '진주 호떡' 먹방에…이 대통령 ""안 드렸으면 큰일날 뻔, 훈식이 형은 왜?""",Politics
"“부산 1위 탈락”… 국힘 청년공천 오디션, 기준 없는 선발 논란 키웠다",Politics
"'김영환 컷오프 반발' 삭발 시위…""무료 이발인 줄 알았는데…""",Politics
"트럼프, 이란의 ‘기축통화 흔들기’ 응징… 국내정치 부담에 출구전략[Deep Read]",Politics
"다주택 과장급, 부동산 정책서 배제? 靑 ""현황 파악 중""",Politics
[KBS여론조사] 차기 당 대표 선호도 정청래·김민석 ‘접전’,Politics
"靑 ""부동산 정책 담당자 다주택 현황 파악 중""…배제 조치 속도",Politics
관료는 솎아내는데‥부동산 상임위 20% '다주택',Politics
오세훈 “장동혁 지원 유세 모시고 싶다…다만 변신한 모습으로 와달라”,Politics
‘보수의 심장’이 격전지 되나?…김부겸 공개 등판·주호영 반발,Politics
"유용원 의원 “방위사업법 개정의 결실, 중동 수출형 K2 전차 ‘K2ME’ 1호 출고”",Politics
“서해는 아직 전쟁터다”…11번째 서해수호의 날 [박수찬의 軍],Politics
김혜란 국힘 춘천갑당협위원장 전격 사퇴,Politics
"""파병 대신 무기(Iron) 보내자""...이준석, 美핵심 안보매체에 제3의 길 제시",Politics
"박지원 '유시민 ABC론'에 ""분열 길 가서는 안 돼…이 선에서 덮어둬야""",Politics
"오세훈, 張에 “빨간 점퍼 입게 해달라... 변화 없으면 분리 선거”",Politics
오세훈 “국힘 바뀌지 않으면 서울시 차원 혁신선대위 구성”,Politics
"장동혁 ""軍 예우 강화""..송언석 ""정동영 경질하라""",Politics
오세훈 “빨간옷 입고 유세하고 싶다…당 변화 없으면 분리해 선거 치를 것”,Politics
"오세훈, 오·한·석 연대설에 ""전략적 제휴 가능성…뺄셈정치 안 돼""",Politics
"민주 ""국힘 '음주폭행' 이혁재 임명, 청년 모욕""…이혁재 ""한 번의 실수""",Politics
"오세훈 ""서울시 차원에서라도 중도 확장 선대위 꾸려야""",Politics
"주호영-한동훈 연대설에 김부겸의 역습까지…'설상가상' 국힘, 대구 쇼크",Politics
"조광한 ""장동혁, 유승민과 접촉했지만 확답은…이진숙 경기 공천? 희망사항""",Politics
"현대로템, 중동형 K2 전차 첫 공개",Politics
"오세훈 ""장동혁, 내가 빨간 점퍼 입게 해달라""…재차 압박",Politics
“이국종 교수님이 유튜브를?” 68만명 속았다,Politics
"오세훈 ""빨간색 입고 싶다, 입게 해달라…당 변화 없으면 독자 노선도""",Politics
"장지호 국힘 강북구청장 예비후보 ""강북구 사는 게 자랑스럽도록 하겠다"" [인터뷰]",Politics
"오세훈 ""국힘, 외연 넓혀야 선거승리…빨간점퍼 입게 해달라""",Politics
IDS홀딩스부터 시작된 범죄…담당 변호사가 본 박왕열은?,Politics
"[6·3 지선] 정청래 만난 김부겸 ""피하긴 힘들겠구나""…30일 출마 선언 예고",Politics
"‘삭발’ 박형준, 대자유총 토론회서 “세이브코리아는 법치주의 지키려는 운동”",Politics
이대통령 다주택자 압박에…김현지·강유정도 '집 팔기' 행렬,Politics
靑 참모진 ‘다주택 정리’ 가속화…조성주·김현지·이성훈 매물내놔,Politics
전한길 ‘이준석 학력 의혹’ 제기에…李 “아무말 대잔치 또 시작하네”,Politics
김진태 ‘약 4억 원’·김희철 도의원 ‘19억 원’ 증가,Politics
"폭행·체납 논란 이혁재 ""책임 다했다…실패 딛고 일어났다""",Politics
"국민의힘, 김영환 지사 이어 이범석 청주시장도 컷오프",Politics
“김정은 잘 대처했었다”…‘북미회담’ 트럼프 통역사가 전한 그날 분위기,Politics
2030년 전력화…‘하늘의 기뢰 사냥꾼’ 한국형 소해헬기[이현호의 밀리터리!톡],Politics
"송언석 ""서해수호 55영웅의 명복 빌어…李정부는 김정은 짝사랑하듯 저자세""",Politics
'2채·3채' 참모들 줄줄이 집 처분…김현지·이성훈도 동참,Politics
‘룸살롱 폭행’ 이혁재가 묻고 ‘윤어게인’ 답했다…국힘 청년 오디션,Politics
"이준석 ""전한길, 타진요와 똑같아.. 음모론자끼리 '아무말 대잔치' 공유·반복이 진실탐구 실체""",Politics
여권 달군 유시민의 'ABC론'…차기 당권 경쟁 서막?,Politics
"송언석 “李정부 저자세, 김정은 오만 키워”…정동영 경질 요구",Politics
박맹우 무소속 출마…후보 단일화 최대 ‘변수’,Politics
"靑, 부동산 정책 라인 다주택자 과장급까지 배제 검토",Politics
"""대통령 팔면 나도 판다""...장동혁, 주택 6채 중 4채 처분",Politics
'무료 이발'이라더니‥삭발식에 어르신 동원,Politics
"[지선PICK] '칠전팔기' 박운기, 與 서대문구청장 재도전…""이성헌은 '리틀 윤석열'""",Politics
[손병관의 뉴스프레소] 승산 없어도 '경기지사 유승민' 띄우는 이정현의 속내,Politics
"빨간 점퍼 벗고 하얀 점퍼‥""장동혁도 오지 마""",Politics
관료는 솎아내는데‥부동산 상임위 20% '다주택',Politics
"김종혁 ""국힘 무정부 상태…장동혁 힘없고 찾는 이 없어, '이미 끝났다' 말까지""",Politics
"입 연 이란 대사 ""한국 적대국 아냐‥협의하자""",Politics
"'무료 이발'로 알고 간 80대, '김영환 지지자'로 엉겹결에 삭발",Politics
野 1호 공약 제동 건 내홍…‘막말 대변인’ 재임명에 당내 반발,Politics
"국힘 심사위원된 '음주폭행' 이혁재 ""한번의 실수…모든 책임 다했다""",Politics
"“한 번의 실수, 책임 회피한 적 없다” 이혁재, 논란 속 국힘 청년 오디션 심사",Politics
"""한 번의 실수.. 모든 책임 다했다"" 이혁재, 국힘 청년 인재 심사하며 ""저스트 두 잇""",Politics
다주택 처분 속도내는 靑 참모들…조성주·김현지·이성훈 매물내놔,Politics
‘보수의 심장’이 격전지 되나?…김부겸 공개 등판·주호영 반발,Politics
‘불장’ 덕 봤다…청와대 참모 10명 ‘다주택자’,Politics
"[이충재 칼럼] 대구의 분노, 이유 있다",Politics
"""대못 박으시네"" 웃은 김부겸, 대구 출마 임박",Politics
"'ABC론' 유시민에 깊어지는 靑고심…""논란 키우면 불편""",Politics
李 기조 맞춰… 다주택 처분 나선 김현지·조성주,Politics
부동산 관련 공세 차단 나선 장동혁…주택 6채 중 4채 처분,Politics
[청와대스케치] 李대통령 “전기 요금 변경 않겠지만 절약 협조를” 중동發 에너지 위기 대응 총력… 靑 참모들은 다주택 해소 ‘속속’,Politics
"주호영 무소속 기로, 김부겸 출마 임박…'대구 3파전' 촉각",Politics
'다주택' 김현지 등 청와대 참모들도 속속 집 내놔,Politics
[시대데스크]6·3 지방선거에서 절대 찍으면 안 되는 후보,Politics
"김영환 지지자 '삭발식' 참여 노인 ""무료이발인 줄 알고 갔다 봉변당해""",Politics
[단독] 부동산 정책 세울 때 관련 부처 ‘다주택 과장급’까지 배제,Politics
장동혁에 거리 두는 野 후보들… 빨간색 대신 흰색 점퍼 입기도,Politics
김부겸 “피할 순 없겠다” 30일 출사표… ‘보수의 심장’에 노크,Politics
靑은 배제했는데…'부동산 상임위'엔 다주택 의원들 포진,Politics
도지사인데 자가는 서울에…도백들 해명은?,Politics
다수 다주택자 '내로남불'…당정 지지 영향 받을까,Politics
"與 '국정 발목' 상임위 독식 엄포에…野 ""재경위는 잘 돌아간다""",Politics
장동혁 러브콜에 꿈쩍 않는 유승민…국힘 '4월' 기다리는 이유,Politics
유승민 경기지사 출마 설득 나선 국힘…답 없는 유승민,Politics
[기자수첩] 집권여당 '이겨도 지는 선거'가 안 되려면,Politics
"[인터뷰]박주민 ""저는 이재명 정부와 정책 철학 공유…정치적 리더십 필요한 서울시장에 적임""",Politics
"靑국토비서관, 3주택 모두 내놔… 김현지, 2채중 1채 “처분중”",Politics
국힘 최대 악재 된 ‘장동혁 리스크’… 막말 논란 박민영 재임명,Politics
"재보선은 논의도 못하는 국힘… ""공천 지연에 총선 패했는데, 지금은 전국이 위기""",Politics
"""야, 또 터진다""... 韓대사관, 매일 새벽 폭음 속에서도 이란서 버티는 이유",Politics
박민영·이혁재 논란에 주호영 가처분까지… 국힘 '산 넘어 산',Politics
"野 공천파동, 與 필승회동… '보수 철옹성' 대구 흔들리나",Politics
"휘발유 'ℓ당 2000원' 임박… ""오늘 바로 인상하면 비정상""",Politics
"정청래, 김부겸 설득 총력…'동진 전략' 시험대",Politics
휘발유·경유 210원씩 인상… 주유소선 2000원 넘을 듯,Politics
"장동혁, 주택 6채 중 4채 처분 “노모에게 무상 증여”",Politics
"“당에 해가 될 사람” 유시민, 송영길 저격",Politics
"무리해 만든 2차 특검, 성과 지지부진… 與 “인력 증원”",Politics
추미애 가능성 커지자… 국힘서 ‘경기 유승민 등판론’,Politics
박주민 “정원오 도이치 협찬 골프는 도덕적 감수성 문제”,Politics
"“대통령이 팔면 나도 팔겠다”던 장동혁, 6채 중 4채 팔았다",Politics
"초유의 대법원장 탄핵 실현되나?…범여권, 도 넘은 사법부 겁박 도마에",Politics
'25조 추경' 앞 국민의힘 딜레마 …반대 시 '민심 역풍' 부담,Politics
가처분·재심에 삭발·단식까지…잡음으로 얼룩진 국민의힘 공천,Politics
"유승민 경기지사 영입설에 장동혁 ""가능성 열어 놓겠다""",Politics
"국감서도, 국조서도 또 김현지 실장…사라지지 않는 소환론 [정국 기상대]",Politics
“도움 안돼”… 장동혁 손절하는 수도권 주자,Politics
"""노무현도 B.. '뉴이재명'과 마찬가지"" 박용진, 'ABC론' 유시민 비판",Politics
'윤어게인'은 훈장?…오락가락 '절윤'에 국힘 선거 전략 혼선,Politics
[`26 국회의원 재산<하>] '코인 열풍' 못 피했다…상장폐지 쓴맛도,Politics
"이혁재 “누구나 실패할 수 있다, 저스트 두 잇”",Politics
‘보수의 심장’이 격전지 되나?…김부겸 공개 등판·주호영 반발,Politics
"김부겸, 30일 출사표 전망...대구시장 3파전 되나?",Politics
‘불장’ 덕 봤다…청와대 참모 10명 ‘다주택자’,Politics
"""피하긴 힘들겠다"" 등판 임박한 김부겸, '8전 전승' 여론조사 대해부",Politics
[속보]도곡동·대치동 주택 내놨다…청와대 다주택 참모들 잇따라 매물 처분,Politics
장동혁 “유승민 경기지사 후보 영입? 여러 가능성 열어놓을 것”,Politics
김진태 ‘약 4억 원’·김희철 도의원 ‘19억 원’ 증가,Politics
경기도지사 보수 후보에 유승민 등판?…장동혁 “가능성 열어놓겠다”,Politics
"[윤정호의 앵커칼럼] 대구, 너마저",Politics
김진태 ‘약 4억 원’·김희철 도의원 ‘19억 원’ 증가,Politics
[KBS여론조사] 차기 당 대표 선호도 정청래·김민석 ‘접전’,Politics
"국힘 충북지사 공천 '요동'…윤희근 ""여정 멈추겠다"" 사퇴 표명(종합)",Politics
거꾸로 가는 野…'폭행·빚투' 논란 이혁재가 청년오디션 심사,Politics
‘불장’ 덕 봤다…청와대 참모 10명 ‘다주택자’,Politics
‘보수의 심장’이 격전지 되나?…김부겸 공개 등판·주호영 반발,Politics
국힘 충북지사 경선 윤희근도 사퇴... 김수민·윤갑근만 남아,Politics
"靑국토비서관 3주택 모두 내놔…김현지, 2채중 1채 처분중",Politics
'불경기'에도 의원 10명 중 9명 재산 늘어…與 다주택자 22명,Politics
"[데일리안 오늘뉴스 종합] [주총] 카카오에 97분간 쏟아진 주주 질타, 장동혁 ""李대통령, 대한민국을 빚더미에 앉혀놔"", 공천 파열음에 대구 비상…김부겸 등판설까지 등",Politics
여권 달군 '유시민 ABC론'…차기 당권 경쟁 서막?,Politics
김부겸 '출마' 초읽기…주호영은 '무소속' 고심,Politics
"이범석 청주시장 '컷오프'...""서승우·손인석·이욱희 3자 경선""",Politics
"박용진, 'ABC론' 유시민에 ""노무현도 B였다""",Politics
[단독] '이철우 기사 무마' 언론사에 보조금 더 줬다,Politics
‘쇄신 대상’ 꼽힌 박민영 재임명…뭉칠 힘도 의지도 없는 국힘,Politics
"장동혁 ""주호영, 필요하면 만나겠다…당 위한 좋은 결정 해주실 것""",Politics
정청래 “선거 필승 카드” 김부겸 “도망 못 가게 퇴로 차단하셔”,Politics
'김수민 감점 요구' 거절되자…윤희근 사퇴 표명·윤갑근은 고심,Politics
부동산 정책 다룰 여당 다주택자 세어보니‥5명 중 1명꼴,Politics
"“고민이다” 장동혁, 집 6채 중 4채 처분…어떻게 했나 보니",Politics
‘다주택’ 김현지·이성훈 등 靑 참모들 속속 집 내놨다,Politics
李대통령 '정책 배제' 사인에도…당정 곳곳에 '다주택자',Politics
[단독] '무료 이발'이라 갔는데‥갑자기 '김영환 지지' 삭발 당해,Politics
"김부겸 ""30일 입장 밝힌다"" 출마 초읽기?‥뜨거워지는 대구시장 선거",Politics
장동혁 오지 마! 추경호도 흰색 점퍼?‥또 시작된 '국힘' 지우기,Politics
"""윤석열 무죄"" 개그맨 이혁재가 공천 심사?‥국힘, 도로 '윤어게인'",Politics
[비하인드 뉴스] 유시민의 애프터 서비스…친명계는 '20년전 갈등' 꺼냈다,Politics
"[비하인드 뉴스] ""장동혁 미담 알린 거""라던 '노모 시골집'…결국 증여 처분",Politics
충청권 국회의원 27명 중 11명은 다주택…'강남 3구' 보유자는 4명,Politics
[인터뷰]장동혁 “필요하다면 주호영 만날 것”,Politics
"달아오르는 달구벌…김부겸, 30일 대구시장 선거 출마선언 할 듯",Politics
김진태 ‘약 4억 원’·김희철 도의원 ‘19억 원’ 증가,Politics
'폭행' 이혁재 묻고 '극우' 청년 답하고…당내 시선도 싸늘,Politics
"[단독] 제8회 지방선거, 여성 광역의원 지역별로 보니",Politics
"이재명 대통령 ""투기 근절"" 기조에 靑 참모진 주택 처분 릴레이… 수석급 다주택자 '0명'",Politics
국회의원 다주택 60명…재산 증식 대세는 주식,Politics
대통령은 내놨는데…청와대 참모 5명 중 1명 '다주택자',Politics
'인세 15억' 이 대통령 재산 18억 증가…'주식 대박' 공직자들도,Politics
조병길 사상구청장 개혁신당행? 오은택 부산 남구청장 예비후보 등록 ‘배수진’,Politics
"5천만원이 33억 된 의원 / '음주폭행' 이혁재가 국힘 심사? / '6주택' 장동혁, 4채 처분 / ""대통령이 계산하세요~"" [정치톡톡]",Politics
靑 참모진 '다주택' 해소…수석급 문진영·조성주 주택 처분(종합),Politics
김현지 ‘청주집’ 내놨다…靑참모들 다주택 해소 잰걸음,Politics
"국힘 ""與 부울경에 범죄공천 라인업""…민주 ""무능한 야당의 네거티브""(종합)",Politics
"[6·3 지선] 정청래 만난 김부겸 ""피하긴 힘들겠구나""…30일 출마 선언 예고",Politics
"김현지·이성훈 등 ‘다주택’ 청와대 참모들, 집 내놨다",Politics
李 다주택 처분 기조에... 靑참모들 잇달아 매물 내놔,Politics
김형남 “중도 확장은 ‘투표장에 나오지 않는 사람’에게서 찾아야”···민주당 서울시장 예비경선서 ‘주목’,Politics
조성주·김현지 매물 내놨다…청와대 참모들 다주택해소 가속도,Politics
"김부겸, 30일 출사표 전망...대구시장 3파전 되나?",Politics
"'찐명' 김영진 ""안철수 이재명 버리고 도망, 김동연은 사수...고마운 사람, 재평가 시급""[KBC 뉴스메이커]",Politics
청와대 참모들 다주택 처분 나서…조성주·김현지·이성훈 매물 내놔,Politics
추미애 대항마로 경기 뛰는 이진숙? 불쑥 차출설 솔솔,Politics
주택 처분 나서는 靑 다주택 참모들…이성훈 국토비서관 3채 모두 매물로 내놔,Politics
"[르포｜대구 민심] ""언니, 당보고 찍으면 안돼""…""민주당 온다고 살려주겠나""",Politics
민주 박시선 ‘선두’ vs 국힘 이충우 ‘압도’…여주시 민심 향방은?,Politics
민주 47.8% vs 국힘 43.1%… 여주시 민심 ‘접전’,Politics
"주호영, 가처분 신청…공천 잡음에 영남권 출렁[박지환의 뉴스톡]",Politics
"서희건설 회장 ""김건희, 브로치 받고 '회사 도와줄 것 없나' 물어 사위 자리 부탁""",Politics
대통령 지시에 청와대 참모들 다주택 처분 '속도',Politics
"부산 북갑 보선, 전국적 관심 시들… 왜?",Politics
국힘 ‘청년 오디션’ 후보자·심사위원 이력 도마에,Politics
‘전·현직 vs 원외 인사’… 친명계 집안 싸움 격화,Politics
"정청래 “무엇이든 다해드리고 싶다”… 김부겸, 대구시장 출마 초읽기",Politics
“기장군수 첫 입성” 벼르는 민주 vs ‘후보 난립’ 국힘,Politics
'장동혁이 지원유세 온다면?' 답 못하는 국힘 서울·부산시장 후보들,Politics
靑 참모진 다주택 해소…김현지·조성주·이성훈 처분 나서,Politics
"""한동훈은 국정조사 대상 아냐"" 민주당에, 한동훈 ""쫄았네""",Politics
"""선당후사를"" 셈법은 180도…대구시장 대진표 들썩",Politics
"'서울집 팔겠다'는 김영록에, 신정훈 캠프 ""엘시티 박형준 전례 따르지 않길""",Politics
"美는 파병, 이란은 호르무즈 항행 압박… 韓 줄타기 외교 [이란전쟁 한 달]",Politics
"서희건설 회장 “김건희 목걸이 선물, 정권 도움 받으려 ‘보험용’으로 줬다”",Politics
당 내홍에 1호 공약 스톱…‘막말 논란’ 대변인 재임명 또 파열음,Politics
고성국 “누가 나와도 김부겸 따위는 이겨”…여론조사 못 봤나,Politics
"[단독] ""단일화 합의에도…"" 국힘 달서구청장 경선 결국 3자 구도",Politics
“피하긴 힘들겠다고 생각” …김부겸 대구 출마 초읽기,Politics
"[단독] 이성훈 靑 국토비서관, 부동산 3채 모두 처분 나서…김현지 1부속실장도 1채 매물 내놔",Politics
"다주택 공세 차단나선 장동혁, 6채중 4채 처분",Politics
"""김건희가 '괜찮은 액세서리 없다'길래 반클리프 목걸이 건네""",Politics
"원영섭 ""힘 없는 국민의힘만 외로운 투쟁, 검사들도 목소리 높여라""[박영환의 시사1번지]",Politics
靑 참모 4명 중 1명 다주택…1년 전과 비교해 보니,Politics
"""김용 모신 내가 찐명"" 역대급 줄대기 경쟁",Politics
"[단독] ""아들 능력으로 12억"" 김병욱 해명 추가 검증 '여전히 빈틈'",Politics
[단독] 조성주 이어 김현지도 아파트 처분 중…靑 참모들 다주택 해소 가속도,Politics
"[단독]김부겸, 대구시장 출마 실무팀 구성[시사쇼]",Politics
‘막말’ 논란 대변인 재임명에 부정선거론까지…국힘 ‘노선 갈등’ 재점화?,Politics
"'컷오프 불복 가처분' 주호영 ""정략적 사천에 싸우고자""",Politics
“밭두렁 PC” 전재수 공세 집중하는 국힘…지지율 타격은 ‘글쎄’,Politics
‘룸살롱 폭행’ 이혁재 “한 번의 실수… 법적·도덕적 책임 다 했다”,Politics
"'여조 왜곡 혐의' 장예찬, 피선거권 박탈…여연 부원장 사퇴",Politics
"""김부겸, 대구 필승카드""…국힘, 보수 텃밭 적신호",Politics
"""전기료 안 올리겠지만""…이 대통령의 '특별 당부' [짤e몽땅]",Politics
"‘선거법 위반’ 장예찬, 여연 부원장직 사퇴…‘막말 논란’ 박민영은 재임명",Politics
"""YTN 노동자는 하루하루가 전쟁, 청와대는 당장 방미통위원 임명해야"" ",Politics
"지선 코앞인데 신뢰도, 존재감도 없는 장동혁···국힘, 해답 안 보이는 ‘총체적 난국’",Politics
"이학재 ""靑 외압·허위보고·직권남용…공항통합은 1등 죽이기""",Politics
"조국, ‘부산행’ 목소리에 응답할까",Politics
정청래 만난 김부겸 “30일 입장 밝힌다” 출마 선언 예고…대구 지역 대대적 지원 촉구,Politics
"대구시장 선거, 격전지 부상…김부겸 출마 임박에 국힘 긴장(종합)",Politics
"민주 안산갑 '동상이몽'⋯""김용 맡아달라""·""대법 판결받고 나와라""[종합]",Politics
"'김영환 컷오프 항의' 삭발식 참가 80대 ""영문도 모른 채 삭발당했다""",Politics
'밭두렁 PC'부터 '까르띠에'까지…전재수 둘러싼 '3대 진실공방',Politics
"선관위원 청문회, 부정선거 도마…""음모론 치부도 문제"" ""사실 왜곡""(종합)",Politics
"전재수, '밭두렁 수색 TF' 장동혁에 ""내가 겁나나…제발 일 좀 하라""",Politics
"법정으로 간 공천 파동… 국민의힘 내홍, 해결사가 없다",Politics
"""피하긴 힘들겠구나"" 김부겸 출마 결심… 민주 최초 대구시장 나올까",Politics
"김남국 ""갈라치기 말라면서 분열 던져""…유시민 'ABC론' 정면 비판",Politics
"[영상] 서영교 ""나 무서운 거 이제 알았어?"" 곽규택 ""하나도 안 무서워. 그냥 웃겨""",Politics
"'룸살롱 폭행·빚투' 이혁재, 국힘 청년 오디션서 ""누구나 실수해""",Politics
'보수 심장' 겨냥한 與…정청래 '삼고초려'에 김부겸 '출마' 초읽기,Politics
"전국 누비는 정청래, 국회에 갇힌 장동혁",Politics
"권영진 ""이진숙 국회의원 보궐 출마? 대구가 우습나… 더 큰 악재""",Politics
"주호영, '컷오프 가처분' 신청…'기각 땐 무소속 출마도' 張 압박",Politics
"등판 몸푸는 김부겸, 길 헤매는 국힘…판세 요동치는 대구시장 선거",Politics
"주한이란대사 ""韓 비적대국이지만…美와 무관한 선박만 해협 통과""",Politics
"장동혁, 인적 쇄신 요구에도 ‘막말 논란’ 박민영 대변인 재임명",Politics
"""與 약속 지켜…내란 종식 불가"" 개혁 4당, 정치개혁 요구 삼보일배",Politics
"'윤석열 무죄' 이혁재, 국힘 청년 오디션 심사 강행‥""옛날일인데 어때""",Politics
"김부겸 삼고초려한 정청래 ""선당후사…지선으로 대구 대전환 승부수""",Politics
"[단독]‘피선거권 박탈’ 장예찬, 여의도연구원 부원장 사퇴",Politics
"대구시장 출신 권영진 ""대구까지 내주면 국힘 해산해야지""",Politics
최대 격전지 된 '보수 텃밭' 대구… 김부겸 등판 가시화에 판세 요동,Politics
국힘 씽크탱크 핵심이 ‘여론조사 왜곡홍보’ 유죄 확정…장예찬 피선거권 5년 박탈,Politics
장동혁 주택 6채 중 4채 처분…실거주·지역구만 남겨,Politics
“이분들 없인 부대 안돌아가요” 육군 부사관 788명 임관…5년새 최다,Politics
"공천배제 가처분신청 주호영 ""무도한 공천 학살에 맞서 싸울 것""",Politics
"""박민영 대변인 재임명, 절윤 국민 요구 거절한 것""",Politics
‘2주택 국토위’ 윤종군 의원 “이제는 1주택자…다주택자에게 할말 할 것”,Politics
"""한번의 실수로""...'룸살롱 폭행' 이혁재, 국힘 심사하며 한 말",Politics
'낙동강벨트' 김해·양산시장 선거…민주 '탈환' vs 국힘 '수성',Politics
"'컷오프 가처분' 주호영, 무소속 출마 묻자 ""모든 경우의 수 준비""",Politics
유지태 “100㎏ ‘한명회’ 소화하다…고지혈증·위염·대장염 생겨”,Politics
"장동혁, 집 6채 중 4채 처분‥서울·보령 아파트만 남겨",Politics
"이성권 ""장동혁, '막말 구설수' 박민영 재임명…국민의 '절연' 요구 거절""",Politics
"주호영, 컷오프 효력정지 가처분 신청… ‘주·한 연대’에는 “제 코가 석자”",Politics
"장동혁 ""하드디스크 밭두렁에 버렸단 전재수, 범죄 자백…수색TF 만들겠다""",Politics
한동훈 “집권당 190명이 나 한명 두렵나”…증인 제외 반발,Politics
"""대통령 팔면 나도 판다""…장동혁, 결국 6채 중 4채 처분",Politics
"""제 코가 석자""…'한동훈 연대설' 일단 선 그은 주호영",Politics
"""李대통령 집 팔면 나도 팔겠다""던 장동혁, 6채 중 4채 처분",Politics
"주호영, 컷오프 효력정지 가처분…""인용되겠지만 모든 경우수 준비""",Politics
"[바로이뉴스] ""대통령 팔면 나도 팔겠다""더니…장동혁, 주택 6채 중 4채 처분",Politics
"""윤석열 무죄"" 외친 이혁재, 국힘 비례대표 청년 후보 오디션 심사",Politics
"배종호 ""대구시장 선거 결과가 대한민국 정치의 한 획 그을 것""[박영환의 시사1번지]",Politics
"""바람이 불어도 신경쓰여”…파격 탈모공약 박주민 인터뷰[불편한 여의도]",Politics
국힘 심사위원 이혁재는 누구?…尹 무죄 주장·음주폭행까지,Politics
국민의힘 공천 법적 공방..주호영 무소속 출마 불사,Politics
"이혁재, 국힘 청년 오디션서 ""실패·실수할 수 있어…저스트 두 잇""",Politics
"‘삭발 배수진’ 박형준, 장동혁 부산 지원유세 온다면? “당 대표가 하겠다는데…”",Politics
"장동혁, ‘막말 논란’ 미디어대변인 재임명…당 안팎선 비판 목소리",Politics
"김남국 ""유시민, 갈라치기 말라더니 분열 조장…소강 국면에 휘발유 부어""",Politics
"'컷오프 불복 가처분' 주호영 ""공관위 결정, 절차·내용 모두 하자""",Politics
"주호영, 무소속 출마 여부 질문에 ""모든 경우의 수 준비""",Politics
"'다주택 논란' 장동혁, 보유 6채 중 4채 처분…""시골집 노모에 증여""",Politics
‘공천 배제’에 뿔난 주호영…“보복·표적 공천 망령 되살아나”,Politics
"최민희 ""2022 대선 패배는 선대위가 유능하지 못했기 때문""",Politics
"[속보]주호영 “가처분 신청, 사당화에 맞서는 것...표적 공천 때문 아냐”",Politics
"[속보] ""폭행·빚투·체납' 이혁재, 국힘 '청년 오디션' 심사위원에",Politics
"한동훈 ""공소취소 국조 증인에 나를 왜 빼…부를 배짱 없나""",Politics
"김부겸 출마 초읽기… 민주, 영남지역 공동선거로 총공세",Politics
국민의힘 박맹우 무소속 출마 선언.. 울산 보수 진영 요동치나,Politics
"이혁재, ‘국힘 청년 오디션’서 “실수·실패한 청년, 다시 일어서는 나라 돼야”",Politics
"[속보]주호영, ‘컷오프’ 효력정지 가처분 신청",Politics
"명태균 ""여론조사 조작 증거있나…신용한, 억울하면 맞고소하라""(종합)",Politics
"추경호 ""12.3 계엄 이미 사과... 김부겸과 대결, 승산 있다""",Politics
장동혁 6채 중 4채 정리... 실거주·지역구만 남겼다,Politics
장동혁 주택 6채중 4채 처분…실거주·지역구만 남겼다,Politics
"김부겸 30일 입장 발표 …국힘, 지선 앞 불협화음",Politics
‘이혁재·박민영’ 인선에 국힘 내부도 ‘절레절레’,Politics
이란 대사 “한국은 비적대국…호르무즈 기뢰 설치 안했다”,Politics
"""李대통령 집 팔면 나도 판다""…'주택 6채' 장동혁, 4채 정리",Politics
“검사에 ‘기록만 보고 판단하라’는 건 대한민국 100년 전으로 후퇴시키는 일”,Politics
지도부 내 우려에도…'막말 논란' 박민영 대변인 재임명,Politics
"박지원 ""ABC 정리 중 유시민, '존재감 제로' 조국, 계양 못 버리는 송영길""",Politics
"'윤어게인 반대 결의문' 국힘, 박민영 대변인 재임명",Politics
"'국힘 박민영 재임명'에 당내 비판 잇따라‥""약속 걷어차"" ""결의문에서 이름 빼야""",Politics
"'6주택' 장동혁, 4채 팔았다…""실거주·지역구만 남겨""",Politics
"""軍 전투력의 핵심·중추"" 올해 첫 육군 부사관 임관식",Politics
"“중도 없다”더니 18%, 국힘 셀프 박스권…지지층·TK도 “야당노릇 못해” 압도[NBS]",Politics
與 정청래 “대구 선거 이길 필승 카드”…김부겸 “30일 입장 밝힐 것”,Politics
"""장동혁, 주택 6채 중 4채 정리했다""…어떻게 했나 보니",Politics
"정청래 ""대구의 필승 카드"" 구애에…김부겸 ""피하긴 힘들겠구나""",Politics
'경제통' 의원들이 가진 주식은..삼성전자·쿠팡 등 다양,Politics
"張, '막말 논란' 미디어대변인 재임명…일각 선회 요구에도 직진(종합)",Politics
"국힘, 與 조희대 탄핵 추진에 ""잊을 만하면 탄핵 타령…설득력 없어""",Politics
"장동혁, 보유 주택 6채 중 4채 처분…다주택 논란 차단하나",Politics
"""대통령 팔면 나도 판다""…결국 4채 털었다",Politics
"권영진 ""주호영, 경고용 탈당 가능성…국힘 컷오프로 대구 민심 돌아서""",Politics
"민주당 경선 후보 김영록 ""서울 아파트 즉각 매도할 것…송구""(종합)",Politics
[질문에 답하다] 78년 만에 사라지는 검찰청…‘공소청·중수청’ 어떻게 달라지나,Politics
"국힘 혁신파·친한계, '장애인 비하' 박민영 재임명에 ""장동혁 사퇴하라""",Politics
"다주택 논란 장동혁, 결국 4채 털었다…""시골집 노모께 증여""",Politics
"""대통령 집 팔면 나도 판다"" 장동혁, 주택 6채 중 4채 처분",Politics
"장동혁, 당내 인적 쇄신 요구에도 박민영 등 대변인단 일괄 재임명",Politics
"""김대중 국회 못 들어오게"" 박정희의 방해공작… ""속임수로 선거 치르는 사람""",Politics
이재명 대통령 “전기요금 묶는다”… 불어난 적자는 국민 ‘절약’ 몫,Politics
고위공직자 평균 재산 21억…10명 중 7명은 늘었다,Politics
"국힘, 추미애 등판땐 ‘유승민 카드’ 급부상…친명 김영진 “與 자만에 빠지면 경기지사 선거 어렵다”",Politics
"주한이란대사 “한국, 비적대국이지만 호르무즈해협 통과하려면…”",Politics
"장동혁, 주택 6채 중 4채 처분…""시골집 노모께 증여""",Politics
"“호르무즈 개방” 방침 밝힌 이란…이란대사는 “한국 선박, 호르무즈 항행 불가”",Politics
"""피하긴 힘들겠구나"" 김부겸 출마 초읽기…정청래 설득에 화답",Politics
"장동혁, ‘당권파’ 박민영 미디어대변인 재임명…내홍 자제 주문",Politics
"천안함16주기 대전현충원 찾은 이명박 前대통령…""영원히 기억""",Politics
중동에 허덕이는 미국…'숙원' 핵잠 도입에 '직격탄' 우려 커진다,Politics
"""국힘, 제1야당 역할 잘한다"" 16%... 지지층 61%도 ""못한다""",Politics
"유시민 ABC 논쟁 해명에, 금태섭 ""유권자 정치인 졸로 보는 이론""",Politics
‘룸살롱 폭행·억대 체납’ 이혁재가 청년 정치인 검증?…국힘 내부서도 갑론을박,Politics
"먼지 속 구슬땀... 3보1배 나선 조국 ""정청래, 만납시다""",Politics
"국힘, '장애인 비하' 박민영 대변인 재임명... ""바보 같은 당""",Politics
"정청래 설득 통했나…김부겸, 대구시장 출마 '초읽기'",Politics
"혁신당 당원들의 공개요구 ""조국 대표 부산 출마해야""",Politics
"한병도 ""국힘 법사위원장 가졌다면 윤석열 탄핵 못했을 것""",Politics
"""한국은 손님""이라던 이란대사 ""해협 통과시켜 주나"" 묻자",Politics
"정청래 직접 출마 설득에 김부겸 ""피하긴 힘들겠구나""",Politics
"정청래 만난 김부겸 ""30일 입장 밝힐 것""…대구시장 출마 초읽기",Politics
"'정청래의 필승카드' 김부겸 ""30일 입장 밝히겠다""",Politics
이젠 ‘백바지-난닝구 논쟁’까지 소환…‘ABC론’ 논쟁에 갈라지는 민주당,Politics
"주호영, 컷오프 정지 가처분 신청…‘무소속 출마 명분쌓기’ 해석",Politics
부동산 정책 관련 상임위 소속의원 22% ‘다주택자’,Politics
[단독] 이틀 밤새 국힘 106명에 '손편지'…우원식 개헌 안간힘,Politics
"당정, '전쟁추경' 논의…김부겸 30일 입장 발표",Politics
"박성준 “한동훈은 국정조사 대상 아냐” 한동훈 “쫄았네, 쫄았어”",Politics
"박형준 ""삭발 체질에 안 맞는데…이슈 키우고 민주 빠른 결단에 기폭제""",Politics
"장동혁 “‘밭두렁 수색 TF’, 하드디스크 찾겠다”…전재수 “제가 두렵나? 일이나 하라”",Politics
윤어게인에 반대한다던 국힘··· 박민영 대변인 재임명,Politics
"""韓 국조 대상 아냐"" '증인 채택' 선 그은 박성준에…한동훈 ""쫄았네, 쫄았어""",Politics
정청래 만나 ‘출마 명분’ 쌓은 김부겸 “30일 입장 밝힐 것”,Politics
"“윤석열 무죄” 외치는 이혁재, 국힘 ‘청년 오디션’ 심사위원",Politics
"[단독]장동혁, 집 6채 중 4채 처분…서울·보령 아파트만 남겨",Politics
"""유시민, 백바지-난닝구 때처럼 당 분열시키나""…여권, ABC론 일제 비판",Politics
국회의원 5명중 1명 ‘다주택’…靑 참모 21% ‘2채 이상’,Politics
"결국 고개 숙인 오영훈 제주지사 ""이유가 어찌됐든 제 불찰""",Politics
"""대구 희망 약속해 달라"" 김부겸에...정청래 ""필승카드, 전폭 지원""",Politics
"野장성민 “李, 4·5월 위기설앞 ‘언론 악마화’ 방구석 SNS…범죄자가 경찰 수배하듯”",Politics
정청래·김부겸 회동…鄭 “필승카드 유일” 金 “요청 피하기 힘들어”,Politics
"나경원 ""국조, 이재명 죄 지우기""...천하람 ""검사들, 증언 거부해야""...민병덕 ""피눈물 갚아야"" [여의도초대석]",Politics
"장동혁, '막말 논란' 박민영 재임명…오세훈 쇄신 요구 거부",Politics
"민주당, 내일 대구시장 후보 추가 공모…김부겸 “30일 입장 발표”",Politics
"'양강구도' 민형배-김영록, 도덕성·정책능력 '송곳 검증'",Politics
"장동혁 지도부, 막말 논란 빚은 박민영 대변인 재임명",Politics
‘KF-21’ 1호기 출고…25년만에 국산전투기 양산 꿈 이루다,Politics
"대구 컷오프發 위기 경고음에 어수선한 국힘…일각 ""원점 재검토""",Politics
"대구시장 선거, 격전지 부상…김부겸 출마 임박에 국힘 긴장",Politics
"이준석 “위기 때 돈 푸는 건 李정부 패턴...대신, 유류세 전액 면제해야”",Politics
김부겸 “제가 피하긴 힘들겠구나 싶어” 대구 출마 초읽기,Politics
"장동혁, 당 일각 인적쇄신 요구에도 박민영 대변인 재임명",Politics
"양문석 ""김용이 맡아달라""…경기 안산갑, 최대 격전지 급부상",Politics
"개혁신당 이준석 ""누구도 '흰점퍼' 입지 않을 것…이것이 국힘과의 차이""",Politics
"양문석 ""김용, 안산갑 맡아달라""하자 견제 나선 김남국 ""추천 아닌 실력으로""",Politics
김부겸 '예봉'에 '국힘 8인' 모두 밀린 대구…이번엔 파란색?,Politics
"장동혁, ‘동료 의원 비하’ 박민영 대변인 재임명 강행",Politics
‘서학개미’ 오세훈 재산 72억 신고…엔비디아 팔고 ‘이 종목’ 담았다,Politics
李대통령 지지율 69% ‘최고치’…추경 찬성 53%[NBS],Politics
"고위법관 재산 44.5억, 전년대비 5억 증가…388억 '1위'는 임해지 법원장",Politics
"안중근 의사 116주기, 유해 발굴 '결정적' 단서 찾아",Politics
"국힘 권영진 ""이진숙 대구 보궐 공천? 더 큰 악재 될 것""",Politics
"유시민 'ABC론'에 친명계 연일 비판... ""발언 철회해야""",Politics
"“민간 드론 교육강사로 일하다 군인의 길…부사관 드론 전술시범”…육군 부사관 788명 임관, 최근 5년 중 최다",Politics
"장동혁 ""나라 빚 하드캐리 주범은 李.. 제발 민생 그만 망쳐라""",Politics
"오세훈이 ‘쇄신 대상’ 꼽은 박민영, 장동혁이 재임명",Politics
장동혁-오세훈 대치..박수민·윤희숙 “둘 다 문제”,Politics
"정청래 ""대구 필승카드는 김부겸뿐…원하는 것 다 해드리고파""",Politics
"김부겸 만난 정청래 ""대구에 뭐든 다 해드릴 것…총리님은 공공재""",Politics
"친명 김영진 “김용, 대법 판결 뒤 선거 출마가 적정”",Politics
"김부겸 출사표 임박, 주호영 법원으로…국힘 '진퇴양난'",Politics
광주·전남 의원 최고 재력가 양부남 88억...정준호 '최저',Politics
李대통령 “전기요금 묶어두니 재정손실 우려...절약해달라”,Politics
"국회의원 ‘5명 중 1명’꼴, 집 두 채 이상 보유…‘강남 3구’ 보유자 47명",Politics
"김영진, ABC론에 “백바지-난닝구 논쟁 때도 유시민이 핵심 세력…발언 철회해야”",Politics
"""내로라하는 정치인들과 친해""...'폭행·빚투·체납' 이혁재, 국힘 심사위원 발탁 논란",Politics
"李대통령 ""전기료 이대로면 손실 엄청나게 늘어…전기 절약 당부""",Politics
"野, '강경파' 박민영 대변인 재임명…장동혁 ""당 후보 비판하면 강력 조치""",Politics
컷오프 반발 朱·기지개 켜는 金…대구 선거지형 요동,Politics
"당정, '전쟁추경' 논의…김부겸, 정청래와 회동",Politics
"깊게 고개숙인 오영훈 지사… “이유야 어찌됐든 제 불찰, 깊은 유감”",Politics
"국힘, 吳 인적쇄신 요구 대상 박민영 대변인 재임명",Politics
"홍준표, '김부겸 출마 독려' 파장에… ""호형호제 사이, 개인적 바람일 뿐""",Politics
"이준석, 李정부에 '유류세 전액 면세' 제안…""현금 25조 살포는 6·3 지선용""",Politics
김부겸 사실상 출마 공식화·주호영 가처분 신청…요동치는 대구 [이런정치],Politics
앞서가는 정원오·추미애…역전 노리는 2·3위 후보들,Politics
"고위공직자 평균 재산 21억…李대통령 49억, 저작권 수입 컸다",Politics
"장동혁 ""박민영, 강하게 대여투쟁 하려다 실수"" 재임명 강행",Politics
"장동혁, 박민영 대변인 재임명…오세훈 등 ‘인적 쇄신 요구’ 묵살",Politics
"안철수 1,257억 ‘원탑’… 평균 28억, 국회 자산선이 갈라졌다",Politics
"한동훈 ""민주당, 왜 나만 쏙 빼나…부르라, 바로 나간다""",Politics
"국힘 유력 후보들 ""장동혁 유세 지원 도움 안 돼""",Politics
"김영진 ""엉뚱한 개구리 피해 본다""…'유시민 ABC론' 비판 확산",Politics
"경기도 일정 갑자기 취소한 장동혁... 당내 쓴소리 ""경기도 박살 내놓고...""",Politics
이재명 대통령 1년 전보다 재산 18억 9천만원 증가한 49억 7천만원 신고…저서 저작권 소득만 15억 6천여만원,Politics
"송언석 “민주당, 지방정부까지 ‘범죄자 공화국’ 만들려 한다”",Politics
"박수민 ""서울 문제, 李 바짓가랑이라도 잡아 해결""",Politics
"""이준석 하버드 학력 위조"" 전한길 또 음모론...""졸업장 공개 왜 못하냐""",Politics
"""국힘, 유승민 카드 살아있다""…김영진, '경기지사 판세' 경고",Politics
재산 5000만원→33억원 ‘탈북’ 국회의원…‘주식부자 1위’ 종목 들여다봤더니,Politics
"국힘, ‘막말 논란’ 박민영 등 대변인 7명 재임명…“실책 반복 않도록 유의할 것”",Politics
"국힘 박수민 ""오세훈 한강버스 '전면 재검토'하겠다""…서울시장 출마 선언",Politics
"한동훈 ""민주당, 102명 부르면서 나는 빼.. 부를 배짱 없으면 국정조사 접어라""",Politics
"이동훈 ""국민의힘 공천은 '구속 떨어진 투수의 직구'…민주당 ABC론은 혹세무민""",Politics
"야권, 25조원 전쟁 추경에 ""선거용 하사금"" ""위기 때마다 돈 꺼내나""",Politics
정원오·박주민·전현희 3파전…본경선 시작부터 '신경전',Politics
"‘5천→33억원’ 재산 60배 불어난 탈북민 출신 의원, 변동 사유는?",Politics
장동혁 “국가부채 6500조 돌파…‘나라빚 하드캐리’ 주범은 돈 푼 정부”,Politics
"""유승민 카드 살아있어 방심 금물""…김영진 ""김부겸도 안 한다고 했는데 출전""",Politics
‘국산 전투기’ 양산의 꿈 25년 만에 결실…‘KF-21’ 1호기 출고,Politics
이준석 “유류세 전액 한시 면제해야”…‘25조원 추경’ 비판,Politics
"권영진 ""주호영 경고용 탈당 가능성…이진숙 보궐? 대구가 우습냐""",Politics
장동혁 “추경? 돈 풀어서 해결 안 돼” 이준석 “25조 현금 대신 유류세 면제해라”,Politics
"국힘, 전재수 총공세…""밭두렁 하드디스크는 범죄 자백""",Politics
국힘 권영진 “이진숙 공천? ‘대구를 얼마나 우습게 보면’ 할 것”,Politics
"“대구 일으킬 인물 보이지 않아서”…홍준표, ‘김부겸 언급’ 파장에 선그어",Politics
청와대 비서관급 이상 5명 중 1명은 '다주택자',Politics
"김효은 ""대구 민심? 투표 안 한다는 '망연자실' 많아""",Politics
[이슈]‘폭행·체납·빚투’ 개그맨 이혁재가 국힘 심사위원?…적격성 논란 ‘시끌’,Politics
"이준석 ""李 정부, 위기마다 돈 꺼내는 게 패턴.. 25조 뿌리지 말고 유류세 면세해야""",Politics
"주진우 ""수의계약 정원오·뇌물의혹 전재수 평행이론…고양이에 생선 맡길 수 있나""",Politics
"'삼성전자만 500억 수익' 이세웅 평안북도지사…""진정한 동학개미의 수장인가""",Politics
"박형준 부산시장, '엘시티' 24억 신고... 처분 약속은 언제쯤?",Politics
이준석 “기름값 절반 ‘유류세’ 전액 한시면제하자…유가안정 때까지”,Politics
"""'룸살롱 폭행' 개그맨이 청년 정치인 검증?""...이혁재, 국힘 심사 논란",Politics
"국힘, 李보유세 군불때기 잇단 견제...""보유세 비중 4.9%로 OECD평균 훌쩍""",Politics
"'추미애' 기다리는 국힘…""싸움꾼 대 일꾼 프레임으로 '유승민 카드'"" 만지작",Politics
"김영진 “김용, 대법원판결 후 선거 나오는 것이 적정해 보여”",Politics
"육군, 올해 첫 부사관 임관식 개최…지난 5년 중 최대 규모",Politics
"이 대통령 ""내 고향 경북은 왜 없나"" 애교 섞인 투정",Politics
"""민주당에 해가 될 사람"" 유시민, 송영길 저격.. 한준호도 겨냥",Politics
"장동혁 ""李, 나라 빚더미 앉혀…돈 풀어 해결할 위기 아냐""",Politics
與 전남광주특별시장 경선 후보 최고 재력가는 주철현…37억 신고,Politics
지난해 고위공직자 평균 재산 21억 원… 金 총리 3억·이장형 법무비서관 134억,Politics
"국힘 제명 조병길 부산 사상구청장, 개혁신당 공천신청 하나",Politics
고위공직자 평균 21억 원‥청 참모 10명 '다주택',Politics
"김영진 '유시민 ABC론'에 ""철회 필요…엉뚱한 개구리가 피해 봐""",Politics
국힘 박수민 서울시장 출사표…“꼬인 문제들 변죽만 울리는 상황 끊어야”,Politics
이란 대사 “트럼프 물밑 대화 전혀 없어…美 유전 이용한 韓 선박 호르무즈 통행 어렵다”,Politics
"이 대통령, 재산 49억 원 신고… 인세·ETF투자로 1년 만에 약 19억 증가",Politics
"조광한 ""경기지사? 김문수는 연로 유승민은 고사, 이진숙이 딱…안되면 제가""",Politics
저작권 소득·ETF 수익…이대통령 재산 1년 새 18억 늘어 49억 신고,Politics
KF-21 양산 1호기 출고…‘한국형 전투기 시대’ 본격 열렸다 [박수찬의 軍],Politics
"주한 이란대사 “한국, 공범 되지 않길…호르무즈 해협 선박 정보 제공 요청”",Politics
"李 대통령, 재산 49억 7721만원 신고…전년 대비 약 18억 증가",Politics
"전한길 ""이준석, '아포스티유 공증 졸업장' 공개하면 될 일""",Politics
"전한길·최수용 ""與 고발은 입막음용""…추가 폭로 예고",Politics
"김남국 “유시민, 갈라치기 말라며 분열…소강 국면에 휘발유 부어”",Politics
[여론조사] 후보 누가 나오더라도…민주당 ‘오차범위 밖 우세’,Politics
"서울 109명, 인천 20명, 경기 50명... 이 숫자가 던지는 아픈 질문",Politics
청와대 참모진 재산 공개…50억 이상 6명,Politics
"""다주택자 배제"" 지시했는데…청 참모 현황 보니 '아이러니'",Politics
청와대 비서관급 이상 다주택자 10명…두 채 이상 주택 보유,Politics
"증시 호황에 '대박'난 국회의원들, 얼마나 벌었나 보니",Politics
"김종인 ""국힘, 대구 사수도 회의적…지방선거 참패땐 존속 어려울 것""",Politics
김태흠 지사 “공부 좀 하고 오세요” 도의원에게 고성,Politics
"김부겸 ""출마시키려면 당이 의지 보여야""…국힘 후보와 양자대결 모두 우위",Politics
"김지호 ""김병욱, 해명이 '의혹에 의혹' 논란 더 키워... 네거티브 아닌 예방주사""",Politics
"이 대통령, 49억 7천만 원 신고…1년 전보다 18억 넘게 증가 왜?",Politics
청와대 47명 중 다주택자 10명…국토부는 29명 중 5명,Politics
"[이슈]‘미군 투입 특수부대, 이란 포로됐다?’, 전쟁서 한층 치열해지는 ‘AI 인지전’…“디지털 강국 한국 경각심 가져야”",Politics
앤디김 “이란 전쟁으로 한국 미사일 방어 체계 차출 우려”,Politics
李대통령 '무주택'되는데…靑 참모진 15명이 '다주택자',Politics
李대통령 재산 49.7억원...책 인세 15억·축의금 등 2억 ↑,Politics
한국형 전투기 KF-21 출고…‘자주국방+방산4대강국’ 날았다,Politics
"유시민 ""무죄받고 나온 사람, 李 대통령에 해 될 가능성""…또 송영길 겨냥",Politics
[밀리테크]K9자주포의 심장 국산화… K방산 기본 다졌다[양낙규의 Defence Club],Politics
“타국에 지휘권은 안 넘긴다” 美軍 전통…韓 예외?[이현호의 밀리터리!톡],Politics
"[손병관의 뉴스프레소] 외부활동 크게 준 장동혁...국힘, '대표 없는 지선 리스크' 고조",Politics
'이재명 정부' 공직자 재산 공개…542억 증가 누구?,Politics
[미·이란 전쟁 한달] 동맹의 전쟁…한국에도 외교·안보적 파장,Politics
"유시민, 'ABC론' A/S 방송서 기성언론 맹비난",Politics
"이 대통령 재산 49억 원, 대통령도 '불장' 수익 봤다",Politics
[재산공개] 22대 국회의원 18%가 다주택자… ‘강남 3구’ 보유 의원도 47명,Politics
1년 만에 재산 5000만원→33억 '탈북 엘리트' 국힘 박충권,Politics
이정현 '혁신공천'에 각지서 반발‥주호영 오늘 가처분 신청,Politics
"국민의힘 공관위, 사퇴한 달서구청장 후보 끼워 경선 진행 ‘논란’",Politics
"‘보수 심장’ 대구서 金바람 분다…이준석 “전한길 또 망동, 추가 고소” [투데이 여의도 스케치]",Politics
"""어떤 말도 하고 싶지 않다"" 공천 파열음에 대구 비상…김부겸 등판설까지 등 [3/26(목) 데일리안 출근길 뉴스]",Politics
경기도서 김문수까지 소환하는 국민의힘…후보 구인난에 이진숙 차출설까지,Politics
도 넘은 대만 '중국(대만)' 표기 공세…되레 자충수[한반도 GPS],Politics
"[시대리포트]5년 걸린다던 반도체 공장, 2년 만에 완성한 일본의 비결은",Politics
"삼성 이재용보다 6배 부자?…""이재명 비자금 160조원"" 주장 전한길 등 고발당했다",Politics
국회의원 52명 다주택…주식 부자도 다수,Politics
李대통령 재산 49억여원 신고…작년 대비 18억여 증가,Politics
'청와대 개미'는 큐리언트·HLB 샀다,Politics
“공천받으면 의원직 버려야” “정무적 판단”… ‘4월 30일’ 신경전,Politics
"“아우디 살 돈으로 쏘나타 만드냐”…KF-21, 이 말 쏙 들어가게 했다",Politics
李대통령 재산 50억원… 靑참모·장관 17명 ‘다주택자’,Politics
보유세 '최후 카드'라지만…양도세 이후 '다음 수' 되나,Politics
"[르포]""국힘은 아이다""…싸늘한 북갑, 한동훈 등판설 반응은",Politics
與 6·3 지선 숨은 포인트…'비명계' 부활 움직임 주목,Politics
'전국노래자랑 후임도 檢출신' 尹 정부서 돌던 웃픈 지라시,Politics
"""같이 사진 찍으면 마이너스""…장동혁, 3월 말 지역행사 0건",Politics
"[시대광장]검사의 존재 이유, 밑바닥서 다시 찾아야",Politics
"""삼성공장 유치""""5만석 돔구장""…황당공약 또 판치는 이유",Politics
"與, 지선앞 계파 갈등… 친명 김영진 “유시민 ABC론 부적절”",Politics
"김부겸, 대구시장 출마 기운듯 鄭과 회동… 주호영은 무소속 거론",Politics
"‘테슬라 패밀리’ 이장형 주식 42억 늘고, 김정관 엔비디아 등 4억 벌어",Politics
李 재산 49억… 인세-ETF 수익 등 18억 증가,Politics
36억 '주식 대박' 의원도… '코스피 불장' 속 의원 10명 중 9명 재산 불었다,Politics
이 대통령 재산 1년 새 19억 늘어 49억... 15억 이상이 '인세 수입',Politics
"유시민 ABC론에, 송영길은 친문 저격…'뺄셈 정치' 위기감 커지는 與",Politics
'부자 몸조심' 정원오…'칼날 검증' 벼르는 박주민·전현희 [정국 기상대],Politics
"""어떤 말도 하고 싶지 않다"" 공천 파열음에 대구 비상…김부겸 등판설까지",Politics
"'민주당이 대놓고 견제'…조국, 재보선 출마지 '난감'",Politics
"장동혁, ‘컷오프 반발' 주호영 가처분신청 예고에 “당 위한 결정해줄 것” 수습",Politics
李대통령 재산 49.7억...1년 전보다 18억 증가 [재산공개],Politics
논란 커질라… 줄줄이 매도 나선 靑 참모진들 [공직자 재산공개],Politics
공급·대출 부처마다 다주택자… 李 정책 배제 의지 ‘시험대’ [공직자 재산공개],Politics
李대통령 정책 배제 방침에도…靑·정부 곳곳 다주택자 여전히 많다,Politics
국회의원 52명이 다주택자…10명 중 9명은 재산 늘어 [재산공개],Politics
"판 커지는 재보선, 머리 복잡해진 정청래",Politics
"與, 李 수사한 검사 등 102명 국조 증인 채택",Politics
李대통령 재산 1년새 18억 늘었다... 책 인세 15억·축의금 등 2억,Politics
"주식으로 대박… 이세웅 542억, 이장형 42억, 고동진 35억 벌어",Politics
‘대구 8인’ 모두 김부겸에 밀렸다… 충격의 국힘 “어쩌다 이 지경”,Politics
"李 “KF-21 성공, 방산 4대강국 도약 발판”",Politics
"전한길·김영윤, 이준석 하버드 입학 등에 의혹 제기…“공정했는지”",Politics
실전서 증명된 K방산… ‘글로벌 빅4’ 꿈이 아니다,Politics
[재산공개] 최고자산가 이세웅 평안북도지사 1580억원 신고,Politics
서로 못 불러 난리…경기 선거 핵으로 뜬 ‘대통령 분신’ 김용,Politics
"국힘 대구 쇼크…“김부겸 나오면, 8명 후보 누가 붙어도 어려워”",Politics
靑 비서관급 이상 10명 다주택…이 대통령 49억 신고,Politics
이 대통령 첫 재산 신고 49억 원...청와대 참모진 평균 27.5억 원,Politics
"이재명 대통령, 지난해 기준 재산 약 50억…예금이 절반 이상",Politics
민주15곳·국힘14곳 '경선 전쟁',Politics
시장·군수 평균 11억7500만원…김 지사 44억원 보유,Politics
[2026 재산공개] 국방부 최고 부자는 안규백 장관… 재산 74억원 신고,Politics
청와대 비서관급 이상 10명 '다주택자'·총리실 10명 중 3명 다주택,Politics
“뭐하러 키워주나”… 국조특위 ‘한동훈 증인 딜레마’,Politics
[재산공개] 19개 부처 장관 중 6명 다주택…송미령·한성숙 '3주택',Politics
올해도 국회의원 재산 1위는 '1200억 부자' 안철수[재산공개],Politics
"김진태 43억, 이철규 49억, 김홍규 55억 재산 신고…강릉시의원은 130억대 재력 보유",Politics
"이헌승 19억 부산서 최대 증가(국회의원 기준), 주진우 주식 매각 등 8억 ↑",Politics
"김 총리, 재산 3억 3천만 원 신고‥권남훈 산업연구원장 91억 1천만 원 신고",Politics
청와대 참모진 평균 27.5억원‥이장형 법무비서관 134억원 재산 '1위',Politics
"이 대통령, 49억7천만원 신고…인세·ETF투자로 18억8천만원 증가",Politics
"靑 비서관급 이상 다주택자, 김현지 등 15명… 李 재산 19억 늘어",Politics
유정복 재산 작년보다 1억 늘어 18억…김찬진 동구청장 57억 ‘부동 1위’,Politics
靑 참모 48명 중 다주택 10명 … 李대통령 재산 1년새 18.8억 늘어,Politics
국회의원 평균 28억8천만원 … 10명중 9명 재산 증가,Politics
李 압박에도 與 다주택 늘었다…김용민은 대선 전 한채 추가,Politics
[2026 재산공개]국회의원 6명 중 1명은 다주택자…강남3구 보유 47명,Politics
"김 총리 3.3억원 신고, 1.7억원↑…산업연구원장 91억1천만원 신고[공직자 재산]",Politics
"고위공직자 평균 재산 20억 9,563만 원…76% 재산 늘어",Politics
안철수·박덕흠 제외해도…국회의원 평균 재산 29억원,Politics
이찬진 금감원장 407억…조성명 강남구청장 주택만 42채,Politics
국회의원 평균 재산은 28억원…88.5%는 재산 증가,Politics
청년 예비후보 수두룩한데…정치권 세대교체 한계,Politics
‘부동산 입법’ 국토위·재경위 與의원 4분의1이 다주택자…李 정책과 엇박자,Politics
"5000만원에서 33억…'탈북 엘리트' 박충권, 재산 60배 '점프'",Politics
부산·강남 선택지에 연대설까지…공천 파동에 미소 짓는 한동훈?,Politics
국회의원 중 100억 원대 자산가 9명…1257억 안철수 ‘1위’,Politics
상위 2명 제외한 국회의원 평균 재산 29억원…열에 아홉이 재산 증가,Politics
李대통령 재산 49억…평가이익 반영 18억 ↑[재산공개],Politics
불경기 웬말…국회의원 10명 중 9명 재산 늘었다,Politics
[2026 재산공개] 다주택자 靑 참모 14명…최고 부자는 이장형 법무비서관,Politics
"고위직 평균 20.9억…李대통령 49억, 1위는 1587억 이세웅 평북지사(종합)",Politics
[2026 재산공개]작년 국회의원 10명 중 9명 재산 늘어…1위 안철수 '1257억원',Politics
"[2026 재산공개] 조현, 이전보다 1.2억원 줄은 약21억원 재산신고",Politics
불경기에도 국회의원 10명중 9명 재산 늘었다…평균 28억8천만원(종합),Politics
고위공직자 평균 재산 20억 넘어...10명중 7명 재산증가,Politics
'정책 배제' 엄포에도 청와대 다주택자 최소 12명,Politics
국회에 ‘경기침체’란 없다···국회의원 10명 중 9명 재산 늘어 평균 28억8천만원,Politics
[재산공개] 김영환 충북지사 부채 소폭 줄어…-3억3천만원 신고,Politics
[재산공개] 외교·통일 라인 재산 '희비'…조현 감소·정동영 증가,Politics
[재산공개] '코스피 활황'에 의원들도 웃었다…10억원 이상 14명,Politics
"이 대통령, 재산 49억7721만원 신고…전년 대비 18억8807만원↑[재산공개]",Politics
봉욱·김현지…청와대 참모 25%가 다주택자,Politics
李정부 장·차관급 28% '다주택'…'강남 3구' 1주택도 22명[재산공개],Politics
정부 공직자 10명 중 7.6명 재산 늘었다…평균 20.9억[재산공개],Politics
"김 총리, 3.3억 신고…모친 '목동 빌라' 배우자가 증여 받아 '1주택'[재산공개]",Politics
국회의원 재산 1위 안철수 1257억원…최하위는 정준호 -10억원[재산공개],Politics
"공직자들, '주식·부동산'에 웃었고 '가상자산'에 울었다[재산공개]",Politics
"[재산공개] 정동영 통일장관, 강남아파트 등 25억여원 신고",Politics
"靑참모 47명 중 13명 다주택자…이민주, 미 캘리포니아 아파트 보유[재산공개]",Politics
대통령실 참모 15명은 '다주택자'…장·차관급 38명 달해,Politics
[재산공개] 金총리 3억3천만원…산업연구원장 91억1천만원 신고,Politics
[재산공개] 靑 비서관급 이상 '다주택자' 10명…5명 중 1명꼴,Politics
'측근비리·가짜뉴스' 전남광주통합시장 TV토론 '난타전',Politics
"김부겸 '출마' 초읽기에 주호영 '무소속' 고심...대구, '승부처'되나",Politics
"이준석 vs 전한길 '난타전'…""하버드 맞아?"" 의혹 제기에 ""전유관 고소""",Politics
"대구, 국민의힘 멘붕? [뉴스A CITY LIVE]",Politics
"HD현대重 ""KDDX 기본설계 자료 한화오션에 공개 말라"" 가처분",Politics
"김영록, '도지사 8년·서울집만 보유' 추궁에 ""서울집 팔겠다""",Politics
"장동혁, ‘컷오프 반발’ 주호영에 “당 위한 결정 해줄 것”",Politics
김태흠 지사 “공부 좀 하고 오세요” 도의원에게 고성,Politics
[6.3 지방선거] 시·도의원 예비후보 여성 비율 21.2%,Politics
[여론조사] 후보 누가 나오더라도…민주당 ‘오차범위 밖 우세’,Politics
기초단체장 여론조사 결과 분석…주청사·의대 의견 갈려,Politics
"한동훈 ""주호영과 이미 연대…상식적인 정치인들 뜻 모아야""",Politics
[단독] 구청장 예비후보 손 잡은 대통령?…AI 가짜 사진·영상 '비상',Politics
[KBS여론조사] 광주·전남 기초단체 격전지 여론은?,Politics
"민주당, ‘李 대통령 비자금 음모론’ 전한길 명예훼손으로 고발",Politics
[정치 더] 대구 요지경,Politics
"'보궐 재배치론'에도…이진숙 ""대구시장 외 고려 안 해"" 배수진",Politics
부동산·측근 비리...후보 자질 검증 '불꽃 튄 난타전',Politics
민주당 “중대선거구제 전면 도입 어렵다” 신중론,Politics
"배현진 ""수도권 선거, 예수님 나와도 안 될 판""…장동혁 유세지원 '거부'",Politics
"한동훈 “조작기소 국정조사, 나 부를 배짱 없으면 접어라”",Politics
"[단독] 정원오 고액후원 8인 업체, 5년간 성동구 수의계약 '541억원' 따내",Politics
"與 전남광주통합시장 토론 '난타전'…""봉숭아 학당이냐""",Politics
"또 매불쇼 출연한 유시민, “내가 말한 ‘ABC론’은…” [공덕포차]",Politics
"거대 양당, 4곳 공천 확정…재보선 10곳 넘을 듯",Politics
"양향자 ""나는 당권파... 이진숙을 경기도로? 정신나간 방송""",Politics
"[비하인드 뉴스] 배현진 ""장동혁 오지 마"" 2018 어게인? 불쾌한 홍준표",Politics
고성 오간 민주당 전남광주시장 후보 토론회…형사처벌·청렴도 공방,Politics
"[비하인드 뉴스] '이재명에 아수라 씌우기'…""나경원 드럼통 뿌리도 그알""",Politics
"이규연 ""보유세는 '히든카드'…부동산 못 잡으면 쓸 수도""",Politics
[단독] 5m 밑으로 추락해 사망‥허울만 2인 1조 수칙?,Politics
박형준의 파격… 지지층 결집 득 될까? 독 될까?,Politics
유시민 'ABC론' 파장…정치권 넘어 온라인 커뮤니티 '내전' 양상(종합),Politics
여권 강타한 유시민의 ABC론‥선거 앞 여권 갈등 진화될까?,Politics
"'ABC 유시민', 이번엔 한준호 저격?…""명백한 선거개입""",Politics
이정현 '혁신공천'에 각지서 반발‥주호영 내일 가처분 신청,Politics
"靑 ""보유세, 최후의 수단 '히든카드'…쓰레기봉투 대란 가능성 거의 없어""",Politics
한동훈 “왜 못 부르고 도망만 다니나”...李대통령 공소취소 국조 비판,Politics
"與김현정 “장동혁, 李대통령 팔면 다주택 판다더니 언제”",Politics
도산안창호함 ‘태평양 횡단길’ 올랐다…한국 잠수함 최초,Politics
"친문계, ‘친문 폐족 척결론’에 “참담” 발끈",Politics
국힘 청년 오디션 심사위원에 '룸살롱 폭행' 방송인,Politics
대구시장 선거판 요동…국힘 컷오프·김부겸 등판 변수(종합),Politics
진주중앙시장서 ‘호떡’ 쏜 李대통령 “빈말 아니고 진짜 맛있다”,Politics
[현장에서 묻다]선거철마다 “전철 지하화”…출퇴근 지옥 사라질까,Politics
"서영교 ""나 무서운 거 이제 알았냐?"" 설전 / ""MBTI도 16개인데?"" 유시민 ABC론에 반발 / ""내 얼굴 맞아?"" 빵터진 국회의원 캐리커처 [정치톡톡]",Politics
[KBS여론조사]③ 노관규·강성휘 ‘강세’·광주 북구·여수 ‘접전’,Politics
"김부겸 ""출마시키려면 당이 의지 보여야""…국힘 후보와 양자대결 모두 우위",Politics
'무소속이냐 경선이냐'…국힘 '컷오프'발 파열음,Politics
"‘보수의 심장’ 대구가 뒤집혔다…김부겸, 다자대결 1위",Politics
"[단독] 김현, 김어준 증인신청에 제동…결국 여야 합의로 제외",Politics
"""서울·부산 못 지키면 책임질 건가"" 묻자…장동혁 답변은",Politics
김태흠 지사 “공부 좀 하고 오세요” 도의원에게 고성,Politics
"진주중앙시장 1년 만에 '또 찾은' 李 대통령…""열심히 하겠다""",Politics
"한동훈 “민주당, 그 많은 의석수 부끄러워…도망 다니지 말고 나를 부르라”",Politics
"유영하·윤재옥·권영진 ""김용판·김형일 2인 경선 여론조사해야""",Politics
기초단체장 여론조사 결과 분석…주청사·의대 의견 갈려,Politics
국힘 공천 내홍 계속…'대구 컷오프' 주호영 내일 법원에 가처분(종합),Politics
[단독] 대법원 판결을 ‘쿠데타’ 규정한 與… 조희대 탄핵안 파장,Politics
[여론조사] 후보 누가 나오더라도…민주당 ‘오차범위 밖 우세’,Politics
문제는 'ABC'가 아니다...유시민 작가가 놓친 정치의 본령,Politics
"장동혁, '서울·부산 선거 패배시 책임지나' 묻자 ""부적절한 질문""",Politics
[KBS여론조사] 광주·전남 기초단체 격전지 여론은?,Politics
"장동혁, 주호영에 ""선당후사""…이진숙도 ""역할 할 부분 많아""",Politics
"8월 전대 전초전?… 민주, ABC론·친문 저격 계파 갈등 [6·3 지방선거]",Politics
이정현 “일부러 흔든 것” 컷오프 논란 반박… 국힘 공천갈등 격화 [6·3 지방선거],Politics
‘경기 출마’ 한준호 “‘李 실용주의’ 발맞출 행정가로 시대교체…속도가 곧 방향 아냐” [경기지사 예비후보에게 듣는다],Politics
"등판도 안 했는데… 김부겸, 野 대구시장 후보 모두 앞섰다",Politics
"홍준표 ""김부겸 나서면 좋겠다""…파장 커지자 ""호형호제 사이, 관여는 안해""",Politics
세계 8번째 쾌거… 李대통령 “우리 기술로 자주국방” [뉴스 투데이],Politics
"“대남통 장금철, 외무성 제1부상·당 10국장 겸직”…2국가론에 따른 조직 개편 시사",Politics
"[속보]‘의원직 상실’ 양문석, 김용에게 “안산 갑 맡아달라”",Politics
"[단독] 홍 중사, 사망 전날도 24시간 연속 근무… 유족 “국가 배상 청구”",Politics
원조 친명 김영진 “송영길 ‘친문 책임론’ 과해…유시민 ABC론도 부적절”,Politics
"""비리 원천배제""라더니…'음주폭행' 이혁재, 국힘 심사위원 임명",Politics
"배현진 ""수도권은 예수님이 와도 안 될 판… 장동혁 도움 안 돼""",Politics
"양문석 ""안산갑 와달라""…김용에 국회의원 보선 출마 요청(종합)",Politics
지방선거 앞두고 여당 내 ‘갈라치기’ 논쟁…“친문이 윤석열 도왔다는 건 모욕” “ABC 구분 부적절”,Politics
"장동혁, '컷오프 반발' 주호영에 ""당 위한 결정 해주리라 생각""",Politics
"정청래 러브콜 받은 김부겸 ""당 차원 '대구 정책' 필요"" 강조",Politics
첫 국산 전투기 ‘KF-21’ 양산기 출고… 李 “방산 4대강국 도약 발판”,Politics
세계 8번째 4.5세대 초음속 전투기… 25년만에 완성된 꿈[KF-21 양산 돌입],Politics
"[영상] 박성준 ""한동훈에 공소 취소 청탁한 분"" 나경원 ""의견 제시예요""",Politics
이진숙 “내 의원 뱃지 달아주려고 與에 대구시장 내줄 건가”,Politics
'낙동강벨트'에 부는 바람...울산에도 동남풍이 불까,Politics
'미니 총선' 재보선 최대 15곳… '대선 주자급' 출격 대기[막오른 6·3 지방선거],Politics
"김부겸, 가상대결 '전승'… 주호영, 무소속 출마도 고려",Politics
"'도로 윤 어게인' 된 국힘?…배현진 ""장동혁, 한 곳도 도움 안 돼""",Politics
"민주, 전한길 고발…""이 대통령 비자금 허위사실 유포""",Politics
"천하람 ""정청래, 18개 상임위 독식?...올챙잇적 망각, 이 대통령은 尹 닮아가고, 위험""[여의도초대석]",Politics
"'안산갑' 깃발은 누구 손에?…김남국·김용·전해철, 미묘한 신경전",Politics
"이 대통령 ""KF-21 양산 자주국방 위용 떨치게 돼…방산 4대강국 도약 발판""(종합)",Politics
"25년 집념으로 K전투기 완성 … 李 ""엔진·소재·부품 신속개발""",Politics
"박주민 ""정원오, 민주당답지 않아""…鄭 ""앞서가는 후보라 공격""",Politics
"국민의힘, 경기 구인난에 잇단 경고등... 대구선 '컷오프' 잔불 지속",Politics
"이준석 ""전한길, 학력 위조 드립으로 또 망동…추가 고소""",Politics
"장동혁, '컷오프 주호영'에 ""당 어려울 땐 누군가는 희생해야""",Politics
"이규연 ""보유세, 아직 히든카드…부동산 못 잡으면 쓸 수도""",Politics
세종시의원 예비후보 금품 제공 투서…공관위 사실관계 확인 중,Politics
"범여권, '조희대 탄핵안' 112명 찬성…'탄핵 발의 정족수' 넘겨",Politics
"[단독]HD현대, KDDX 기본설계 가처분 신청…전력화 또 미뤄지나",Politics
"與 경기지사 후보들 '김용 앓이'…그럴수록 당 고심 깊어진다, 왜",Politics
李 수사 현직검사 등 102명 증인 채택…野 “죄 지우기 특위냐”,Politics
"장동혁 “다른 의견 있었지만 공관위 존중…주호영, 당 위한 결정 해줄 것”",Politics
의원직 상실 양문석 “내 자리에 김용”…“지역구가 사유물이냐” 비판,Politics
"국힘 오디션 뒤 ""투표 감사, 윤어게인!"" 외친 후보... ""이게 무슨 절윤이냐""",Politics
홍준표 “김부겸과 호형호제…지선 관여는 안해”,Politics
"민주당 등 범여권, '조희대 탄핵안' 발의 시사",Politics
"잠수함 최고 전문가 문근식 교수, 한국형 핵잠사업 성공 비결 담은 ‘한국형 핵추진 잠수함’ 출간",Politics
"김종인, 국힘 대구 '컷오프' 논란에 ""무슨 생각인지…논평할 가치 없어""",Politics
"전한길, 이준석 하버드 학력 의혹 제기…이 ""또 망동, 추가 고소 갑니다""(종합)",Politics
조작기소 국조특위 충돌…김부겸 여론조사 우위,Politics
"주호영 컷오프 후폭풍 계속되는데... 장동혁 ""희생 감내해야""",Politics
"속도 내는 '전쟁 추경'…""이달 31일 국무회의 의결"" [짤e몽땅]",Politics
민주 PK 후보들 ‘부울경 메가시티’ 재점화…‘통합’ 지연 국힘 후보들과 대립각,Politics
"""어디 경기지사 후보 없소""… 열세에 구인난 허덕이는 국힘",Politics
전재수 ‘단수공천설’ 확산… 부산시장 후보 추천 27일 결론 날 듯,Politics
"장동혁 ""서울·부산 이겨야만 교두보 마련…한동훈도 이해 할 것""",Politics
"'무소속 출마 시사' 주호영에…장동혁 ""당 어려울 땐 누군가는 희생해야""",Politics
"조현삼 ""이진숙, 큰 정치인 되려고 한다면 경기지사 후보로 나서야""[박영환의 시사1번지]",Politics
"張, 컷오프 주호영에 ""누군가는 희생 감내해야…당 위한 결정해 줄 것""",Politics
‘신공항 개항’ 띄우는 김부겸 “이달 출마”…국힘은 ‘여조 쇼크’,Politics
"아몬드만 먹고 이상 소변…강선영 ""지능화된 병역면탈 막아야""",Politics
경기지사 '구인난' 국민의힘…김문수 재등판설까지,Politics
"김부겸, 대구서 국힘 8명 모두 이겼다…""경북 고립, 불가능하지 않다""",Politics
"배현진 ""張 방해 없으면 서울은 해볼 만…수도권은 예수님 나와도 안 돼""",Politics
‘스텔스 기능’ 5세대 개발 중…北탄도미사일 요격 체계도 갖춘다[KF-21 양산],Politics
"추미애 ""경기도 대전환 필요"" vs 김동연 ""정치는 국회서 해야""",Politics
'D-70' 6·3 지방선거...보다 선명해진 거대 與野 대진표,Politics
"한동훈 ""주호영과 이미 연대…상식적인 정치인들이 뜻 모아야""",Politics
[기획] KF-21 첫 양산… 육해공 방산대국 노린다,Politics
與 중랑 류경기·은평 김미경·강서 진교훈 구청장 후보 단수공천,Politics
KF-21 양산 1호기 출고…李 “땅-바다-하늘 우리 기술로 방어”,Politics
"대구가 뒤집혔다… 김부겸, 국힘 후보 모두 앞서",Politics
"도산안창호함, 1만4000㎞ 태평양 대장정...60조원 캐나다 잠수함 수주전 승부",Politics
지선 D-70…경북 빼고 석권 노리는 민주 vs 서울·부산 방어 사활건 국힘,Politics
"의원님도 의전 대신 '지하철·따릉이'…5부제 첫날, 국회 출근길 보니",Politics
"국힘 강남구청장 후보, 29∼30일 투표 및 여론조사로 결정",Politics
"'부동산 투기와 전쟁' 밤 9시에 내부자료까지 띄운 李, 다음 카드는",Politics
요동치는 대구 민심…“95년 대구시장 선거 판박이 될 수도”,Politics
"李대통령, '보유세'도 만지작?…청와대 ""히든카드""",Politics
"양문석 ""김용 안산갑 와달라""…김남국 ""'추천' 아닌 실력으로…당 결정 믿어""(종합)",Politics
"'원조 친명' 김영진도 ""송영길 '친문' 발언 과했다""",Politics
"배현진 ""수도권은 예수님이 나와도 안될 상황""…장동혁 지도부 맹비판",Politics
"이준석 “무식하면 용감…전한길, 추가 고소 간다” 무슨 일?",Politics
"트럼프 미국이 만든 피로와 혐오, 이란 전쟁이 앞당길 새 질서",Politics
우리 손으로 우리 하늘 지키기까지 25년…KF-21 보라매 개발사,Politics
"국힘, 주호영 가처분 예고에 “법 아닌 당 사랑하는 마음으로 해결해주길”",Politics
"나경원 ""특위 위원 바꿔라""..서영교 ""나경원 바꿔드려요?""",Politics
조작기소 국조특위 격돌…김부겸 대구 여론조사 우위,Politics
"컷오프 주호영, 무소속 출마 무게…'주한 연대설' 일축",Politics
"전한길 '학력위조' 주장에 이준석 ""무식하면 용감, 추가 고소""",Politics
"민주, ‘李 중국피신·비자금 루머’ 전한길 등 허위사실 명예훼손 혐의 고발",Politics
"초음속 KF-21 출고…李 ""자주국방 위용…방산 4대강국 도약""[영상]",Politics
李 “돈 잘쓰는 게 유능한 정부…안쓰는 건 무능”,Politics
美·中 등 이어 전세계 8번째 개발…李대통령 “방산강국 새 동력 확보”,Politics
"국회 찾은 이란대사...""한국인 우선 대피에 협조""",Politics
"“우린 억울한 컷오프·낙하산 공천 없어요”…정청래, 공천 내홍 국힘 ‘디스’",Politics
"도산안창호함, 한국 잠수함 최초 태평양 횡단 출항…60조 캐나다 잠수함 수주전 승부수",Politics
민주당 '李대통령 비자금 주장' 전한길 고발,Politics
"후임자로 '김용' 지목 양문석…국힘 ""아바타 공천 시도 중단하라"" 비판",Politics
대구시장 선거판 요동…국힘 컷오프·김부겸 등판 변수,Politics
"이준우 ""정원오 '명픽'으로 급부상…검증이 필요한 불안한 후보""[박영환의 시사1번지]",Politics
"한동훈 “장동혁, 서울·부산만 이기면 지선 승리라고?…""",Politics
"""진상 손님 같다""…尹, 구치소서 '식탐 논란' 또 나와",Politics
"한동훈 “깡패 김성태 돈으로 李 방북비용 낸 게 조작이냐…여야, 국조 불러달라”",Politics
"배현진이 언급한 '서울시장 컷오프' 후보, 뒤늦게 당사 찾아 반발",Politics
"한동훈, '주호영 연대설'에 ""상식적 정치인 뜻 모아야""",Politics
"李대통령 ""마침내 우리 기술로 평화를…KF-21, 방산 4대강국 도약 발판""",Politics
KF-21 양산 1호기 출고... 동북아 공중 전력 패러다임 변화 주도,Politics
"""25년 걸린 4.5세대 국산전투기 양산의 꿈""...정권마다 사업축소 고비 넘어",Politics
"""李대통령·金총리 명예훼손""…민주당, 전한길·최수용 경찰 고발",Politics
"“이게 이길 사람 세우는 공천인가”…윤상현, 이정현 공관위 작심비판",Politics
"與 ""허위사실로 명예훼손""…'李대통령 비자금 주장' 전한길 고발",Politics
"KF-21 '보라매' 양산 1호기 출고식…李 대통령 ""자주국방의 위용""",Politics
"이란 ""비적대국 호르무즈 통과 허용""… 韓도 포함될까",Politics
"윤상현 ""대구 공천 설명 안 돼""…장동혁에 중진회의 요구",Politics
"송영길 “친문, 李 낙선 바랐다”…친문 “모욕적 언사” 반발",Politics
"배현진 ""수도권에 이진숙 배치? 예수님 나와도 안 될 판""",Politics
송영길 ‘친문 저격’에 윤건영 “분열의 언어 안 돼…덧셈 정치돼야”,Politics
"李대통령 ""KF-21은 자주국방 결실…방산 4대 강국 도약 발판"" (종합)",Politics
"李대통령 ""KF-21 양산 자주국방 위용…방산 4대 강국 도약 발판""",Politics
"李대통령 “KF-21의 성공, 방위산업 4대 강국 도약 향한 든든한 발판”",Politics
"""이젠 전투기도 국산""…李대통령 KF-21 출고에 '방산 강국 선언'",Politics
이정현 “공천 과정 일부러 흔든 것…결과로 평가받겠다”,Politics
"野, 디지털자산 과세 폐지 당론 추진..1300만 투자자에 구애",Politics
"이준석 ""전한길, 추가 고소 간다""",Politics
"이 대통령 ""우리 힘으로 만든 우리 전투기 양산, 여기서 안주 않겠다""",Politics
지방선거 앞두고 청년 표 구애 나선 국힘 “코인만 과세하는 건 형평성 안 맞아”,Politics
"조사도 전에 ‘혐의없음’, ‘김건희 봉사자’ 검찰...개나 말의 마음, 부끄러움, 수락석출(水落石出)[유재광의 여의대로 108]",Politics
"與, 선거 앞두고 또 내홍…대통령 강조 '明文정당'에도 균열",Politics
"이준석, ‘하버드 학력’ 위조 주장 전한길에 “또 망동, 추가 고소”",Politics
한동훈 “다른 곳들은 지라는 거냐”…장동혁 ‘서울·부산 수성 목표’ 비판,Politics
李 “KF-21 양산으로 방산 수출 동력 확보…4대 강국 도약 발판”,Politics
"한동훈, 장동혁 선거 전략 직격 ""서울·부산만 지키면 승리?""",Politics
"""李대통령 중국 망명설은 허위""…與, 전한길·최수용 고발한다",Politics
"국힘 지방선거 청년오디션, ‘전한길 빽’ 통했나?",Politics
배현진 “수도권은 예수님 와도 안 돼…장동혁 도움 안 되니 오지 마”,Politics
"[맞수다] 이정현, 이기는 길? ""지지율 계속 떨어지는데"" ""전기충격기 댈 곳 착각""",Politics
"나경원 ""위원 교체해 줘요""-서영교 ""나 의원 교체해 드려요?""... '웃참'한 기자들",Politics
"국회 찾은 이란대사...외통위 ""호르무즈 자유 통항 주문""",Politics
"이 대통령 ""KF-21 양산…자주국방 위용 떨치게 돼""",Politics
'혁신'만 빼고 다 있는 국민의힘 공천,Politics
"[속보] 李대통령 “KF-21, 자주국방 뜨거운 염원 담아…무한한 자부심”",Politics
"국민의힘 ""가상자산 과세 폐지 추진""…청년 투자자 표심에 구애",Politics
"""불법 특위 해체"" ""이 사람아, 조용""…여야, 국조특위서 충돌",Politics
조작기소 국조특위 격돌…김부겸 여론조사 돌풍,Politics
"배현진 ""수도권은 예수님이 나와도 안 될 판""…지도부 저격",Politics
"주호영 ""일단 법원에 컷오프 판단"" 다음은? …한동훈 ""연대중""",Politics
"홍익표 ""李, '조폭연루설' 부도덕한 사람 연상돼 마음의 상처""",Politics
"친명 김영진, 김동연에 ""어려운 시기 같이 뛴 우리 멤버""",Politics
"김민석, 또 유시민 겨냥? ""국민을 무슨 ABC로…함께 통합해야""",Politics
"주한이란대사, 국회서 트럼프 규탄 ""종전 가짜뉴스…투기꾼 부당이득""",Politics
"컷오프가 부른 '주호영-한동훈 연대설'…한동훈 ""이미 연대하고 있는 것""",Politics
"컷오프 이진숙 ""시민들 지지 확연…공관위 면담 요청""",Politics
[생생뉴스] 갈등과 정쟁으로 꽉 막힌 정치판을 속 시원하게! 정치고수,Politics
"""이재명 죄 지우기 특위"" 국힘 항의에… ""이 사람아"" 막말만 오간 국조특위",Politics
"KF-21 보라매, 노후 전투기 대체하며 자주국방 실현 신호탄 쏘다[기고/강은호]",Politics
"국힘, 가상자산 과세 폐지 추진…""이중과세·형평성 문제""",Politics
한동훈 “2개만 지키면 이긴 걸로 치겠다? 다른 곳은 그냥 지는거냐”,Politics
"배현진 ""서울 선거, 장동혁 방해 없다면 충분히 해볼 만하다""",Politics
"국힘 공천 자신감 내비친 이정현...""흔들린 게 아니라 일부러 흔든 것""",Politics
국민의힘 “법사위 반환하라”… 與 “택도 없어”,Politics
한동훈 “보수 재건 ‘주호영’과 이미 연대…상식적 정치인 뜻 모아야”,Politics
"한동훈, '서울·부산 목표' 장동혁에 ""나머지는 다 뺏기는 거냐""",Politics
"秋 떠난 자리 두고 공방…국힘 ""관행대로 넘겨야"" vs 민주 ""택도없다""",Politics
양문석 “김용 안산갑 맡아달라” 한준호 “김용 선배님의 몫”,Politics
“늙은이들 제정신?” 묵인한 국힘이 “노인 무임승차 출퇴근時 제한은 차별” 펄쩍,Politics
"한병도 ""국힘 법사위원장 요구? 택도 없다…스스로 돌아보길""",Politics
"유시민의 'ABC론' 파문…""제2의 수박 찾기"" vs ""갈라치기"" 온라인 격돌",Politics
한병도 “野 법사위 못맡겨”..나경원 “차라리 국회 해산”,Politics
"[단독] 자폭 드론, 남의 일 아니다... 한미연습 기간 ‘요격 훈련’",Politics
"“나온다는 말도 안했는데”…김부겸, 국힘 대구시장 후보와 양자대결 모두 우위",Politics
"한동훈, 장동혁 직격 ""6·25 전쟁났는데 부산만 지키면 승리한거냐""",Politics
"""교도관들, 윤석열 식탐 강하고 진상 같아""...쏟아지는 구치소 증언들 [지금이뉴스]",Politics
"트럼프 '협상 vs 증파' 혼선…한국, '美 보폭·이란 소통' 이중고",Politics
"60조 캐나다 '잠수함 빅뱅’ 앞두고…도산안창호함, 韓 최초로 태평양 횡단",Politics
'서울·부산' 성패 기준 잡은 장동혁…내홍에 텃밭 TK도 적신호,Politics
"[단독] 주호영, 국민의힘 탈당 예고…대구시장 무소속 출마 초읽기",Politics
"""이 사람아"" ""똥밭""…조작기소 국조특위 인삿말 대신 '충돌'",Politics
"정청래 ""우린 억울한 컷오프 없다…검찰 악행 발본색원""",Politics
"[단독] ""연평해전 후 27년""…뒤늦게 PTSD 온 제복 영웅들도 '보상' 길 열렸다",Politics
"국민의힘 ""금투세는 없애고 코인만 과세? 어항 좁다고 지느러미 자르는 격""",Politics
"국민의힘, 가상자산 소득세 폐지 추진…""이중과세 형평성 안 맞아""",Politics
"[무등의 아침] 강기정 “후보 단일화, 실무적 차원 의논…지지율 반등으로 극적 반전 있을 것”",Politics
"한동훈 ""상식적 정치인들 뜻 모아야…보수 재건 가능""",Politics
독자설계 초음속 KF-21… 대한민국 영공방어 새역사 열다,Politics
"'추미애 나간 법사위원장 달라'는 국힘 ""들러리 세울 거면 국회 해산하라""",Politics
친윤·중진 날린 국힘… ‘대구 역전’에 베팅,Politics
조국·한동훈 원내 입성땐 ‘여의도 빅뱅’…재보궐 전선 확대…,Politics
"유시민 ABC론發 민주당 분열 확산… “MBTI도 16개, 3부류 단순화 안돼”",Politics
"한동훈 ""장동혁, 서울·부산만 지키면 승리? 다른 곳 후보들은 지는 거냐""",Politics
조작기소 국조특위 시작부터 '충돌'…김부겸 등판 임박,Politics
정청래 “억울한 컷오프 없어…부적격자 공천 배제와 구분해야”,Politics
조작기소 국정조사 여야 격돌...지방선거 'D-70',Politics
"[속보]대구시장 김부겸 35.6%, 이진숙 20.6%, 추경호 10.6% -리얼미터",Politics
호남 기초단체 41곳에 국힘 예비후보 딱 1명…‘서진 정책’ 공염불,Politics
"한동훈 ""장동혁, 서울·부산 이기면 지선 승리? 개탄 금치 못 해""",Politics
"""대구 당원마저 민주당 찍는다""…'김부겸 압도' 여론에 국힘 쇼크",Politics
"전한길 ""이준석 하버드? SAT 점수 턱없이 부족, 서울과고 성적도 하위권"" 주장",Politics
"‘의원직 상실’ 양문석, ‘보석 석방’ 김용에 “안산갑 와달라”…보선 출마 요청",Politics
배현진 “대구 작대기 공천은 파국…장동혁없는 서울시장 선거면 해볼 만”,Politics
"이진숙 ""이정현 공관위원장, 나를 만나 달라···나 아니면 대구시장 민주당에 바치는 결과""",Politics
김부겸 대구 출마하면…가상대결서 국힘 전원에 앞섰다(영남일보-리얼미터),Politics
"윤건영도 송영길 비판 ""노통탓 떠올라 섬뜩...음해·모함으로 얻는 게 뭐냐""",Politics
"송영길 ""이재명 낙선바란 친문"" vs 친문 ""뺄셈정치할 때냐""",Politics
"'경선 승리가 곧 당선' 예비후보 간 경쟁 과열, 전남 곳곳 잡음",Politics
"“도움 될지 두렵지만”…양문석, 김용에 “안산갑 맡아주길”",Politics
"김민석, 유시민 겨냥 “ABC로 국민 나누기도 하는데…”",Politics
"주호영 ""늦어도 내일까지 가처분신청…결과 따라 무소속 출마""",Politics
"""이진숙 뱃지 달면 강성 지지층 뺏길라""…장성철 ""장동혁, 이진숙 견제 중""",Politics
정부 출범 9개월 지났는데…무보직 장기 대기 고위 외교관 15명,Politics
"與는 집안 난타전, 野는 후보 구인난…냉온탕 엇갈리는 수도권",Politics
나경원 “야당 들러리 세우려거든 국회 해산하라”... 법사위원장 즉각 반환 촉구,Politics
"노종면 ""YTN 대주주 자격 없는 유진, 이사 교체 꼼수…기가 찬다""",Politics
"배현진 “서울시민 ‘박원순 시즌2’ 원치 않아 선거 해볼 만…단, 장동혁 오지 말아야”",Politics
"정청래 ""부적격 해당해 예비후보 자격 얻지 못한 건 컷오프 아냐""",Politics
"'무소속 연대' 가능성에 한동훈 ""주호영과 이미 하고 있다""",Politics
"'의원직 상실' 양문석, '재판中' 김용에게 ""경기 안산갑 맡아달라""",Politics
"김영진 ""유시민 'ABC 분류' 부적절…MBTI도 최소 16개""",Politics
"국힘 ""금투세 폐지했는데 코인은 과세?…이중과세·형평성 문제""",Politics
"[뉴스포커스] 카타르, LNG 공급 중단…비상체계 선제가동 지시",Politics
"김지호 성남시장 후보 ""김병욱 전 의원 공천 철회해야""",Politics
“여당일 때 뭐 했냐고?”…‘부산 글로벌법’ 쥐고 흔든 민주당에 폭발한 국힘,Politics
조작기소 국조특위 본격 기싸움…김부겸 등판 임박,Politics
"홍익표 ""李 대통령, '조폭연루설'로 마음의 상처… 언론 탄압 아냐""",Politics
"주호영, 법원에 '대구시장 컷오프' 가처분 신청 예정…법정 다툼으로 번지는 공천 갈등",Politics
배현진 “수도권은 예수님 와도 안될 판…국민이 하지 말라는 것만 골라서 해”,Politics
"與는 집안 난타전, 野는 후보 구인난…냉온탕 엇갈리는 수도권 선거전 [이런정치]",Politics
"대구가 디비지나···김부겸, 양자대결서 국힘 시장 후보군 모두 제쳤다",Politics
"국민의힘 ""추미애 떠나고 민주당 상임위 100% 독식? 차라리 국회 해산하라""",Politics
"'그알 보고 尹 뽑았다' 공유한 李 ""조작보도로 선거방해는 민주주의 파괴""",Politics
"험지는 구인난, 텃밭은 내홍…지선 D-70, 갈수록 꼬이는 국민의힘 공천",Politics
"한동훈, '서울·부산 수성 목표' 장동혁에 ""다른 곳은 지는거냐""",Politics
"김종인 ""오세훈, 차라리 군소리 않고 등록했어야…김부겸 나오면 승산""",Politics
"배현진 ""수도권, 예수님 와도 안 될 판…장동혁 방해 없다면 가능""",Politics
"전한길, 이준석 '하버드 학력' 위조 주장…개혁신당 ""허위사실에 선처 없다""",Politics
배현진 “이진숙 수도권 배치? 지금 예수님 나오셔도 안될 판”,Politics
"양문석, 김용에 ""안산갑 맡아달라"" 공개 요청…한준호 ""응원하겠다""",Politics
"국힘 ""법사위원장, 민주당 전리품 아냐…즉각 반환해야""",Politics
"""교도관들, 윤석열 진상 손님 같다고..."" 식탐 증언 또 나와",Politics
"윤건영, ‘친문 폐족 척결론’에 “노 대통령 시절 악몽 생각나…갈라치기 그만”",Politics
"이진숙, 이정현 공관위원장 면담 요청…“컷오프 결정, 책임져라”",Politics
"주호영 ""효력정지 가처분 신청""...이진숙 ""이정현 면담 요청""",Politics
"국힘 ""법사위장 자리 반환해야…상임위 독식은 독재 선언""",Politics
"국힘 법사위원들, 법사위원장 자리 반환 요구… ""민주당 전리품 아냐"" [뉴시스Pic]",Politics
"野법사위 ""법사위원장 돌려줘야…독재 외피 씌울 거면 국회 해산""",Politics
"'상임위 싹쓸이' 선언에 반격한 국힘...""법사위원장이나 반환해라""",Politics
친명 김영진 “유시민 왜 지지층을 ABC로 분류?…MBTI도 최소 16개”,Politics
"컷오프 주호영, 가처분 낸다…'朱韓연대' 가능성 주목",Politics
[연합뉴스 이 시각 헤드라인] - 10:30,Politics
"李 ""SBS가 사과할 대상은 주권자""…'그알 보고 尹 뽑아' 글 공유",Politics
주호영 법원行·김부겸 우세 ‘혼란의 대구’,Politics
李대통령 연일 부동산 때리기…‘보유세’ 시그널까지 [이런정치],Politics
"'그알 보고 尹 뽑았다?'…李대통령 ""조작보도로 주권자 결단 비틀어""",Politics
"배현진 ""서울 선거, 장동혁 지도부 방해 없으면 해볼 만""",Politics
"李 대통령, '그알 보고 윤석열 뽑아' 글 공유하며 ""조작보도는 민주주의 파괴""",Politics
"박수민, 오세훈 '혁신선대위'에 ""선수가 심판에 얘기하면 안 돼, 당이 알아서 할 문제""",Politics
"이정현 공관위원장 “공천, 일부러 흔든 것…이기는 길 선택”",Politics
김영진 “유시민 ‘ABC론’ 부적절…지금은 지선 승리 집중할 때”,Politics
"김웅 ""보완수사권 폐지? 돈없는 사람이 슬픈 세상 될 것""",Politics
"與, 서울·경기 3파전…과열 경쟁 조짐도 [이런정치]",Politics
"“당대표 오지 마라”… 배현진, 선거 앞두고 공개 차단",Politics
"김용 안산갑 출마 유력 보도에…양문석 ""안산갑 와달라""·한준호 ""결단 응원""",Politics
"[단독]野 상임위원장 상임위, 얼마나 안 열렸을까 따져봤더니",Politics
"한동훈 ""조작기소 국정조사?...감옥, 내가 가나 이재명이 가나 보자""...정광재 ""韓, 보궐 출마""[여의도초대석]",Politics
"배현진 ""수도권은 예수님 와도 안 돼…장동혁 도움 한 군데도 없어""",Politics
"국힘 청년 오디션 뚜껑 열어보니...""상위 10명 중 3명이 윤어게인""",Politics
한동훈 “주호영 같은 상식적인 정치인들이 뜻을 모아야…우리는 이미 연대하고 있어” [정치시그널],Politics
"“윤석열, 진상 손님 같아. 식탐 강해”…교도관들 재반박",Politics
전국 시·도 광역단체장 후보자 현황(3월25일 현재),Politics
"""오세훈 등 국힘 인재풀, 민주당 압도""…배현진 ""장동혁 방해 없으면 할 만해""",Politics
"이정현 ""공천, 일부러 흔든 것…낙하산·계파·돈 얘기 없지 않나“",Politics
"이 대통령 ""정치인 악마화한 조작보도, 민주주의 파괴행위""",Politics
"대구시장 출마 김부겸, 주호영·추경호에 우세... 이진숙과는 접전",Politics
양문석 '李 측근' 김용에 안산갑 재선거 출마 요청,Politics
"'친명' 김영진 ""MBTI도 최소 16개는 되는데...ABC 분류 부적절""",Politics
"배현진 ""서울 선거 장동혁 지도부 방해 없다면 해볼 만…도움되는 곳 없어""",Politics
"[단독] 한국, 여성 국회의원 비율 20.8%… 세계 184개국 중 120위",Politics
"""예쁜 한국여자들 너무 부러워""…북한서 '남한식 뷰티' 열풍",Politics
"‘12·3 비상계엄 중징계’ 군 간부 37명, 징계 수용은 곽종근 뿐",Politics
"친명 김영진 ""유시민 'ABC 분류' 부적절…MBTI도 최소 16개""",Politics
"양승조·박수현, 이번엔 후원회장 놓고 격돌",Politics
"李 ""지금도 저를 살인·조폭 연루자로 알고 계신 분들께""",Politics
이정현 “이번 공천 일부러 흔든 것...결과로 평가받겠다”,Politics
"이정현 ""공천, 흔들린 게 아니라 일부러 흔들어""…이유는?",Politics
"조국, ""친문이 尹을 도왔다? 해도 너무 해"" 윤건영 글 말없이 공유",Politics
"이정현 공관위원장 ""공천, 일부러 흔든 것…이기는 길 선택""",Politics
"고민정, 송영길 겨냥 ""넘지 말아야 할 선 지켜야…흩어지지 말자""",Politics
"저렴한 ‘바다 지뢰’, 수면·수중 어디든 설치… 제거비용 ‘최소 10배’[Who, What, Why]",Politics
“美도 이란공습 때 OO 먼저 날렸다… ‘정밀한 전쟁’의 선봉장”,Politics
"윤건영 ""盧대통령 시절 악몽 생각나…내부 갈라치기 그만하길""",Politics
"'원조 친명' 김영진 ""ABC론 부적절…MBTI도 사람 3등급 안 나눠""",Politics
"“주호영 컷오프, 이정현 독단 아냐”",Politics
'대구 김부겸 나오면...' 여론조사 1대1 가상대결서 野 후보 다 앞섰다,Politics
"李대통령이 압송시킨 '마약왕' 박왕열…靑 ""대가 치르게 할 것""",Politics
"전한길, 이준석 '하버드' 입학에 의혹 제기…""공정했는지 의문""",Politics
이정현 “흔들린 게 아니라 일부러 흔든 것…결과로 평가받겠다”,Politics
"이 대통령, ‘그알 보고 尹 뽑았다’ 글 공유…“SBS, 주권자에 사과하라”",Politics
"이정현 ""지도부와 철저히 거리 유지…결과로 평가받겠다""",Politics
"임이자 ""이진숙을 재보궐? 이정현 계속하란 법 없어…보궐공관위 꾸릴 수도""",Politics
대통령 생중계 조회수가 '50'?[현장에서],Politics
"김부겸, 국힘 대구시장 후보 8명과 1대1 가상대결서 모두 우위",Politics
"전한길·김영윤, 이준석 하버드 학력 의혹 제기…""신정아 사건과 비슷""",Politics
"조국 “보유세 정상화, ‘청년미래세’로 운용 제안”",Politics
"장성철 “이진숙 대구 보궐 공천 가능성 낮아, 장동혁이 견제하는 듯” [김은지의 뉴스IN]",Politics
[KBS여론조사] ‘통합시장’ 민형배·김영록 접전,Politics
"'필리핀 마약왕' 박왕열 9년 만에 송환…靑 ""엄정 단죄""(종합)",Politics
친한계 가처분 인용에…장동혁 “사법부가 지나치게 정치 개입”,Politics
"美 공화당 인사 ""김민석, 백악관에서 진실과 반대로 말해""",Politics
"송영길 ""유시민, 내 혈액형은 B형…박해 속 이재명 지지, 그런데 이익추구?""",Politics
탄핵·대선·절윤 모두 오락가락…국힘 절망의 정치,Politics
李 “부동산 투기 방치하면 나라 망해”…국무회의서 집값안정 천명,Politics
"[지선PICK] 이승훈 ""영등포, '리틀 이재명'이 필요…'李 철학' 실현할 방안 있다""",Politics
국힘 청년 인재 오디션 상위 10명 중 3명이 '윤어게인',Politics
"'그알 보고 윤석열 뽑았다' 글 공유한 李대통령 ""조작 보도는 선거방해""",Politics
"""진상 손님 같다""…윤석열, 구치소 수감 중 '식탐 논란' 또 나와",Politics
'극우·음모론' 잔치판 된 국힘 청년 오디션,Politics
"李대통령 ""정치인 악마화 조작보도는 민주주의 파괴…그알, 유권자에게 사과해야""",Politics
"李대통령, '그알 보고 윤석열 뽑았다' 글 공유…""정치인 악마화 조작 보도""",Politics
윤승모 ‘시니어 아미’ 대표이사 “시니어 아미 10만명 목표… 유사시 청년 대신해 희생 각오” [세상을 보는 창],Politics
방사청 “2025년 방산수출 154억 달러…올해 더 좋아진다”[이현호의 방산!톡],Politics
보수텃밭 위기에 당 균열설까지?…국민의힘 뒤흔드는 컷오프 여진 등 [3/25(수) 데일리안 출근길 뉴스],Politics
[취재석] 반복되는 공천 파동에 혁신은 없다,Politics
"[시대리포트]""남아도는 전기, 보내질 못해""…삼성 짓누르는 電맥경화",Politics
국힘 경기지사 전략 테이블에 '김문수·유승민' 카드 올렸다,Politics
"“모기까지 보호해야 하나?”…李, 야당 의원 문제제기에 내세운 ‘모기론’",Politics
"이진숙 “보선 요청받으면 검토”… 국힘, 경기지사는 ‘플랜 B’ 전략공천 시사",Politics
"확전 문턱서 속도조절…정부, 파병카드 미뤄두고 '투트랙'",Politics
"[르포]경합지 인천 연수갑, '송영길 카드' 통할까",Politics
"尹의 변호사가 충북 경선에…국힘, '도로 윤어게인'",Politics
[단독] 새 정부 출범 9개월… 무보직 고위 외교관 25명,Politics
"[단독] ""일단 쌍방울 사건에 모든 포격"" 작전 짠 여당 국조특위",Politics
文 새벽잠 지켜준다던 김정은…'괴물 ICBM' 그때 개발했다,Politics
"여야, 지선 앞 ‘너도 나도’ 삭발…공천항의·지역현안 사유",Politics
"국힘, 경기지사 후보 '구인난'…유승민·김문수까지 거론",Politics
"국힘 경기지사 인물난… 유승민-김문수까지 거론, 추가공모 검토",Politics
"‘보유세 인상’도 검토… 靑, 부동산대책 강공",Politics
[단독] 선거 앞 출판기념회 최소 746번... '돈 잔치'에 팔짱 낀 선관위,Politics
"정원오·박주민·전현희, 與 서울시장 후보 '본선 레이스'",Politics
"李 ""부동산 투기 놔두면 나라 망해… 정책에 정치적 고려 말라""",Politics
정청래 공개 러브콜에 김부겸 '고심'…대구시장 출마 이번주 결단,Politics
"명심 업은 김용, 보궐선거 판 흔든다…안산 출마 유력",Politics
"""마른 몸 예쁘다"" 북한 상류층에 부는 '남한식 뷰티' 열풍",Politics
"장동혁, '회피형 정치' 재개?…'친한계' 가처분 인용·공천 갈등에 한 발 물러서",Politics
"李대통령, SBS '그알' 조작보도…""국민주권 탈취하는 선거방해, 민주주의 파괴""",Politics
한국인 3명 살해 '마약왕' 박왕열...필리핀서 국내로 전격 송환,Politics
"李대통령 ""패가망신"" 경고한 필리핀 마약왕 한국 송환된다",Politics
“교도소서 애인 부르고 마약 유통”…필리핀 수감 ‘한국인 마약왕’ 박왕열 한국 송환,Politics
"""내란 사범에 훈장이라니""…12.12 군사반란 주요 가담자 무공훈장 취소",Politics
김정은 “한국이 가장 적대적 국가”,Politics
김문수·유승민·안철수 출마 고사… 국힘 경기지사 여전히 구인난,Politics
"이진숙, 컷오프 반발… 나경원 “대구 보궐 출마시키자”",Politics
"“與, 상임위원장 독식은 권위주의식 독재… DJ 계셨다면 크게 노했을 것”",Politics
"계엄 징계 軍간부 37명 중 7명, 국방부에 취소 소송",Politics
"이진숙, 이번엔 경기지사로 출마?…대구 컷오프 후 수도권 차출론 솔솔",Politics
"장동혁, 지방선거 목표 제시…""서울·부산 승리, 선거 잘 치렀다 기준""",Politics
"박정하 “장동혁·이정현, 말이 좀 다를 뿐 한 몸”…주호영·한동훈 연대설도",Politics
보수텃밭 위기에 당 균열설까지?…국민의힘 뒤흔드는 컷오프 여진,Politics
"北 김정은 ""한국 가장 적대국으로 공인…건드리면 무자비한 대가""",Politics
"'강경·명심·성과'…본선 시작된 경기도, 관전 포인트는",Politics
[단독] 이중삼중 업무에 우울증 치료… 軍은 마지막까지 몰랐다,Politics
추미애 떠난 법사위…후임 인선 두고 여야 주도권 싸움 본격화,Politics
장동혁·이정현만 보이는 국힘…선거 패배 공식 재현되나,Politics
[인터뷰] 한국판 '조란 맘다니'를 꿈꾸다…정이한이 정치 하는 이유,Politics
이진숙 “고성국이 배후라면 내가 왜 컷오프 당했겠나”,Politics
"‘컷오프’ 이진숙, 보궐 출마 가능성묻자 “요청받으면 생각”…공천배제 재심청구서 제출도",Politics
이 대통령 “조작 보도는 명예훼손 넘어 선거방해”…‘그알’ 다시 비판,Politics
"李대통령 ""'그알' 사과 대상은 나보다 대한민국 주권자들""",Politics
"육군협회, KADEX 역대 최대 규모 국가적 행사로…“계룡대 비상활주로 사용, 정규 헬기장 3곳 있어 문제없어”",Politics
"이재명 대통령 ""정치인 악마화 조작보도, 민주주의 파괴""",Politics
‘그알 보고 윤석열 뽑았다’ 글 공유한 李대통령 “조작 보도는 선거방해”,Politics
"장동혁 ""서울·부산 승리, 선거 잘 치렀다 기준""…지선 목표 제시",Politics
"이 대통령, 초강력 부동산 정상화 의지…""방치시 나라 망해""",Politics
"선진국 주요도시 보유세 언급한 李 ""투기 방치하면 나라 망해""",Politics
"이 대통령, ‘그알 보고 윤석열 뽑았다’ 글 공유하며 “조작 보도는 선거방해”",Politics
"이란 외교장관, 한국에 “침략국 아니면 호르무즈 항해 가능”",Politics
"""'그알' 보고 윤석열 뽑았다"" 글 공유한 李대통령…""조작보도는 선거방해""",Politics
"장동혁 ""마음이 6월 4일에 가있다고?…모든 당력 6·3 지선에 모아야""",Politics
"李대통령, SNS서 ‘보유세’ 관심 드러내…‘전시 추경’ 두고선 “빚내서 하는 것 절대 아니다” [청와대 스케치]",Politics
"장동혁 ""모든 당력 6·3 지선에 모아야""…차기 당권설 일축",Politics
"조합장에 뇌물·개발호재 뻥튀기…李 지시로 부동산 단속, 1500명 무더기 적발",Politics
[인터뷰 전문] 국민의힘 장동혁 대표…지방선거 승리 기준은,Politics
동부권 지지율 변화 주목…후보 간 연대 막판 변수,Politics
'뉴이재명' 겨눈 유시민 'ABC론'에 與 분열 재점화…'수박 논쟁' 시즌2?,Politics
"李대통령 ""나라 망치는 악질 부동산 범죄 뿌리 뽑겠다""",Politics
[KBS여론조사] ‘통합시장’ 민형배·김영록 접전,Politics
"정책실장 이어 李도 '보유세 카드' 띄우기…靑 ""최후 수단""",Politics
李대통령 “베이커리 카페 10년 가업?… 꼼수 감세”,Politics
"이 대통령 ""투기 방치, 나라 망해…물 샐 틈 없게 준비""",Politics
'박수민·오세훈·윤희숙'…4월 18일 최종 후보 선출,Politics
'박주민·정원오·전현희'…4월 9일 최종 후보 확정,Politics
靑행사서 사라진 경제단체…연구소는 보고서도 안낸다,Politics
"“교도관들, 윤석열 ‘식탐’ 강하고 ‘진상 손님’ 비슷하다고…”",Politics
"이 대통령 ""부동산, 세제든 금융이든 물샐틈없이...대한민국 최악 문제점""",Politics
"'이란'에 놀란 김정은, '트럼프' 비난 없이 '핵 방패'?",Politics
홍익표 “부동산 안 잡히면 보유세도 검토”,Politics
"[비하인드 뉴스] 조국, 부산 출마 난색? ""민주당에서 오지 말랍니다""",Politics
李 “베이커리카페 가업상속 악용해 꼼수 감세”…전면 개편 지시,Politics
서울을 버리고 떠난 서울시장의 뒷이야기... 참 부끄럽다,Politics
여당 서울시장 경선 정원오·박주민·전현희 ‘3파전’…접전 예고,Politics
"[비하인드 뉴스] ""영남서 '흰색' 입고 뛰더라""…그런데 윤상현, 지난 총선땐",Politics
"이 대통령, 부동산 보유세 기사 소개…세제 개편 ‘빌드업’일까",Politics
민주당 서울시장 예비후보 3인 압축‥박주민·정원오·전현희 본경선,Politics
"국힘, 박희영 용산구청장 재입당 ‘보류’…이태원 유가족 ‘기각이 책임의 최소선’",Politics
'윤어게인 경선'으로 전락한 국민의힘 청년오디션?,Politics
KBS전주 여론조사…도지사·교육감 지지도는,Politics
"이 대통령, 초강력 부동산 정상화 의지…""방치시 나라 망해""",Politics
"머리 밀고, 손 잡고…부산 글로벌허브법 '내 공' 신경전",Politics
"'후보 가뭄' 김문수 차출설…당내선 ""뒤로 간다"" 술렁",Politics
대구서 '주호영·한동훈 연대설' 부상...  '추경호·이진숙 연대설'까지,Politics
강경보수(손영광 교수) 영입 논란에 박형준 “역량 있는 분” 진화 안간힘(종합),Politics
"당 지도부 설득 전재수, 삭발로 압박 박형준…서로 ‘내 공’",Politics
친한계 불 지피는 ‘연대론’…주호영 “무소속 결심하면 저절로 연대”,Politics
"본경선 앞둔 첫 조사… 김동연, 민주 경기지사 적합도 오차범위 밖 1위",Politics
"李대통령 ""내란 사범이 훈장이라니, 있을 수 없는 일""",Politics
"민주당, 경북 빼고 15곳 ‘싹쓸이론’?",Politics
"'MC몽 입영 연기' 기록 등장 / ""당대표랑 왜 면담 안해!"" 전재수 끌고간 정청래? / 이 대통령 ""포상 좀 하라"" 주문에 ""포상금이 없어요"" [정치톡톡]",Politics
"신용한의 응수 ""명태균, 녹취록 다 푸시라... 저도 갖고 있으니까""",Politics
"[6·3 지선] 민주, 서울시장 후보 3파전…박주민·정원오·전현희 본경선으로",Politics
"李대통령, 무공훈장 취소에 ""내란 사범이 훈장? 있을 수 없어""",Politics
"'삭발' 박형준, '담판' 전재수··· 부산시장 선거 전초전 된 허브 도시 특별법",Politics
[6·3 지선] 민주당서 나온 싹쓸이론…국민의힘 내부에서도 위기감 팽배,Politics
정원오·전현희·박주민 중 여당 서울시장 후보 나온다…누가 유리할까,Politics
"김정은 ""한국 가장 적대국으로 공인…건드리면 무자비한 대가""(종합2보)",Politics
"이진숙, 여의도로 급선회?...'험지' 경기는 인물난",Politics
"민주, 세종시장 '5인 본경선' 결정…충북 기초단체장 '대거 경선'",Politics
"""진상 손님 같다""… 윤석열, 구치소 수감 중 '식탐 논란' 계속",Politics
與 서울시장 후보 3파전…'명픽' 정원오 견제 더 거세질 듯,Politics
"김영환 ""경찰과 당 공관위의 '공작 정치' 의혹, 진실을 밝혀라""",Politics
"""비겁해"" ""능력 부족"" 민주당 서울시장 예비후보 공방 격화",Politics
"""이런 오만무도한""…KADEX, 군시설 사용 허가도 안났는데 '완판' 홍보 논란",Politics
136억 낼 세금이 0원?…베이커리 카페 '상속 꼼수'에 李 호통,Politics
부산특별법·TK통합 불발… “野 단체장 무능 탓”vs“與 의원 몽니 탓”,Politics
동부권 지지율 변화 주목…후보 간 연대 막판 변수,Politics
[단독] “이젠 힘듭니다”… 주말에도 30시간 극한 근무 ‘홍 중사의 비극’,Politics
민주 59.8% vs 국힘 25.8%… 부천 정당 지지도 ‘뚜렷’,Politics
"'尹 사과 어리둥절' 질문 후 문화부 발령 부산일보 기자, 청와대 복귀",Politics
48시간 최후통첩 후 5일 유예…트럼프식 '전쟁 비즈니스'에 갇힌 한국,Politics
"이 대통령 ""베이커리 카페 10년 하면 가업?... 꼼수 감세""",Politics
李대통령 “저도 궁금” SNS서 보유세 관심… ‘세제 카드’ 꺼내드나,Politics
李대통령 “초과 세수로 전시 추경… 빠를수록 효과 커”,Politics
한덕수 항소심서 또 재생된 '계엄의 밤' CCTV…'사전 인지' 공방,Politics
[KBS여론조사] ‘통합시장’ 민형배·김영록 접전,Politics
‘중동국 소통’ 바쁜 조현 외교장관… 이란 이어 오만·쿠웨이트와 통화,Politics
"""유세 아니고 길거리 인터뷰다"" '고성국 배후설' 부인한 이진숙",Politics
주호영 장고에 꿈틀대는 주·한 연대설,Politics
“진태 괜찮지만 국힘 실망”… 우상호 등판에 요동치는 표심,Politics
"나경원 ""조폭설 억울하다며 조폭식 협박""…李대통령에 '언론 탄압' 비판",Politics
"'장동혁 체제' 피해자 연합? 주호영과 한동훈, 손 잡을까",Politics
"여야, 수도권서 누가 웃을까…민주당 부울경 약진 가능성",Politics
[속보] 민주당 서울시장 경선 본선에 박주민·정원오·전현희 진출,Politics
"[오늘 한 컷] 삭발, 삭발, 또 삭발…삭발 효용 체감의 법칙",Politics
"김경수·김상욱 ""부울경 메가시티 즉각 복원해야…하나로 뭉칠 것""",Politics
김경율 “장동혁 韓비대위 때도 안보여…친김건희 세력에 공천 먹혀서 와”,Politics
[단독] 국힘 청년 광역의원 오디션 결과 '윤어게인' 인사 포진... 청년 정치인 발굴은?,Politics
"“이 쉬운 걸 2년 동안 왜 안 했나” 국힘, 민주에 파상 공세 [부산글로벌법 수싸움]",Politics
"공천 배제에 고심하는 주호영 ""결심 너무 늦지 않을 것""",Politics
"민주당, 오늘 서울시장 후보 3인 압축…막판까지 신경전",Politics
"'평양 무인기' 김용대 前사령관, 파면 집행정지 신청 기각(종합)",Politics
컷오프로 뒤숭숭한 국힘…20년 전 ‘친이-친박 갈등’ 소환,Politics
경기지사 김문수 등판?…'구인난'에 빠진 국민의힘,Politics
"대만 “한국, 중국(대만) 표기 바꿔야”…31일 시한 앞두고 긴장 고조",Politics
"“이대로는 필패”…野, 경기지사에 김문수·이진숙 카드 만지작",Politics
"李, 뉴욕·도쿄 보유세 “나도 궁금했다”…野는 “종부세 기준 완화”",Politics
"김영환 ""당에 구걸 않겠다""…'무소속 출마' 시사",Politics
"민주-진보 울산 단일화 물꼬…김상욱 ""당 지도부서 논의 중""",Politics
"김형주 ""추미애, 강성에서 실용적 스탠스로 갈아탄 것"" [박영환의 시사1번지]",Politics
"[자막뉴스] 강남 아파트 해명에 '서울대 경영' 등장…""맥킨지 근무하고 하버드 MBA""...??",Politics
靑 “보유세 인상은 최후의 수단”… 이재명 “주식과 부동산 투기는 달라”,Politics
"나경원 “李대통령, 권력 악용한 언론 겁박·사과 강요 중단해야”",Politics
"정청래, 권양숙 여사에 “盧 그리워, 안아드려도 되겠나”",Politics
"심교언 전 국토연구원장 ""민주당 정권 부동산 정책 실패 교훈없이 반복""",Politics
"'최후수단' 보유세 꺼낸 李…""투기 방치땐 나라 망한다""",Politics
"민주, 서울시장 3인 곧 발표…국힘 컷오프 여진",Politics
안동 민심 흔들?…민주후보 급상승 속 국힘후보도 본선경쟁력 강조,Politics
"""대구시장, 국회의원, 경기지사""... '컷오프' 이진숙의 운명은?",Politics
6·3 재보궐선거 지역 7곳 확정,Politics
"박원석 ""선거 이후 국민의힘 개헌저지선 무너질 듯""",Politics
"이 대통령, 대형 베이커리 카페 거론 ""10년이 가업? 꼼수 감세""",Politics
황교안은 실패했던 삭발...부산에선 통할까,Politics
"식사 미리 줄인 극비 단식작전…이들만 알았다, 장동혁 7인회 [1번지의 비밀]",Politics
“본선은 어쩌려고”…강성층 구애 경쟁 펼쳐진 국민의힘 지방선거 경선,Politics
"박주민 '도이치모터스 행사' 공세에 정원오 측 ""자폭 네거티브""(종합)",Politics
서울교통공사 사장 후보자 청문보고서 채택…'알박기 인사' 논란(종합),Politics
"""마실 갈 어르신들은 좀""...李대통령이 쏘아올린 '무임승차'",Politics
“저항군 우두머리” 압박했지만…‘조희대 탄핵안’에 신중해진 與,Politics
"전쟁 추경, 지역화폐로 현금 지원… 이 대통령 ""빚내서 하는 거 아니다""",Politics
"윤창호법 이후 음주, 격투기 전공자가 폭행…지선 후보자 전과 천태만상",Politics
"[기획] 빵카페가 가업?… 李, ‘꼼수 상속’도 철퇴",Politics
"'텃밭 위기' 감지한 국힘 후보들 ""통합 훼방 與 심판"" 벌써부터 견제구",Politics
"국힘, '경기 카드' 있나…거물급 차출설만 무성",Politics
예측불허 판세 대구 '地選 최대 격전지'…여야 사활 건 시장 선거,Politics
"국민의힘, 대구에서도 져봐야 정신 차릴까",Politics
"검찰청, 78년 만에 역사 속으로…수사·기소 분리 '속도' [짤e몽땅]",Politics
"""빵집이 상속 통로?""...이 대통령, '꼼수 상속' 질타",Politics
"한국빠진 정상회담 탐색전? 日 “다카이치, 김정은 마주하고파…美에도 의욕 전해”",Politics
‘12·12 군사반란’ 가담 10명 무공훈장 취소,Politics
李 “베이커리카페 10년하면 가업? 꼼수 감세”,Politics
친이-친박 묵은 감정싸움설까지…산으로 가는 국민의힘 공천 내분,Politics
"12·12 군사반란 가담자 10명 무공훈장 취소…""허위 공적""",Politics
‘12·12 군사반란’ 가담 김진영 포함 10명 충무무공훈장 박탈,Politics
"李 “부동산은 심리전, 물샐 틈 없이 준비”…보유세 카드 언급",Politics
"‘전두환 12·12 군사반란’ 가담 10명 무공훈장 박탈…국방부, 김진영 전 육참총장 포함",Politics
"야 부동산특위 심교언 ""현정부 정책 탓 전세 사라지고 월세로 바뀌어""",Politics
'대구 컷오프' 내홍 지속하는 국힘…경기 등 험지 논의는 제자리(종합),Politics
"李, 안철수 겨냥 “개구리 보호한다고 모기까지 보호하는 건 아냐”",Politics
"李대통령, 한국·외국 '보유세' 비교 보도에 ""저도 궁금했다""(종합)",Politics
與 서울시장 예비경선 곧 마감…野 컷오프 내홍,Politics
"“대여 투쟁하는 것도 아닌데 왜”…‘릴레이 삭발’ 국민의힘, 유권자들 선택은",Politics
"李, 노인 무임승차 출퇴근 시간 제한 검토 지시에…박형준 “노인 짐짝 취급하나”",Politics
"김병욱, “장남 부부 누적 근로소득 17억” 강남 아파트 매수 의혹 반박",Politics
"박지원 ""송영길·유시민, 불필요한 말 그만...분열하면 패배""",Politics
"""정원오, 혈세낭비 진실 알리는 게 네거티브?""…전현희, 鄭측 검증 폄하에 반발",Politics
"김병욱 성남시장 후보 ""강남 아파트 산 장남 부부, 누적 근로소득 17억""",Politics
北 독감 유행 중…당국이 내놓은 치료법 ‘황당’,Politics
이재명-안철수 다주택자 설전 “모기까지 보호?” “혐오 자극”,Politics
"김영록-신정훈 '신경전' 가열…이번엔 ""싸움꾼"" vs ""일꾼"" 공방",Politics
김진영 포함 12·12 반란군 10명 훈장 박탈…‘허위 공적’ 드러났다,Politics
"""데모보다 취직이 어렵다""…'운동권' 정청래가 짚은 '청년의 지금'",Politics
12.12 군사반란 가담했던 10명 무공훈장 취소,Politics
"한문도 ""이재명표 부동산 혁신, 0.1%의 빈틈도 없다""",Politics
"안철수 ""공무원 주식 투자도 막을 건가""… 李 ""모기까지 보호해야 하나""",Politics
"李대통령, 대형 베이커리카페 거론, ""10년이 가업? 꼼수 감세""",Politics
"[현장FACT] ""대구 시민이 나를 원해"" 이진숙, 당사 찾아 컷오프 '철회 촉구' (영상)",Politics
"다주택 공무원 배제 논란↑...野 ""증시 공직자도 주식 매도해야""",Politics
"'부동산 망국론' 李대통령, 보유세 간접 언급",Politics
"이 대통령, 안철수 겨냥 “개구리 보호한다고 모기까지 보호해야 하나”",Politics
"李대통령 ""중동 전쟁 충격 커져…'전시 추경' 신속 처리해야""",Politics
"배종찬 ""친청-친명 간 갈등 극대화 과정에서 이낙연계가 소환"" [박영환의 시사1번지]",Politics
"월드컵, 남은 협상 기한 단 '일주일'…3월이 '마지노선'",Politics
이진숙·주호영 동시 컷오프…“플랜A 포기하고 플랜B로 선회한 것”,Politics
"이번엔 경기도?… 이정현, 대구·충북 공천 파행에도 ‘마이웨이’",Politics
"'대구 재보궐 가능성' 이진숙 ""요청 시 고려""…나경원 ""보궐에 李공천을&quot...",Politics
"""장남 부부 누적 근로소득만 13.5억""…김병욱, 장남 강남 아파트 매수 의혹 반박",Politics
"이준석 ""오세훈과 연대 없다…국힘 공천, 안좋은 결과 예상""",Politics
김진영 전 육군총장 등 12·12 군사반란 가담자 10명 무공훈장 취소(종합),Politics
"'컷오프' 이진숙, TK 재보궐 재배치?…주호영·한동훈 연대설도",Politics
"'12·12 군사반란' 가담 10명 무공훈장 박탈, 명단 보니…",Politics
與 전남광주시장 '단일화·세 불리기' 본격화…대치 전선 주목,Politics
"선진국 보유세 기사 공유한 李…""부동산 투기 방치하면 나라 망해""",Politics
"박지원, 송영길·유시민 향해 “갈라치기 불필요”",Politics
"'컷오프' 이진숙 ""보궐선거, 당이 요청하면 생각해보겠다""",Politics
"이준석 “오세훈과 연대 없다…장동혁, 황교안 길 가면 본인도 죽을 것”",Politics
"與, '부산글로벌 허브법' 입법으로 전재수 지원 나서나",Politics
한동훈-주호영 '무소속 연대설' 급부상…대혼돈의 대구시장 선거,Politics
'명픽' 정원오의 대항마는 누구? 與 서울시장 본경선 명단 주목,Politics
"심교언 교수 ""李정권, 文정권 부동산 정책 실패 교훈 없이 반복""",Politics
"이진숙 ""컷오프 결정 취소해 달라···보수의 심장을 다시 뛰게 하고 싶다""",Politics
"나경원, 전재수 '까르띠에 의혹'에 ""지인 뒤에 숨어 오리발…사퇴해야""",Politics
"박형준, '윤어게인' 목사 아들 합류 논란에...""역량 뛰어나, '누구의 아들' 매도 안 돼""",Politics
"정청래 ""그땐 데모가 어렵다 생각했는데 이젠 취직이 더 어려워""",Politics
"李대통령 ""정치적 고려 필요없다…부동산 투기 방치하면 나라 망해"" 재강조",Politics
"이정현의 컷오프, 주호영·한동훈 연대설 띄웠다",Politics
[르포] 정치 소용돌이에 빠진 대구… “민주당으로 확 바까뿔라”,Politics
김병욱 “장남 부부 누적소득 17억…강남 아파트 살 돈 충분” 해명,Politics
"나경원 “이진숙, 최전선서 싸운 투사…내쳐선 안 돼”",Politics
12·12 가담자 무공훈장 박탈…헌정질서 훼손 '뒤늦은 정리',Politics
"‘10년 버티면 상속세 0원’… 李, 가업상속공제 손 본다",Politics
"韓 드라마 영향에 ""마르고 피부 좋아야""…北에도 다이어트·보톡스 열풍",Politics
與 경북 빼고 압승?…후보 확정 후 '지지층 결집' 변수,Politics
"우파 심장 대구 살릴 것...컷오프 재심 청구, 이진숙, 미치지 않고서는, 불광불급(不狂不及)[유재광의 여의대로 108]",Politics
"이 대통령 ""돈 안 쓰는 정부, 무능하고 무책임한 것""",Politics
"김병욱 ""장남부부 주택자금 충분히 소명… 왜곡 보도 유감""",Politics
"박선원 ""미·이란·이스라엘 정치적 목표 80% 달성, 퇴각 준비""",Politics
"김성환 ""민간 5부제 단계적 시행…원전 곧 추가 재가동""",Politics
與 서울시장 3인 오늘 발표…野 대구 컷오프 내홍,Politics
"이진숙 전 방통위원장 ""보궐선거, 당 요청 받는다면 생각해볼 것""",Politics
"이진숙 ""컷오프 재심 청구""…재배치설에는 ""요청 받는다면 생각해보겠다""",Politics
김영환 “경찰·공관위 기획된 공작정치…컷오프 민낯 드러났다” [6·3의 선택],Politics
"창원시장 선거 다자구도 가나…국힘 컷오프 이현규, 무소속 출마",Politics
"신정훈 측, 김영록에 ""싸움꾼이라고…프레임 씌우지 말라""",Politics
"“부동산으로 돈 벌면 나쁜 사람?” 안철수, 李 부동산 정책 ‘편가르기’ 비판",Politics
韓 드라마 영향에 “날씬해야 예쁘다”...北에 퍼진 다이어트 열풍,Politics
'전략적 결정' 시사 野이정현…요동치는 국힘 경기지사 공천,Politics
"일본, 김여정 반박 담화에도 “다카이치, 김정은 마주할 각오”",Politics
"""주식으로 돈 벌면 정직한 사람?""...李 ""모기까지 보호?"" 비판에 安 반문",Politics
민주 서울시장 예비 경선 막판 정원오 집중 견제…오늘 본경선 진출자 발표,Politics
"이재명-안철수, 부동산 정책 설전…“모기까지 보호하나”vs“혐오 자극”",Politics
‘투사’로 변신? 박형준 시장이 삭발로 얻은 것 [런치정치],Politics
李대통령 “‘부동산 불패’ 못 이기면 나라 미래 없어”,Politics
李대통령 “민생지원금 ‘세금 퍼주기’는 선동 의한 오해…안 쓰는 게 무능”,Politics
"산재 일보 꼼꼼히 챙긴 이 대통령 ""지붕 추락 왜 이리 많나""",Politics
"안철수 겨냥한 李 ""개구리 보호한다고 모기까지 보호해야 하는 것 아냐""",Politics
"李, 안철수 겨냥 ""개구리 보호한다고 모기까지 보호해야 하나""",Politics
"박지원 ""송영길·유시민, 불필요한 갈라치기 멈춰야""",Politics
"""경기도지사 출마자 또 없나요?"".. '구인난' 빠진 국민의힘",Politics
"민주당 ""17개 상임위 싹쓸이"" 초강수… 이재명 정부 '입법 정체' 정면돌파",Politics
"'친명' 문진석, 충남지사 불출마…양승조 지지 선언",Politics
"김병욱 ""장남 부부 누적 근로소득 17억‥강남 아파트 매수 자금 충분""",Politics
현재까지 재보궐 7곳 확정적…전부 민주당 지역구,Politics
"李 대통령, 계곡 불법 시설물에 또 경고 ""오늘까지 세번째 얘기""",Politics
국힘 공천 안갯속…경기지사 변수에 컷오프 갈등까지 '확산',Politics
이진숙 “컷오프 취소 강력 요구”… 국회의원 보궐 출마는 “요청 받으면 생각”,Politics
"이진숙 ""공천배제 결정 취소해달라…대구시장 말고는 생각 없어""",Politics
"'컷오프' 박맹우 전 울산시장, 무소속 출마…""이정현식 밀실 공천"" 반발",Politics
[현장영상] 김민수 “권력자는 벌 받지 않는 나라”,Politics
"이준석 ""오세훈과 연대 없다…국힘 공천, 아주 안 좋은 결과 예상""",Politics
"""해외자본 수익, 도민 자산으로""… 김동연, '경기도민 1억 만들기' 1호 공약 승부수",Politics
이진숙 “컷오프 취소 강력하게 요구…대구 진심 외면하면 안 돼”,Politics
"국회의원 보궐선거 출마?…이진숙 ""당서 요청하면 생각해보겠다""",Politics
“집은 돈벌이 수단 아냐” 2만자 쏟아낸 李대통령 부동산 정책 ‘시그널’,Politics
"""TK 민심도 위험수위…4월 혁신 선대위 출범만이 살길"" [월간중앙]",Politics
이진숙 “‘컷오프’ 반려해야”…국회의원 보궐 출마는 “요청 받으면 생각”,Politics
"나경원 ""공관위 결정 아쉽겠지만 주호영 당에 남아야, 이진숙은 전략적 재배치""",Politics
"“김정은 만날래” vs “평양 오지마”…김여정, 日총리에 ‘독설’ 날렸다",Politics
"안철수 직격한 이 대통령 ""개구리 보호한다고 모기까지 보호해야 하나""",Politics
"박지원 ""대구도 김부겸 나오면 승리…우리끼리 싸우지 말자""",Politics
대구에 결국 김부겸 등판?…국힘은 주호영·한동훈 연대설까지,Politics
"나경원 “전재수, ‘까르띠에 시계’ 오리발…의원직 사퇴해야”",Politics
"조응천 ""유시민 ABC론에 '비명횡사' 아닌 'B 횡사' 현실화할 것""[팩트앤뷰]",Politics
"안철수 ""다주택자 부동산 정책 배제? 공무원 주식도 막을 거냐""",Politics
"박형준 ""손현보 목사 아들 합류 논란? 매도 안 돼""",Politics
"韓드라마 몰래 보더니 “마른 몸 예뻐”…北여성들, 다이어트 열풍",Politics
중동사태 대응하는 고난의 탐색 외교…韓 '전략적 모호성' 운명의 5일,Politics
"충북지사 경선 돌입… 민주 4파전, 국힘은 김수민 합류와 김영환 변수 [6.3 지방선거]",Politics
"[뉴스1 PICK]이진숙 ""대구시장 컷오프 취소해 달라""",Politics
"'평양 무인기' 김용대 前드론사령관, 파면 집행정지 신청",Politics
"李 ""부동산 투기 방치하면 나라 망해…0.1% 물 샐 틈도 없어야""",Politics
"지금 이대로면 ‘여당 압승, 야당 참패’, 선거는 끝났다?",Politics
"이재명 대통령, '공공기관 차량 5부제 솔선수범…국민도 에너지 아껴 쓰기 운동에 동참해달라' [뉴시스Pic]",Politics
"찐윤 서정욱 ""대구 사람들 지금은 홧김, 투표장 가면 국힘 본능""",Politics
"구윤철 ""자동차 5부제 단계 시행""…이 대통령 ""공영주차장 제약 검토""",Politics
이진숙 “컷오프 재심 청구…대구시장外 다른 선택지 고려안해”,Politics
"이 대통령 ""중동전쟁 비상대응체계 선제 가동…정유사 기름값 담합 일벌백계""(종합)",Politics
"李 대통령, 전시 추경 ""빚 내는 것 아닌 초과 세수"" 강조",Politics
'대구 컷오프' 내홍 국힘…경기 등 험지 논의는 제자리,Politics
이진숙 “대구시장 말고는 생각 없어”… 경선 컷오프 취소 요구,Politics
"'부동산 정책 강공' 이 대통령 ""0.1%의 물샐 틈 없이...결국 부동산은 심리전""",Politics
"李대통령 ""중동 장기화 선제적 비상대응…추경 빨라야 효과""(종합2보)",Politics
"이진숙 ""공천배제 결정 취소 요청…대구시장 外 다른 생각 한 적 없어""",Politics
"미국엔 신중, 한국엔 '무조건적 분노'…노선 전환 없는 北의 평행선 외교",Politics
"이진숙 ""컷오프 취소 촉구""…보궐 출마엔 ""요청 오면 생각""",Politics
“이기려는 공천 맞나”… 주호영 빠지고 추경호 남았다,Politics
"이준석 “오세훈과 연대 검토 안 해… 장동혁 공천, 아주 안 좋은 결과 나올 것”",Politics
"고성국 ""이진숙 경기지사""…서정욱 ""대선주자 길"" vs 김종혁 ""장난치나""",Politics
"서울교통공사 사장 후보에 ""오 시장 알박기"" vs ""중립적 인사""",Politics
"李대통령 “부동산 투기 방치하면 나라 망해…저항 이겨내지 못하면 이 정부의 미래도, 이 나라의 미래도 없어”",Politics
‘15:1’ 승리 자신감… 민주당 “경선 이기면 당선”,Politics
무소속 출마하면 ‘배신자 비판’ 부담…‘탈당설’ 이진숙 “컷오프 취소해달라”,Politics
"김정은 ""韓, 가장 적대국으로 공인…우리 건드리면 무자비한 대가""(종합)",Politics
"이준석 ""오세훈과 연대 없다""…국힘 공천, 안 좋은 결과 예상""",Politics
與 오늘 서울시장 3인 압축…野 컷오프 내홍 계속,Politics
"박지원 ""6월 3일 밤, 장동혁·국힘은 역사 속으로 사라질 것""",Politics
與 전남광주특별시장 '합종연횡' 본격화…본경선 판도 변하나,Politics
북한 김정은 ‘한반도 알파독(Alpha Dog)’ 선언했다…“건드리면 끝”,Politics
"구윤철 ""차 5부제 단계 시행""…이 대통령 ""공영주차장 제약 검토""",Politics
“정치적 고려 필요없어”… 결국 부동산 ‘세제 카드’ 지시한 李,Politics
‘신전떡볶이’ 10억 과징금에…李 “최대치 부과한 거겠죠?”,Politics
"부동산 정책 논의서 '다주택 공직자' 배제…안철수 ""공무원은?""",Politics
"李대통령 “물샐 틈없이 준비”… 집값, 稅로 잡는다",Politics
"민주, 생활밀착형 공약 발표...국힘 컷오프 내홍",Politics
"친한계, 주-한 연대 띄우자…주호영 “모든 가능성 열어두겠다”",Politics
"구윤철 ""車5부제 단계 시행""…李대통령 ""공영주차장 제약 검토""",Politics
'12.3 계엄 연루' 전현직 고위장교 7명 징계취소소송 제기,Politics
싱가포르의 놀라운 총선 결과... 우리도 '30년 잔혹사' 끝내자 [이봉렬 in 싱가포르],Politics
