Copyright 1986-2022 Xilinx, Inc. All Rights Reserved. Copyright 2022-2024 Advanced Micro Devices, Inc. All Rights Reserved.
---------------------------------------------------------------------------------------------------------------------------------------------
| Tool Version : Vivado v.2024.2 (lin64) Build 5239630 Fri Nov 08 22:34:34 MST 2024
| Date         : Fri Mar  6 12:27:28 2026
| Host         : user14-B80KV-AP35BKE running 64-bit Ubuntu 24.04.4 LTS
| Command      : report_control_sets -verbose -file soc_rtos_can_wrapper_control_sets_placed.rpt
| Design       : soc_rtos_can_wrapper
| Device       : xc7a35t
---------------------------------------------------------------------------------------------------------------------------------------------

Control Set Information

Table of Contents
-----------------
1. Summary
2. Histogram
3. Flip-Flop Distribution
4. Detailed Control Set Information

1. Summary
----------

+----------------------------------------------------------+-------+
|                          Status                          | Count |
+----------------------------------------------------------+-------+
| Total control sets                                       |   361 |
|    Minimum number of control sets                        |   361 |
|    Addition due to synthesis replication                 |     0 |
|    Addition due to physical synthesis replication        |     0 |
| Unused register locations in slices containing registers |   374 |
+----------------------------------------------------------+-------+
* Control sets can be merged at opt_design using control_set_merge or merge_equivalent_drivers
** Run report_qor_suggestions for automated merging and remapping suggestions


2. Histogram
------------

+--------------------+-------+
|       Fanout       | Count |
+--------------------+-------+
| Total control sets |   361 |
| >= 0 to < 4        |    23 |
| >= 4 to < 6        |    13 |
| >= 6 to < 8        |    10 |
| >= 8 to < 10       |   232 |
| >= 10 to < 12      |     3 |
| >= 12 to < 14      |     4 |
| >= 14 to < 16      |     2 |
| >= 16              |    74 |
+--------------------+-------+
* Control sets can be remapped at either synth_design or opt_design


3. Flip-Flop Distribution
-------------------------

+--------------+-----------------------+------------------------+-----------------+--------------+
| Clock Enable | Synchronous Set/Reset | Asynchronous Set/Reset | Total Registers | Total Slices |
+--------------+-----------------------+------------------------+-----------------+--------------+
| No           | No                    | No                     |             460 |          159 |
| No           | No                    | Yes                    |              92 |           36 |
| No           | Yes                   | No                     |             459 |          180 |
| Yes          | No                    | No                     |             435 |          123 |
| Yes          | No                    | Yes                    |             665 |          129 |
| Yes          | Yes                   | No                     |            3059 |         1109 |
+--------------+-----------------------+------------------------+-----------------+--------------+


4. Detailed Control Set Information
-----------------------------------

+------------------------------------------------------------------------------------------------------+------------------------------------------------------------------------------------------------------------------------------------------------------------+---------------------------------------------------------------------------------------------------------------------------------------------+------------------+----------------+--------------+
|                                             Clock Signal                                             |                                                                        Enable Signal                                                                       |                                                               Set/Reset Signal                                                              | Slice Load Count | Bel Load Count | Bels / Slice |
+------------------------------------------------------------------------------------------------------+------------------------------------------------------------------------------------------------------------------------------------------------------------+---------------------------------------------------------------------------------------------------------------------------------------------+------------------+----------------+--------------+
|  soc_rtos_can_i/mdm_1/U0/MDM_Core_I1/JTAG_CONTROL_I/Test_Access_Port.BUFG_UPDATE/Using_FPGA.Native_0 |                                                                                                                                                            | soc_rtos_can_i/microblaze_riscv_0/U0/riscv_core_I/Base.Core/Decode_I/Functional_Reset                                                       |                1 |              1 |         1.00 |
| ~soc_rtos_can_i/mdm_1/U0/Use_E2.BSCAN_I/tck_BUFG                                                     |                                                                                                                                                            |                                                                                                                                             |                1 |              1 |         1.00 |
|  soc_rtos_can_i/clk_wiz/inst/clk_out1                                                                | soc_rtos_can_i/microblaze_riscv_0/U0/riscv_core_I/Base.Core/Decode_I/ie_reg[MEIE]0                                                                         | soc_rtos_can_i/microblaze_riscv_0/U0/riscv_core_I/sync_reset                                                                                |                1 |              1 |         1.00 |
|  soc_rtos_can_i/clk_wiz/inst/clk_out1                                                                | soc_rtos_can_i/microblaze_riscv_0/U0/riscv_core_I/Base.Core/Decode_I/Use_Trigger.tdata1_all[0][dmode]                                                      | soc_rtos_can_i/microblaze_riscv_0/U0/riscv_core_I/sync_reset                                                                                |                1 |              1 |         1.00 |
|  soc_rtos_can_i/clk_wiz/inst/clk_out1                                                                | soc_rtos_can_i/microblaze_riscv_0/U0/riscv_core_I/Base.Core/Decode_I/jump_logic_I1/MUXCY_JUMP_CARRY4/lopt_3                                                | soc_rtos_can_i/microblaze_riscv_0/U0/riscv_core_I/Base.Core/Decode_I/Use_MuxCy[5].OF_Piperun_Stage/MUXCY_I/ex_bt_hit_hold                   |                1 |              1 |         1.00 |
|  soc_rtos_can_i/clk_wiz/inst/clk_out1                                                                | soc_rtos_can_i/microblaze_riscv_0/U0/riscv_core_I/Base.Core/Decode_I/jump_logic_I1/MUXCY_JUMP_CARRY4/lopt_3                                                | soc_rtos_can_i/microblaze_riscv_0/U0/riscv_core_I/Base.Core/Decode_I/Use_MuxCy[3].OF_Piperun_Stage/MUXCY_I/lopt_4                           |                1 |              1 |         1.00 |
|  soc_rtos_can_i/clk_wiz/inst/clk_out1                                                                |                                                                                                                                                            | soc_rtos_can_i/microblaze_riscv_0/U0/riscv_core_I/Base.Core/Use_Debug_Logic.Master_Core.Debug_Perf/Serial_Dbg_Intf.capture_1                |                1 |              1 |         1.00 |
|  soc_rtos_can_i/clk_wiz/inst/clk_out1                                                                |                                                                                                                                                            | soc_rtos_can_i/axi_timer_0/U0/AXI4_LITE_I/I_SLAVE_ATTACHMENT/I_DECODER/GEN_BKEND_CE_REGISTERS[4].ce_out_i_reg[4]_0                          |                1 |              1 |         1.00 |
|  soc_rtos_can_i/clk_wiz/inst/clk_out1                                                                |                                                                                                                                                            | soc_rtos_can_i/axi_timer_0/U0/AXI4_LITE_I/I_SLAVE_ATTACHMENT/I_DECODER/GEN_BKEND_CE_REGISTERS[0].ce_out_i_reg[0]_0                          |                1 |              1 |         1.00 |
|  soc_rtos_can_i/clk_wiz/inst/clk_out1                                                                |                                                                                                                                                            | soc_rtos_can_i/axi_timer_0/U0/TC_CORE_I/TIMER_CONTROL_I/READ_DONE0_I_i_1_n_0                                                                |                1 |              1 |         1.00 |
|  soc_rtos_can_i/clk_wiz/inst/clk_out1                                                                |                                                                                                                                                            | soc_rtos_can_i/axi_timer_0/U0/TC_CORE_I/TIMER_CONTROL_I/READ_DONE1_I_i_1_n_0                                                                |                1 |              1 |         1.00 |
|  soc_rtos_can_i/mdm_1/U0/MDM_Core_I1/JTAG_CONTROL_I/Test_Access_Port.BUFG_UPDATE/Using_FPGA.Native_0 |                                                                                                                                                            | soc_rtos_can_i/microblaze_riscv_0/U0/riscv_core_I/Base.Core/Use_Debug_Logic.Master_Core.Debug_Perf/Functional_Reset22_out                   |                1 |              1 |         1.00 |
|  soc_rtos_can_i/mdm_1/U0/MDM_Core_I1/JTAG_CONTROL_I/Test_Access_Port.BUFG_UPDATE/Using_FPGA.Native_0 |                                                                                                                                                            | soc_rtos_can_i/microblaze_riscv_0/U0/riscv_core_I/Base.Core/Use_Debug_Logic.Master_Core.Debug_Perf/continue_from_brk_reg_0                  |                1 |              1 |         1.00 |
|  soc_rtos_can_i/mdm_1/U0/MDM_Core_I1/JTAG_CONTROL_I/Test_Access_Port.BUFG_UPDATE/Using_FPGA.Native_0 | soc_rtos_can_i/microblaze_riscv_0/U0/riscv_core_I/Base.Core/Use_Debug_Logic.Master_Core.Debug_Perf/p_96_in                                                 | soc_rtos_can_i/microblaze_riscv_0/U0/riscv_core_I/Base.Core/Use_Debug_Logic.Master_Core.Debug_Perf/Serial_Dbg_Intf.register_write_cmd_reg_0 |                1 |              1 |         1.00 |
|  soc_rtos_can_i/mdm_1/U0/MDM_Core_I1/JTAG_CONTROL_I/Test_Access_Port.BUFG_UPDATE/Using_FPGA.Native_0 | soc_rtos_can_i/microblaze_riscv_0/U0/riscv_core_I/Base.Core/Use_Debug_Logic.Master_Core.Debug_Perf/Serial_Dbg_Intf.single_step_TClk_i_1_n_0                | soc_rtos_can_i/microblaze_riscv_0/U0/riscv_core_I/Base.Core/Use_Debug_Logic.Master_Core.Debug_Perf/Functional_Reset                         |                1 |              1 |         1.00 |
|  soc_rtos_can_i/mdm_1/U0/MDM_Core_I1/JTAG_CONTROL_I/Test_Access_Port.BUFG_UPDATE/Using_FPGA.Native_0 | soc_rtos_can_i/microblaze_riscv_0/U0/riscv_core_I/Base.Core/Use_Debug_Logic.Master_Core.Debug_Perf/Serial_Dbg_Intf.single_step_TClk_i_1_n_0                | soc_rtos_can_i/microblaze_riscv_0/U0/riscv_core_I/Base.Core/Use_Debug_Logic.Master_Core.Debug_Perf/start_single_step_reg_0                  |                1 |              1 |         1.00 |
|  soc_rtos_can_i/mdm_1/U0/MDM_Core_I1/JTAG_CONTROL_I/Test_Access_Port.BUFG_UPDATE/Using_FPGA.Native_0 | soc_rtos_can_i/microblaze_riscv_0/U0/riscv_core_I/Base.Core/Use_Debug_Logic.Master_Core.Debug_Perf/p_96_in                                                 | soc_rtos_can_i/microblaze_riscv_0/U0/riscv_core_I/Base.Core/Use_Debug_Logic.Master_Core.Debug_Perf/register_read_cmd                        |                1 |              1 |         1.00 |
|  soc_rtos_can_i/clk_wiz/inst/clk_out1                                                                | soc_rtos_can_i/microblaze_riscv_0/U0/riscv_core_I/Base.Core/Decode_I/Use_Trigger.tdata1_all[0][dmode]1                                                     | soc_rtos_can_i/microblaze_riscv_0/U0/riscv_core_I/sync_reset                                                                                |                2 |              2 |         1.00 |
|  soc_rtos_can_i/clk_wiz/inst/clk_out1                                                                | soc_rtos_can_i/microblaze_riscv_0/U0/riscv_core_I/Base.Core/Decode_I/Use_Counters.mcountinhibit_reg[CY]0                                                   | soc_rtos_can_i/microblaze_riscv_0/U0/riscv_core_I/sync_reset                                                                                |                1 |              2 |         2.00 |
|  soc_rtos_can_i/mdm_1/U0/Use_E2.BSCAN_I/tck_BUFG                                                     |                                                                                                                                                            | soc_rtos_can_i/mdm_1/U0/Use_E2.BSCAN_I/Use_E2.BSCANE2_I_0                                                                                   |                1 |              2 |         2.00 |
|  soc_rtos_can_i/clk_wiz/inst/clk_out1                                                                | soc_rtos_can_i/microblaze_riscv_0/U0/riscv_core_I/Base.Core/Decode_I/ex_Sel_CSR_i_reg[dcsr]_0[0]                                                           | soc_rtos_can_i/microblaze_riscv_0/U0/riscv_core_I/sync_reset                                                                                |                2 |              3 |         1.50 |
|  soc_rtos_can_i/mdm_1/U0/MDM_Core_I1/JTAG_CONTROL_I/Test_Access_Port.BUFG_UPDATE/Using_FPGA.Native_0 | soc_rtos_can_i/microblaze_riscv_0/U0/riscv_core_I/Base.Core/Use_Debug_Logic.Master_Core.Debug_Perf/p_96_in                                                 | soc_rtos_can_i/microblaze_riscv_0/U0/riscv_core_I/Base.Core/Use_Debug_Logic.Master_Core.Debug_Perf/do_new_dbg_instr                         |                1 |              3 |         3.00 |
| ~soc_rtos_can_i/mdm_1/U0/Use_JTAG_BSCAN.BUFG_JTAG_TCK/Use_JTAG_BSCAN.tck_int                         |                                                                                                                                                            |                                                                                                                                             |                2 |              3 |         1.50 |
|  soc_rtos_can_i/clk_wiz/inst/clk_out1                                                                | soc_rtos_can_i/axi_timer_0/U0/AXI4_LITE_I/I_SLAVE_ATTACHMENT/I_DECODER/pair0_Select                                                                        | soc_rtos_can_i/axi_timer_0/U0/TC_CORE_I/GEN_SECOND_TIMER.COUNTER_1_I/COUNTER_I/s_axi_aresetn_0                                              |                1 |              4 |         4.00 |
|  soc_rtos_can_i/clk_wiz/inst/clk_out1                                                                | soc_rtos_can_i/myip_can_0/inst/myip_can_slave_lite_v1_0_S00_AXI_inst/u_can_inst/u_rx/FSM_sequential_state[3]_i_1__0_n_0                                    | soc_rtos_can_i/myip_can_0/inst/myip_can_slave_lite_v1_0_S00_AXI_inst/u_can_inst/u_rx/AR[0]                                                  |                2 |              4 |         2.00 |
|  soc_rtos_can_i/clk_wiz/inst/clk_out1                                                                | soc_rtos_can_i/axi_uartlite_0/U0/UARTLITE_CORE_I/BAUD_RATE_I/en_16x_Baud                                                                                   |                                                                                                                                             |                1 |              4 |         4.00 |
|  soc_rtos_can_i/clk_wiz/inst/clk_out1                                                                | soc_rtos_can_i/axi_uartlite_0/U0/AXI_LITE_IPIF_I/I_SLAVE_ATTACHMENT/start2                                                                                 | soc_rtos_can_i/axi_uartlite_0/U0/AXI_LITE_IPIF_I/I_SLAVE_ATTACHMENT/I_DECODER/cs_ce_clr                                                     |                1 |              4 |         4.00 |
|  soc_rtos_can_i/clk_wiz/inst/clk_out1                                                                |                                                                                                                                                            | soc_rtos_can_i/microblaze_riscv_0_axi_intc/U0/AXI_LITE_IPIF_I/I_SLAVE_ATTACHMENT/clear                                                      |                1 |              4 |         4.00 |
|  soc_rtos_can_i/clk_wiz/inst/clk_out1                                                                | soc_rtos_can_i/axi_timer_0/U0/AXI4_LITE_I/I_SLAVE_ATTACHMENT/bus2ip_addr_i[4]_i_1_n_0                                                                      | soc_rtos_can_i/axi_timer_0/U0/AXI4_LITE_I/I_SLAVE_ATTACHMENT/rst                                                                            |                2 |              4 |         2.00 |
|  soc_rtos_can_i/clk_wiz/inst/clk_out1                                                                | soc_rtos_can_i/myip_can_0/inst/myip_can_slave_lite_v1_0_S00_AXI_inst/u_can_inst/u_tx/FSM_sequential_state[3]_i_1_n_0                                       | soc_rtos_can_i/myip_can_0/inst/myip_can_slave_lite_v1_0_S00_AXI_inst/u_can_inst/u_rx/AR[0]                                                  |                2 |              4 |         2.00 |
|  soc_rtos_can_i/mdm_1/U0/MDM_Core_I1/JTAG_CONTROL_I/Test_Access_Port.BUFG_UPDATE/Using_FPGA.Native_0 | soc_rtos_can_i/microblaze_riscv_0/U0/riscv_core_I/Base.Core/Use_Debug_Logic.Master_Core.Debug_Perf/p_105_in                                                |                                                                                                                                             |                1 |              5 |         5.00 |
|  soc_rtos_can_i/clk_wiz/inst/clk_out1                                                                | soc_rtos_can_i/microblaze_riscv_0/U0/riscv_core_I/Base.Core/Decode_I/No_Short_Pipe_5.Using_FPGA.Gen_Bits[1].MEM_EX_Result_Inst/ex_Sel_CSR_i_reg[mcause][0] | soc_rtos_can_i/microblaze_riscv_0/U0/riscv_core_I/sync_reset                                                                                |                2 |              5 |         2.50 |
|  soc_rtos_can_i/clk_wiz/inst/clk_out1                                                                | soc_rtos_can_i/myip_can_0/inst/myip_can_slave_lite_v1_0_S00_AXI_inst/u_can_inst/u_pre/E[0]                                                                 | soc_rtos_can_i/myip_can_0/inst/myip_can_slave_lite_v1_0_S00_AXI_inst/u_can_inst/u_rx/AR[0]                                                  |                2 |              5 |         2.50 |
|  soc_rtos_can_i/mdm_1/U0/Use_JTAG_BSCAN.BUFG_JTAG_TCK/Use_JTAG_BSCAN.tck_int                         | soc_rtos_can_i/mdm_1/U0/MDM_Core_I1/JTAG_CONTROL_I/Test_Access_Port.sel_dmi_i_1_n_0                                                                        |                                                                                                                                             |                1 |              5 |         5.00 |
|  soc_rtos_can_i/mdm_1/U0/Use_JTAG_BSCAN.BUFG_JTAG_TCK/Use_JTAG_BSCAN.tck_int                         | soc_rtos_can_i/mdm_1/U0/MDM_Core_I1/JTAG_CONTROL_I/Test_Access_Port.ir[4]_i_1_n_0                                                                          |                                                                                                                                             |                2 |              5 |         2.50 |
|  soc_rtos_can_i/clk_wiz/inst/clk_out1                                                                |                                                                                                                                                            | soc_rtos_can_i/proc_sys_reset_0/U0/EXT_LPF/lpf_int                                                                                          |                1 |              5 |         5.00 |
|  soc_rtos_can_i/clk_wiz/inst/clk_out1                                                                | soc_rtos_can_i/proc_sys_reset_0/U0/SEQ/seq_cnt_en                                                                                                          | soc_rtos_can_i/proc_sys_reset_0/U0/SEQ/SEQ_COUNTER/clear                                                                                    |                1 |              6 |         6.00 |
|  soc_rtos_can_i/clk_wiz/inst/clk_out1                                                                |                                                                                                                                                            | soc_rtos_can_i/axi_timer_0/U0/AXI4_LITE_I/I_SLAVE_ATTACHMENT/INCLUDE_DPHASE_TIMER.dpto_cnt[5]_i_1_n_0                                       |                2 |              6 |         3.00 |
|  soc_rtos_can_i/clk_wiz/inst/clk_out1                                                                |                                                                                                                                                            | soc_rtos_can_i/axi_uartlite_0/U0/UARTLITE_CORE_I/UARTLITE_RX_I/SRL_FIFO_I/I_SRL_FIFO_RBU_F/CNTR_INCR_DECR_ADDN_F_I/SS[0]                    |                2 |              6 |         3.00 |
|  soc_rtos_can_i/clk_wiz/inst/clk_out1                                                                |                                                                                                                                                            | soc_rtos_can_i/axi_uartlite_0/U0/UARTLITE_CORE_I/UARTLITE_TX_I/SRL_FIFO_I/I_SRL_FIFO_RBU_F/CNTR_INCR_DECR_ADDN_F_I/SS[0]                    |                3 |              6 |         2.00 |
|  soc_rtos_can_i/clk_wiz/inst/clk_out1                                                                | soc_rtos_can_i/myip_RTOS_0/inst/myip_RTOS_slave_lite_v2_2_S00_AXI_inst/axi_awaddr[7]_i_1_n_0                                                               | soc_rtos_can_i/myip_RTOS_0/inst/myip_RTOS_slave_lite_v2_2_S00_AXI_inst/u_sched/s00_axi_aresetn_0                                            |                5 |              6 |         1.20 |
|  soc_rtos_can_i/clk_wiz/inst/clk_out1                                                                | soc_rtos_can_i/axi_timer_0/U0/AXI4_LITE_I/I_SLAVE_ATTACHMENT/start2                                                                                        | soc_rtos_can_i/axi_timer_0/U0/AXI4_LITE_I/I_SLAVE_ATTACHMENT/I_DECODER/cs_ce_clr                                                            |                2 |              7 |         3.50 |
|  soc_rtos_can_i/clk_wiz/inst/clk_out1                                                                | soc_rtos_can_i/myip_can_0/inst/myip_can_slave_lite_v1_0_S00_AXI_inst/u_can_inst/u_tx/bit_cnt[6]_i_1_n_0                                                    |                                                                                                                                             |                6 |              7 |         1.17 |
|  soc_rtos_can_i/clk_wiz/inst/clk_out1                                                                | soc_rtos_can_i/myip_can_0/inst/myip_can_slave_lite_v1_0_S00_AXI_inst/u_can_inst/u_tx/ack_fail_cnt[6]_i_1_n_0                                               | soc_rtos_can_i/myip_can_0/inst/myip_can_slave_lite_v1_0_S00_AXI_inst/u_can_inst/u_rx/AR[0]                                                  |                2 |              7 |         3.50 |
|  soc_rtos_can_i/clk_wiz/inst/clk_out1                                                                | soc_rtos_can_i/myip_can_0/inst/myip_can_slave_lite_v1_0_S00_AXI_inst/u_can_inst/u_rx/bit_cnt[6]_i_1__0_n_0                                                 |                                                                                                                                             |                3 |              7 |         2.33 |
|  soc_rtos_can_i/clk_wiz/inst/clk_out1                                                                | soc_rtos_can_i/axi_uartlite_0/U0/UARTLITE_CORE_I/BAUD_RATE_I/en_16x_Baud                                                                                   | soc_rtos_can_i/axi_uartlite_0/U0/UARTLITE_CORE_I/UARTLITE_RX_I/SERIAL_TO_PARALLEL[8].fifo_din[8]_i_1_n_0                                    |                1 |              7 |         7.00 |
|  soc_rtos_can_i/clk_wiz/inst/clk_out1                                                                | soc_rtos_can_i/myip_RTOS_0/inst/myip_RTOS_slave_lite_v2_2_S00_AXI_inst/slv_reg[23][15]_i_1_n_0                                                             | soc_rtos_can_i/myip_RTOS_0/inst/myip_RTOS_slave_lite_v2_2_S00_AXI_inst/u_sched/s00_axi_aresetn_0                                            |                2 |              8 |         4.00 |
|  soc_rtos_can_i/clk_wiz/inst/clk_out1                                                                | soc_rtos_can_i/myip_RTOS_0/inst/myip_RTOS_slave_lite_v2_2_S00_AXI_inst/slv_reg[20][7]_i_1_n_0                                                              | soc_rtos_can_i/myip_RTOS_0/inst/myip_RTOS_slave_lite_v2_2_S00_AXI_inst/u_sched/s00_axi_aresetn_0                                            |                2 |              8 |         4.00 |
|  soc_rtos_can_i/clk_wiz/inst/clk_out1                                                                | soc_rtos_can_i/myip_RTOS_0/inst/myip_RTOS_slave_lite_v2_2_S00_AXI_inst/slv_reg[20][31]_i_1_n_0                                                             | soc_rtos_can_i/myip_RTOS_0/inst/myip_RTOS_slave_lite_v2_2_S00_AXI_inst/u_sched/s00_axi_aresetn_0                                            |                3 |              8 |         2.67 |
|  soc_rtos_can_i/clk_wiz/inst/clk_out1                                                                | soc_rtos_can_i/myip_RTOS_0/inst/myip_RTOS_slave_lite_v2_2_S00_AXI_inst/slv_reg[20][23]_i_1_n_0                                                             | soc_rtos_can_i/myip_RTOS_0/inst/myip_RTOS_slave_lite_v2_2_S00_AXI_inst/u_sched/s00_axi_aresetn_0                                            |                2 |              8 |         4.00 |
|  soc_rtos_can_i/clk_wiz/inst/clk_out1                                                                | soc_rtos_can_i/myip_RTOS_0/inst/myip_RTOS_slave_lite_v2_2_S00_AXI_inst/slv_reg[20][15]_i_1_n_0                                                             | soc_rtos_can_i/myip_RTOS_0/inst/myip_RTOS_slave_lite_v2_2_S00_AXI_inst/u_sched/s00_axi_aresetn_0                                            |                2 |              8 |         4.00 |
|  soc_rtos_can_i/clk_wiz/inst/clk_out1                                                                | soc_rtos_can_i/myip_RTOS_0/inst/myip_RTOS_slave_lite_v2_2_S00_AXI_inst/slv_reg[19][7]_i_1_n_0                                                              | soc_rtos_can_i/myip_RTOS_0/inst/myip_RTOS_slave_lite_v2_2_S00_AXI_inst/u_sched/s00_axi_aresetn_0                                            |                3 |              8 |         2.67 |
|  soc_rtos_can_i/clk_wiz/inst/clk_out1                                                                | soc_rtos_can_i/myip_RTOS_0/inst/myip_RTOS_slave_lite_v2_2_S00_AXI_inst/slv_reg[19][31]_i_1_n_0                                                             | soc_rtos_can_i/myip_RTOS_0/inst/myip_RTOS_slave_lite_v2_2_S00_AXI_inst/u_sched/s00_axi_aresetn_0                                            |                2 |              8 |         4.00 |
|  soc_rtos_can_i/clk_wiz/inst/clk_out1                                                                | soc_rtos_can_i/myip_RTOS_0/inst/myip_RTOS_slave_lite_v2_2_S00_AXI_inst/slv_reg[40][23]_i_1_n_0                                                             | soc_rtos_can_i/myip_RTOS_0/inst/myip_RTOS_slave_lite_v2_2_S00_AXI_inst/u_sched/s00_axi_aresetn_0                                            |                3 |              8 |         2.67 |
|  soc_rtos_can_i/clk_wiz/inst/clk_out1                                                                | soc_rtos_can_i/myip_RTOS_0/inst/myip_RTOS_slave_lite_v2_2_S00_AXI_inst/slv_reg[25][15]_i_1_n_0                                                             | soc_rtos_can_i/myip_RTOS_0/inst/myip_RTOS_slave_lite_v2_2_S00_AXI_inst/u_sched/s00_axi_aresetn_0                                            |                2 |              8 |         4.00 |
|  soc_rtos_can_i/clk_wiz/inst/clk_out1                                                                | soc_rtos_can_i/myip_RTOS_0/inst/myip_RTOS_slave_lite_v2_2_S00_AXI_inst/slv_reg[24][7]_i_1_n_0                                                              | soc_rtos_can_i/myip_RTOS_0/inst/myip_RTOS_slave_lite_v2_2_S00_AXI_inst/u_sched/s00_axi_aresetn_0                                            |                3 |              8 |         2.67 |
|  soc_rtos_can_i/clk_wiz/inst/clk_out1                                                                | soc_rtos_can_i/myip_RTOS_0/inst/myip_RTOS_slave_lite_v2_2_S00_AXI_inst/slv_reg[24][31]_i_1_n_0                                                             | soc_rtos_can_i/myip_RTOS_0/inst/myip_RTOS_slave_lite_v2_2_S00_AXI_inst/u_sched/s00_axi_aresetn_0                                            |                2 |              8 |         4.00 |
|  soc_rtos_can_i/clk_wiz/inst/clk_out1                                                                | soc_rtos_can_i/myip_RTOS_0/inst/myip_RTOS_slave_lite_v2_2_S00_AXI_inst/slv_reg[24][23]_i_1_n_0                                                             | soc_rtos_can_i/myip_RTOS_0/inst/myip_RTOS_slave_lite_v2_2_S00_AXI_inst/u_sched/s00_axi_aresetn_0                                            |                3 |              8 |         2.67 |
|  soc_rtos_can_i/clk_wiz/inst/clk_out1                                                                | soc_rtos_can_i/myip_RTOS_0/inst/myip_RTOS_slave_lite_v2_2_S00_AXI_inst/slv_reg[24][15]_i_1_n_0                                                             | soc_rtos_can_i/myip_RTOS_0/inst/myip_RTOS_slave_lite_v2_2_S00_AXI_inst/u_sched/s00_axi_aresetn_0                                            |                2 |              8 |         4.00 |
|  soc_rtos_can_i/clk_wiz/inst/clk_out1                                                                | soc_rtos_can_i/myip_RTOS_0/inst/myip_RTOS_slave_lite_v2_2_S00_AXI_inst/slv_reg[23][7]_i_1_n_0                                                              | soc_rtos_can_i/myip_RTOS_0/inst/myip_RTOS_slave_lite_v2_2_S00_AXI_inst/u_sched/s00_axi_aresetn_0                                            |                3 |              8 |         2.67 |
|  soc_rtos_can_i/clk_wiz/inst/clk_out1                                                                | soc_rtos_can_i/myip_RTOS_0/inst/myip_RTOS_slave_lite_v2_2_S00_AXI_inst/slv_reg[23][31]_i_1_n_0                                                             | soc_rtos_can_i/myip_RTOS_0/inst/myip_RTOS_slave_lite_v2_2_S00_AXI_inst/u_sched/s00_axi_aresetn_0                                            |                1 |              8 |         8.00 |
|  soc_rtos_can_i/clk_wiz/inst/clk_out1                                                                | soc_rtos_can_i/myip_RTOS_0/inst/myip_RTOS_slave_lite_v2_2_S00_AXI_inst/slv_reg[23][23]_i_1_n_0                                                             | soc_rtos_can_i/myip_RTOS_0/inst/myip_RTOS_slave_lite_v2_2_S00_AXI_inst/u_sched/s00_axi_aresetn_0                                            |                2 |              8 |         4.00 |
|  soc_rtos_can_i/clk_wiz/inst/clk_out1                                                                | soc_rtos_can_i/myip_RTOS_0/inst/myip_RTOS_slave_lite_v2_2_S00_AXI_inst/slv_reg[21][15]_i_1_n_0                                                             | soc_rtos_can_i/myip_RTOS_0/inst/myip_RTOS_slave_lite_v2_2_S00_AXI_inst/u_sched/s00_axi_aresetn_0                                            |                2 |              8 |         4.00 |
|  soc_rtos_can_i/clk_wiz/inst/clk_out1                                                                | soc_rtos_can_i/myip_RTOS_0/inst/myip_RTOS_slave_lite_v2_2_S00_AXI_inst/slv_reg[22][7]_i_1_n_0                                                              | soc_rtos_can_i/myip_RTOS_0/inst/myip_RTOS_slave_lite_v2_2_S00_AXI_inst/u_sched/s00_axi_aresetn_0                                            |                4 |              8 |         2.00 |
|  soc_rtos_can_i/clk_wiz/inst/clk_out1                                                                | soc_rtos_can_i/myip_RTOS_0/inst/myip_RTOS_slave_lite_v2_2_S00_AXI_inst/slv_reg[22][31]_i_1_n_0                                                             | soc_rtos_can_i/myip_RTOS_0/inst/myip_RTOS_slave_lite_v2_2_S00_AXI_inst/u_sched/s00_axi_aresetn_0                                            |                3 |              8 |         2.67 |
|  soc_rtos_can_i/clk_wiz/inst/clk_out1                                                                | soc_rtos_can_i/myip_RTOS_0/inst/myip_RTOS_slave_lite_v2_2_S00_AXI_inst/slv_reg[22][23]_i_1_n_0                                                             | soc_rtos_can_i/myip_RTOS_0/inst/myip_RTOS_slave_lite_v2_2_S00_AXI_inst/u_sched/s00_axi_aresetn_0                                            |                2 |              8 |         4.00 |
|  soc_rtos_can_i/clk_wiz/inst/clk_out1                                                                | soc_rtos_can_i/myip_RTOS_0/inst/myip_RTOS_slave_lite_v2_2_S00_AXI_inst/slv_reg[22][15]_i_1_n_0                                                             | soc_rtos_can_i/myip_RTOS_0/inst/myip_RTOS_slave_lite_v2_2_S00_AXI_inst/u_sched/s00_axi_aresetn_0                                            |                2 |              8 |         4.00 |
|  soc_rtos_can_i/clk_wiz/inst/clk_out1                                                                | soc_rtos_can_i/myip_RTOS_0/inst/myip_RTOS_slave_lite_v2_2_S00_AXI_inst/slv_reg[21][7]_i_1_n_0                                                              | soc_rtos_can_i/myip_RTOS_0/inst/myip_RTOS_slave_lite_v2_2_S00_AXI_inst/u_sched/s00_axi_aresetn_0                                            |                1 |              8 |         8.00 |
|  soc_rtos_can_i/clk_wiz/inst/clk_out1                                                                | soc_rtos_can_i/myip_RTOS_0/inst/myip_RTOS_slave_lite_v2_2_S00_AXI_inst/slv_reg[21][31]_i_1_n_0                                                             | soc_rtos_can_i/myip_RTOS_0/inst/myip_RTOS_slave_lite_v2_2_S00_AXI_inst/u_sched/s00_axi_aresetn_0                                            |                1 |              8 |         8.00 |
|  soc_rtos_can_i/clk_wiz/inst/clk_out1                                                                | soc_rtos_can_i/myip_RTOS_0/inst/myip_RTOS_slave_lite_v2_2_S00_AXI_inst/slv_reg[21][23]_i_1_n_0                                                             | soc_rtos_can_i/myip_RTOS_0/inst/myip_RTOS_slave_lite_v2_2_S00_AXI_inst/u_sched/s00_axi_aresetn_0                                            |                2 |              8 |         4.00 |
|  soc_rtos_can_i/clk_wiz/inst/clk_out1                                                                | soc_rtos_can_i/myip_RTOS_0/inst/myip_RTOS_slave_lite_v2_2_S00_AXI_inst/slv_reg[46][31]_i_1_n_0                                                             | soc_rtos_can_i/myip_RTOS_0/inst/myip_RTOS_slave_lite_v2_2_S00_AXI_inst/u_sched/s00_axi_aresetn_0                                            |                3 |              8 |         2.67 |
|  soc_rtos_can_i/clk_wiz/inst/clk_out1                                                                | soc_rtos_can_i/myip_RTOS_0/inst/myip_RTOS_slave_lite_v2_2_S00_AXI_inst/slv_reg[44][23]_i_1_n_0                                                             | soc_rtos_can_i/myip_RTOS_0/inst/myip_RTOS_slave_lite_v2_2_S00_AXI_inst/u_sched/s00_axi_aresetn_0                                            |                3 |              8 |         2.67 |
|  soc_rtos_can_i/clk_wiz/inst/clk_out1                                                                | soc_rtos_can_i/myip_RTOS_0/inst/myip_RTOS_slave_lite_v2_2_S00_AXI_inst/slv_reg[44][31]_i_1_n_0                                                             | soc_rtos_can_i/myip_RTOS_0/inst/myip_RTOS_slave_lite_v2_2_S00_AXI_inst/u_sched/s00_axi_aresetn_0                                            |                1 |              8 |         8.00 |
|  soc_rtos_can_i/clk_wiz/inst/clk_out1                                                                | soc_rtos_can_i/myip_RTOS_0/inst/myip_RTOS_slave_lite_v2_2_S00_AXI_inst/slv_reg[44][7]_i_1_n_0                                                              | soc_rtos_can_i/myip_RTOS_0/inst/myip_RTOS_slave_lite_v2_2_S00_AXI_inst/u_sched/s00_axi_aresetn_0                                            |                1 |              8 |         8.00 |
|  soc_rtos_can_i/clk_wiz/inst/clk_out1                                                                | soc_rtos_can_i/myip_RTOS_0/inst/myip_RTOS_slave_lite_v2_2_S00_AXI_inst/slv_reg[45][15]_i_1_n_0                                                             | soc_rtos_can_i/myip_RTOS_0/inst/myip_RTOS_slave_lite_v2_2_S00_AXI_inst/u_sched/s00_axi_aresetn_0                                            |                5 |              8 |         1.60 |
|  soc_rtos_can_i/clk_wiz/inst/clk_out1                                                                | soc_rtos_can_i/myip_RTOS_0/inst/myip_RTOS_slave_lite_v2_2_S00_AXI_inst/slv_reg[45][23]_i_1_n_0                                                             | soc_rtos_can_i/myip_RTOS_0/inst/myip_RTOS_slave_lite_v2_2_S00_AXI_inst/u_sched/s00_axi_aresetn_0                                            |                2 |              8 |         4.00 |
|  soc_rtos_can_i/clk_wiz/inst/clk_out1                                                                | soc_rtos_can_i/myip_RTOS_0/inst/myip_RTOS_slave_lite_v2_2_S00_AXI_inst/slv_reg[45][31]_i_1_n_0                                                             | soc_rtos_can_i/myip_RTOS_0/inst/myip_RTOS_slave_lite_v2_2_S00_AXI_inst/u_sched/s00_axi_aresetn_0                                            |                1 |              8 |         8.00 |
|  soc_rtos_can_i/clk_wiz/inst/clk_out1                                                                | soc_rtos_can_i/myip_RTOS_0/inst/myip_RTOS_slave_lite_v2_2_S00_AXI_inst/slv_reg[45][7]_i_1_n_0                                                              | soc_rtos_can_i/myip_RTOS_0/inst/myip_RTOS_slave_lite_v2_2_S00_AXI_inst/u_sched/s00_axi_aresetn_0                                            |                1 |              8 |         8.00 |
|  soc_rtos_can_i/clk_wiz/inst/clk_out1                                                                | soc_rtos_can_i/myip_RTOS_0/inst/myip_RTOS_slave_lite_v2_2_S00_AXI_inst/slv_reg[46][15]_i_1_n_0                                                             | soc_rtos_can_i/myip_RTOS_0/inst/myip_RTOS_slave_lite_v2_2_S00_AXI_inst/u_sched/s00_axi_aresetn_0                                            |                4 |              8 |         2.00 |
|  soc_rtos_can_i/clk_wiz/inst/clk_out1                                                                | soc_rtos_can_i/myip_RTOS_0/inst/myip_RTOS_slave_lite_v2_2_S00_AXI_inst/slv_reg[46][23]_i_1_n_0                                                             | soc_rtos_can_i/myip_RTOS_0/inst/myip_RTOS_slave_lite_v2_2_S00_AXI_inst/u_sched/s00_axi_aresetn_0                                            |                4 |              8 |         2.00 |
|  soc_rtos_can_i/clk_wiz/inst/clk_out1                                                                | soc_rtos_can_i/myip_RTOS_0/inst/myip_RTOS_slave_lite_v2_2_S00_AXI_inst/slv_reg[44][15]_i_1_n_0                                                             | soc_rtos_can_i/myip_RTOS_0/inst/myip_RTOS_slave_lite_v2_2_S00_AXI_inst/u_sched/s00_axi_aresetn_0                                            |                2 |              8 |         4.00 |
|  soc_rtos_can_i/clk_wiz/inst/clk_out1                                                                | soc_rtos_can_i/myip_RTOS_0/inst/myip_RTOS_slave_lite_v2_2_S00_AXI_inst/slv_reg[46][7]_i_1_n_0                                                              | soc_rtos_can_i/myip_RTOS_0/inst/myip_RTOS_slave_lite_v2_2_S00_AXI_inst/u_sched/s00_axi_aresetn_0                                            |                5 |              8 |         1.60 |
|  soc_rtos_can_i/clk_wiz/inst/clk_out1                                                                | soc_rtos_can_i/myip_RTOS_0/inst/myip_RTOS_slave_lite_v2_2_S00_AXI_inst/slv_reg[47][15]_i_1_n_0                                                             | soc_rtos_can_i/myip_RTOS_0/inst/myip_RTOS_slave_lite_v2_2_S00_AXI_inst/u_sched/s00_axi_aresetn_0                                            |                2 |              8 |         4.00 |
|  soc_rtos_can_i/clk_wiz/inst/clk_out1                                                                | soc_rtos_can_i/myip_RTOS_0/inst/myip_RTOS_slave_lite_v2_2_S00_AXI_inst/slv_reg[47][23]_i_1_n_0                                                             | soc_rtos_can_i/myip_RTOS_0/inst/myip_RTOS_slave_lite_v2_2_S00_AXI_inst/u_sched/s00_axi_aresetn_0                                            |                2 |              8 |         4.00 |
|  soc_rtos_can_i/clk_wiz/inst/clk_out1                                                                | soc_rtos_can_i/myip_RTOS_0/inst/myip_RTOS_slave_lite_v2_2_S00_AXI_inst/slv_reg[47][31]_i_1_n_0                                                             | soc_rtos_can_i/myip_RTOS_0/inst/myip_RTOS_slave_lite_v2_2_S00_AXI_inst/u_sched/s00_axi_aresetn_0                                            |                3 |              8 |         2.67 |
|  soc_rtos_can_i/clk_wiz/inst/clk_out1                                                                | soc_rtos_can_i/myip_RTOS_0/inst/myip_RTOS_slave_lite_v2_2_S00_AXI_inst/slv_reg[47][7]_i_1_n_0                                                              | soc_rtos_can_i/myip_RTOS_0/inst/myip_RTOS_slave_lite_v2_2_S00_AXI_inst/u_sched/s00_axi_aresetn_0                                            |                2 |              8 |         4.00 |
|  soc_rtos_can_i/clk_wiz/inst/clk_out1                                                                | soc_rtos_can_i/myip_RTOS_0/inst/myip_RTOS_slave_lite_v2_2_S00_AXI_inst/slv_reg[48][15]_i_1_n_0                                                             | soc_rtos_can_i/myip_RTOS_0/inst/myip_RTOS_slave_lite_v2_2_S00_AXI_inst/u_sched/s00_axi_aresetn_0                                            |                2 |              8 |         4.00 |
|  soc_rtos_can_i/clk_wiz/inst/clk_out1                                                                | soc_rtos_can_i/myip_RTOS_0/inst/myip_RTOS_slave_lite_v2_2_S00_AXI_inst/slv_reg[48][23]_i_1_n_0                                                             | soc_rtos_can_i/myip_RTOS_0/inst/myip_RTOS_slave_lite_v2_2_S00_AXI_inst/u_sched/s00_axi_aresetn_0                                            |                2 |              8 |         4.00 |
|  soc_rtos_can_i/clk_wiz/inst/clk_out1                                                                | soc_rtos_can_i/myip_RTOS_0/inst/myip_RTOS_slave_lite_v2_2_S00_AXI_inst/slv_reg[48][31]_i_1_n_0                                                             | soc_rtos_can_i/myip_RTOS_0/inst/myip_RTOS_slave_lite_v2_2_S00_AXI_inst/u_sched/s00_axi_aresetn_0                                            |                2 |              8 |         4.00 |
|  soc_rtos_can_i/clk_wiz/inst/clk_out1                                                                | soc_rtos_can_i/myip_RTOS_0/inst/myip_RTOS_slave_lite_v2_2_S00_AXI_inst/slv_reg[2][23]_i_1_n_0                                                              | soc_rtos_can_i/myip_RTOS_0/inst/myip_RTOS_slave_lite_v2_2_S00_AXI_inst/u_sched/s00_axi_aresetn_0                                            |                6 |              8 |         1.33 |
|  soc_rtos_can_i/clk_wiz/inst/clk_out1                                                                | soc_rtos_can_i/myip_RTOS_0/inst/myip_RTOS_slave_lite_v2_2_S00_AXI_inst/slv_reg[19][15]_i_1_n_0                                                             | soc_rtos_can_i/myip_RTOS_0/inst/myip_RTOS_slave_lite_v2_2_S00_AXI_inst/u_sched/s00_axi_aresetn_0                                            |                4 |              8 |         2.00 |
|  soc_rtos_can_i/clk_wiz/inst/clk_out1                                                                | soc_rtos_can_i/myip_RTOS_0/inst/myip_RTOS_slave_lite_v2_2_S00_AXI_inst/slv_reg[18][7]_i_1_n_0                                                              | soc_rtos_can_i/myip_RTOS_0/inst/myip_RTOS_slave_lite_v2_2_S00_AXI_inst/u_sched/s00_axi_aresetn_0                                            |                2 |              8 |         4.00 |
|  soc_rtos_can_i/clk_wiz/inst/clk_out1                                                                | soc_rtos_can_i/myip_RTOS_0/inst/myip_RTOS_slave_lite_v2_2_S00_AXI_inst/slv_reg[18][31]_i_1_n_0                                                             | soc_rtos_can_i/myip_RTOS_0/inst/myip_RTOS_slave_lite_v2_2_S00_AXI_inst/u_sched/s00_axi_aresetn_0                                            |                3 |              8 |         2.67 |
|  soc_rtos_can_i/clk_wiz/inst/clk_out1                                                                | soc_rtos_can_i/myip_RTOS_0/inst/myip_RTOS_slave_lite_v2_2_S00_AXI_inst/slv_reg[18][23]_i_1_n_0                                                             | soc_rtos_can_i/myip_RTOS_0/inst/myip_RTOS_slave_lite_v2_2_S00_AXI_inst/u_sched/s00_axi_aresetn_0                                            |                4 |              8 |         2.00 |
|  soc_rtos_can_i/clk_wiz/inst/clk_out1                                                                | soc_rtos_can_i/myip_RTOS_0/inst/myip_RTOS_slave_lite_v2_2_S00_AXI_inst/slv_reg[18][15]_i_1_n_0                                                             | soc_rtos_can_i/myip_RTOS_0/inst/myip_RTOS_slave_lite_v2_2_S00_AXI_inst/u_sched/s00_axi_aresetn_0                                            |                2 |              8 |         4.00 |
|  soc_rtos_can_i/clk_wiz/inst/clk_out1                                                                | soc_rtos_can_i/myip_RTOS_0/inst/myip_RTOS_slave_lite_v2_2_S00_AXI_inst/slv_reg[42][31]_i_1_n_0                                                             | soc_rtos_can_i/myip_RTOS_0/inst/myip_RTOS_slave_lite_v2_2_S00_AXI_inst/u_sched/s00_axi_aresetn_0                                            |                1 |              8 |         8.00 |
|  soc_rtos_can_i/clk_wiz/inst/clk_out1                                                                | soc_rtos_can_i/myip_RTOS_0/inst/myip_RTOS_slave_lite_v2_2_S00_AXI_inst/slv_reg[39][31]_i_1_n_0                                                             | soc_rtos_can_i/myip_RTOS_0/inst/myip_RTOS_slave_lite_v2_2_S00_AXI_inst/u_sched/s00_axi_aresetn_0                                            |                1 |              8 |         8.00 |
|  soc_rtos_can_i/clk_wiz/inst/clk_out1                                                                | soc_rtos_can_i/myip_RTOS_0/inst/myip_RTOS_slave_lite_v2_2_S00_AXI_inst/slv_reg[39][7]_i_1_n_0                                                              | soc_rtos_can_i/myip_RTOS_0/inst/myip_RTOS_slave_lite_v2_2_S00_AXI_inst/u_sched/s00_axi_aresetn_0                                            |                2 |              8 |         4.00 |
|  soc_rtos_can_i/clk_wiz/inst/clk_out1                                                                | soc_rtos_can_i/myip_RTOS_0/inst/myip_RTOS_slave_lite_v2_2_S00_AXI_inst/slv_reg[40][15]_i_1_n_0                                                             | soc_rtos_can_i/myip_RTOS_0/inst/myip_RTOS_slave_lite_v2_2_S00_AXI_inst/u_sched/s00_axi_aresetn_0                                            |                4 |              8 |         2.00 |
|  soc_rtos_can_i/clk_wiz/inst/clk_out1                                                                | soc_rtos_can_i/myip_RTOS_0/inst/myip_RTOS_slave_lite_v2_2_S00_AXI_inst/slv_reg[19][23]_i_1_n_0                                                             | soc_rtos_can_i/myip_RTOS_0/inst/myip_RTOS_slave_lite_v2_2_S00_AXI_inst/u_sched/s00_axi_aresetn_0                                            |                5 |              8 |         1.60 |
|  soc_rtos_can_i/clk_wiz/inst/clk_out1                                                                | soc_rtos_can_i/myip_RTOS_0/inst/myip_RTOS_slave_lite_v2_2_S00_AXI_inst/slv_reg[40][31]_i_1_n_0                                                             | soc_rtos_can_i/myip_RTOS_0/inst/myip_RTOS_slave_lite_v2_2_S00_AXI_inst/u_sched/s00_axi_aresetn_0                                            |                2 |              8 |         4.00 |
|  soc_rtos_can_i/clk_wiz/inst/clk_out1                                                                | soc_rtos_can_i/myip_RTOS_0/inst/myip_RTOS_slave_lite_v2_2_S00_AXI_inst/slv_reg[40][7]_i_1_n_0                                                              | soc_rtos_can_i/myip_RTOS_0/inst/myip_RTOS_slave_lite_v2_2_S00_AXI_inst/u_sched/s00_axi_aresetn_0                                            |                2 |              8 |         4.00 |
|  soc_rtos_can_i/clk_wiz/inst/clk_out1                                                                | soc_rtos_can_i/myip_RTOS_0/inst/myip_RTOS_slave_lite_v2_2_S00_AXI_inst/slv_reg[41][15]_i_1_n_0                                                             | soc_rtos_can_i/myip_RTOS_0/inst/myip_RTOS_slave_lite_v2_2_S00_AXI_inst/u_sched/s00_axi_aresetn_0                                            |                3 |              8 |         2.67 |
|  soc_rtos_can_i/clk_wiz/inst/clk_out1                                                                | soc_rtos_can_i/myip_RTOS_0/inst/myip_RTOS_slave_lite_v2_2_S00_AXI_inst/slv_reg[41][23]_i_1_n_0                                                             | soc_rtos_can_i/myip_RTOS_0/inst/myip_RTOS_slave_lite_v2_2_S00_AXI_inst/u_sched/s00_axi_aresetn_0                                            |                2 |              8 |         4.00 |
|  soc_rtos_can_i/clk_wiz/inst/clk_out1                                                                | soc_rtos_can_i/myip_RTOS_0/inst/myip_RTOS_slave_lite_v2_2_S00_AXI_inst/slv_reg[43][15]_i_1_n_0                                                             | soc_rtos_can_i/myip_RTOS_0/inst/myip_RTOS_slave_lite_v2_2_S00_AXI_inst/u_sched/s00_axi_aresetn_0                                            |                6 |              8 |         1.33 |
|  soc_rtos_can_i/clk_wiz/inst/clk_out1                                                                | soc_rtos_can_i/myip_RTOS_0/inst/myip_RTOS_slave_lite_v2_2_S00_AXI_inst/slv_reg[43][23]_i_1_n_0                                                             | soc_rtos_can_i/myip_RTOS_0/inst/myip_RTOS_slave_lite_v2_2_S00_AXI_inst/u_sched/s00_axi_aresetn_0                                            |                2 |              8 |         4.00 |
|  soc_rtos_can_i/clk_wiz/inst/clk_out1                                                                | soc_rtos_can_i/myip_RTOS_0/inst/myip_RTOS_slave_lite_v2_2_S00_AXI_inst/slv_reg[43][31]_i_1_n_0                                                             | soc_rtos_can_i/myip_RTOS_0/inst/myip_RTOS_slave_lite_v2_2_S00_AXI_inst/u_sched/s00_axi_aresetn_0                                            |                3 |              8 |         2.67 |
|  soc_rtos_can_i/clk_wiz/inst/clk_out1                                                                | soc_rtos_can_i/myip_RTOS_0/inst/myip_RTOS_slave_lite_v2_2_S00_AXI_inst/slv_reg[43][7]_i_1_n_0                                                              | soc_rtos_can_i/myip_RTOS_0/inst/myip_RTOS_slave_lite_v2_2_S00_AXI_inst/u_sched/s00_axi_aresetn_0                                            |                3 |              8 |         2.67 |
|  soc_rtos_can_i/clk_wiz/inst/clk_out1                                                                | soc_rtos_can_i/myip_RTOS_0/inst/myip_RTOS_slave_lite_v2_2_S00_AXI_inst/slv_reg[35][7]_i_1_n_0                                                              | soc_rtos_can_i/myip_RTOS_0/inst/myip_RTOS_slave_lite_v2_2_S00_AXI_inst/u_sched/s00_axi_aresetn_0                                            |                2 |              8 |         4.00 |
|  soc_rtos_can_i/clk_wiz/inst/clk_out1                                                                | soc_rtos_can_i/myip_RTOS_0/inst/myip_RTOS_slave_lite_v2_2_S00_AXI_inst/slv_reg[32][15]_i_1_n_0                                                             | soc_rtos_can_i/myip_RTOS_0/inst/myip_RTOS_slave_lite_v2_2_S00_AXI_inst/u_sched/s00_axi_aresetn_0                                            |                3 |              8 |         2.67 |
|  soc_rtos_can_i/clk_wiz/inst/clk_out1                                                                | soc_rtos_can_i/myip_RTOS_0/inst/myip_RTOS_slave_lite_v2_2_S00_AXI_inst/slv_reg[32][23]_i_1_n_0                                                             | soc_rtos_can_i/myip_RTOS_0/inst/myip_RTOS_slave_lite_v2_2_S00_AXI_inst/u_sched/s00_axi_aresetn_0                                            |                2 |              8 |         4.00 |
|  soc_rtos_can_i/clk_wiz/inst/clk_out1                                                                | soc_rtos_can_i/myip_RTOS_0/inst/myip_RTOS_slave_lite_v2_2_S00_AXI_inst/slv_reg[32][31]_i_1_n_0                                                             | soc_rtos_can_i/myip_RTOS_0/inst/myip_RTOS_slave_lite_v2_2_S00_AXI_inst/u_sched/s00_axi_aresetn_0                                            |                2 |              8 |         4.00 |
|  soc_rtos_can_i/clk_wiz/inst/clk_out1                                                                | soc_rtos_can_i/myip_RTOS_0/inst/myip_RTOS_slave_lite_v2_2_S00_AXI_inst/slv_reg[63][23]_i_1_n_0                                                             | soc_rtos_can_i/myip_RTOS_0/inst/myip_RTOS_slave_lite_v2_2_S00_AXI_inst/u_sched/s00_axi_aresetn_0                                            |                2 |              8 |         4.00 |
|  soc_rtos_can_i/clk_wiz/inst/clk_out1                                                                | soc_rtos_can_i/myip_RTOS_0/inst/myip_RTOS_slave_lite_v2_2_S00_AXI_inst/slv_reg[63][15]_i_1_n_0                                                             | soc_rtos_can_i/myip_RTOS_0/inst/myip_RTOS_slave_lite_v2_2_S00_AXI_inst/u_sched/s00_axi_aresetn_0                                            |                4 |              8 |         2.00 |
|  soc_rtos_can_i/clk_wiz/inst/clk_out1                                                                | soc_rtos_can_i/myip_RTOS_0/inst/myip_RTOS_slave_lite_v2_2_S00_AXI_inst/slv_reg[62][7]_i_1_n_0                                                              | soc_rtos_can_i/myip_RTOS_0/inst/myip_RTOS_slave_lite_v2_2_S00_AXI_inst/u_sched/s00_axi_aresetn_0                                            |                2 |              8 |         4.00 |
|  soc_rtos_can_i/clk_wiz/inst/clk_out1                                                                | soc_rtos_can_i/myip_RTOS_0/inst/myip_RTOS_slave_lite_v2_2_S00_AXI_inst/slv_reg[62][31]_i_1_n_0                                                             | soc_rtos_can_i/myip_RTOS_0/inst/myip_RTOS_slave_lite_v2_2_S00_AXI_inst/u_sched/s00_axi_aresetn_0                                            |                1 |              8 |         8.00 |
|  soc_rtos_can_i/clk_wiz/inst/clk_out1                                                                | soc_rtos_can_i/myip_RTOS_0/inst/myip_RTOS_slave_lite_v2_2_S00_AXI_inst/slv_reg[62][23]_i_1_n_0                                                             | soc_rtos_can_i/myip_RTOS_0/inst/myip_RTOS_slave_lite_v2_2_S00_AXI_inst/u_sched/s00_axi_aresetn_0                                            |                2 |              8 |         4.00 |
|  soc_rtos_can_i/clk_wiz/inst/clk_out1                                                                | soc_rtos_can_i/myip_RTOS_0/inst/myip_RTOS_slave_lite_v2_2_S00_AXI_inst/slv_reg[32][7]_i_1_n_0                                                              | soc_rtos_can_i/myip_RTOS_0/inst/myip_RTOS_slave_lite_v2_2_S00_AXI_inst/u_sched/s00_axi_aresetn_0                                            |                1 |              8 |         8.00 |
|  soc_rtos_can_i/clk_wiz/inst/clk_out1                                                                | soc_rtos_can_i/myip_RTOS_0/inst/myip_RTOS_slave_lite_v2_2_S00_AXI_inst/slv_reg[33][15]_i_1_n_0                                                             | soc_rtos_can_i/myip_RTOS_0/inst/myip_RTOS_slave_lite_v2_2_S00_AXI_inst/u_sched/s00_axi_aresetn_0                                            |                4 |              8 |         2.00 |
|  soc_rtos_can_i/clk_wiz/inst/clk_out1                                                                | soc_rtos_can_i/myip_RTOS_0/inst/myip_RTOS_slave_lite_v2_2_S00_AXI_inst/slv_reg[33][23]_i_1_n_0                                                             | soc_rtos_can_i/myip_RTOS_0/inst/myip_RTOS_slave_lite_v2_2_S00_AXI_inst/u_sched/s00_axi_aresetn_0                                            |                2 |              8 |         4.00 |
|  soc_rtos_can_i/clk_wiz/inst/clk_out1                                                                | soc_rtos_can_i/myip_RTOS_0/inst/myip_RTOS_slave_lite_v2_2_S00_AXI_inst/slv_reg[33][31]_i_1_n_0                                                             | soc_rtos_can_i/myip_RTOS_0/inst/myip_RTOS_slave_lite_v2_2_S00_AXI_inst/u_sched/s00_axi_aresetn_0                                            |                2 |              8 |         4.00 |
|  soc_rtos_can_i/clk_wiz/inst/clk_out1                                                                | soc_rtos_can_i/myip_RTOS_0/inst/myip_RTOS_slave_lite_v2_2_S00_AXI_inst/slv_reg[33][7]_i_1_n_0                                                              | soc_rtos_can_i/myip_RTOS_0/inst/myip_RTOS_slave_lite_v2_2_S00_AXI_inst/u_sched/s00_axi_aresetn_0                                            |                2 |              8 |         4.00 |
|  soc_rtos_can_i/clk_wiz/inst/clk_out1                                                                | soc_rtos_can_i/myip_RTOS_0/inst/myip_RTOS_slave_lite_v2_2_S00_AXI_inst/slv_reg[34][15]_i_1_n_0                                                             | soc_rtos_can_i/myip_RTOS_0/inst/myip_RTOS_slave_lite_v2_2_S00_AXI_inst/u_sched/s00_axi_aresetn_0                                            |                6 |              8 |         1.33 |
|  soc_rtos_can_i/clk_wiz/inst/clk_out1                                                                | soc_rtos_can_i/myip_RTOS_0/inst/myip_RTOS_slave_lite_v2_2_S00_AXI_inst/slv_reg[17][23]_i_1_n_0                                                             | soc_rtos_can_i/myip_RTOS_0/inst/myip_RTOS_slave_lite_v2_2_S00_AXI_inst/u_sched/s00_axi_aresetn_0                                            |                3 |              8 |         2.67 |
|  soc_rtos_can_i/clk_wiz/inst/clk_out1                                                                | soc_rtos_can_i/myip_RTOS_0/inst/myip_RTOS_slave_lite_v2_2_S00_AXI_inst/slv_reg[31][7]_i_1_n_0                                                              | soc_rtos_can_i/myip_RTOS_0/inst/myip_RTOS_slave_lite_v2_2_S00_AXI_inst/u_sched/s00_axi_aresetn_0                                            |                3 |              8 |         2.67 |
|  soc_rtos_can_i/clk_wiz/inst/clk_out1                                                                | soc_rtos_can_i/myip_RTOS_0/inst/myip_RTOS_slave_lite_v2_2_S00_AXI_inst/slv_reg[35][31]_i_1_n_0                                                             | soc_rtos_can_i/myip_RTOS_0/inst/myip_RTOS_slave_lite_v2_2_S00_AXI_inst/u_sched/s00_axi_aresetn_0                                            |                1 |              8 |         8.00 |
|  soc_rtos_can_i/clk_wiz/inst/clk_out1                                                                | soc_rtos_can_i/myip_RTOS_0/inst/myip_RTOS_slave_lite_v2_2_S00_AXI_inst/slv_reg[35][23]_i_1_n_0                                                             | soc_rtos_can_i/myip_RTOS_0/inst/myip_RTOS_slave_lite_v2_2_S00_AXI_inst/u_sched/s00_axi_aresetn_0                                            |                2 |              8 |         4.00 |
|  soc_rtos_can_i/clk_wiz/inst/clk_out1                                                                | soc_rtos_can_i/myip_RTOS_0/inst/myip_RTOS_slave_lite_v2_2_S00_AXI_inst/slv_reg[35][15]_i_1_n_0                                                             | soc_rtos_can_i/myip_RTOS_0/inst/myip_RTOS_slave_lite_v2_2_S00_AXI_inst/u_sched/s00_axi_aresetn_0                                            |                2 |              8 |         4.00 |
|  soc_rtos_can_i/clk_wiz/inst/clk_out1                                                                | soc_rtos_can_i/myip_RTOS_0/inst/myip_RTOS_slave_lite_v2_2_S00_AXI_inst/slv_reg[34][7]_i_1_n_0                                                              | soc_rtos_can_i/myip_RTOS_0/inst/myip_RTOS_slave_lite_v2_2_S00_AXI_inst/u_sched/s00_axi_aresetn_0                                            |                2 |              8 |         4.00 |
|  soc_rtos_can_i/clk_wiz/inst/clk_out1                                                                | soc_rtos_can_i/myip_RTOS_0/inst/myip_RTOS_slave_lite_v2_2_S00_AXI_inst/slv_reg[34][31]_i_1_n_0                                                             | soc_rtos_can_i/myip_RTOS_0/inst/myip_RTOS_slave_lite_v2_2_S00_AXI_inst/u_sched/s00_axi_aresetn_0                                            |                7 |              8 |         1.14 |
|  soc_rtos_can_i/clk_wiz/inst/clk_out1                                                                | soc_rtos_can_i/myip_RTOS_0/inst/myip_RTOS_slave_lite_v2_2_S00_AXI_inst/slv_reg[34][23]_i_1_n_0                                                             | soc_rtos_can_i/myip_RTOS_0/inst/myip_RTOS_slave_lite_v2_2_S00_AXI_inst/u_sched/s00_axi_aresetn_0                                            |                4 |              8 |         2.00 |
|  soc_rtos_can_i/clk_wiz/inst/clk_out1                                                                | soc_rtos_can_i/myip_RTOS_0/inst/myip_RTOS_slave_lite_v2_2_S00_AXI_inst/slv_reg[36][15]_i_1_n_0                                                             | soc_rtos_can_i/myip_RTOS_0/inst/myip_RTOS_slave_lite_v2_2_S00_AXI_inst/u_sched/s00_axi_aresetn_0                                            |                4 |              8 |         2.00 |
|  soc_rtos_can_i/clk_wiz/inst/clk_out1                                                                | soc_rtos_can_i/myip_RTOS_0/inst/myip_RTOS_slave_lite_v2_2_S00_AXI_inst/slv_reg[36][23]_i_1_n_0                                                             | soc_rtos_can_i/myip_RTOS_0/inst/myip_RTOS_slave_lite_v2_2_S00_AXI_inst/u_sched/s00_axi_aresetn_0                                            |                2 |              8 |         4.00 |
|  soc_rtos_can_i/clk_wiz/inst/clk_out1                                                                | soc_rtos_can_i/myip_RTOS_0/inst/myip_RTOS_slave_lite_v2_2_S00_AXI_inst/slv_reg[36][31]_i_1_n_0                                                             | soc_rtos_can_i/myip_RTOS_0/inst/myip_RTOS_slave_lite_v2_2_S00_AXI_inst/u_sched/s00_axi_aresetn_0                                            |                1 |              8 |         8.00 |
|  soc_rtos_can_i/clk_wiz/inst/clk_out1                                                                | soc_rtos_can_i/myip_RTOS_0/inst/myip_RTOS_slave_lite_v2_2_S00_AXI_inst/slv_reg[36][7]_i_1_n_0                                                              | soc_rtos_can_i/myip_RTOS_0/inst/myip_RTOS_slave_lite_v2_2_S00_AXI_inst/u_sched/s00_axi_aresetn_0                                            |                2 |              8 |         4.00 |
|  soc_rtos_can_i/clk_wiz/inst/clk_out1                                                                | soc_rtos_can_i/myip_RTOS_0/inst/myip_RTOS_slave_lite_v2_2_S00_AXI_inst/slv_reg[37][15]_i_1_n_0                                                             | soc_rtos_can_i/myip_RTOS_0/inst/myip_RTOS_slave_lite_v2_2_S00_AXI_inst/u_sched/s00_axi_aresetn_0                                            |                5 |              8 |         1.60 |
|  soc_rtos_can_i/clk_wiz/inst/clk_out1                                                                | soc_rtos_can_i/myip_RTOS_0/inst/myip_RTOS_slave_lite_v2_2_S00_AXI_inst/slv_reg[37][23]_i_1_n_0                                                             | soc_rtos_can_i/myip_RTOS_0/inst/myip_RTOS_slave_lite_v2_2_S00_AXI_inst/u_sched/s00_axi_aresetn_0                                            |                2 |              8 |         4.00 |
|  soc_rtos_can_i/clk_wiz/inst/clk_out1                                                                | soc_rtos_can_i/myip_RTOS_0/inst/myip_RTOS_slave_lite_v2_2_S00_AXI_inst/slv_reg[37][31]_i_1_n_0                                                             | soc_rtos_can_i/myip_RTOS_0/inst/myip_RTOS_slave_lite_v2_2_S00_AXI_inst/u_sched/s00_axi_aresetn_0                                            |                2 |              8 |         4.00 |
|  soc_rtos_can_i/clk_wiz/inst/clk_out1                                                                | soc_rtos_can_i/myip_RTOS_0/inst/myip_RTOS_slave_lite_v2_2_S00_AXI_inst/slv_reg[37][7]_i_1_n_0                                                              | soc_rtos_can_i/myip_RTOS_0/inst/myip_RTOS_slave_lite_v2_2_S00_AXI_inst/u_sched/s00_axi_aresetn_0                                            |                3 |              8 |         2.67 |
|  soc_rtos_can_i/clk_wiz/inst/clk_out1                                                                | soc_rtos_can_i/myip_RTOS_0/inst/myip_RTOS_slave_lite_v2_2_S00_AXI_inst/slv_reg[2][15]_i_1_n_0                                                              | soc_rtos_can_i/myip_RTOS_0/inst/myip_RTOS_slave_lite_v2_2_S00_AXI_inst/u_sched/s00_axi_aresetn_0                                            |                2 |              8 |         4.00 |
|  soc_rtos_can_i/clk_wiz/inst/clk_out1                                                                | soc_rtos_can_i/myip_RTOS_0/inst/myip_RTOS_slave_lite_v2_2_S00_AXI_inst/slv_reg[25][31]_i_1_n_0                                                             | soc_rtos_can_i/myip_RTOS_0/inst/myip_RTOS_slave_lite_v2_2_S00_AXI_inst/u_sched/s00_axi_aresetn_0                                            |                4 |              8 |         2.00 |
|  soc_rtos_can_i/clk_wiz/inst/clk_out1                                                                | soc_rtos_can_i/myip_RTOS_0/inst/myip_RTOS_slave_lite_v2_2_S00_AXI_inst/slv_reg[17][7]_i_1_n_0                                                              | soc_rtos_can_i/myip_RTOS_0/inst/myip_RTOS_slave_lite_v2_2_S00_AXI_inst/u_sched/s00_axi_aresetn_0                                            |                1 |              8 |         8.00 |
|  soc_rtos_can_i/clk_wiz/inst/clk_out1                                                                | soc_rtos_can_i/myip_RTOS_0/inst/myip_RTOS_slave_lite_v2_2_S00_AXI_inst/slv_reg[27][7]_i_1_n_0                                                              | soc_rtos_can_i/myip_RTOS_0/inst/myip_RTOS_slave_lite_v2_2_S00_AXI_inst/u_sched/s00_axi_aresetn_0                                            |                1 |              8 |         8.00 |
|  soc_rtos_can_i/clk_wiz/inst/clk_out1                                                                | soc_rtos_can_i/myip_RTOS_0/inst/myip_RTOS_slave_lite_v2_2_S00_AXI_inst/slv_reg[27][31]_i_1_n_0                                                             | soc_rtos_can_i/myip_RTOS_0/inst/myip_RTOS_slave_lite_v2_2_S00_AXI_inst/u_sched/s00_axi_aresetn_0                                            |                1 |              8 |         8.00 |
|  soc_rtos_can_i/clk_wiz/inst/clk_out1                                                                | soc_rtos_can_i/myip_RTOS_0/inst/myip_RTOS_slave_lite_v2_2_S00_AXI_inst/slv_reg[16][15]_i_1_n_0                                                             | soc_rtos_can_i/myip_RTOS_0/inst/myip_RTOS_slave_lite_v2_2_S00_AXI_inst/u_sched/s00_axi_aresetn_0                                            |                3 |              8 |         2.67 |
|  soc_rtos_can_i/clk_wiz/inst/clk_out1                                                                | soc_rtos_can_i/myip_RTOS_0/inst/myip_RTOS_slave_lite_v2_2_S00_AXI_inst/slv_reg[0][7]_i_1_n_0                                                               | soc_rtos_can_i/myip_RTOS_0/inst/myip_RTOS_slave_lite_v2_2_S00_AXI_inst/u_sched/s00_axi_aresetn_0                                            |                6 |              8 |         1.33 |
|  soc_rtos_can_i/clk_wiz/inst/clk_out1                                                                | soc_rtos_can_i/myip_RTOS_0/inst/myip_RTOS_slave_lite_v2_2_S00_AXI_inst/slv_reg[17][31]_i_1_n_0                                                             | soc_rtos_can_i/myip_RTOS_0/inst/myip_RTOS_slave_lite_v2_2_S00_AXI_inst/u_sched/s00_axi_aresetn_0                                            |                2 |              8 |         4.00 |
|  soc_rtos_can_i/clk_wiz/inst/clk_out1                                                                | soc_rtos_can_i/myip_RTOS_0/inst/myip_RTOS_slave_lite_v2_2_S00_AXI_inst/slv_reg[0][31]_i_1_n_0                                                              | soc_rtos_can_i/myip_RTOS_0/inst/myip_RTOS_slave_lite_v2_2_S00_AXI_inst/u_sched/s00_axi_aresetn_0                                            |                3 |              8 |         2.67 |
|  soc_rtos_can_i/clk_wiz/inst/clk_out1                                                                | soc_rtos_can_i/myip_RTOS_0/inst/myip_RTOS_slave_lite_v2_2_S00_AXI_inst/slv_reg[0][23]_i_1_n_0                                                              | soc_rtos_can_i/myip_RTOS_0/inst/myip_RTOS_slave_lite_v2_2_S00_AXI_inst/u_sched/s00_axi_aresetn_0                                            |                3 |              8 |         2.67 |
|  soc_rtos_can_i/clk_wiz/inst/clk_out1                                                                | soc_rtos_can_i/myip_RTOS_0/inst/myip_RTOS_slave_lite_v2_2_S00_AXI_inst/slv_reg[0][15]_i_1_n_0                                                              | soc_rtos_can_i/myip_RTOS_0/inst/myip_RTOS_slave_lite_v2_2_S00_AXI_inst/u_sched/s00_axi_aresetn_0                                            |                3 |              8 |         2.67 |
|  soc_rtos_can_i/clk_wiz/inst/clk_out1                                                                | soc_rtos_can_i/myip_RTOS_0/inst/myip_RTOS_slave_lite_v2_2_S00_AXI_inst/slv_reg[61][31]_i_1_n_0                                                             | soc_rtos_can_i/myip_RTOS_0/inst/myip_RTOS_slave_lite_v2_2_S00_AXI_inst/u_sched/s00_axi_aresetn_0                                            |                7 |              8 |         1.14 |
|  soc_rtos_can_i/clk_wiz/inst/clk_out1                                                                | soc_rtos_can_i/myip_RTOS_0/inst/myip_RTOS_slave_lite_v2_2_S00_AXI_inst/slv_reg[42][7]_i_1_n_0                                                              | soc_rtos_can_i/myip_RTOS_0/inst/myip_RTOS_slave_lite_v2_2_S00_AXI_inst/u_sched/s00_axi_aresetn_0                                            |                3 |              8 |         2.67 |
|  soc_rtos_can_i/clk_wiz/inst/clk_out1                                                                | soc_rtos_can_i/myip_RTOS_0/inst/myip_RTOS_slave_lite_v2_2_S00_AXI_inst/slv_reg[2][31]_i_1_n_0                                                              | soc_rtos_can_i/myip_RTOS_0/inst/myip_RTOS_slave_lite_v2_2_S00_AXI_inst/u_sched/s00_axi_aresetn_0                                            |                3 |              8 |         2.67 |
|  soc_rtos_can_i/clk_wiz/inst/clk_out1                                                                | soc_rtos_can_i/myip_RTOS_0/inst/myip_RTOS_slave_lite_v2_2_S00_AXI_inst/slv_reg[41][31]_i_1_n_0                                                             | soc_rtos_can_i/myip_RTOS_0/inst/myip_RTOS_slave_lite_v2_2_S00_AXI_inst/u_sched/s00_axi_aresetn_0                                            |                3 |              8 |         2.67 |
|  soc_rtos_can_i/clk_wiz/inst/clk_out1                                                                | soc_rtos_can_i/myip_RTOS_0/inst/myip_RTOS_slave_lite_v2_2_S00_AXI_inst/slv_reg[29][7]_i_1_n_0                                                              | soc_rtos_can_i/myip_RTOS_0/inst/myip_RTOS_slave_lite_v2_2_S00_AXI_inst/u_sched/s00_axi_aresetn_0                                            |                2 |              8 |         4.00 |
|  soc_rtos_can_i/clk_wiz/inst/clk_out1                                                                | soc_rtos_can_i/myip_RTOS_0/inst/myip_RTOS_slave_lite_v2_2_S00_AXI_inst/slv_reg[25][23]_i_1_n_0                                                             | soc_rtos_can_i/myip_RTOS_0/inst/myip_RTOS_slave_lite_v2_2_S00_AXI_inst/u_sched/s00_axi_aresetn_0                                            |                1 |              8 |         8.00 |
|  soc_rtos_can_i/clk_wiz/inst/clk_out1                                                                | soc_rtos_can_i/myip_RTOS_0/inst/myip_RTOS_slave_lite_v2_2_S00_AXI_inst/slv_reg[42][23]_i_1_n_0                                                             | soc_rtos_can_i/myip_RTOS_0/inst/myip_RTOS_slave_lite_v2_2_S00_AXI_inst/u_sched/s00_axi_aresetn_0                                            |                2 |              8 |         4.00 |
|  soc_rtos_can_i/clk_wiz/inst/clk_out1                                                                | soc_rtos_can_i/myip_RTOS_0/inst/myip_RTOS_slave_lite_v2_2_S00_AXI_inst/slv_reg[16][23]_i_1_n_0                                                             | soc_rtos_can_i/myip_RTOS_0/inst/myip_RTOS_slave_lite_v2_2_S00_AXI_inst/u_sched/s00_axi_aresetn_0                                            |                4 |              8 |         2.00 |
|  soc_rtos_can_i/clk_wiz/inst/clk_out1                                                                | soc_rtos_can_i/myip_RTOS_0/inst/myip_RTOS_slave_lite_v2_2_S00_AXI_inst/slv_reg[16][31]_i_1_n_0                                                             | soc_rtos_can_i/myip_RTOS_0/inst/myip_RTOS_slave_lite_v2_2_S00_AXI_inst/u_sched/s00_axi_aresetn_0                                            |                2 |              8 |         4.00 |
|  soc_rtos_can_i/clk_wiz/inst/clk_out1                                                                | soc_rtos_can_i/myip_RTOS_0/inst/myip_RTOS_slave_lite_v2_2_S00_AXI_inst/slv_reg[16][7]_i_1_n_0                                                              | soc_rtos_can_i/myip_RTOS_0/inst/myip_RTOS_slave_lite_v2_2_S00_AXI_inst/u_sched/s00_axi_aresetn_0                                            |                1 |              8 |         8.00 |
|  soc_rtos_can_i/clk_wiz/inst/clk_out1                                                                | soc_rtos_can_i/myip_RTOS_0/inst/myip_RTOS_slave_lite_v2_2_S00_AXI_inst/slv_reg[17][15]_i_1_n_0                                                             | soc_rtos_can_i/myip_RTOS_0/inst/myip_RTOS_slave_lite_v2_2_S00_AXI_inst/u_sched/s00_axi_aresetn_0                                            |                3 |              8 |         2.67 |
|  soc_rtos_can_i/clk_wiz/inst/clk_out1                                                                | soc_rtos_can_i/myip_RTOS_0/inst/myip_RTOS_slave_lite_v2_2_S00_AXI_inst/slv_reg[2][7]_i_1_n_0                                                               | soc_rtos_can_i/myip_RTOS_0/inst/myip_RTOS_slave_lite_v2_2_S00_AXI_inst/u_sched/s00_axi_aresetn_0                                            |                3 |              8 |         2.67 |
|  soc_rtos_can_i/clk_wiz/inst/clk_out1                                                                | soc_rtos_can_i/myip_RTOS_0/inst/myip_RTOS_slave_lite_v2_2_S00_AXI_inst/slv_reg[41][7]_i_1_n_0                                                              | soc_rtos_can_i/myip_RTOS_0/inst/myip_RTOS_slave_lite_v2_2_S00_AXI_inst/u_sched/s00_axi_aresetn_0                                            |                1 |              8 |         8.00 |
|  soc_rtos_can_i/clk_wiz/inst/clk_out1                                                                | soc_rtos_can_i/myip_RTOS_0/inst/myip_RTOS_slave_lite_v2_2_S00_AXI_inst/slv_reg[30][15]_i_1_n_0                                                             | soc_rtos_can_i/myip_RTOS_0/inst/myip_RTOS_slave_lite_v2_2_S00_AXI_inst/u_sched/s00_axi_aresetn_0                                            |                4 |              8 |         2.00 |
|  soc_rtos_can_i/clk_wiz/inst/clk_out1                                                                | soc_rtos_can_i/myip_RTOS_0/inst/myip_RTOS_slave_lite_v2_2_S00_AXI_inst/slv_reg[30][23]_i_1_n_0                                                             | soc_rtos_can_i/myip_RTOS_0/inst/myip_RTOS_slave_lite_v2_2_S00_AXI_inst/u_sched/s00_axi_aresetn_0                                            |                2 |              8 |         4.00 |
|  soc_rtos_can_i/clk_wiz/inst/clk_out1                                                                | soc_rtos_can_i/myip_RTOS_0/inst/myip_RTOS_slave_lite_v2_2_S00_AXI_inst/slv_reg[30][31]_i_1_n_0                                                             | soc_rtos_can_i/myip_RTOS_0/inst/myip_RTOS_slave_lite_v2_2_S00_AXI_inst/u_sched/s00_axi_aresetn_0                                            |                2 |              8 |         4.00 |
|  soc_rtos_can_i/clk_wiz/inst/clk_out1                                                                | soc_rtos_can_i/myip_RTOS_0/inst/myip_RTOS_slave_lite_v2_2_S00_AXI_inst/slv_reg[30][7]_i_1_n_0                                                              | soc_rtos_can_i/myip_RTOS_0/inst/myip_RTOS_slave_lite_v2_2_S00_AXI_inst/u_sched/s00_axi_aresetn_0                                            |                3 |              8 |         2.67 |
|  soc_rtos_can_i/clk_wiz/inst/clk_out1                                                                | soc_rtos_can_i/myip_RTOS_0/inst/myip_RTOS_slave_lite_v2_2_S00_AXI_inst/slv_reg[31][15]_i_1_n_0                                                             | soc_rtos_can_i/myip_RTOS_0/inst/myip_RTOS_slave_lite_v2_2_S00_AXI_inst/u_sched/s00_axi_aresetn_0                                            |                5 |              8 |         1.60 |
|  soc_rtos_can_i/clk_wiz/inst/clk_out1                                                                | soc_rtos_can_i/myip_RTOS_0/inst/myip_RTOS_slave_lite_v2_2_S00_AXI_inst/slv_reg[31][23]_i_1_n_0                                                             | soc_rtos_can_i/myip_RTOS_0/inst/myip_RTOS_slave_lite_v2_2_S00_AXI_inst/u_sched/s00_axi_aresetn_0                                            |                8 |              8 |         1.00 |
|  soc_rtos_can_i/clk_wiz/inst/clk_out1                                                                | soc_rtos_can_i/myip_RTOS_0/inst/myip_RTOS_slave_lite_v2_2_S00_AXI_inst/slv_reg[31][31]_i_1_n_0                                                             | soc_rtos_can_i/myip_RTOS_0/inst/myip_RTOS_slave_lite_v2_2_S00_AXI_inst/u_sched/s00_axi_aresetn_0                                            |                4 |              8 |         2.00 |
|  soc_rtos_can_i/clk_wiz/inst/clk_out1                                                                | soc_rtos_can_i/myip_RTOS_0/inst/myip_RTOS_slave_lite_v2_2_S00_AXI_inst/slv_reg[38][31]_i_1_n_0                                                             | soc_rtos_can_i/myip_RTOS_0/inst/myip_RTOS_slave_lite_v2_2_S00_AXI_inst/u_sched/s00_axi_aresetn_0                                            |                2 |              8 |         4.00 |
|  soc_rtos_can_i/clk_wiz/inst/clk_out1                                                                | soc_rtos_can_i/myip_RTOS_0/inst/myip_RTOS_slave_lite_v2_2_S00_AXI_inst/slv_reg[26][31]_i_1_n_0                                                             | soc_rtos_can_i/myip_RTOS_0/inst/myip_RTOS_slave_lite_v2_2_S00_AXI_inst/u_sched/s00_axi_aresetn_0                                            |                2 |              8 |         4.00 |
|  soc_rtos_can_i/clk_wiz/inst/clk_out1                                                                | soc_rtos_can_i/myip_RTOS_0/inst/myip_RTOS_slave_lite_v2_2_S00_AXI_inst/slv_reg[26][7]_i_1_n_0                                                              | soc_rtos_can_i/myip_RTOS_0/inst/myip_RTOS_slave_lite_v2_2_S00_AXI_inst/u_sched/s00_axi_aresetn_0                                            |                2 |              8 |         4.00 |
|  soc_rtos_can_i/clk_wiz/inst/clk_out1                                                                | soc_rtos_can_i/myip_RTOS_0/inst/myip_RTOS_slave_lite_v2_2_S00_AXI_inst/slv_reg[42][15]_i_1_n_0                                                             | soc_rtos_can_i/myip_RTOS_0/inst/myip_RTOS_slave_lite_v2_2_S00_AXI_inst/u_sched/s00_axi_aresetn_0                                            |                4 |              8 |         2.00 |
|  soc_rtos_can_i/clk_wiz/inst/clk_out1                                                                | soc_rtos_can_i/myip_RTOS_0/inst/myip_RTOS_slave_lite_v2_2_S00_AXI_inst/slv_reg[28][15]_i_1_n_0                                                             | soc_rtos_can_i/myip_RTOS_0/inst/myip_RTOS_slave_lite_v2_2_S00_AXI_inst/u_sched/s00_axi_aresetn_0                                            |                5 |              8 |         1.60 |
|  soc_rtos_can_i/clk_wiz/inst/clk_out1                                                                | soc_rtos_can_i/myip_RTOS_0/inst/myip_RTOS_slave_lite_v2_2_S00_AXI_inst/slv_reg[28][23]_i_1_n_0                                                             | soc_rtos_can_i/myip_RTOS_0/inst/myip_RTOS_slave_lite_v2_2_S00_AXI_inst/u_sched/s00_axi_aresetn_0                                            |                2 |              8 |         4.00 |
|  soc_rtos_can_i/clk_wiz/inst/clk_out1                                                                | soc_rtos_can_i/myip_RTOS_0/inst/myip_RTOS_slave_lite_v2_2_S00_AXI_inst/slv_reg[28][31]_i_1_n_0                                                             | soc_rtos_can_i/myip_RTOS_0/inst/myip_RTOS_slave_lite_v2_2_S00_AXI_inst/u_sched/s00_axi_aresetn_0                                            |                4 |              8 |         2.00 |
|  soc_rtos_can_i/clk_wiz/inst/clk_out1                                                                | soc_rtos_can_i/myip_RTOS_0/inst/myip_RTOS_slave_lite_v2_2_S00_AXI_inst/slv_reg[28][7]_i_1_n_0                                                              | soc_rtos_can_i/myip_RTOS_0/inst/myip_RTOS_slave_lite_v2_2_S00_AXI_inst/u_sched/s00_axi_aresetn_0                                            |                3 |              8 |         2.67 |
|  soc_rtos_can_i/clk_wiz/inst/clk_out1                                                                | soc_rtos_can_i/myip_RTOS_0/inst/myip_RTOS_slave_lite_v2_2_S00_AXI_inst/slv_reg[29][15]_i_1_n_0                                                             | soc_rtos_can_i/myip_RTOS_0/inst/myip_RTOS_slave_lite_v2_2_S00_AXI_inst/u_sched/s00_axi_aresetn_0                                            |                2 |              8 |         4.00 |
|  soc_rtos_can_i/clk_wiz/inst/clk_out1                                                                | soc_rtos_can_i/myip_RTOS_0/inst/myip_RTOS_slave_lite_v2_2_S00_AXI_inst/slv_reg[29][23]_i_1_n_0                                                             | soc_rtos_can_i/myip_RTOS_0/inst/myip_RTOS_slave_lite_v2_2_S00_AXI_inst/u_sched/s00_axi_aresetn_0                                            |                3 |              8 |         2.67 |
|  soc_rtos_can_i/clk_wiz/inst/clk_out1                                                                | soc_rtos_can_i/myip_RTOS_0/inst/myip_RTOS_slave_lite_v2_2_S00_AXI_inst/slv_reg[29][31]_i_1_n_0                                                             | soc_rtos_can_i/myip_RTOS_0/inst/myip_RTOS_slave_lite_v2_2_S00_AXI_inst/u_sched/s00_axi_aresetn_0                                            |                3 |              8 |         2.67 |
|  soc_rtos_can_i/clk_wiz/inst/clk_out1                                                                | soc_rtos_can_i/myip_RTOS_0/inst/myip_RTOS_slave_lite_v2_2_S00_AXI_inst/slv_reg[39][23]_i_1_n_0                                                             | soc_rtos_can_i/myip_RTOS_0/inst/myip_RTOS_slave_lite_v2_2_S00_AXI_inst/u_sched/s00_axi_aresetn_0                                            |                4 |              8 |         2.00 |
|  soc_rtos_can_i/clk_wiz/inst/clk_out1                                                                | soc_rtos_can_i/myip_RTOS_0/inst/myip_RTOS_slave_lite_v2_2_S00_AXI_inst/slv_reg[39][15]_i_1_n_0                                                             | soc_rtos_can_i/myip_RTOS_0/inst/myip_RTOS_slave_lite_v2_2_S00_AXI_inst/u_sched/s00_axi_aresetn_0                                            |                2 |              8 |         4.00 |
|  soc_rtos_can_i/clk_wiz/inst/clk_out1                                                                | soc_rtos_can_i/myip_RTOS_0/inst/myip_RTOS_slave_lite_v2_2_S00_AXI_inst/slv_reg[38][7]_i_1_n_0                                                              | soc_rtos_can_i/myip_RTOS_0/inst/myip_RTOS_slave_lite_v2_2_S00_AXI_inst/u_sched/s00_axi_aresetn_0                                            |                1 |              8 |         8.00 |
|  soc_rtos_can_i/clk_wiz/inst/clk_out1                                                                | soc_rtos_can_i/myip_RTOS_0/inst/myip_RTOS_slave_lite_v2_2_S00_AXI_inst/slv_reg[26][23]_i_1_n_0                                                             | soc_rtos_can_i/myip_RTOS_0/inst/myip_RTOS_slave_lite_v2_2_S00_AXI_inst/u_sched/s00_axi_aresetn_0                                            |                2 |              8 |         4.00 |
|  soc_rtos_can_i/clk_wiz/inst/clk_out1                                                                | soc_rtos_can_i/myip_RTOS_0/inst/myip_RTOS_slave_lite_v2_2_S00_AXI_inst/slv_reg[38][23]_i_1_n_0                                                             | soc_rtos_can_i/myip_RTOS_0/inst/myip_RTOS_slave_lite_v2_2_S00_AXI_inst/u_sched/s00_axi_aresetn_0                                            |                3 |              8 |         2.67 |
|  soc_rtos_can_i/clk_wiz/inst/clk_out1                                                                | soc_rtos_can_i/myip_RTOS_0/inst/myip_RTOS_slave_lite_v2_2_S00_AXI_inst/slv_reg[38][15]_i_1_n_0                                                             | soc_rtos_can_i/myip_RTOS_0/inst/myip_RTOS_slave_lite_v2_2_S00_AXI_inst/u_sched/s00_axi_aresetn_0                                            |                3 |              8 |         2.67 |
|  soc_rtos_can_i/clk_wiz/inst/clk_out1                                                                | soc_rtos_can_i/myip_RTOS_0/inst/myip_RTOS_slave_lite_v2_2_S00_AXI_inst/slv_reg[9][7]_i_1_n_0                                                               | soc_rtos_can_i/myip_RTOS_0/inst/myip_RTOS_slave_lite_v2_2_S00_AXI_inst/u_sched/s00_axi_aresetn_0                                            |                6 |              8 |         1.33 |
|  soc_rtos_can_i/clk_wiz/inst/clk_out1                                                                | soc_rtos_can_i/myip_RTOS_0/inst/myip_RTOS_slave_lite_v2_2_S00_AXI_inst/slv_reg[48][7]_i_1_n_0                                                              | soc_rtos_can_i/myip_RTOS_0/inst/myip_RTOS_slave_lite_v2_2_S00_AXI_inst/u_sched/s00_axi_aresetn_0                                            |                1 |              8 |         8.00 |
|  soc_rtos_can_i/clk_wiz/inst/clk_out1                                                                | soc_rtos_can_i/myip_RTOS_0/inst/myip_RTOS_slave_lite_v2_2_S00_AXI_inst/slv_reg[9][23]_i_1_n_0                                                              | soc_rtos_can_i/myip_RTOS_0/inst/myip_RTOS_slave_lite_v2_2_S00_AXI_inst/u_sched/s00_axi_aresetn_0                                            |                4 |              8 |         2.00 |
|  soc_rtos_can_i/clk_wiz/inst/clk_out1                                                                | soc_rtos_can_i/myip_RTOS_0/inst/myip_RTOS_slave_lite_v2_2_S00_AXI_inst/slv_reg[9][15]_i_1_n_0                                                              | soc_rtos_can_i/myip_RTOS_0/inst/myip_RTOS_slave_lite_v2_2_S00_AXI_inst/u_sched/s00_axi_aresetn_0                                            |                6 |              8 |         1.33 |
|  soc_rtos_can_i/clk_wiz/inst/clk_out1                                                                | soc_rtos_can_i/myip_RTOS_0/inst/myip_RTOS_slave_lite_v2_2_S00_AXI_inst/slv_reg[8][7]_i_1_n_0                                                               | soc_rtos_can_i/myip_RTOS_0/inst/myip_RTOS_slave_lite_v2_2_S00_AXI_inst/u_sched/s00_axi_aresetn_0                                            |                4 |              8 |         2.00 |
|  soc_rtos_can_i/clk_wiz/inst/clk_out1                                                                | soc_rtos_can_i/myip_RTOS_0/inst/myip_RTOS_slave_lite_v2_2_S00_AXI_inst/slv_reg[8][31]_i_1_n_0                                                              | soc_rtos_can_i/myip_RTOS_0/inst/myip_RTOS_slave_lite_v2_2_S00_AXI_inst/u_sched/s00_axi_aresetn_0                                            |                3 |              8 |         2.67 |
|  soc_rtos_can_i/clk_wiz/inst/clk_out1                                                                | soc_rtos_can_i/myip_RTOS_0/inst/myip_RTOS_slave_lite_v2_2_S00_AXI_inst/slv_reg[8][23]_i_1_n_0                                                              | soc_rtos_can_i/myip_RTOS_0/inst/myip_RTOS_slave_lite_v2_2_S00_AXI_inst/u_sched/s00_axi_aresetn_0                                            |                4 |              8 |         2.00 |
|  soc_rtos_can_i/clk_wiz/inst/clk_out1                                                                | soc_rtos_can_i/myip_RTOS_0/inst/myip_RTOS_slave_lite_v2_2_S00_AXI_inst/slv_reg[8][15]_i_1_n_0                                                              | soc_rtos_can_i/myip_RTOS_0/inst/myip_RTOS_slave_lite_v2_2_S00_AXI_inst/u_sched/s00_axi_aresetn_0                                            |                4 |              8 |         2.00 |
|  soc_rtos_can_i/clk_wiz/inst/clk_out1                                                                | soc_rtos_can_i/myip_RTOS_0/inst/myip_RTOS_slave_lite_v2_2_S00_AXI_inst/slv_reg[63][7]_i_1_n_0                                                              | soc_rtos_can_i/myip_RTOS_0/inst/myip_RTOS_slave_lite_v2_2_S00_AXI_inst/u_sched/s00_axi_aresetn_0                                            |                3 |              8 |         2.67 |
|  soc_rtos_can_i/clk_wiz/inst/clk_out1                                                                | soc_rtos_can_i/myip_RTOS_0/inst/myip_RTOS_slave_lite_v2_2_S00_AXI_inst/slv_reg[63][31]_i_1_n_0                                                             | soc_rtos_can_i/myip_RTOS_0/inst/myip_RTOS_slave_lite_v2_2_S00_AXI_inst/u_sched/s00_axi_aresetn_0                                            |                2 |              8 |         4.00 |
|  soc_rtos_can_i/clk_wiz/inst/clk_out1                                                                | soc_rtos_can_i/myip_can_0/inst/myip_can_slave_lite_v1_0_S00_AXI_inst/slv_reg3[31]_i_1_n_0                                                                  | soc_rtos_can_i/myip_can_0/inst/myip_can_slave_lite_v1_0_S00_AXI_inst/u_can_inst/u_rx/AR[0]                                                  |                2 |              8 |         4.00 |
|  soc_rtos_can_i/mdm_1/U0/Use_E2.BSCAN_I/tck_BUFG                                                     | soc_rtos_can_i/mdm_1/U0/Use_E2.BSCAN_I/Use_E2.BSCANE2_I_2[0]                                                                                               |                                                                                                                                             |                2 |              8 |         4.00 |
|  soc_rtos_can_i/mdm_1/U0/Use_E2.BSCAN_I/tck_BUFG                                                     | soc_rtos_can_i/mdm_1/U0/Use_E2.BSCAN_I/E[0]                                                                                                                | soc_rtos_can_i/mdm_1/U0/Use_E2.BSCAN_I/Use_JTAG_BSCAN.tms_ok                                                                                |                3 |              8 |         2.67 |
|  soc_rtos_can_i/clk_wiz/inst/clk_out1                                                                | soc_rtos_can_i/myip_can_0/inst/myip_can_slave_lite_v1_0_S00_AXI_inst/slv_reg0[23]_i_1_n_0                                                                  | soc_rtos_can_i/myip_can_0/inst/myip_can_slave_lite_v1_0_S00_AXI_inst/u_can_inst/u_rx/AR[0]                                                  |                4 |              8 |         2.00 |
|  soc_rtos_can_i/clk_wiz/inst/clk_out1                                                                | soc_rtos_can_i/myip_can_0/inst/myip_can_slave_lite_v1_0_S00_AXI_inst/slv_reg0[7]_i_1_n_0                                                                   | soc_rtos_can_i/myip_can_0/inst/myip_can_slave_lite_v1_0_S00_AXI_inst/u_can_inst/u_rx/AR[0]                                                  |                4 |              8 |         2.00 |
|  soc_rtos_can_i/clk_wiz/inst/clk_out1                                                                | soc_rtos_can_i/myip_can_0/inst/myip_can_slave_lite_v1_0_S00_AXI_inst/slv_reg0[31]_i_1_n_0                                                                  | soc_rtos_can_i/myip_can_0/inst/myip_can_slave_lite_v1_0_S00_AXI_inst/u_can_inst/u_rx/AR[0]                                                  |                4 |              8 |         2.00 |
|  soc_rtos_can_i/clk_wiz/inst/clk_out1                                                                | soc_rtos_can_i/myip_can_0/inst/myip_can_slave_lite_v1_0_S00_AXI_inst/slv_reg0[15]_i_1_n_0                                                                  | soc_rtos_can_i/myip_can_0/inst/myip_can_slave_lite_v1_0_S00_AXI_inst/u_can_inst/u_rx/AR[0]                                                  |                5 |              8 |         1.60 |
|  soc_rtos_can_i/clk_wiz/inst/clk_out1                                                                | soc_rtos_can_i/myip_can_0/inst/myip_can_slave_lite_v1_0_S00_AXI_inst/slv_reg2[15]_i_1_n_0                                                                  | soc_rtos_can_i/myip_can_0/inst/myip_can_slave_lite_v1_0_S00_AXI_inst/u_can_inst/u_rx/AR[0]                                                  |                2 |              8 |         4.00 |
|  soc_rtos_can_i/clk_wiz/inst/clk_out1                                                                | soc_rtos_can_i/axi_uartlite_0/U0/UARTLITE_CORE_I/UARTLITE_RX_I/SRL_FIFO_I/I_SRL_FIFO_RBU_F/DYNSHREG_F_I/fifo_wr                                            |                                                                                                                                             |                1 |              8 |         8.00 |
|  soc_rtos_can_i/clk_wiz/inst/clk_out1                                                                | soc_rtos_can_i/myip_can_0/inst/myip_can_slave_lite_v1_0_S00_AXI_inst/slv_reg2[23]_i_1_n_0                                                                  | soc_rtos_can_i/myip_can_0/inst/myip_can_slave_lite_v1_0_S00_AXI_inst/u_can_inst/u_rx/AR[0]                                                  |                5 |              8 |         1.60 |
|  soc_rtos_can_i/clk_wiz/inst/clk_out1                                                                | soc_rtos_can_i/myip_can_0/inst/myip_can_slave_lite_v1_0_S00_AXI_inst/slv_reg2[31]_i_1_n_0                                                                  | soc_rtos_can_i/myip_can_0/inst/myip_can_slave_lite_v1_0_S00_AXI_inst/u_can_inst/u_rx/AR[0]                                                  |                5 |              8 |         1.60 |
|  soc_rtos_can_i/clk_wiz/inst/clk_out1                                                                | soc_rtos_can_i/myip_can_0/inst/myip_can_slave_lite_v1_0_S00_AXI_inst/slv_reg2[7]_i_1_n_0                                                                   | soc_rtos_can_i/myip_can_0/inst/myip_can_slave_lite_v1_0_S00_AXI_inst/u_can_inst/u_rx/AR[0]                                                  |                1 |              8 |         8.00 |
|  soc_rtos_can_i/clk_wiz/inst/clk_out1                                                                | soc_rtos_can_i/myip_can_0/inst/myip_can_slave_lite_v1_0_S00_AXI_inst/slv_reg3[15]_i_1_n_0                                                                  | soc_rtos_can_i/myip_can_0/inst/myip_can_slave_lite_v1_0_S00_AXI_inst/u_can_inst/u_rx/AR[0]                                                  |                2 |              8 |         4.00 |
|  soc_rtos_can_i/clk_wiz/inst/clk_out1                                                                | soc_rtos_can_i/myip_can_0/inst/myip_can_slave_lite_v1_0_S00_AXI_inst/slv_reg3[23]_i_1_n_0                                                                  | soc_rtos_can_i/myip_can_0/inst/myip_can_slave_lite_v1_0_S00_AXI_inst/u_can_inst/u_rx/AR[0]                                                  |                2 |              8 |         4.00 |
|  soc_rtos_can_i/clk_wiz/inst/clk_out1                                                                | soc_rtos_can_i/myip_RTOS_0/inst/myip_RTOS_slave_lite_v2_2_S00_AXI_inst/slv_reg[9][31]_i_1_n_0                                                              | soc_rtos_can_i/myip_RTOS_0/inst/myip_RTOS_slave_lite_v2_2_S00_AXI_inst/u_sched/s00_axi_aresetn_0                                            |                4 |              8 |         2.00 |
|  soc_rtos_can_i/clk_wiz/inst/clk_out1                                                                | soc_rtos_can_i/axi_timer_0/U0/AXI4_LITE_I/I_SLAVE_ATTACHMENT/I_DECODER/bus2ip_wrce[0]                                                                      | soc_rtos_can_i/axi_timer_0/U0/TC_CORE_I/GEN_SECOND_TIMER.COUNTER_1_I/COUNTER_I/s_axi_aresetn_0                                              |                5 |              8 |         1.60 |
|  soc_rtos_can_i/clk_wiz/inst/clk_out1                                                                | soc_rtos_can_i/axi_uartlite_0/U0/AXI_LITE_IPIF_I/I_SLAVE_ATTACHMENT/I_DECODER/fifo_wr                                                                      |                                                                                                                                             |                1 |              8 |         8.00 |
|  soc_rtos_can_i/clk_wiz/inst/clk_out1                                                                | soc_rtos_can_i/myip_can_0/inst/myip_can_slave_lite_v1_0_S00_AXI_inst/slv_reg3[7]_i_1_n_0                                                                   | soc_rtos_can_i/myip_can_0/inst/myip_can_slave_lite_v1_0_S00_AXI_inst/u_can_inst/u_rx/AR[0]                                                  |                2 |              8 |         4.00 |
|  soc_rtos_can_i/clk_wiz/inst/clk_out1                                                                | soc_rtos_can_i/myip_can_0/inst/myip_can_slave_lite_v1_0_S00_AXI_inst/slv_reg4[15]_i_1_n_0                                                                  | soc_rtos_can_i/myip_can_0/inst/myip_can_slave_lite_v1_0_S00_AXI_inst/u_can_inst/u_rx/AR[0]                                                  |                2 |              8 |         4.00 |
|  soc_rtos_can_i/clk_wiz/inst/clk_out1                                                                | soc_rtos_can_i/myip_can_0/inst/myip_can_slave_lite_v1_0_S00_AXI_inst/slv_reg4[23]_i_1_n_0                                                                  | soc_rtos_can_i/myip_can_0/inst/myip_can_slave_lite_v1_0_S00_AXI_inst/u_can_inst/u_rx/AR[0]                                                  |                1 |              8 |         8.00 |
|  soc_rtos_can_i/clk_wiz/inst/clk_out1                                                                | soc_rtos_can_i/myip_can_0/inst/myip_can_slave_lite_v1_0_S00_AXI_inst/slv_reg4[31]_i_1_n_0                                                                  | soc_rtos_can_i/myip_can_0/inst/myip_can_slave_lite_v1_0_S00_AXI_inst/u_can_inst/u_rx/AR[0]                                                  |                2 |              8 |         4.00 |
|  soc_rtos_can_i/clk_wiz/inst/clk_out1                                                                | soc_rtos_can_i/myip_can_0/inst/myip_can_slave_lite_v1_0_S00_AXI_inst/slv_reg4[7]_i_1_n_0                                                                   | soc_rtos_can_i/myip_can_0/inst/myip_can_slave_lite_v1_0_S00_AXI_inst/u_can_inst/u_rx/AR[0]                                                  |                3 |              8 |         2.67 |
|  soc_rtos_can_i/clk_wiz/inst/clk_out1                                                                | soc_rtos_can_i/microblaze_riscv_0_axi_intc/U0/AXI_LITE_IPIF_I/I_SLAVE_ATTACHMENT/bus2ip_addr_i[8]_i_1_n_0                                                  | soc_rtos_can_i/microblaze_riscv_0_axi_intc/U0/AXI_LITE_IPIF_I/I_SLAVE_ATTACHMENT/rst                                                        |                2 |              8 |         4.00 |
|  soc_rtos_can_i/clk_wiz/inst/clk_out1                                                                | soc_rtos_can_i/myip_RTOS_0/inst/myip_RTOS_slave_lite_v2_2_S00_AXI_inst/slv_reg[27][23]_i_1_n_0                                                             | soc_rtos_can_i/myip_RTOS_0/inst/myip_RTOS_slave_lite_v2_2_S00_AXI_inst/u_sched/s00_axi_aresetn_0                                            |                3 |              8 |         2.67 |
|  soc_rtos_can_i/clk_wiz/inst/clk_out1                                                                | soc_rtos_can_i/myip_RTOS_0/inst/myip_RTOS_slave_lite_v2_2_S00_AXI_inst/slv_reg[27][15]_i_1_n_0                                                             | soc_rtos_can_i/myip_RTOS_0/inst/myip_RTOS_slave_lite_v2_2_S00_AXI_inst/u_sched/s00_axi_aresetn_0                                            |                2 |              8 |         4.00 |
|  soc_rtos_can_i/clk_wiz/inst/clk_out1                                                                | soc_rtos_can_i/myip_RTOS_0/inst/myip_RTOS_slave_lite_v2_2_S00_AXI_inst/slv_reg[25][7]_i_1_n_0                                                              | soc_rtos_can_i/myip_RTOS_0/inst/myip_RTOS_slave_lite_v2_2_S00_AXI_inst/u_sched/s00_axi_aresetn_0                                            |                1 |              8 |         8.00 |
|  soc_rtos_can_i/clk_wiz/inst/clk_out1                                                                | soc_rtos_can_i/myip_RTOS_0/inst/myip_RTOS_slave_lite_v2_2_S00_AXI_inst/slv_reg[26][15]_i_1_n_0                                                             | soc_rtos_can_i/myip_RTOS_0/inst/myip_RTOS_slave_lite_v2_2_S00_AXI_inst/u_sched/s00_axi_aresetn_0                                            |                2 |              8 |         4.00 |
|  soc_rtos_can_i/clk_wiz/inst/clk_out1                                                                | soc_rtos_can_i/myip_RTOS_0/inst/myip_RTOS_slave_lite_v2_2_S00_AXI_inst/slv_reg[51][7]_i_1_n_0                                                              | soc_rtos_can_i/myip_RTOS_0/inst/myip_RTOS_slave_lite_v2_2_S00_AXI_inst/u_sched/s00_axi_aresetn_0                                            |                2 |              8 |         4.00 |
|  soc_rtos_can_i/clk_wiz/inst/clk_out1                                                                | soc_rtos_can_i/myip_RTOS_0/inst/myip_RTOS_slave_lite_v2_2_S00_AXI_inst/slv_reg[54][7]_i_1_n_0                                                              | soc_rtos_can_i/myip_RTOS_0/inst/myip_RTOS_slave_lite_v2_2_S00_AXI_inst/u_sched/s00_axi_aresetn_0                                            |                1 |              8 |         8.00 |
|  soc_rtos_can_i/clk_wiz/inst/clk_out1                                                                | soc_rtos_can_i/myip_RTOS_0/inst/myip_RTOS_slave_lite_v2_2_S00_AXI_inst/slv_reg[54][31]_i_1_n_0                                                             | soc_rtos_can_i/myip_RTOS_0/inst/myip_RTOS_slave_lite_v2_2_S00_AXI_inst/u_sched/s00_axi_aresetn_0                                            |                3 |              8 |         2.67 |
|  soc_rtos_can_i/clk_wiz/inst/clk_out1                                                                | soc_rtos_can_i/myip_RTOS_0/inst/myip_RTOS_slave_lite_v2_2_S00_AXI_inst/slv_reg[54][23]_i_1_n_0                                                             | soc_rtos_can_i/myip_RTOS_0/inst/myip_RTOS_slave_lite_v2_2_S00_AXI_inst/u_sched/s00_axi_aresetn_0                                            |                2 |              8 |         4.00 |
|  soc_rtos_can_i/clk_wiz/inst/clk_out1                                                                | soc_rtos_can_i/myip_RTOS_0/inst/myip_RTOS_slave_lite_v2_2_S00_AXI_inst/slv_reg[54][15]_i_1_n_0                                                             | soc_rtos_can_i/myip_RTOS_0/inst/myip_RTOS_slave_lite_v2_2_S00_AXI_inst/u_sched/s00_axi_aresetn_0                                            |                3 |              8 |         2.67 |
|  soc_rtos_can_i/clk_wiz/inst/clk_out1                                                                | soc_rtos_can_i/myip_RTOS_0/inst/myip_RTOS_slave_lite_v2_2_S00_AXI_inst/slv_reg[53][7]_i_1_n_0                                                              | soc_rtos_can_i/myip_RTOS_0/inst/myip_RTOS_slave_lite_v2_2_S00_AXI_inst/u_sched/s00_axi_aresetn_0                                            |                2 |              8 |         4.00 |
|  soc_rtos_can_i/clk_wiz/inst/clk_out1                                                                | soc_rtos_can_i/myip_RTOS_0/inst/myip_RTOS_slave_lite_v2_2_S00_AXI_inst/slv_reg[56][7]_i_1_n_0                                                              | soc_rtos_can_i/myip_RTOS_0/inst/myip_RTOS_slave_lite_v2_2_S00_AXI_inst/u_sched/s00_axi_aresetn_0                                            |                3 |              8 |         2.67 |
|  soc_rtos_can_i/clk_wiz/inst/clk_out1                                                                | soc_rtos_can_i/myip_RTOS_0/inst/myip_RTOS_slave_lite_v2_2_S00_AXI_inst/slv_reg[53][31]_i_1_n_0                                                             | soc_rtos_can_i/myip_RTOS_0/inst/myip_RTOS_slave_lite_v2_2_S00_AXI_inst/u_sched/s00_axi_aresetn_0                                            |                3 |              8 |         2.67 |
|  soc_rtos_can_i/clk_wiz/inst/clk_out1                                                                | soc_rtos_can_i/myip_RTOS_0/inst/myip_RTOS_slave_lite_v2_2_S00_AXI_inst/slv_reg[53][23]_i_1_n_0                                                             | soc_rtos_can_i/myip_RTOS_0/inst/myip_RTOS_slave_lite_v2_2_S00_AXI_inst/u_sched/s00_axi_aresetn_0                                            |                2 |              8 |         4.00 |
|  soc_rtos_can_i/clk_wiz/inst/clk_out1                                                                | soc_rtos_can_i/myip_RTOS_0/inst/myip_RTOS_slave_lite_v2_2_S00_AXI_inst/slv_reg[53][15]_i_1_n_0                                                             | soc_rtos_can_i/myip_RTOS_0/inst/myip_RTOS_slave_lite_v2_2_S00_AXI_inst/u_sched/s00_axi_aresetn_0                                            |                2 |              8 |         4.00 |
|  soc_rtos_can_i/clk_wiz/inst/clk_out1                                                                | soc_rtos_can_i/myip_RTOS_0/inst/myip_RTOS_slave_lite_v2_2_S00_AXI_inst/slv_reg[52][7]_i_1_n_0                                                              | soc_rtos_can_i/myip_RTOS_0/inst/myip_RTOS_slave_lite_v2_2_S00_AXI_inst/u_sched/s00_axi_aresetn_0                                            |                5 |              8 |         1.60 |
|  soc_rtos_can_i/clk_wiz/inst/clk_out1                                                                | soc_rtos_can_i/myip_RTOS_0/inst/myip_RTOS_slave_lite_v2_2_S00_AXI_inst/slv_reg[52][31]_i_1_n_0                                                             | soc_rtos_can_i/myip_RTOS_0/inst/myip_RTOS_slave_lite_v2_2_S00_AXI_inst/u_sched/s00_axi_aresetn_0                                            |                2 |              8 |         4.00 |
|  soc_rtos_can_i/clk_wiz/inst/clk_out1                                                                | soc_rtos_can_i/myip_RTOS_0/inst/myip_RTOS_slave_lite_v2_2_S00_AXI_inst/slv_reg[52][23]_i_1_n_0                                                             | soc_rtos_can_i/myip_RTOS_0/inst/myip_RTOS_slave_lite_v2_2_S00_AXI_inst/u_sched/s00_axi_aresetn_0                                            |                1 |              8 |         8.00 |
|  soc_rtos_can_i/clk_wiz/inst/clk_out1                                                                | soc_rtos_can_i/myip_RTOS_0/inst/myip_RTOS_slave_lite_v2_2_S00_AXI_inst/slv_reg[52][15]_i_1_n_0                                                             | soc_rtos_can_i/myip_RTOS_0/inst/myip_RTOS_slave_lite_v2_2_S00_AXI_inst/u_sched/s00_axi_aresetn_0                                            |                5 |              8 |         1.60 |
|  soc_rtos_can_i/clk_wiz/inst/clk_out1                                                                | soc_rtos_can_i/myip_RTOS_0/inst/myip_RTOS_slave_lite_v2_2_S00_AXI_inst/slv_reg[61][23]_i_1_n_0                                                             | soc_rtos_can_i/myip_RTOS_0/inst/myip_RTOS_slave_lite_v2_2_S00_AXI_inst/u_sched/s00_axi_aresetn_0                                            |                8 |              8 |         1.00 |
|  soc_rtos_can_i/clk_wiz/inst/clk_out1                                                                | soc_rtos_can_i/myip_RTOS_0/inst/myip_RTOS_slave_lite_v2_2_S00_AXI_inst/slv_reg[61][7]_i_1_n_0                                                              | soc_rtos_can_i/myip_RTOS_0/inst/myip_RTOS_slave_lite_v2_2_S00_AXI_inst/u_sched/s00_axi_aresetn_0                                            |                5 |              8 |         1.60 |
|  soc_rtos_can_i/clk_wiz/inst/clk_out1                                                                | soc_rtos_can_i/myip_RTOS_0/inst/myip_RTOS_slave_lite_v2_2_S00_AXI_inst/slv_reg[51][31]_i_1_n_0                                                             | soc_rtos_can_i/myip_RTOS_0/inst/myip_RTOS_slave_lite_v2_2_S00_AXI_inst/u_sched/s00_axi_aresetn_0                                            |                2 |              8 |         4.00 |
|  soc_rtos_can_i/clk_wiz/inst/clk_out1                                                                | soc_rtos_can_i/myip_RTOS_0/inst/myip_RTOS_slave_lite_v2_2_S00_AXI_inst/slv_reg[51][23]_i_1_n_0                                                             | soc_rtos_can_i/myip_RTOS_0/inst/myip_RTOS_slave_lite_v2_2_S00_AXI_inst/u_sched/s00_axi_aresetn_0                                            |                1 |              8 |         8.00 |
|  soc_rtos_can_i/clk_wiz/inst/clk_out1                                                                | soc_rtos_can_i/myip_RTOS_0/inst/myip_RTOS_slave_lite_v2_2_S00_AXI_inst/slv_reg[51][15]_i_1_n_0                                                             | soc_rtos_can_i/myip_RTOS_0/inst/myip_RTOS_slave_lite_v2_2_S00_AXI_inst/u_sched/s00_axi_aresetn_0                                            |                2 |              8 |         4.00 |
|  soc_rtos_can_i/clk_wiz/inst/clk_out1                                                                | soc_rtos_can_i/myip_RTOS_0/inst/myip_RTOS_slave_lite_v2_2_S00_AXI_inst/slv_reg[50][7]_i_1_n_0                                                              | soc_rtos_can_i/myip_RTOS_0/inst/myip_RTOS_slave_lite_v2_2_S00_AXI_inst/u_sched/s00_axi_aresetn_0                                            |                2 |              8 |         4.00 |
|  soc_rtos_can_i/clk_wiz/inst/clk_out1                                                                | soc_rtos_can_i/myip_RTOS_0/inst/myip_RTOS_slave_lite_v2_2_S00_AXI_inst/slv_reg[62][15]_i_1_n_0                                                             | soc_rtos_can_i/myip_RTOS_0/inst/myip_RTOS_slave_lite_v2_2_S00_AXI_inst/u_sched/s00_axi_aresetn_0                                            |                3 |              8 |         2.67 |
|  soc_rtos_can_i/clk_wiz/inst/clk_out1                                                                | soc_rtos_can_i/myip_RTOS_0/inst/myip_RTOS_slave_lite_v2_2_S00_AXI_inst/slv_reg[50][31]_i_1_n_0                                                             | soc_rtos_can_i/myip_RTOS_0/inst/myip_RTOS_slave_lite_v2_2_S00_AXI_inst/u_sched/s00_axi_aresetn_0                                            |                2 |              8 |         4.00 |
|  soc_rtos_can_i/clk_wiz/inst/clk_out1                                                                | soc_rtos_can_i/myip_RTOS_0/inst/myip_RTOS_slave_lite_v2_2_S00_AXI_inst/slv_reg[50][23]_i_1_n_0                                                             | soc_rtos_can_i/myip_RTOS_0/inst/myip_RTOS_slave_lite_v2_2_S00_AXI_inst/u_sched/s00_axi_aresetn_0                                            |                1 |              8 |         8.00 |
|  soc_rtos_can_i/clk_wiz/inst/clk_out1                                                                | soc_rtos_can_i/myip_RTOS_0/inst/myip_RTOS_slave_lite_v2_2_S00_AXI_inst/slv_reg[50][15]_i_1_n_0                                                             | soc_rtos_can_i/myip_RTOS_0/inst/myip_RTOS_slave_lite_v2_2_S00_AXI_inst/u_sched/s00_axi_aresetn_0                                            |                2 |              8 |         4.00 |
|  soc_rtos_can_i/clk_wiz/inst/clk_out1                                                                | soc_rtos_can_i/myip_RTOS_0/inst/myip_RTOS_slave_lite_v2_2_S00_AXI_inst/slv_reg[49][7]_i_1_n_0                                                              | soc_rtos_can_i/myip_RTOS_0/inst/myip_RTOS_slave_lite_v2_2_S00_AXI_inst/u_sched/s00_axi_aresetn_0                                            |                3 |              8 |         2.67 |
|  soc_rtos_can_i/clk_wiz/inst/clk_out1                                                                | soc_rtos_can_i/myip_RTOS_0/inst/myip_RTOS_slave_lite_v2_2_S00_AXI_inst/slv_reg[49][31]_i_1_n_0                                                             | soc_rtos_can_i/myip_RTOS_0/inst/myip_RTOS_slave_lite_v2_2_S00_AXI_inst/u_sched/s00_axi_aresetn_0                                            |                4 |              8 |         2.00 |
|  soc_rtos_can_i/clk_wiz/inst/clk_out1                                                                | soc_rtos_can_i/myip_RTOS_0/inst/myip_RTOS_slave_lite_v2_2_S00_AXI_inst/slv_reg[49][23]_i_1_n_0                                                             | soc_rtos_can_i/myip_RTOS_0/inst/myip_RTOS_slave_lite_v2_2_S00_AXI_inst/u_sched/s00_axi_aresetn_0                                            |                2 |              8 |         4.00 |
|  soc_rtos_can_i/clk_wiz/inst/clk_out1                                                                | soc_rtos_can_i/myip_RTOS_0/inst/myip_RTOS_slave_lite_v2_2_S00_AXI_inst/slv_reg[49][15]_i_1_n_0                                                             | soc_rtos_can_i/myip_RTOS_0/inst/myip_RTOS_slave_lite_v2_2_S00_AXI_inst/u_sched/s00_axi_aresetn_0                                            |                6 |              8 |         1.33 |
|  soc_rtos_can_i/clk_wiz/inst/clk_out1                                                                | soc_rtos_can_i/myip_RTOS_0/inst/myip_RTOS_slave_lite_v2_2_S00_AXI_inst/slv_reg[59][7]_i_1_n_0                                                              | soc_rtos_can_i/myip_RTOS_0/inst/myip_RTOS_slave_lite_v2_2_S00_AXI_inst/u_sched/s00_axi_aresetn_0                                            |                1 |              8 |         8.00 |
|  soc_rtos_can_i/clk_wiz/inst/clk_out1                                                                | soc_rtos_can_i/myip_RTOS_0/inst/myip_RTOS_slave_lite_v2_2_S00_AXI_inst/slv_reg[57][15]_i_1_n_0                                                             | soc_rtos_can_i/myip_RTOS_0/inst/myip_RTOS_slave_lite_v2_2_S00_AXI_inst/u_sched/s00_axi_aresetn_0                                            |                3 |              8 |         2.67 |
|  soc_rtos_can_i/clk_wiz/inst/clk_out1                                                                | soc_rtos_can_i/myip_RTOS_0/inst/myip_RTOS_slave_lite_v2_2_S00_AXI_inst/slv_reg[57][23]_i_1_n_0                                                             | soc_rtos_can_i/myip_RTOS_0/inst/myip_RTOS_slave_lite_v2_2_S00_AXI_inst/u_sched/s00_axi_aresetn_0                                            |                1 |              8 |         8.00 |
|  soc_rtos_can_i/clk_wiz/inst/clk_out1                                                                | soc_rtos_can_i/myip_RTOS_0/inst/myip_RTOS_slave_lite_v2_2_S00_AXI_inst/slv_reg[57][31]_i_1_n_0                                                             | soc_rtos_can_i/myip_RTOS_0/inst/myip_RTOS_slave_lite_v2_2_S00_AXI_inst/u_sched/s00_axi_aresetn_0                                            |                1 |              8 |         8.00 |
|  soc_rtos_can_i/clk_wiz/inst/clk_out1                                                                | soc_rtos_can_i/myip_RTOS_0/inst/myip_RTOS_slave_lite_v2_2_S00_AXI_inst/slv_reg[57][7]_i_1_n_0                                                              | soc_rtos_can_i/myip_RTOS_0/inst/myip_RTOS_slave_lite_v2_2_S00_AXI_inst/u_sched/s00_axi_aresetn_0                                            |                2 |              8 |         4.00 |
|  soc_rtos_can_i/clk_wiz/inst/clk_out1                                                                | soc_rtos_can_i/myip_RTOS_0/inst/myip_RTOS_slave_lite_v2_2_S00_AXI_inst/slv_reg[58][15]_i_1_n_0                                                             | soc_rtos_can_i/myip_RTOS_0/inst/myip_RTOS_slave_lite_v2_2_S00_AXI_inst/u_sched/s00_axi_aresetn_0                                            |                5 |              8 |         1.60 |
|  soc_rtos_can_i/clk_wiz/inst/clk_out1                                                                | soc_rtos_can_i/myip_RTOS_0/inst/myip_RTOS_slave_lite_v2_2_S00_AXI_inst/slv_reg[58][23]_i_1_n_0                                                             | soc_rtos_can_i/myip_RTOS_0/inst/myip_RTOS_slave_lite_v2_2_S00_AXI_inst/u_sched/s00_axi_aresetn_0                                            |                4 |              8 |         2.00 |
|  soc_rtos_can_i/clk_wiz/inst/clk_out1                                                                | soc_rtos_can_i/myip_RTOS_0/inst/myip_RTOS_slave_lite_v2_2_S00_AXI_inst/slv_reg[58][31]_i_1_n_0                                                             | soc_rtos_can_i/myip_RTOS_0/inst/myip_RTOS_slave_lite_v2_2_S00_AXI_inst/u_sched/s00_axi_aresetn_0                                            |                2 |              8 |         4.00 |
|  soc_rtos_can_i/clk_wiz/inst/clk_out1                                                                | soc_rtos_can_i/myip_RTOS_0/inst/myip_RTOS_slave_lite_v2_2_S00_AXI_inst/slv_reg[58][7]_i_1_n_0                                                              | soc_rtos_can_i/myip_RTOS_0/inst/myip_RTOS_slave_lite_v2_2_S00_AXI_inst/u_sched/s00_axi_aresetn_0                                            |                2 |              8 |         4.00 |
|  soc_rtos_can_i/clk_wiz/inst/clk_out1                                                                | soc_rtos_can_i/myip_RTOS_0/inst/myip_RTOS_slave_lite_v2_2_S00_AXI_inst/slv_reg[59][15]_i_1_n_0                                                             | soc_rtos_can_i/myip_RTOS_0/inst/myip_RTOS_slave_lite_v2_2_S00_AXI_inst/u_sched/s00_axi_aresetn_0                                            |                3 |              8 |         2.67 |
|  soc_rtos_can_i/clk_wiz/inst/clk_out1                                                                | soc_rtos_can_i/myip_RTOS_0/inst/myip_RTOS_slave_lite_v2_2_S00_AXI_inst/slv_reg[59][23]_i_1_n_0                                                             | soc_rtos_can_i/myip_RTOS_0/inst/myip_RTOS_slave_lite_v2_2_S00_AXI_inst/u_sched/s00_axi_aresetn_0                                            |                3 |              8 |         2.67 |
|  soc_rtos_can_i/clk_wiz/inst/clk_out1                                                                | soc_rtos_can_i/myip_RTOS_0/inst/myip_RTOS_slave_lite_v2_2_S00_AXI_inst/slv_reg[59][31]_i_1_n_0                                                             | soc_rtos_can_i/myip_RTOS_0/inst/myip_RTOS_slave_lite_v2_2_S00_AXI_inst/u_sched/s00_axi_aresetn_0                                            |                2 |              8 |         4.00 |
|  soc_rtos_can_i/clk_wiz/inst/clk_out1                                                                | soc_rtos_can_i/myip_RTOS_0/inst/myip_RTOS_slave_lite_v2_2_S00_AXI_inst/slv_reg[60][15]_i_1_n_0                                                             | soc_rtos_can_i/myip_RTOS_0/inst/myip_RTOS_slave_lite_v2_2_S00_AXI_inst/u_sched/s00_axi_aresetn_0                                            |                3 |              8 |         2.67 |
|  soc_rtos_can_i/clk_wiz/inst/clk_out1                                                                | soc_rtos_can_i/myip_RTOS_0/inst/myip_RTOS_slave_lite_v2_2_S00_AXI_inst/slv_reg[60][23]_i_1_n_0                                                             | soc_rtos_can_i/myip_RTOS_0/inst/myip_RTOS_slave_lite_v2_2_S00_AXI_inst/u_sched/s00_axi_aresetn_0                                            |                2 |              8 |         4.00 |
|  soc_rtos_can_i/clk_wiz/inst/clk_out1                                                                | soc_rtos_can_i/myip_RTOS_0/inst/myip_RTOS_slave_lite_v2_2_S00_AXI_inst/slv_reg[56][15]_i_1_n_0                                                             | soc_rtos_can_i/myip_RTOS_0/inst/myip_RTOS_slave_lite_v2_2_S00_AXI_inst/u_sched/s00_axi_aresetn_0                                            |                2 |              8 |         4.00 |
|  soc_rtos_can_i/clk_wiz/inst/clk_out1                                                                | soc_rtos_can_i/myip_RTOS_0/inst/myip_RTOS_slave_lite_v2_2_S00_AXI_inst/slv_reg[55][15]_i_1_n_0                                                             | soc_rtos_can_i/myip_RTOS_0/inst/myip_RTOS_slave_lite_v2_2_S00_AXI_inst/u_sched/s00_axi_aresetn_0                                            |                3 |              8 |         2.67 |
|  soc_rtos_can_i/clk_wiz/inst/clk_out1                                                                | soc_rtos_can_i/myip_RTOS_0/inst/myip_RTOS_slave_lite_v2_2_S00_AXI_inst/slv_reg[55][23]_i_1_n_0                                                             | soc_rtos_can_i/myip_RTOS_0/inst/myip_RTOS_slave_lite_v2_2_S00_AXI_inst/u_sched/s00_axi_aresetn_0                                            |                5 |              8 |         1.60 |
|  soc_rtos_can_i/clk_wiz/inst/clk_out1                                                                | soc_rtos_can_i/myip_RTOS_0/inst/myip_RTOS_slave_lite_v2_2_S00_AXI_inst/slv_reg[55][31]_i_1_n_0                                                             | soc_rtos_can_i/myip_RTOS_0/inst/myip_RTOS_slave_lite_v2_2_S00_AXI_inst/u_sched/s00_axi_aresetn_0                                            |                3 |              8 |         2.67 |
|  soc_rtos_can_i/clk_wiz/inst/clk_out1                                                                | soc_rtos_can_i/myip_RTOS_0/inst/myip_RTOS_slave_lite_v2_2_S00_AXI_inst/slv_reg[55][7]_i_1_n_0                                                              | soc_rtos_can_i/myip_RTOS_0/inst/myip_RTOS_slave_lite_v2_2_S00_AXI_inst/u_sched/s00_axi_aresetn_0                                            |                2 |              8 |         4.00 |
|  soc_rtos_can_i/clk_wiz/inst/clk_out1                                                                | soc_rtos_can_i/myip_RTOS_0/inst/myip_RTOS_slave_lite_v2_2_S00_AXI_inst/slv_reg[56][23]_i_1_n_0                                                             | soc_rtos_can_i/myip_RTOS_0/inst/myip_RTOS_slave_lite_v2_2_S00_AXI_inst/u_sched/s00_axi_aresetn_0                                            |                2 |              8 |         4.00 |
|  soc_rtos_can_i/clk_wiz/inst/clk_out1                                                                | soc_rtos_can_i/myip_RTOS_0/inst/myip_RTOS_slave_lite_v2_2_S00_AXI_inst/slv_reg[56][31]_i_1_n_0                                                             | soc_rtos_can_i/myip_RTOS_0/inst/myip_RTOS_slave_lite_v2_2_S00_AXI_inst/u_sched/s00_axi_aresetn_0                                            |                2 |              8 |         4.00 |
|  soc_rtos_can_i/clk_wiz/inst/clk_out1                                                                | soc_rtos_can_i/myip_RTOS_0/inst/myip_RTOS_slave_lite_v2_2_S00_AXI_inst/slv_reg[61][15]_i_1_n_0                                                             | soc_rtos_can_i/myip_RTOS_0/inst/myip_RTOS_slave_lite_v2_2_S00_AXI_inst/u_sched/s00_axi_aresetn_0                                            |                3 |              8 |         2.67 |
|  soc_rtos_can_i/clk_wiz/inst/clk_out1                                                                | soc_rtos_can_i/myip_RTOS_0/inst/myip_RTOS_slave_lite_v2_2_S00_AXI_inst/slv_reg[60][31]_i_1_n_0                                                             | soc_rtos_can_i/myip_RTOS_0/inst/myip_RTOS_slave_lite_v2_2_S00_AXI_inst/u_sched/s00_axi_aresetn_0                                            |                2 |              8 |         4.00 |
|  soc_rtos_can_i/clk_wiz/inst/clk_out1                                                                | soc_rtos_can_i/myip_RTOS_0/inst/myip_RTOS_slave_lite_v2_2_S00_AXI_inst/slv_reg[60][7]_i_1_n_0                                                              | soc_rtos_can_i/myip_RTOS_0/inst/myip_RTOS_slave_lite_v2_2_S00_AXI_inst/u_sched/s00_axi_aresetn_0                                            |                1 |              8 |         8.00 |
|  soc_rtos_can_i/clk_wiz/inst/clk_out1                                                                | soc_rtos_can_i/axi_uartlite_0/U0/AXI_LITE_IPIF_I/I_SLAVE_ATTACHMENT/s_axi_rresp_i                                                                          | soc_rtos_can_i/axi_uartlite_0/U0/AXI_LITE_IPIF_I/I_SLAVE_ATTACHMENT/rst                                                                     |                4 |              9 |         2.25 |
|  soc_rtos_can_i/clk_wiz/inst/clk_out1                                                                | soc_rtos_can_i/axi_timer_0/U0/AXI4_LITE_I/I_SLAVE_ATTACHMENT/I_DECODER/bus2ip_wrce[1]                                                                      | soc_rtos_can_i/axi_timer_0/U0/TC_CORE_I/GEN_SECOND_TIMER.COUNTER_1_I/COUNTER_I/s_axi_aresetn_0                                              |                4 |              9 |         2.25 |
|  soc_rtos_can_i/mdm_1/U0/Use_E2.BSCAN_I/tck_BUFG                                                     |                                                                                                                                                            |                                                                                                                                             |                5 |             11 |         2.20 |
|  soc_rtos_can_i/clk_wiz/inst/clk_out1                                                                |                                                                                                                                                            | soc_rtos_can_i/axi_uartlite_0/U0/AXI_LITE_IPIF_I/I_SLAVE_ATTACHMENT/rst                                                                     |                5 |             11 |         2.20 |
|  soc_rtos_can_i/clk_wiz/inst/clk_out1                                                                |                                                                                                                                                            | soc_rtos_can_i/axi_timer_0/U0/AXI4_LITE_I/I_SLAVE_ATTACHMENT/rst                                                                            |                5 |             11 |         2.20 |
|  soc_rtos_can_i/clk_wiz/inst/clk_out1                                                                |                                                                                                                                                            | soc_rtos_can_i/axi_timer_0/U0/TC_CORE_I/GEN_SECOND_TIMER.COUNTER_1_I/COUNTER_I/s_axi_aresetn_0                                              |                3 |             12 |         4.00 |
|  soc_rtos_can_i/clk_wiz/inst/clk_out1                                                                |                                                                                                                                                            | soc_rtos_can_i/microblaze_riscv_0_axi_intc/U0/AXI_LITE_IPIF_I/I_SLAVE_ATTACHMENT/rst                                                        |                6 |             12 |         2.00 |
|  soc_rtos_can_i/clk_wiz/inst/clk_out1                                                                | soc_rtos_can_i/myip_RTOS_0/inst/axi_araddr                                                                                                                 | soc_rtos_can_i/myip_RTOS_0/inst/myip_RTOS_slave_lite_v2_2_S00_AXI_inst/u_sched/s00_axi_aresetn_0                                            |                6 |             13 |         2.17 |
|  soc_rtos_can_i/clk_wiz/inst/clk_out1                                                                |                                                                                                                                                            | soc_rtos_can_i/microblaze_riscv_0_axi_periph/xbar/inst/gen_sasd.crossbar_sasd_0/addr_arbiter_inst/SR[0]                                     |                6 |             13 |         2.17 |
|  soc_rtos_can_i/clk_wiz/inst/clk_out1                                                                | soc_rtos_can_i/myip_can_0/inst/myip_can_slave_lite_v1_0_S00_AXI_inst/u_can_inst/u_tx/crc_reg[14]_i_1_n_0                                                   | soc_rtos_can_i/myip_can_0/inst/myip_can_slave_lite_v1_0_S00_AXI_inst/u_can_inst/u_rx/AR[0]                                                  |                5 |             15 |         3.00 |
|  soc_rtos_can_i/mdm_1/U0/MDM_Core_I1/JTAG_CONTROL_I/Test_Access_Port.BUFG_DRCK/Using_FPGA.Native_0   | soc_rtos_can_i/mdm_1/U0/MDM_Core_I1/JTAG_CONTROL_I/dmistat15_out                                                                                           |                                                                                                                                             |                4 |             15 |         3.75 |
|  soc_rtos_can_i/clk_wiz/inst/clk_out1                                                                | soc_rtos_can_i/microblaze_riscv_0/U0/riscv_core_I/Base.Core/Decode_I/jump_logic_I1/MB_MUXCY_EX_Jump2/Using_FPGA.Native_I2_4[0]                             | soc_rtos_can_i/microblaze_riscv_0/U0/riscv_core_I/sync_reset                                                                                |                7 |             16 |         2.29 |
|  soc_rtos_can_i/mdm_1/U0/Use_JTAG_BSCAN.BUFG_JTAG_TCK/Use_JTAG_BSCAN.tck_int                         |                                                                                                                                                            |                                                                                                                                             |                4 |             17 |         4.25 |
|  soc_rtos_can_i/clk_wiz/inst/clk_out1                                                                | soc_rtos_can_i/microblaze_riscv_0/U0/riscv_core_I/Base.Core/Use_Debug_Logic.Master_Core.Debug_Perf/E[0]                                                    | soc_rtos_can_i/microblaze_riscv_0/U0/riscv_core_I/sync_reset                                                                                |                3 |             17 |         5.67 |
|  soc_rtos_can_i/clk_wiz/inst/clk_out1                                                                | soc_rtos_can_i/microblaze_riscv_0/U0/riscv_core_I/Base.Core/Use_Debug_Logic.Master_Core.Debug_Perf/Using_FPGA.Native[0]                                    | soc_rtos_can_i/microblaze_riscv_0/U0/riscv_core_I/sync_reset                                                                                |                4 |             17 |         4.25 |
|  soc_rtos_can_i/clk_wiz/inst/clk_out1                                                                | soc_rtos_can_i/microblaze_riscv_0/U0/riscv_core_I/Base.Core/Decode_I/mem_wait_on_ready_N_carry_or/MUXCY_I/lopt_1                                           | soc_rtos_can_i/microblaze_riscv_0/U0/riscv_core_I/sync_reset                                                                                |                8 |             18 |         2.25 |
|  soc_rtos_can_i/clk_wiz/inst/clk_out1                                                                | soc_rtos_can_i/microblaze_riscv_0_axi_intc/U0/AXI_LITE_IPIF_I/I_SLAVE_ATTACHMENT/start2                                                                    | soc_rtos_can_i/microblaze_riscv_0_axi_intc/U0/AXI_LITE_IPIF_I/I_SLAVE_ATTACHMENT/I_DECODER/cs_ce_clr                                        |                5 |             19 |         3.80 |
|  soc_rtos_can_i/mdm_1/U0/MDM_Core_I1/JTAG_CONTROL_I/Test_Access_Port.BUFG_UPDATE/Using_FPGA.Native_0 |                                                                                                                                                            |                                                                                                                                             |                8 |             20 |         2.50 |
|  soc_rtos_can_i/clk_wiz/inst/clk_out1                                                                | soc_rtos_can_i/microblaze_riscv_0/U0/riscv_core_I/Base.Core/Decode_I/Use_MuxCy[11].OF_Piperun_Stage/MUXCY_I/lopt_4                                         | soc_rtos_can_i/microblaze_riscv_0/U0/riscv_core_I/Base.Core/Decode_I/PreFetch_Buffer_I/INSTR_BUFFER_I1/SR[0]                                |                6 |             20 |         3.33 |
|  soc_rtos_can_i/mdm_1/U0/Use_E2.BSCAN_I/tck_BUFG                                                     |                                                                                                                                                            | soc_rtos_can_i/mdm_1/U0/Use_E2.BSCAN_I/Use_JTAG_BSCAN.id_flag_reg                                                                           |                4 |             21 |         5.25 |
|  soc_rtos_can_i/clk_wiz/inst/clk_out1                                                                | soc_rtos_can_i/microblaze_riscv_0_axi_periph/xbar/inst/gen_sasd.crossbar_sasd_0/addr_arbiter_inst/p_0_in1_in                                               | soc_rtos_can_i/microblaze_riscv_0_axi_periph/xbar/inst/gen_sasd.crossbar_sasd_0/addr_arbiter_inst/SR[0]                                     |                9 |             23 |         2.56 |
|  soc_rtos_can_i/clk_wiz/inst/clk_out1                                                                |                                                                                                                                                            | soc_rtos_can_i/microblaze_riscv_0/U0/riscv_core_I/Base.Core/Decode_I/Use_MuxCy[13].OF_Piperun_Stage/MUXCY_I/ex_cmul_op_i                    |               10 |             27 |         2.70 |
|  soc_rtos_can_i/clk_wiz/inst/clk_out1                                                                | soc_rtos_can_i/axi_uartlite_0/U0/UARTLITE_CORE_I/BAUD_RATE_I/en_16x_Baud                                                                                   | soc_rtos_can_i/axi_uartlite_0/U0/UARTLITE_CORE_I/UARTLITE_RX_I/s_axi_aresetn_0                                                              |                8 |             28 |         3.50 |
|  soc_rtos_can_i/clk_wiz/inst/clk_out1                                                                | soc_rtos_can_i/microblaze_riscv_0/U0/riscv_core_I/Base.Core/Decode_I/No_Short_Pipe_5.Using_FPGA.Gen_Bits[1].MEM_EX_Result_Inst/ex_Sel_CSR_i_reg[mepc][0]   | soc_rtos_can_i/microblaze_riscv_0/U0/riscv_core_I/sync_reset                                                                                |               12 |             30 |         2.50 |
|  soc_rtos_can_i/clk_wiz/inst/clk_out1                                                                | soc_rtos_can_i/microblaze_riscv_0/U0/riscv_core_I/Base.Core/Decode_I/ex_Sel_CSR_i_reg[mtvec]_0[0]                                                          | soc_rtos_can_i/microblaze_riscv_0/U0/riscv_core_I/sync_reset                                                                                |               13 |             30 |         2.31 |
|  soc_rtos_can_i/clk_wiz/inst/clk_out1                                                                |                                                                                                                                                            | soc_rtos_can_i/microblaze_riscv_0_axi_intc/U0/INTC_CORE_I/SR[0]                                                                             |                8 |             30 |         3.75 |
|  soc_rtos_can_i/clk_wiz/inst/clk_out1                                                                |                                                                                                                                                            | soc_rtos_can_i/axi_uartlite_0/U0/UARTLITE_CORE_I/UARTLITE_RX_I/s_axi_aresetn_0                                                              |               12 |             31 |         2.58 |
|  soc_rtos_can_i/clk_wiz/inst/clk_out1                                                                | soc_rtos_can_i/myip_RTOS_0/inst/myip_RTOS_slave_lite_v2_2_S00_AXI_inst/u_sched/next_release_flat[319]_i_1_n_0                                              | soc_rtos_can_i/myip_RTOS_0/inst/myip_RTOS_slave_lite_v2_2_S00_AXI_inst/u_sched/s00_axi_aresetn_0                                            |                4 |             32 |         8.00 |
|  soc_rtos_can_i/clk_wiz/inst/clk_out1                                                                | soc_rtos_can_i/axi_timer_0/U0/AXI4_LITE_I/I_SLAVE_ATTACHMENT/s_axi_rresp_i                                                                                 | soc_rtos_can_i/axi_timer_0/U0/AXI4_LITE_I/I_SLAVE_ATTACHMENT/rst                                                                            |               32 |             32 |         1.00 |
|  soc_rtos_can_i/clk_wiz/inst/clk_out1                                                                | soc_rtos_can_i/myip_RTOS_0/inst/myip_RTOS_slave_lite_v2_2_S00_AXI_inst/u_sched/next_release_flat[31]_i_1_n_0                                               | soc_rtos_can_i/myip_RTOS_0/inst/myip_RTOS_slave_lite_v2_2_S00_AXI_inst/u_sched/s00_axi_aresetn_0                                            |                4 |             32 |         8.00 |
|  soc_rtos_can_i/clk_wiz/inst/clk_out1                                                                | soc_rtos_can_i/myip_RTOS_0/inst/myip_RTOS_slave_lite_v2_2_S00_AXI_inst/u_sched/next_release_flat[383]_i_1_n_0                                              | soc_rtos_can_i/myip_RTOS_0/inst/myip_RTOS_slave_lite_v2_2_S00_AXI_inst/u_sched/s00_axi_aresetn_0                                            |                5 |             32 |         6.40 |
|  soc_rtos_can_i/clk_wiz/inst/clk_out1                                                                | soc_rtos_can_i/microblaze_riscv_0/U0/riscv_core_I/Base.Core/Decode_I/Use_MuxCy[11].OF_Piperun_Stage/MUXCY_I/lopt_4                                         |                                                                                                                                             |               10 |             32 |         3.20 |
|  soc_rtos_can_i/clk_wiz/inst/clk_out1                                                                | soc_rtos_can_i/myip_RTOS_0/inst/myip_RTOS_slave_lite_v2_2_S00_AXI_inst/u_sched/next_release_flat[415]_i_1_n_0                                              | soc_rtos_can_i/myip_RTOS_0/inst/myip_RTOS_slave_lite_v2_2_S00_AXI_inst/u_sched/s00_axi_aresetn_0                                            |                4 |             32 |         8.00 |
|  soc_rtos_can_i/clk_wiz/inst/clk_out1                                                                | soc_rtos_can_i/myip_RTOS_0/inst/myip_RTOS_slave_lite_v2_2_S00_AXI_inst/u_sched/next_release_flat[511]_i_1_n_0                                              | soc_rtos_can_i/myip_RTOS_0/inst/myip_RTOS_slave_lite_v2_2_S00_AXI_inst/u_sched/s00_axi_aresetn_0                                            |                5 |             32 |         6.40 |
|  soc_rtos_can_i/clk_wiz/inst/clk_out1                                                                | soc_rtos_can_i/myip_RTOS_0/inst/myip_RTOS_slave_lite_v2_2_S00_AXI_inst/u_sched/next_release_flat[63]_i_1_n_0                                               | soc_rtos_can_i/myip_RTOS_0/inst/myip_RTOS_slave_lite_v2_2_S00_AXI_inst/u_sched/s00_axi_aresetn_0                                            |                7 |             32 |         4.57 |
|  soc_rtos_can_i/clk_wiz/inst/clk_out1                                                                | soc_rtos_can_i/myip_RTOS_0/inst/myip_RTOS_slave_lite_v2_2_S00_AXI_inst/u_sched/next_release_flat[95]_i_1_n_0                                               | soc_rtos_can_i/myip_RTOS_0/inst/myip_RTOS_slave_lite_v2_2_S00_AXI_inst/u_sched/s00_axi_aresetn_0                                            |                6 |             32 |         5.33 |
|  soc_rtos_can_i/clk_wiz/inst/clk_out1                                                                | soc_rtos_can_i/myip_RTOS_0/inst/myip_RTOS_slave_lite_v2_2_S00_AXI_inst/u_sched/next_release_flat[447]_i_1_n_0                                              | soc_rtos_can_i/myip_RTOS_0/inst/myip_RTOS_slave_lite_v2_2_S00_AXI_inst/u_sched/s00_axi_aresetn_0                                            |                4 |             32 |         8.00 |
|  soc_rtos_can_i/clk_wiz/inst/clk_out1                                                                | soc_rtos_can_i/microblaze_riscv_0_axi_intc/U0/INTC_CORE_I/irq                                                                                              |                                                                                                                                             |                5 |             32 |         6.40 |
|  soc_rtos_can_i/clk_wiz/inst/clk_out1                                                                | soc_rtos_can_i/microblaze_riscv_0_axi_periph/xbar/inst/gen_sasd.crossbar_sasd_0/reg_slice_r/s_axi_rvalid[0]                                                | soc_rtos_can_i/microblaze_riscv_0/U0/riscv_core_I/sync_reset                                                                                |               10 |             32 |         3.20 |
|  soc_rtos_can_i/clk_wiz/inst/clk_out1                                                                | soc_rtos_can_i/myip_RTOS_0/inst/myip_RTOS_slave_lite_v2_2_S00_AXI_inst/u_sched/next_release_flat[479]_i_1_n_0                                              | soc_rtos_can_i/myip_RTOS_0/inst/myip_RTOS_slave_lite_v2_2_S00_AXI_inst/u_sched/s00_axi_aresetn_0                                            |                5 |             32 |         6.40 |
|  soc_rtos_can_i/clk_wiz/inst/clk_out1                                                                | soc_rtos_can_i/axi_timer_0/U0/TC_CORE_I/TIMER_CONTROL_I/CE_0                                                                                               | soc_rtos_can_i/axi_timer_0/U0/TC_CORE_I/GEN_SECOND_TIMER.COUNTER_1_I/COUNTER_I/s_axi_aresetn_0                                              |               12 |             32 |         2.67 |
|  soc_rtos_can_i/clk_wiz/inst/clk_out1                                                                | soc_rtos_can_i/axi_timer_0/U0/TC_CORE_I/TIMER_CONTROL_I/CE                                                                                                 | soc_rtos_can_i/axi_timer_0/U0/TC_CORE_I/GEN_SECOND_TIMER.COUNTER_1_I/COUNTER_I/s_axi_aresetn_0                                              |               11 |             32 |         2.91 |
|  soc_rtos_can_i/clk_wiz/inst/clk_out1                                                                | soc_rtos_can_i/axi_timer_0/U0/TC_CORE_I/TIMER_CONTROL_I/TCSR0_GENERATE[20].TCSR0_FF_I_1                                                                    | soc_rtos_can_i/axi_timer_0/U0/TC_CORE_I/GEN_SECOND_TIMER.COUNTER_1_I/COUNTER_I/s_axi_aresetn_0                                              |                5 |             32 |         6.40 |
|  soc_rtos_can_i/clk_wiz/inst/clk_out1                                                                | soc_rtos_can_i/axi_timer_0/U0/TC_CORE_I/TIMER_CONTROL_I/generateOutPre0_reg_0                                                                              | soc_rtos_can_i/axi_timer_0/U0/TC_CORE_I/GEN_SECOND_TIMER.COUNTER_1_I/COUNTER_I/s_axi_aresetn_0                                              |                5 |             32 |         6.40 |
|  soc_rtos_can_i/clk_wiz/inst/clk_out1                                                                |                                                                                                                                                            | soc_rtos_can_i/myip_RTOS_0/inst/myip_RTOS_slave_lite_v2_2_S00_AXI_inst/block_set_pulse                                                      |               16 |             32 |         2.00 |
|  soc_rtos_can_i/mdm_1/U0/MDM_Core_I1/JTAG_CONTROL_I/Test_Access_Port.BUFG_UPDATE/Using_FPGA.Native_0 | soc_rtos_can_i/microblaze_riscv_0/U0/riscv_core_I/Base.Core/Use_Debug_Logic.Master_Core.Debug_Perf/data0_write_reg0                                        |                                                                                                                                             |                9 |             32 |         3.56 |
|  soc_rtos_can_i/mdm_1/U0/MDM_Core_I1/JTAG_CONTROL_I/Test_Access_Port.BUFG_UPDATE/Using_FPGA.Native_0 | soc_rtos_can_i/microblaze_riscv_0/U0/riscv_core_I/Base.Core/Use_Debug_Logic.Master_Core.Debug_Perf/progbuf0_reg0                                           |                                                                                                                                             |               11 |             32 |         2.91 |
|  soc_rtos_can_i/clk_wiz/inst/clk_out1                                                                | soc_rtos_can_i/myip_RTOS_0/inst/myip_RTOS_slave_lite_v2_2_S00_AXI_inst/u_sched/next_release_flat[255]_i_1_n_0                                              | soc_rtos_can_i/myip_RTOS_0/inst/myip_RTOS_slave_lite_v2_2_S00_AXI_inst/u_sched/s00_axi_aresetn_0                                            |                6 |             32 |         5.33 |
|  soc_rtos_can_i/clk_wiz/inst/clk_out1                                                                | soc_rtos_can_i/myip_RTOS_0/inst/myip_RTOS_slave_lite_v2_2_S00_AXI_inst/u_timebase/ce_reg_n_0                                                               | soc_rtos_can_i/myip_RTOS_0/inst/myip_RTOS_slave_lite_v2_2_S00_AXI_inst/u_sched/s00_axi_aresetn_0                                            |                8 |             32 |         4.00 |
|  soc_rtos_can_i/clk_wiz/inst/clk_out1                                                                | soc_rtos_can_i/microblaze_riscv_0/U0/riscv_core_I/Base.Core/Use_Debug_Logic.Master_Core.Debug_Perf/register_read_cmd                                       | soc_rtos_can_i/microblaze_riscv_0/U0/riscv_core_I/sync_reset                                                                                |               16 |             32 |         2.00 |
|  soc_rtos_can_i/clk_wiz/inst/clk_out1                                                                | soc_rtos_can_i/microblaze_riscv_0/U0/riscv_core_I/Base.Core/Decode_I/ex_Sel_CSR_i_reg[tdata2]_0[0]                                                         | soc_rtos_can_i/microblaze_riscv_0/U0/riscv_core_I/sync_reset                                                                                |               11 |             32 |         2.91 |
|  soc_rtos_can_i/clk_wiz/inst/clk_out1                                                                | soc_rtos_can_i/microblaze_riscv_0/U0/riscv_core_I/Base.Core/Decode_I/ex_Sel_CSR_i_reg[mscratch]_0[0]                                                       | soc_rtos_can_i/microblaze_riscv_0/U0/riscv_core_I/sync_reset                                                                                |               10 |             32 |         3.20 |
|  soc_rtos_can_i/clk_wiz/inst/clk_out1                                                                | soc_rtos_can_i/microblaze_riscv_0/U0/riscv_core_I/Base.Core/Decode_I/ex_Sel_CSR_i_reg[minstret]_1[1]                                                       | soc_rtos_can_i/microblaze_riscv_0/U0/riscv_core_I/sync_reset                                                                                |               12 |             32 |         2.67 |
|  soc_rtos_can_i/clk_wiz/inst/clk_out1                                                                | soc_rtos_can_i/microblaze_riscv_0/U0/riscv_core_I/Base.Core/Decode_I/ex_Sel_CSR_i_reg[minstret]_1[0]                                                       | soc_rtos_can_i/microblaze_riscv_0/U0/riscv_core_I/sync_reset                                                                                |               12 |             32 |         2.67 |
|  soc_rtos_can_i/clk_wiz/inst/clk_out1                                                                | soc_rtos_can_i/microblaze_riscv_0/U0/riscv_core_I/Base.Core/Decode_I/ex_Sel_CSR_i_reg[mcycleh]_1[1]                                                        | soc_rtos_can_i/microblaze_riscv_0/U0/riscv_core_I/sync_reset                                                                                |               13 |             32 |         2.46 |
|  soc_rtos_can_i/clk_wiz/inst/clk_out1                                                                | soc_rtos_can_i/microblaze_riscv_0/U0/riscv_core_I/Base.Core/Decode_I/ex_Sel_CSR_i_reg[mcycleh]_1[0]                                                        | soc_rtos_can_i/microblaze_riscv_0/U0/riscv_core_I/sync_reset                                                                                |               13 |             32 |         2.46 |
|  soc_rtos_can_i/clk_wiz/inst/clk_out1                                                                | soc_rtos_can_i/microblaze_riscv_0/U0/riscv_core_I/Base.Core/Decode_I/ex_Sel_CSR_i_reg[dpc]_0[0]                                                            | soc_rtos_can_i/microblaze_riscv_0/U0/riscv_core_I/sync_reset                                                                                |               10 |             32 |         3.20 |
|  soc_rtos_can_i/clk_wiz/inst/clk_out1                                                                | soc_rtos_can_i/microblaze_riscv_0/U0/riscv_core_I/Base.Core/Decode_I/mem_wait_on_ready_N_carry_or/MUXCY_I/lopt_1                                           | soc_rtos_can_i/microblaze_riscv_0/U0/riscv_core_I/Base.Core/Data_Flow_Logic_I/WB_MEM_Result0                                                |               16 |             32 |         2.00 |
|  soc_rtos_can_i/clk_wiz/inst/clk_out1                                                                | soc_rtos_can_i/microblaze_riscv_0/U0/riscv_core_I/Base.Core/Decode_I/jump_logic_I1/MB_MUXCY_EX_Jump2/ex_Sel_CSR_i_reg[mtval][0]                            | soc_rtos_can_i/microblaze_riscv_0/U0/riscv_core_I/sync_reset                                                                                |               18 |             32 |         1.78 |
|  soc_rtos_can_i/clk_wiz/inst/clk_out1                                                                | soc_rtos_can_i/myip_RTOS_0/inst/myip_RTOS_slave_lite_v2_2_S00_AXI_inst/u_sched/next_release_flat[287]_i_1_n_0                                              | soc_rtos_can_i/myip_RTOS_0/inst/myip_RTOS_slave_lite_v2_2_S00_AXI_inst/u_sched/s00_axi_aresetn_0                                            |                6 |             32 |         5.33 |
|  soc_rtos_can_i/clk_wiz/inst/clk_out1                                                                | soc_rtos_can_i/myip_RTOS_0/inst/myip_RTOS_slave_lite_v2_2_S00_AXI_inst/u_sched/next_release_flat[223]_i_1_n_0                                              | soc_rtos_can_i/myip_RTOS_0/inst/myip_RTOS_slave_lite_v2_2_S00_AXI_inst/u_sched/s00_axi_aresetn_0                                            |                6 |             32 |         5.33 |
|  soc_rtos_can_i/clk_wiz/inst/clk_out1                                                                | soc_rtos_can_i/microblaze_riscv_0/U0/riscv_core_I/Base.Core/Decode_I/Use_MuxCy[11].OF_Piperun_Stage/MUXCY_I/lopt_7                                         | soc_rtos_can_i/microblaze_riscv_0/U0/riscv_core_I/sync_reset                                                                                |               11 |             32 |         2.91 |
|  soc_rtos_can_i/clk_wiz/inst/clk_out1                                                                | soc_rtos_can_i/myip_RTOS_0/inst/myip_RTOS_slave_lite_v2_2_S00_AXI_inst/u_sched/next_release_flat[127]_i_1_n_0                                              | soc_rtos_can_i/myip_RTOS_0/inst/myip_RTOS_slave_lite_v2_2_S00_AXI_inst/u_sched/s00_axi_aresetn_0                                            |                7 |             32 |         4.57 |
|  soc_rtos_can_i/clk_wiz/inst/clk_out1                                                                | soc_rtos_can_i/myip_RTOS_0/inst/myip_RTOS_slave_lite_v2_2_S00_AXI_inst/u_sched/next_release_flat[159]_i_1_n_0                                              | soc_rtos_can_i/myip_RTOS_0/inst/myip_RTOS_slave_lite_v2_2_S00_AXI_inst/u_sched/s00_axi_aresetn_0                                            |                6 |             32 |         5.33 |
|  soc_rtos_can_i/clk_wiz/inst/clk_out1                                                                | soc_rtos_can_i/myip_RTOS_0/inst/myip_RTOS_slave_lite_v2_2_S00_AXI_inst/u_sched/next_release_flat[191]_i_1_n_0                                              | soc_rtos_can_i/myip_RTOS_0/inst/myip_RTOS_slave_lite_v2_2_S00_AXI_inst/u_sched/s00_axi_aresetn_0                                            |                6 |             32 |         5.33 |
|  soc_rtos_can_i/clk_wiz/inst/clk_out1                                                                | soc_rtos_can_i/myip_RTOS_0/inst/myip_RTOS_slave_lite_v2_2_S00_AXI_inst/u_sched/next_release_flat[351]_i_1_n_0                                              | soc_rtos_can_i/myip_RTOS_0/inst/myip_RTOS_slave_lite_v2_2_S00_AXI_inst/u_sched/s00_axi_aresetn_0                                            |                4 |             32 |         8.00 |
|  soc_rtos_can_i/clk_wiz/inst/clk_out1                                                                | soc_rtos_can_i/microblaze_riscv_0_axi_intc/U0/AXI_LITE_IPIF_I/I_SLAVE_ATTACHMENT/s_axi_rresp_i                                                             | soc_rtos_can_i/microblaze_riscv_0_axi_intc/U0/AXI_LITE_IPIF_I/I_SLAVE_ATTACHMENT/rst                                                        |                7 |             33 |         4.71 |
|  soc_rtos_can_i/clk_wiz/inst/clk_out1                                                                | soc_rtos_can_i/microblaze_riscv_0_axi_periph/xbar/inst/gen_sasd.crossbar_sasd_0/addr_arbiter_inst/E[0]                                                     |                                                                                                                                             |               14 |             34 |         2.43 |
|  soc_rtos_can_i/clk_wiz/inst/clk_out1                                                                | soc_rtos_can_i/microblaze_riscv_0/U0/riscv_core_I/Base.Core/Decode_I/Use_MuxCy[3].OF_Piperun_Stage/MUXCY_I/lopt_4                                          |                                                                                                                                             |               12 |             34 |         2.83 |
|  soc_rtos_can_i/mdm_1/U0/MDM_Core_I1/JTAG_CONTROL_I/Test_Access_Port.BUFG_DRCK/Using_FPGA.Native_0   | soc_rtos_can_i/mdm_1/U0/MDM_Core_I1/JTAG_CONTROL_I/dmcontrol_read_2                                                                                        |                                                                                                                                             |                6 |             35 |         5.83 |
|  soc_rtos_can_i/clk_wiz/inst/clk_out1                                                                |                                                                                                                                                            | soc_rtos_can_i/myip_can_0/inst/myip_can_slave_lite_v1_0_S00_AXI_inst/u_can_inst/u_rx/AR[0]                                                  |               21 |             36 |         1.71 |
|  soc_rtos_can_i/mdm_1/U0/MDM_Core_I1/JTAG_CONTROL_I/Test_Access_Port.BUFG_DRCK/Using_FPGA.Native_0   | soc_rtos_can_i/mdm_1/U0/MDM_Core_I1/JTAG_CONTROL_I/Test_Access_Port.capture_dtm_reg_0                                                                      |                                                                                                                                             |               10 |             42 |         4.20 |
|  soc_rtos_can_i/mdm_1/U0/MDM_Core_I1/JTAG_CONTROL_I/Test_Access_Port.BUFG_DRCK/Using_FPGA.Native_0   | soc_rtos_can_i/mdm_1/U0/MDM_Core_I1/JTAG_CONTROL_I/Test_Access_Port.idcode_3                                                                               |                                                                                                                                             |                8 |             46 |         5.75 |
|  soc_rtos_can_i/clk_wiz/inst/clk_out1                                                                | soc_rtos_can_i/microblaze_riscv_0/U0/riscv_core_I/Base.Core/Use_Debug_Logic.Master_Core.Debug_Perf/if_missed_fetch_reg                                     |                                                                                                                                             |                6 |             48 |         8.00 |
|  soc_rtos_can_i/mdm_1/U0/MDM_Core_I1/JTAG_CONTROL_I/Test_Access_Port.BUFG_DRCK/Using_FPGA.Native_0   |                                                                                                                                                            |                                                                                                                                             |               18 |             60 |         3.33 |
|  soc_rtos_can_i/clk_wiz/inst/clk_out1                                                                | soc_rtos_can_i/microblaze_riscv_0_axi_intc/U0/AXI_LITE_IPIF_I/I_SLAVE_ATTACHMENT/I_DECODER/bus2ip_wrce[0]                                                  |                                                                                                                                             |                8 |             64 |         8.00 |
|  soc_rtos_can_i/clk_wiz/inst/clk_out1                                                                | soc_rtos_can_i/myip_can_0/inst/myip_can_slave_lite_v1_0_S00_AXI_inst/u_can_inst/u_tx/data_shift[63]_i_1__0_n_0                                             |                                                                                                                                             |               18 |             64 |         3.56 |
|  soc_rtos_can_i/clk_wiz/inst/clk_out1                                                                | soc_rtos_can_i/myip_can_0/inst/myip_can_slave_lite_v1_0_S00_AXI_inst/u_can_inst/u_rx/D[0]                                                                  | soc_rtos_can_i/myip_can_0/inst/myip_can_slave_lite_v1_0_S00_AXI_inst/u_can_inst/u_rx/AR[0]                                                  |               20 |             79 |         3.95 |
|  soc_rtos_can_i/clk_wiz/inst/clk_out1                                                                | soc_rtos_can_i/myip_can_0/inst/myip_can_slave_lite_v1_0_S00_AXI_inst/u_can_inst/u_rx/rx_id[10]_i_1_n_0                                                     | soc_rtos_can_i/myip_can_0/inst/myip_can_slave_lite_v1_0_S00_AXI_inst/u_can_inst/u_rx/AR[0]                                                  |               18 |             79 |         4.39 |
|  soc_rtos_can_i/clk_wiz/inst/clk_out1                                                                | soc_rtos_can_i/microblaze_riscv_0/U0/riscv_core_I/Base.Core/Decode_I/Use_MuxCy[3].OF_Piperun_Stage/MUXCY_I/lopt_4                                          | soc_rtos_can_i/microblaze_riscv_0/U0/riscv_core_I/sync_reset                                                                                |               56 |            121 |         2.16 |
|  soc_rtos_can_i/clk_wiz/inst/clk_out1                                                                | soc_rtos_can_i/microblaze_riscv_0/U0/riscv_core_I/Base.Core/Decode_I/Serial_Dbg_Intf.register_write_cmd_reg                                                |                                                                                                                                             |               16 |            128 |         8.00 |
|  soc_rtos_can_i/clk_wiz/inst/clk_out1                                                                |                                                                                                                                                            | soc_rtos_can_i/microblaze_riscv_0/U0/riscv_core_I/sync_reset                                                                                |               45 |            134 |         2.98 |
|  soc_rtos_can_i/clk_wiz/inst/clk_out1                                                                |                                                                                                                                                            | soc_rtos_can_i/myip_RTOS_0/inst/myip_RTOS_slave_lite_v2_2_S00_AXI_inst/u_sched/s00_axi_aresetn_0                                            |               57 |            144 |         2.53 |
|  soc_rtos_can_i/clk_wiz/inst/clk_out1                                                                | soc_rtos_can_i/microblaze_riscv_0/U0/riscv_core_I/Base.Core/Decode_I/Use_MuxCy[11].OF_Piperun_Stage/MUXCY_I/lopt_4                                         | soc_rtos_can_i/microblaze_riscv_0/U0/riscv_core_I/sync_reset                                                                                |               74 |            163 |         2.20 |
|  soc_rtos_can_i/clk_wiz/inst/clk_out1                                                                |                                                                                                                                                            |                                                                                                                                             |              122 |            354 |         2.90 |
+------------------------------------------------------------------------------------------------------+------------------------------------------------------------------------------------------------------------------------------------------------------------+---------------------------------------------------------------------------------------------------------------------------------------------+------------------+----------------+--------------+


