Copyright 1986-2022 Xilinx, Inc. All Rights Reserved. Copyright 2022-2024 Advanced Micro Devices, Inc. All Rights Reserved.
---------------------------------------------------------------------------------------------------------------------------------------------
| Tool Version : Vivado v.2024.2 (lin64) Build 5239630 Fri Nov 08 22:34:34 MST 2024
| Date         : Tue Mar 10 19:58:22 2026
| Host         : user14-B80KV-AP35BKE running 64-bit Ubuntu 24.04.4 LTS
| Command      : upgrade_ip
| Device       : xc7a35tcpg236-1
---------------------------------------------------------------------------------------------------------------------------------------------

Upgrade Log for IP 'soc_watch_myip_stopwatch_0_0'

1. Summary
----------

SUCCESS in the upgrade of soc_watch_myip_stopwatch_0_0 (user.org:user:myip_stopwatch:1.0) from (Rev. 65) to (Rev. 66)






Copyright 1986-2022 Xilinx, Inc. All Rights Reserved. Copyright 2022-2024 Advanced Micro Devices, Inc. All Rights Reserved.
---------------------------------------------------------------------------------------------------------------------------------------------
| Tool Version : Vivado v.2024.2 (lin64) Build 5239630 Fri Nov 08 22:34:34 MST 2024
| Date         : Tue Mar 10 19:58:19 2026
| Host         : user14-B80KV-AP35BKE running 64-bit Ubuntu 24.04.4 LTS
| Command      : upgrade_ip
| Device       : xc7a35tcpg236-1
---------------------------------------------------------------------------------------------------------------------------------------------

Upgrade Log for IP 'soc_watchRev2_myip_stopwatch_0_0'

1. Summary
----------

SUCCESS in the upgrade of soc_watchRev2_myip_stopwatch_0_0 (user.org:user:myip_stopwatch:1.0) from (Rev. 65) to (Rev. 66)






Copyright 1986-2022 Xilinx, Inc. All Rights Reserved. Copyright 2022-2024 Advanced Micro Devices, Inc. All Rights Reserved.
---------------------------------------------------------------------------------------------------------------------------------------------
| Tool Version : Vivado v.2024.2 (lin64) Build 5239630 Fri Nov 08 22:34:34 MST 2024
| Date         : Tue Mar 10 19:58:17 2026
| Host         : user14-B80KV-AP35BKE running 64-bit Ubuntu 24.04.4 LTS
| Command      : upgrade_ip
| Device       : xc7a35tcpg236-1
---------------------------------------------------------------------------------------------------------------------------------------------

Upgrade Log for IP 'soc_completeClock_myip_stopwatch_0_0'

1. Summary
----------

SUCCESS in the upgrade of soc_completeClock_myip_stopwatch_0_0 (user.org:user:myip_stopwatch:1.0) from (Rev. 65) to (Rev. 66)






Copyright 1986-2022 Xilinx, Inc. All Rights Reserved. Copyright 2022-2024 Advanced Micro Devices, Inc. All Rights Reserved.
---------------------------------------------------------------------------------------------------------------------------------------------
| Tool Version : Vivado v.2024.2 (lin64) Build 5239630 Fri Nov 08 22:34:34 MST 2024
| Date         : Tue Mar 10 19:20:10 2026
| Host         : user14-B80KV-AP35BKE running 64-bit Ubuntu 24.04.4 LTS
| Command      : upgrade_ip
| Device       : xc7a35tcpg236-1
---------------------------------------------------------------------------------------------------------------------------------------------

Upgrade Log for IP 'soc_watch_myip_stopwatch_0_0'

1. Summary
----------

SUCCESS in the upgrade of soc_watch_myip_stopwatch_0_0 (user.org:user:myip_stopwatch:1.0) from (Rev. 64) to (Rev. 65)






Copyright 1986-2022 Xilinx, Inc. All Rights Reserved. Copyright 2022-2024 Advanced Micro Devices, Inc. All Rights Reserved.
---------------------------------------------------------------------------------------------------------------------------------------------
| Tool Version : Vivado v.2024.2 (lin64) Build 5239630 Fri Nov 08 22:34:34 MST 2024
| Date         : Tue Mar 10 19:20:07 2026
| Host         : user14-B80KV-AP35BKE running 64-bit Ubuntu 24.04.4 LTS
| Command      : upgrade_ip
| Device       : xc7a35tcpg236-1
---------------------------------------------------------------------------------------------------------------------------------------------

Upgrade Log for IP 'soc_watchRev2_myip_stopwatch_0_0'

1. Summary
----------

SUCCESS in the upgrade of soc_watchRev2_myip_stopwatch_0_0 (user.org:user:myip_stopwatch:1.0) from (Rev. 64) to (Rev. 65)






Copyright 1986-2022 Xilinx, Inc. All Rights Reserved. Copyright 2022-2024 Advanced Micro Devices, Inc. All Rights Reserved.
---------------------------------------------------------------------------------------------------------------------------------------------
| Tool Version : Vivado v.2024.2 (lin64) Build 5239630 Fri Nov 08 22:34:34 MST 2024
| Date         : Tue Mar 10 19:20:05 2026
| Host         : user14-B80KV-AP35BKE running 64-bit Ubuntu 24.04.4 LTS
| Command      : upgrade_ip
| Device       : xc7a35tcpg236-1
---------------------------------------------------------------------------------------------------------------------------------------------

Upgrade Log for IP 'soc_completeClock_myip_stopwatch_0_0'

1. Summary
----------

SUCCESS in the upgrade of soc_completeClock_myip_stopwatch_0_0 (user.org:user:myip_stopwatch:1.0) from (Rev. 64) to (Rev. 65)






Copyright 1986-2022 Xilinx, Inc. All Rights Reserved. Copyright 2022-2024 Advanced Micro Devices, Inc. All Rights Reserved.
---------------------------------------------------------------------------------------------------------------------------------------------
| Tool Version : Vivado v.2024.2 (lin64) Build 5239630 Fri Nov 08 22:34:34 MST 2024
| Date         : Tue Mar 10 18:50:55 2026
| Host         : user14-B80KV-AP35BKE running 64-bit Ubuntu 24.04.4 LTS
| Command      : upgrade_ip
| Device       : xc7a35tcpg236-1
---------------------------------------------------------------------------------------------------------------------------------------------

Upgrade Log for IP 'soc_watch_myip_stopwatch_0_0'

1. Summary
----------

SUCCESS in the upgrade of soc_watch_myip_stopwatch_0_0 (user.org:user:myip_stopwatch:1.0) from (Rev. 63) to (Rev. 64)






Copyright 1986-2022 Xilinx, Inc. All Rights Reserved. Copyright 2022-2024 Advanced Micro Devices, Inc. All Rights Reserved.
---------------------------------------------------------------------------------------------------------------------------------------------
| Tool Version : Vivado v.2024.2 (lin64) Build 5239630 Fri Nov 08 22:34:34 MST 2024
| Date         : Tue Mar 10 18:50:53 2026
| Host         : user14-B80KV-AP35BKE running 64-bit Ubuntu 24.04.4 LTS
| Command      : upgrade_ip
| Device       : xc7a35tcpg236-1
---------------------------------------------------------------------------------------------------------------------------------------------

Upgrade Log for IP 'soc_watchRev2_myip_stopwatch_0_0'

1. Summary
----------

SUCCESS in the upgrade of soc_watchRev2_myip_stopwatch_0_0 (user.org:user:myip_stopwatch:1.0) from (Rev. 63) to (Rev. 64)






Copyright 1986-2022 Xilinx, Inc. All Rights Reserved. Copyright 2022-2024 Advanced Micro Devices, Inc. All Rights Reserved.
---------------------------------------------------------------------------------------------------------------------------------------------
| Tool Version : Vivado v.2024.2 (lin64) Build 5239630 Fri Nov 08 22:34:34 MST 2024
| Date         : Tue Mar 10 18:50:50 2026
| Host         : user14-B80KV-AP35BKE running 64-bit Ubuntu 24.04.4 LTS
| Command      : upgrade_ip
| Device       : xc7a35tcpg236-1
---------------------------------------------------------------------------------------------------------------------------------------------

Upgrade Log for IP 'soc_completeClock_myip_stopwatch_0_0'

1. Summary
----------

SUCCESS in the upgrade of soc_completeClock_myip_stopwatch_0_0 (user.org:user:myip_stopwatch:1.0) from (Rev. 63) to (Rev. 64)






Copyright 1986-2022 Xilinx, Inc. All Rights Reserved. Copyright 2022-2024 Advanced Micro Devices, Inc. All Rights Reserved.
---------------------------------------------------------------------------------------------------------------------------------------------
| Tool Version : Vivado v.2024.2 (lin64) Build 5239630 Fri Nov 08 22:34:34 MST 2024
| Date         : Tue Mar 10 17:44:55 2026
| Host         : user14-B80KV-AP35BKE running 64-bit Ubuntu 24.04.4 LTS
| Command      : upgrade_ip
| Device       : xc7a35tcpg236-1
---------------------------------------------------------------------------------------------------------------------------------------------

Upgrade Log for IP 'soc_watch_myip_stopwatch_0_0'

1. Summary
----------

SUCCESS in the upgrade of soc_watch_myip_stopwatch_0_0 (user.org:user:myip_stopwatch:1.0) from (Rev. 62) to (Rev. 63)






Copyright 1986-2022 Xilinx, Inc. All Rights Reserved. Copyright 2022-2024 Advanced Micro Devices, Inc. All Rights Reserved.
---------------------------------------------------------------------------------------------------------------------------------------------
| Tool Version : Vivado v.2024.2 (lin64) Build 5239630 Fri Nov 08 22:34:34 MST 2024
| Date         : Tue Mar 10 17:44:53 2026
| Host         : user14-B80KV-AP35BKE running 64-bit Ubuntu 24.04.4 LTS
| Command      : upgrade_ip
| Device       : xc7a35tcpg236-1
---------------------------------------------------------------------------------------------------------------------------------------------

Upgrade Log for IP 'soc_watchRev2_myip_stopwatch_0_0'

1. Summary
----------

SUCCESS in the upgrade of soc_watchRev2_myip_stopwatch_0_0 (user.org:user:myip_stopwatch:1.0) from (Rev. 62) to (Rev. 63)






Copyright 1986-2022 Xilinx, Inc. All Rights Reserved. Copyright 2022-2024 Advanced Micro Devices, Inc. All Rights Reserved.
---------------------------------------------------------------------------------------------------------------------------------------------
| Tool Version : Vivado v.2024.2 (lin64) Build 5239630 Fri Nov 08 22:34:34 MST 2024
| Date         : Tue Mar 10 17:44:50 2026
| Host         : user14-B80KV-AP35BKE running 64-bit Ubuntu 24.04.4 LTS
| Command      : upgrade_ip
| Device       : xc7a35tcpg236-1
---------------------------------------------------------------------------------------------------------------------------------------------

Upgrade Log for IP 'soc_completeClock_myip_stopwatch_0_0'

1. Summary
----------

SUCCESS in the upgrade of soc_completeClock_myip_stopwatch_0_0 (user.org:user:myip_stopwatch:1.0) from (Rev. 62) to (Rev. 63)






Copyright 1986-2022 Xilinx, Inc. All Rights Reserved. Copyright 2022-2024 Advanced Micro Devices, Inc. All Rights Reserved.
---------------------------------------------------------------------------------------------------------------------------------------------
| Tool Version : Vivado v.2024.2 (lin64) Build 5239630 Fri Nov 08 22:34:34 MST 2024
| Date         : Tue Mar 10 15:38:21 2026
| Host         : user14-B80KV-AP35BKE running 64-bit Ubuntu 24.04.4 LTS
| Command      : upgrade_ip
| Device       : xc7a35tcpg236-1
---------------------------------------------------------------------------------------------------------------------------------------------

Upgrade Log for IP 'soc_watch_myip_stopwatch_0_0'

1. Summary
----------

SUCCESS in the upgrade of soc_watch_myip_stopwatch_0_0 (user.org:user:myip_stopwatch:1.0) from (Rev. 60) to (Rev. 62)






Copyright 1986-2022 Xilinx, Inc. All Rights Reserved. Copyright 2022-2024 Advanced Micro Devices, Inc. All Rights Reserved.
---------------------------------------------------------------------------------------------------------------------------------------------
| Tool Version : Vivado v.2024.2 (lin64) Build 5239630 Fri Nov 08 22:34:34 MST 2024
| Date         : Tue Mar 10 15:38:19 2026
| Host         : user14-B80KV-AP35BKE running 64-bit Ubuntu 24.04.4 LTS
| Command      : upgrade_ip
| Device       : xc7a35tcpg236-1
---------------------------------------------------------------------------------------------------------------------------------------------

Upgrade Log for IP 'soc_watchRev2_myip_stopwatch_0_0'

1. Summary
----------

SUCCESS in the upgrade of soc_watchRev2_myip_stopwatch_0_0 (user.org:user:myip_stopwatch:1.0) from (Rev. 60) to (Rev. 62)






Copyright 1986-2022 Xilinx, Inc. All Rights Reserved. Copyright 2022-2024 Advanced Micro Devices, Inc. All Rights Reserved.
---------------------------------------------------------------------------------------------------------------------------------------------
| Tool Version : Vivado v.2024.2 (lin64) Build 5239630 Fri Nov 08 22:34:34 MST 2024
| Date         : Tue Mar 10 15:38:16 2026
| Host         : user14-B80KV-AP35BKE running 64-bit Ubuntu 24.04.4 LTS
| Command      : upgrade_ip
| Device       : xc7a35tcpg236-1
---------------------------------------------------------------------------------------------------------------------------------------------

Upgrade Log for IP 'soc_completeClock_myip_stopwatch_0_0'

1. Summary
----------

SUCCESS in the upgrade of soc_completeClock_myip_stopwatch_0_0 (user.org:user:myip_stopwatch:1.0) from (Rev. 60) to (Rev. 62)






Copyright 1986-2022 Xilinx, Inc. All Rights Reserved. Copyright 2022-2024 Advanced Micro Devices, Inc. All Rights Reserved.
---------------------------------------------------------------------------------------------------------------------------------------------
| Tool Version : Vivado v.2024.2 (lin64) Build 5239630 Fri Nov 08 22:34:34 MST 2024
| Date         : Tue Mar 10 12:08:09 2026
| Host         : user14-B80KV-AP35BKE running 64-bit Ubuntu 24.04.4 LTS
| Command      : upgrade_ip
| Device       : xc7a35tcpg236-1
---------------------------------------------------------------------------------------------------------------------------------------------

Upgrade Log for IP 'soc_watch_myip_stopwatch_0_0'

1. Summary
----------

SUCCESS in the upgrade of soc_watch_myip_stopwatch_0_0 (user.org:user:myip_stopwatch:1.0) from (Rev. 59) to (Rev. 60)






Copyright 1986-2022 Xilinx, Inc. All Rights Reserved. Copyright 2022-2024 Advanced Micro Devices, Inc. All Rights Reserved.
---------------------------------------------------------------------------------------------------------------------------------------------
| Tool Version : Vivado v.2024.2 (lin64) Build 5239630 Fri Nov 08 22:34:34 MST 2024
| Date         : Tue Mar 10 12:08:06 2026
| Host         : user14-B80KV-AP35BKE running 64-bit Ubuntu 24.04.4 LTS
| Command      : upgrade_ip
| Device       : xc7a35tcpg236-1
---------------------------------------------------------------------------------------------------------------------------------------------

Upgrade Log for IP 'soc_watchRev2_myip_stopwatch_0_0'

1. Summary
----------

SUCCESS in the upgrade of soc_watchRev2_myip_stopwatch_0_0 (user.org:user:myip_stopwatch:1.0) from (Rev. 59) to (Rev. 60)






Copyright 1986-2022 Xilinx, Inc. All Rights Reserved. Copyright 2022-2024 Advanced Micro Devices, Inc. All Rights Reserved.
---------------------------------------------------------------------------------------------------------------------------------------------
| Tool Version : Vivado v.2024.2 (lin64) Build 5239630 Fri Nov 08 22:34:34 MST 2024
| Date         : Tue Mar 10 12:08:04 2026
| Host         : user14-B80KV-AP35BKE running 64-bit Ubuntu 24.04.4 LTS
| Command      : upgrade_ip
| Device       : xc7a35tcpg236-1
---------------------------------------------------------------------------------------------------------------------------------------------

Upgrade Log for IP 'soc_completeClock_myip_stopwatch_0_0'

1. Summary
----------

SUCCESS in the upgrade of soc_completeClock_myip_stopwatch_0_0 (user.org:user:myip_stopwatch:1.0) from (Rev. 59) to (Rev. 60)






Copyright 1986-2022 Xilinx, Inc. All Rights Reserved. Copyright 2022-2024 Advanced Micro Devices, Inc. All Rights Reserved.
---------------------------------------------------------------------------------------------------------------------------------------------
| Tool Version : Vivado v.2024.2 (lin64) Build 5239630 Fri Nov 08 22:34:34 MST 2024
| Date         : Mon Mar  9 17:21:01 2026
| Host         : user14-B80KV-AP35BKE running 64-bit Ubuntu 24.04.4 LTS
| Command      : upgrade_ip
| Device       : xc7a35tcpg236-1
---------------------------------------------------------------------------------------------------------------------------------------------

Upgrade Log for IP 'soc_watch_myip_stopwatch_0_0'

1. Summary
----------

SUCCESS in the upgrade of soc_watch_myip_stopwatch_0_0 (user.org:user:myip_stopwatch:1.0) from (Rev. 58) to (Rev. 59)






Copyright 1986-2022 Xilinx, Inc. All Rights Reserved. Copyright 2022-2024 Advanced Micro Devices, Inc. All Rights Reserved.
---------------------------------------------------------------------------------------------------------------------------------------------
| Tool Version : Vivado v.2024.2 (lin64) Build 5239630 Fri Nov 08 22:34:34 MST 2024
| Date         : Mon Mar  9 17:20:59 2026
| Host         : user14-B80KV-AP35BKE running 64-bit Ubuntu 24.04.4 LTS
| Command      : upgrade_ip
| Device       : xc7a35tcpg236-1
---------------------------------------------------------------------------------------------------------------------------------------------

Upgrade Log for IP 'soc_watchRev2_myip_stopwatch_0_0'

1. Summary
----------

SUCCESS in the upgrade of soc_watchRev2_myip_stopwatch_0_0 (user.org:user:myip_stopwatch:1.0) from (Rev. 58) to (Rev. 59)






Copyright 1986-2022 Xilinx, Inc. All Rights Reserved. Copyright 2022-2024 Advanced Micro Devices, Inc. All Rights Reserved.
---------------------------------------------------------------------------------------------------------------------------------------------
| Tool Version : Vivado v.2024.2 (lin64) Build 5239630 Fri Nov 08 22:34:34 MST 2024
| Date         : Mon Mar  9 17:20:56 2026
| Host         : user14-B80KV-AP35BKE running 64-bit Ubuntu 24.04.4 LTS
| Command      : upgrade_ip
| Device       : xc7a35tcpg236-1
---------------------------------------------------------------------------------------------------------------------------------------------

Upgrade Log for IP 'soc_completeClock_myip_stopwatch_0_0'

1. Summary
----------

SUCCESS in the upgrade of soc_completeClock_myip_stopwatch_0_0 (user.org:user:myip_stopwatch:1.0) from (Rev. 58) to (Rev. 59)






Copyright 1986-2022 Xilinx, Inc. All Rights Reserved. Copyright 2022-2024 Advanced Micro Devices, Inc. All Rights Reserved.
---------------------------------------------------------------------------------------------------------------------------------------------
| Tool Version : Vivado v.2024.2 (lin64) Build 5239630 Fri Nov 08 22:34:34 MST 2024
| Date         : Mon Mar  9 11:12:45 2026
| Host         : user14-B80KV-AP35BKE running 64-bit Ubuntu 24.04.4 LTS
| Command      : upgrade_ip
| Device       : xc7a35tcpg236-1
---------------------------------------------------------------------------------------------------------------------------------------------

Upgrade Log for IP 'soc_watch_myip_stopwatch_0_0'

1. Summary
----------

SUCCESS in the upgrade of soc_watch_myip_stopwatch_0_0 (user.org:user:myip_stopwatch:1.0) from (Rev. 57) to (Rev. 58)






Copyright 1986-2022 Xilinx, Inc. All Rights Reserved. Copyright 2022-2024 Advanced Micro Devices, Inc. All Rights Reserved.
---------------------------------------------------------------------------------------------------------------------------------------------
| Tool Version : Vivado v.2024.2 (lin64) Build 5239630 Fri Nov 08 22:34:34 MST 2024
| Date         : Mon Mar  9 11:12:42 2026
| Host         : user14-B80KV-AP35BKE running 64-bit Ubuntu 24.04.4 LTS
| Command      : upgrade_ip
| Device       : xc7a35tcpg236-1
---------------------------------------------------------------------------------------------------------------------------------------------

Upgrade Log for IP 'soc_watchRev2_myip_stopwatch_0_0'

1. Summary
----------

SUCCESS in the upgrade of soc_watchRev2_myip_stopwatch_0_0 (user.org:user:myip_stopwatch:1.0) from (Rev. 57) to (Rev. 58)






Copyright 1986-2022 Xilinx, Inc. All Rights Reserved. Copyright 2022-2024 Advanced Micro Devices, Inc. All Rights Reserved.
---------------------------------------------------------------------------------------------------------------------------------------------
| Tool Version : Vivado v.2024.2 (lin64) Build 5239630 Fri Nov 08 22:34:34 MST 2024
| Date         : Mon Mar  9 11:12:40 2026
| Host         : user14-B80KV-AP35BKE running 64-bit Ubuntu 24.04.4 LTS
| Command      : upgrade_ip
| Device       : xc7a35tcpg236-1
---------------------------------------------------------------------------------------------------------------------------------------------

Upgrade Log for IP 'soc_completeClock_myip_stopwatch_0_0'

1. Summary
----------

SUCCESS in the upgrade of soc_completeClock_myip_stopwatch_0_0 (user.org:user:myip_stopwatch:1.0) from (Rev. 57) to (Rev. 58)






Copyright 1986-2022 Xilinx, Inc. All Rights Reserved. Copyright 2022-2024 Advanced Micro Devices, Inc. All Rights Reserved.
---------------------------------------------------------------------------------------------------------------------------------------------
| Tool Version : Vivado v.2024.2 (lin64) Build 5239630 Fri Nov 08 22:34:34 MST 2024
| Date         : Mon Mar  9 10:59:18 2026
| Host         : user14-B80KV-AP35BKE running 64-bit Ubuntu 24.04.4 LTS
| Command      : upgrade_ip
| Device       : xc7a35tcpg236-1
---------------------------------------------------------------------------------------------------------------------------------------------

Upgrade Log for IP 'soc_watch_myip_stopwatch_0_0'

1. Summary
----------

SUCCESS in the upgrade of soc_watch_myip_stopwatch_0_0 (user.org:user:myip_stopwatch:1.0) from (Rev. 56) to (Rev. 57)






Copyright 1986-2022 Xilinx, Inc. All Rights Reserved. Copyright 2022-2024 Advanced Micro Devices, Inc. All Rights Reserved.
---------------------------------------------------------------------------------------------------------------------------------------------
| Tool Version : Vivado v.2024.2 (lin64) Build 5239630 Fri Nov 08 22:34:34 MST 2024
| Date         : Mon Mar  9 10:59:15 2026
| Host         : user14-B80KV-AP35BKE running 64-bit Ubuntu 24.04.4 LTS
| Command      : upgrade_ip
| Device       : xc7a35tcpg236-1
---------------------------------------------------------------------------------------------------------------------------------------------

Upgrade Log for IP 'soc_watchRev2_myip_stopwatch_0_0'

1. Summary
----------

SUCCESS in the upgrade of soc_watchRev2_myip_stopwatch_0_0 (user.org:user:myip_stopwatch:1.0) from (Rev. 56) to (Rev. 57)






Copyright 1986-2022 Xilinx, Inc. All Rights Reserved. Copyright 2022-2024 Advanced Micro Devices, Inc. All Rights Reserved.
---------------------------------------------------------------------------------------------------------------------------------------------
| Tool Version : Vivado v.2024.2 (lin64) Build 5239630 Fri Nov 08 22:34:34 MST 2024
| Date         : Mon Mar  9 10:59:12 2026
| Host         : user14-B80KV-AP35BKE running 64-bit Ubuntu 24.04.4 LTS
| Command      : upgrade_ip
| Device       : xc7a35tcpg236-1
---------------------------------------------------------------------------------------------------------------------------------------------

Upgrade Log for IP 'soc_completeClock_myip_stopwatch_0_0'

1. Summary
----------

SUCCESS in the upgrade of soc_completeClock_myip_stopwatch_0_0 (user.org:user:myip_stopwatch:1.0) from (Rev. 56) to (Rev. 57)






Copyright 1986-2022 Xilinx, Inc. All Rights Reserved. Copyright 2022-2024 Advanced Micro Devices, Inc. All Rights Reserved.
---------------------------------------------------------------------------------------------------------------------------------------------
| Tool Version : Vivado v.2024.2 (lin64) Build 5239630 Fri Nov 08 22:34:34 MST 2024
| Date         : Mon Mar  9 10:37:15 2026
| Host         : user14-B80KV-AP35BKE running 64-bit Ubuntu 24.04.4 LTS
| Command      : upgrade_ip
| Device       : xc7a35tcpg236-1
---------------------------------------------------------------------------------------------------------------------------------------------

Upgrade Log for IP 'soc_watch_myip_stopwatch_0_0'

1. Summary
----------

SUCCESS in the upgrade of soc_watch_myip_stopwatch_0_0 (user.org:user:myip_stopwatch:1.0) from (Rev. 55) to (Rev. 56)






Copyright 1986-2022 Xilinx, Inc. All Rights Reserved. Copyright 2022-2024 Advanced Micro Devices, Inc. All Rights Reserved.
---------------------------------------------------------------------------------------------------------------------------------------------
| Tool Version : Vivado v.2024.2 (lin64) Build 5239630 Fri Nov 08 22:34:34 MST 2024
| Date         : Mon Mar  9 10:37:12 2026
| Host         : user14-B80KV-AP35BKE running 64-bit Ubuntu 24.04.4 LTS
| Command      : upgrade_ip
| Device       : xc7a35tcpg236-1
---------------------------------------------------------------------------------------------------------------------------------------------

Upgrade Log for IP 'soc_watchRev2_myip_stopwatch_0_0'

1. Summary
----------

SUCCESS in the upgrade of soc_watchRev2_myip_stopwatch_0_0 (user.org:user:myip_stopwatch:1.0) from (Rev. 55) to (Rev. 56)






Copyright 1986-2022 Xilinx, Inc. All Rights Reserved. Copyright 2022-2024 Advanced Micro Devices, Inc. All Rights Reserved.
---------------------------------------------------------------------------------------------------------------------------------------------
| Tool Version : Vivado v.2024.2 (lin64) Build 5239630 Fri Nov 08 22:34:34 MST 2024
| Date         : Mon Mar  9 10:37:09 2026
| Host         : user14-B80KV-AP35BKE running 64-bit Ubuntu 24.04.4 LTS
| Command      : upgrade_ip
| Device       : xc7a35tcpg236-1
---------------------------------------------------------------------------------------------------------------------------------------------

Upgrade Log for IP 'soc_completeClock_myip_stopwatch_0_0'

1. Summary
----------

SUCCESS in the upgrade of soc_completeClock_myip_stopwatch_0_0 (user.org:user:myip_stopwatch:1.0) from (Rev. 55) to (Rev. 56)






Copyright 1986-2022 Xilinx, Inc. All Rights Reserved. Copyright 2022-2024 Advanced Micro Devices, Inc. All Rights Reserved.
---------------------------------------------------------------------------------------------------------------------------------------------
| Tool Version : Vivado v.2024.2 (lin64) Build 5239630 Fri Nov 08 22:34:34 MST 2024
| Date         : Sat Mar  7 17:44:03 2026
| Host         : user14-B80KV-AP35BKE running 64-bit Ubuntu 24.04.4 LTS
| Command      : upgrade_ip
| Device       : xc7a35tcpg236-1
---------------------------------------------------------------------------------------------------------------------------------------------

Upgrade Log for IP 'soc_watch_myip_stopwatch_0_0'

1. Summary
----------

SUCCESS in the upgrade of soc_watch_myip_stopwatch_0_0 (user.org:user:myip_stopwatch:1.0) from (Rev. 54) to (Rev. 55)






Copyright 1986-2022 Xilinx, Inc. All Rights Reserved. Copyright 2022-2024 Advanced Micro Devices, Inc. All Rights Reserved.
---------------------------------------------------------------------------------------------------------------------------------------------
| Tool Version : Vivado v.2024.2 (lin64) Build 5239630 Fri Nov 08 22:34:34 MST 2024
| Date         : Sat Mar  7 17:44:00 2026
| Host         : user14-B80KV-AP35BKE running 64-bit Ubuntu 24.04.4 LTS
| Command      : upgrade_ip
| Device       : xc7a35tcpg236-1
---------------------------------------------------------------------------------------------------------------------------------------------

Upgrade Log for IP 'soc_watchRev2_myip_stopwatch_0_0'

1. Summary
----------

SUCCESS in the upgrade of soc_watchRev2_myip_stopwatch_0_0 (user.org:user:myip_stopwatch:1.0) from (Rev. 54) to (Rev. 55)






Copyright 1986-2022 Xilinx, Inc. All Rights Reserved. Copyright 2022-2024 Advanced Micro Devices, Inc. All Rights Reserved.
---------------------------------------------------------------------------------------------------------------------------------------------
| Tool Version : Vivado v.2024.2 (lin64) Build 5239630 Fri Nov 08 22:34:34 MST 2024
| Date         : Sat Mar  7 17:43:57 2026
| Host         : user14-B80KV-AP35BKE running 64-bit Ubuntu 24.04.4 LTS
| Command      : upgrade_ip
| Device       : xc7a35tcpg236-1
---------------------------------------------------------------------------------------------------------------------------------------------

Upgrade Log for IP 'soc_completeClock_myip_stopwatch_0_0'

1. Summary
----------

SUCCESS in the upgrade of soc_completeClock_myip_stopwatch_0_0 (user.org:user:myip_stopwatch:1.0) from (Rev. 54) to (Rev. 55)






Copyright 1986-2022 Xilinx, Inc. All Rights Reserved. Copyright 2022-2024 Advanced Micro Devices, Inc. All Rights Reserved.
---------------------------------------------------------------------------------------------------------------------------------------------
| Tool Version : Vivado v.2024.2 (lin64) Build 5239630 Fri Nov 08 22:34:34 MST 2024
| Date         : Sat Mar  7 17:35:14 2026
| Host         : user14-B80KV-AP35BKE running 64-bit Ubuntu 24.04.4 LTS
| Command      : upgrade_ip
| Device       : xc7a35tcpg236-1
---------------------------------------------------------------------------------------------------------------------------------------------

Upgrade Log for IP 'soc_watch_myip_stopwatch_0_0'

1. Summary
----------

SUCCESS in the upgrade of soc_watch_myip_stopwatch_0_0 (user.org:user:myip_stopwatch:1.0) from (Rev. 53) to (Rev. 54)






Copyright 1986-2022 Xilinx, Inc. All Rights Reserved. Copyright 2022-2024 Advanced Micro Devices, Inc. All Rights Reserved.
---------------------------------------------------------------------------------------------------------------------------------------------
| Tool Version : Vivado v.2024.2 (lin64) Build 5239630 Fri Nov 08 22:34:34 MST 2024
| Date         : Sat Mar  7 17:35:11 2026
| Host         : user14-B80KV-AP35BKE running 64-bit Ubuntu 24.04.4 LTS
| Command      : upgrade_ip
| Device       : xc7a35tcpg236-1
---------------------------------------------------------------------------------------------------------------------------------------------

Upgrade Log for IP 'soc_watchRev2_myip_stopwatch_0_0'

1. Summary
----------

SUCCESS in the upgrade of soc_watchRev2_myip_stopwatch_0_0 (user.org:user:myip_stopwatch:1.0) from (Rev. 53) to (Rev. 54)






Copyright 1986-2022 Xilinx, Inc. All Rights Reserved. Copyright 2022-2024 Advanced Micro Devices, Inc. All Rights Reserved.
---------------------------------------------------------------------------------------------------------------------------------------------
| Tool Version : Vivado v.2024.2 (lin64) Build 5239630 Fri Nov 08 22:34:34 MST 2024
| Date         : Sat Mar  7 17:35:09 2026
| Host         : user14-B80KV-AP35BKE running 64-bit Ubuntu 24.04.4 LTS
| Command      : upgrade_ip
| Device       : xc7a35tcpg236-1
---------------------------------------------------------------------------------------------------------------------------------------------

Upgrade Log for IP 'soc_completeClock_myip_stopwatch_0_0'

1. Summary
----------

SUCCESS in the upgrade of soc_completeClock_myip_stopwatch_0_0 (user.org:user:myip_stopwatch:1.0) from (Rev. 53) to (Rev. 54)






Copyright 1986-2022 Xilinx, Inc. All Rights Reserved. Copyright 2022-2024 Advanced Micro Devices, Inc. All Rights Reserved.
---------------------------------------------------------------------------------------------------------------------------------------------
| Tool Version : Vivado v.2024.2 (lin64) Build 5239630 Fri Nov 08 22:34:34 MST 2024
| Date         : Sat Mar  7 17:10:38 2026
| Host         : user14-B80KV-AP35BKE running 64-bit Ubuntu 24.04.4 LTS
| Command      : upgrade_ip
| Device       : xc7a35tcpg236-1
---------------------------------------------------------------------------------------------------------------------------------------------

Upgrade Log for IP 'soc_watch_myip_stopwatch_0_0'

1. Summary
----------

SUCCESS in the upgrade of soc_watch_myip_stopwatch_0_0 (user.org:user:myip_stopwatch:1.0) from (Rev. 52) to (Rev. 53)






Copyright 1986-2022 Xilinx, Inc. All Rights Reserved. Copyright 2022-2024 Advanced Micro Devices, Inc. All Rights Reserved.
---------------------------------------------------------------------------------------------------------------------------------------------
| Tool Version : Vivado v.2024.2 (lin64) Build 5239630 Fri Nov 08 22:34:34 MST 2024
| Date         : Sat Mar  7 17:10:36 2026
| Host         : user14-B80KV-AP35BKE running 64-bit Ubuntu 24.04.4 LTS
| Command      : upgrade_ip
| Device       : xc7a35tcpg236-1
---------------------------------------------------------------------------------------------------------------------------------------------

Upgrade Log for IP 'soc_watchRev2_myip_stopwatch_0_0'

1. Summary
----------

SUCCESS in the upgrade of soc_watchRev2_myip_stopwatch_0_0 (user.org:user:myip_stopwatch:1.0) from (Rev. 52) to (Rev. 53)






Copyright 1986-2022 Xilinx, Inc. All Rights Reserved. Copyright 2022-2024 Advanced Micro Devices, Inc. All Rights Reserved.
---------------------------------------------------------------------------------------------------------------------------------------------
| Tool Version : Vivado v.2024.2 (lin64) Build 5239630 Fri Nov 08 22:34:34 MST 2024
| Date         : Sat Mar  7 17:10:33 2026
| Host         : user14-B80KV-AP35BKE running 64-bit Ubuntu 24.04.4 LTS
| Command      : upgrade_ip
| Device       : xc7a35tcpg236-1
---------------------------------------------------------------------------------------------------------------------------------------------

Upgrade Log for IP 'soc_completeClock_myip_stopwatch_0_0'

1. Summary
----------

SUCCESS in the upgrade of soc_completeClock_myip_stopwatch_0_0 (user.org:user:myip_stopwatch:1.0) from (Rev. 52) to (Rev. 53)






Copyright 1986-2022 Xilinx, Inc. All Rights Reserved. Copyright 2022-2024 Advanced Micro Devices, Inc. All Rights Reserved.
---------------------------------------------------------------------------------------------------------------------------------------------
| Tool Version : Vivado v.2024.2 (lin64) Build 5239630 Fri Nov 08 22:34:34 MST 2024
| Date         : Sat Mar  7 16:46:56 2026
| Host         : user14-B80KV-AP35BKE running 64-bit Ubuntu 24.04.4 LTS
| Command      : upgrade_ip
| Device       : xc7a35tcpg236-1
---------------------------------------------------------------------------------------------------------------------------------------------

Upgrade Log for IP 'soc_watch_myip_stopwatch_0_0'

1. Summary
----------

SUCCESS in the upgrade of soc_watch_myip_stopwatch_0_0 (user.org:user:myip_stopwatch:1.0) from (Rev. 51) to (Rev. 52)






Copyright 1986-2022 Xilinx, Inc. All Rights Reserved. Copyright 2022-2024 Advanced Micro Devices, Inc. All Rights Reserved.
---------------------------------------------------------------------------------------------------------------------------------------------
| Tool Version : Vivado v.2024.2 (lin64) Build 5239630 Fri Nov 08 22:34:34 MST 2024
| Date         : Sat Mar  7 16:46:54 2026
| Host         : user14-B80KV-AP35BKE running 64-bit Ubuntu 24.04.4 LTS
| Command      : upgrade_ip
| Device       : xc7a35tcpg236-1
---------------------------------------------------------------------------------------------------------------------------------------------

Upgrade Log for IP 'soc_watchRev2_myip_stopwatch_0_0'

1. Summary
----------

SUCCESS in the upgrade of soc_watchRev2_myip_stopwatch_0_0 (user.org:user:myip_stopwatch:1.0) from (Rev. 51) to (Rev. 52)






Copyright 1986-2022 Xilinx, Inc. All Rights Reserved. Copyright 2022-2024 Advanced Micro Devices, Inc. All Rights Reserved.
---------------------------------------------------------------------------------------------------------------------------------------------
| Tool Version : Vivado v.2024.2 (lin64) Build 5239630 Fri Nov 08 22:34:34 MST 2024
| Date         : Sat Mar  7 16:46:52 2026
| Host         : user14-B80KV-AP35BKE running 64-bit Ubuntu 24.04.4 LTS
| Command      : upgrade_ip
| Device       : xc7a35tcpg236-1
---------------------------------------------------------------------------------------------------------------------------------------------

Upgrade Log for IP 'soc_completeClock_myip_stopwatch_0_0'

1. Summary
----------

SUCCESS in the upgrade of soc_completeClock_myip_stopwatch_0_0 (user.org:user:myip_stopwatch:1.0) from (Rev. 51) to (Rev. 52)






Copyright 1986-2022 Xilinx, Inc. All Rights Reserved. Copyright 2022-2024 Advanced Micro Devices, Inc. All Rights Reserved.
---------------------------------------------------------------------------------------------------------------------------------------------
| Tool Version : Vivado v.2024.2 (lin64) Build 5239630 Fri Nov 08 22:34:34 MST 2024
| Date         : Sat Mar  7 16:20:41 2026
| Host         : user14-B80KV-AP35BKE running 64-bit Ubuntu 24.04.4 LTS
| Command      : upgrade_ip
| Device       : xc7a35tcpg236-1
---------------------------------------------------------------------------------------------------------------------------------------------

Upgrade Log for IP 'soc_watch_myip_stopwatch_0_0'

1. Summary
----------

SUCCESS in the upgrade of soc_watch_myip_stopwatch_0_0 (user.org:user:myip_stopwatch:1.0) from (Rev. 49) to (Rev. 51)






Copyright 1986-2022 Xilinx, Inc. All Rights Reserved. Copyright 2022-2024 Advanced Micro Devices, Inc. All Rights Reserved.
---------------------------------------------------------------------------------------------------------------------------------------------
| Tool Version : Vivado v.2024.2 (lin64) Build 5239630 Fri Nov 08 22:34:34 MST 2024
| Date         : Sat Mar  7 16:20:38 2026
| Host         : user14-B80KV-AP35BKE running 64-bit Ubuntu 24.04.4 LTS
| Command      : upgrade_ip
| Device       : xc7a35tcpg236-1
---------------------------------------------------------------------------------------------------------------------------------------------

Upgrade Log for IP 'soc_watchRev2_myip_stopwatch_0_0'

1. Summary
----------

SUCCESS in the upgrade of soc_watchRev2_myip_stopwatch_0_0 (user.org:user:myip_stopwatch:1.0) from (Rev. 49) to (Rev. 51)






Copyright 1986-2022 Xilinx, Inc. All Rights Reserved. Copyright 2022-2024 Advanced Micro Devices, Inc. All Rights Reserved.
---------------------------------------------------------------------------------------------------------------------------------------------
| Tool Version : Vivado v.2024.2 (lin64) Build 5239630 Fri Nov 08 22:34:34 MST 2024
| Date         : Sat Mar  7 16:20:35 2026
| Host         : user14-B80KV-AP35BKE running 64-bit Ubuntu 24.04.4 LTS
| Command      : upgrade_ip
| Device       : xc7a35tcpg236-1
---------------------------------------------------------------------------------------------------------------------------------------------

Upgrade Log for IP 'soc_completeClock_myip_stopwatch_0_0'

1. Summary
----------

SUCCESS in the upgrade of soc_completeClock_myip_stopwatch_0_0 (user.org:user:myip_stopwatch:1.0) from (Rev. 49) to (Rev. 51)






Copyright 1986-2022 Xilinx, Inc. All Rights Reserved. Copyright 2022-2024 Advanced Micro Devices, Inc. All Rights Reserved.
---------------------------------------------------------------------------------------------------------------------------------------------
| Tool Version : Vivado v.2024.2 (lin64) Build 5239630 Fri Nov 08 22:34:34 MST 2024
| Date         : Sat Mar  7 15:45:07 2026
| Host         : user14-B80KV-AP35BKE running 64-bit Ubuntu 24.04.4 LTS
| Command      : upgrade_ip
| Device       : xc7a35tcpg236-1
---------------------------------------------------------------------------------------------------------------------------------------------

Upgrade Log for IP 'soc_watch_myip_stopwatch_0_0'

1. Summary
----------

SUCCESS in the upgrade of soc_watch_myip_stopwatch_0_0 (user.org:user:myip_stopwatch:1.0) from (Rev. 47) to (Rev. 49)






Copyright 1986-2022 Xilinx, Inc. All Rights Reserved. Copyright 2022-2024 Advanced Micro Devices, Inc. All Rights Reserved.
---------------------------------------------------------------------------------------------------------------------------------------------
| Tool Version : Vivado v.2024.2 (lin64) Build 5239630 Fri Nov 08 22:34:34 MST 2024
| Date         : Sat Mar  7 15:45:04 2026
| Host         : user14-B80KV-AP35BKE running 64-bit Ubuntu 24.04.4 LTS
| Command      : upgrade_ip
| Device       : xc7a35tcpg236-1
---------------------------------------------------------------------------------------------------------------------------------------------

Upgrade Log for IP 'soc_watchRev2_myip_stopwatch_0_0'

1. Summary
----------

SUCCESS in the upgrade of soc_watchRev2_myip_stopwatch_0_0 (user.org:user:myip_stopwatch:1.0) from (Rev. 47) to (Rev. 49)






Copyright 1986-2022 Xilinx, Inc. All Rights Reserved. Copyright 2022-2024 Advanced Micro Devices, Inc. All Rights Reserved.
---------------------------------------------------------------------------------------------------------------------------------------------
| Tool Version : Vivado v.2024.2 (lin64) Build 5239630 Fri Nov 08 22:34:34 MST 2024
| Date         : Sat Mar  7 15:45:02 2026
| Host         : user14-B80KV-AP35BKE running 64-bit Ubuntu 24.04.4 LTS
| Command      : upgrade_ip
| Device       : xc7a35tcpg236-1
---------------------------------------------------------------------------------------------------------------------------------------------

Upgrade Log for IP 'soc_completeClock_myip_stopwatch_0_0'

1. Summary
----------

SUCCESS in the upgrade of soc_completeClock_myip_stopwatch_0_0 (user.org:user:myip_stopwatch:1.0) from (Rev. 47) to (Rev. 49)






Copyright 1986-2022 Xilinx, Inc. All Rights Reserved. Copyright 2022-2024 Advanced Micro Devices, Inc. All Rights Reserved.
---------------------------------------------------------------------------------------------------------------------------------------------
| Tool Version : Vivado v.2024.2 (lin64) Build 5239630 Fri Nov 08 22:34:34 MST 2024
| Date         : Sat Mar  7 14:52:12 2026
| Host         : user14-B80KV-AP35BKE running 64-bit Ubuntu 24.04.4 LTS
| Command      : upgrade_ip
| Device       : xc7a35tcpg236-1
---------------------------------------------------------------------------------------------------------------------------------------------

Upgrade Log for IP 'soc_watch_myip_stopwatch_0_0'

1. Summary
----------

SUCCESS in the upgrade of soc_watch_myip_stopwatch_0_0 (user.org:user:myip_stopwatch:1.0) from (Rev. 46) to (Rev. 47)






Copyright 1986-2022 Xilinx, Inc. All Rights Reserved. Copyright 2022-2024 Advanced Micro Devices, Inc. All Rights Reserved.
---------------------------------------------------------------------------------------------------------------------------------------------
| Tool Version : Vivado v.2024.2 (lin64) Build 5239630 Fri Nov 08 22:34:34 MST 2024
| Date         : Sat Mar  7 14:52:09 2026
| Host         : user14-B80KV-AP35BKE running 64-bit Ubuntu 24.04.4 LTS
| Command      : upgrade_ip
| Device       : xc7a35tcpg236-1
---------------------------------------------------------------------------------------------------------------------------------------------

Upgrade Log for IP 'soc_watchRev2_myip_stopwatch_0_0'

1. Summary
----------

SUCCESS in the upgrade of soc_watchRev2_myip_stopwatch_0_0 (user.org:user:myip_stopwatch:1.0) from (Rev. 46) to (Rev. 47)






Copyright 1986-2022 Xilinx, Inc. All Rights Reserved. Copyright 2022-2024 Advanced Micro Devices, Inc. All Rights Reserved.
---------------------------------------------------------------------------------------------------------------------------------------------
| Tool Version : Vivado v.2024.2 (lin64) Build 5239630 Fri Nov 08 22:34:34 MST 2024
| Date         : Sat Mar  7 14:52:07 2026
| Host         : user14-B80KV-AP35BKE running 64-bit Ubuntu 24.04.4 LTS
| Command      : upgrade_ip
| Device       : xc7a35tcpg236-1
---------------------------------------------------------------------------------------------------------------------------------------------

Upgrade Log for IP 'soc_completeClock_myip_stopwatch_0_0'

1. Summary
----------

SUCCESS in the upgrade of soc_completeClock_myip_stopwatch_0_0 (user.org:user:myip_stopwatch:1.0) from (Rev. 46) to (Rev. 47)






Copyright 1986-2022 Xilinx, Inc. All Rights Reserved. Copyright 2022-2024 Advanced Micro Devices, Inc. All Rights Reserved.
---------------------------------------------------------------------------------------------------------------------------------------------
| Tool Version : Vivado v.2024.2 (lin64) Build 5239630 Fri Nov 08 22:34:34 MST 2024
| Date         : Mon Feb  2 15:35:54 2026
| Host         : user14-B80KV-AP35BKE running 64-bit Ubuntu 24.04.3 LTS
| Command      : upgrade_ip
| Device       : xc7a35tcpg236-1
---------------------------------------------------------------------------------------------------------------------------------------------

Upgrade Log for IP 'soc_watch_myip_stopwatch_0_0'

1. Summary
----------

SUCCESS in the upgrade of soc_watch_myip_stopwatch_0_0 (user.org:user:myip_stopwatch:1.0) from (Rev. 45) to (Rev. 46)






Copyright 1986-2022 Xilinx, Inc. All Rights Reserved. Copyright 2022-2024 Advanced Micro Devices, Inc. All Rights Reserved.
---------------------------------------------------------------------------------------------------------------------------------------------
| Tool Version : Vivado v.2024.2 (lin64) Build 5239630 Fri Nov 08 22:34:34 MST 2024
| Date         : Mon Feb  2 15:35:52 2026
| Host         : user14-B80KV-AP35BKE running 64-bit Ubuntu 24.04.3 LTS
| Command      : upgrade_ip
| Device       : xc7a35tcpg236-1
---------------------------------------------------------------------------------------------------------------------------------------------

Upgrade Log for IP 'soc_watchRev2_myip_stopwatch_0_0'

1. Summary
----------

SUCCESS in the upgrade of soc_watchRev2_myip_stopwatch_0_0 (user.org:user:myip_stopwatch:1.0) from (Rev. 45) to (Rev. 46)






Copyright 1986-2022 Xilinx, Inc. All Rights Reserved. Copyright 2022-2024 Advanced Micro Devices, Inc. All Rights Reserved.
---------------------------------------------------------------------------------------------------------------------------------------------
| Tool Version : Vivado v.2024.2 (lin64) Build 5239630 Fri Nov 08 22:34:34 MST 2024
| Date         : Mon Feb  2 15:35:49 2026
| Host         : user14-B80KV-AP35BKE running 64-bit Ubuntu 24.04.3 LTS
| Command      : upgrade_ip
| Device       : xc7a35tcpg236-1
---------------------------------------------------------------------------------------------------------------------------------------------

Upgrade Log for IP 'soc_completeClock_myip_stopwatch_0_0'

1. Summary
----------

SUCCESS in the upgrade of soc_completeClock_myip_stopwatch_0_0 (user.org:user:myip_stopwatch:1.0) from (Rev. 45) to (Rev. 46)






Copyright 1986-2022 Xilinx, Inc. All Rights Reserved. Copyright 2022-2024 Advanced Micro Devices, Inc. All Rights Reserved.
---------------------------------------------------------------------------------------------------------------------------------------------
| Tool Version : Vivado v.2024.2 (lin64) Build 5239630 Fri Nov 08 22:34:34 MST 2024
| Date         : Mon Feb  2 14:46:41 2026
| Host         : user14-B80KV-AP35BKE running 64-bit Ubuntu 24.04.3 LTS
| Command      : upgrade_ip
| Device       : xc7a35tcpg236-1
---------------------------------------------------------------------------------------------------------------------------------------------

Upgrade Log for IP 'soc_watch_myip_stopwatch_0_0'

1. Summary
----------

SUCCESS in the upgrade of soc_watch_myip_stopwatch_0_0 (user.org:user:myip_stopwatch:1.0) from (Rev. 44) to (Rev. 45)






Copyright 1986-2022 Xilinx, Inc. All Rights Reserved. Copyright 2022-2024 Advanced Micro Devices, Inc. All Rights Reserved.
---------------------------------------------------------------------------------------------------------------------------------------------
| Tool Version : Vivado v.2024.2 (lin64) Build 5239630 Fri Nov 08 22:34:34 MST 2024
| Date         : Mon Feb  2 14:46:39 2026
| Host         : user14-B80KV-AP35BKE running 64-bit Ubuntu 24.04.3 LTS
| Command      : upgrade_ip
| Device       : xc7a35tcpg236-1
---------------------------------------------------------------------------------------------------------------------------------------------

Upgrade Log for IP 'soc_watchRev2_myip_stopwatch_0_0'

1. Summary
----------

SUCCESS in the upgrade of soc_watchRev2_myip_stopwatch_0_0 (user.org:user:myip_stopwatch:1.0) from (Rev. 44) to (Rev. 45)






Copyright 1986-2022 Xilinx, Inc. All Rights Reserved. Copyright 2022-2024 Advanced Micro Devices, Inc. All Rights Reserved.
---------------------------------------------------------------------------------------------------------------------------------------------
| Tool Version : Vivado v.2024.2 (lin64) Build 5239630 Fri Nov 08 22:34:34 MST 2024
| Date         : Mon Feb  2 14:46:36 2026
| Host         : user14-B80KV-AP35BKE running 64-bit Ubuntu 24.04.3 LTS
| Command      : upgrade_ip
| Device       : xc7a35tcpg236-1
---------------------------------------------------------------------------------------------------------------------------------------------

Upgrade Log for IP 'soc_completeClock_myip_stopwatch_0_0'

1. Summary
----------

SUCCESS in the upgrade of soc_completeClock_myip_stopwatch_0_0 (user.org:user:myip_stopwatch:1.0) from (Rev. 44) to (Rev. 45)






Copyright 1986-2022 Xilinx, Inc. All Rights Reserved. Copyright 2022-2024 Advanced Micro Devices, Inc. All Rights Reserved.
---------------------------------------------------------------------------------------------------------------------------------------------
| Tool Version : Vivado v.2024.2 (lin64) Build 5239630 Fri Nov 08 22:34:34 MST 2024
| Date         : Sun Feb  1 14:47:41 2026
| Host         : user14-B80KV-AP35BKE running 64-bit Ubuntu 24.04.3 LTS
| Command      : upgrade_ip
| Device       : xc7a35tcpg236-1
---------------------------------------------------------------------------------------------------------------------------------------------

Upgrade Log for IP 'soc_watch_myip_stopwatch_0_0'

1. Summary
----------

SUCCESS in the upgrade of soc_watch_myip_stopwatch_0_0 (user.org:user:myip_stopwatch:1.0) from (Rev. 43) to (Rev. 44)






Copyright 1986-2022 Xilinx, Inc. All Rights Reserved. Copyright 2022-2024 Advanced Micro Devices, Inc. All Rights Reserved.
---------------------------------------------------------------------------------------------------------------------------------------------
| Tool Version : Vivado v.2024.2 (lin64) Build 5239630 Fri Nov 08 22:34:34 MST 2024
| Date         : Sun Feb  1 14:47:39 2026
| Host         : user14-B80KV-AP35BKE running 64-bit Ubuntu 24.04.3 LTS
| Command      : upgrade_ip
| Device       : xc7a35tcpg236-1
---------------------------------------------------------------------------------------------------------------------------------------------

Upgrade Log for IP 'soc_watchRev2_myip_stopwatch_0_0'

1. Summary
----------

SUCCESS in the upgrade of soc_watchRev2_myip_stopwatch_0_0 (user.org:user:myip_stopwatch:1.0) from (Rev. 43) to (Rev. 44)






Copyright 1986-2022 Xilinx, Inc. All Rights Reserved. Copyright 2022-2024 Advanced Micro Devices, Inc. All Rights Reserved.
---------------------------------------------------------------------------------------------------------------------------------------------
| Tool Version : Vivado v.2024.2 (lin64) Build 5239630 Fri Nov 08 22:34:34 MST 2024
| Date         : Sun Feb  1 14:47:38 2026
| Host         : user14-B80KV-AP35BKE running 64-bit Ubuntu 24.04.3 LTS
| Command      : upgrade_ip
| Device       : xc7a35tcpg236-1
---------------------------------------------------------------------------------------------------------------------------------------------

Upgrade Log for IP 'soc_completeClock_myip_stopwatch_0_0'

1. Summary
----------

SUCCESS in the upgrade of soc_completeClock_myip_stopwatch_0_0 (user.org:user:myip_stopwatch:1.0) from (Rev. 43) to (Rev. 44)






Copyright 1986-2022 Xilinx, Inc. All Rights Reserved. Copyright 2022-2024 Advanced Micro Devices, Inc. All Rights Reserved.
---------------------------------------------------------------------------------------------------------------------------------------------
| Tool Version : Vivado v.2024.2 (lin64) Build 5239630 Fri Nov 08 22:34:34 MST 2024
| Date         : Sun Feb  1 14:28:15 2026
| Host         : user14-B80KV-AP35BKE running 64-bit Ubuntu 24.04.3 LTS
| Command      : upgrade_ip
| Device       : xc7a35tcpg236-1
---------------------------------------------------------------------------------------------------------------------------------------------

Upgrade Log for IP 'soc_watch_myip_stopwatch_0_0'

1. Summary
----------

SUCCESS in the upgrade of soc_watch_myip_stopwatch_0_0 (user.org:user:myip_stopwatch:1.0) from (Rev. 42) to (Rev. 43)






Copyright 1986-2022 Xilinx, Inc. All Rights Reserved. Copyright 2022-2024 Advanced Micro Devices, Inc. All Rights Reserved.
---------------------------------------------------------------------------------------------------------------------------------------------
| Tool Version : Vivado v.2024.2 (lin64) Build 5239630 Fri Nov 08 22:34:34 MST 2024
| Date         : Sun Feb  1 14:28:13 2026
| Host         : user14-B80KV-AP35BKE running 64-bit Ubuntu 24.04.3 LTS
| Command      : upgrade_ip
| Device       : xc7a35tcpg236-1
---------------------------------------------------------------------------------------------------------------------------------------------

Upgrade Log for IP 'soc_watchRev2_myip_stopwatch_0_0'

1. Summary
----------

SUCCESS in the upgrade of soc_watchRev2_myip_stopwatch_0_0 (user.org:user:myip_stopwatch:1.0) from (Rev. 42) to (Rev. 43)






Copyright 1986-2022 Xilinx, Inc. All Rights Reserved. Copyright 2022-2024 Advanced Micro Devices, Inc. All Rights Reserved.
---------------------------------------------------------------------------------------------------------------------------------------------
| Tool Version : Vivado v.2024.2 (lin64) Build 5239630 Fri Nov 08 22:34:34 MST 2024
| Date         : Sun Feb  1 14:28:11 2026
| Host         : user14-B80KV-AP35BKE running 64-bit Ubuntu 24.04.3 LTS
| Command      : upgrade_ip
| Device       : xc7a35tcpg236-1
---------------------------------------------------------------------------------------------------------------------------------------------

Upgrade Log for IP 'soc_completeClock_myip_stopwatch_0_0'

1. Summary
----------

SUCCESS in the upgrade of soc_completeClock_myip_stopwatch_0_0 (user.org:user:myip_stopwatch:1.0) from (Rev. 42) to (Rev. 43)






Copyright 1986-2022 Xilinx, Inc. All Rights Reserved. Copyright 2022-2024 Advanced Micro Devices, Inc. All Rights Reserved.
---------------------------------------------------------------------------------------------------------------------------------------------
| Tool Version : Vivado v.2024.2 (lin64) Build 5239630 Fri Nov 08 22:34:34 MST 2024
| Date         : Sun Feb  1 14:03:26 2026
| Host         : user14-B80KV-AP35BKE running 64-bit Ubuntu 24.04.3 LTS
| Command      : upgrade_ip
| Device       : xc7a35tcpg236-1
---------------------------------------------------------------------------------------------------------------------------------------------

Upgrade Log for IP 'soc_watch_myip_stopwatch_0_0'

1. Summary
----------

SUCCESS in the upgrade of soc_watch_myip_stopwatch_0_0 (user.org:user:myip_stopwatch:1.0) from (Rev. 41) to (Rev. 42)






Copyright 1986-2022 Xilinx, Inc. All Rights Reserved. Copyright 2022-2024 Advanced Micro Devices, Inc. All Rights Reserved.
---------------------------------------------------------------------------------------------------------------------------------------------
| Tool Version : Vivado v.2024.2 (lin64) Build 5239630 Fri Nov 08 22:34:34 MST 2024
| Date         : Sun Feb  1 14:03:24 2026
| Host         : user14-B80KV-AP35BKE running 64-bit Ubuntu 24.04.3 LTS
| Command      : upgrade_ip
| Device       : xc7a35tcpg236-1
---------------------------------------------------------------------------------------------------------------------------------------------

Upgrade Log for IP 'soc_watchRev2_myip_stopwatch_0_0'

1. Summary
----------

SUCCESS in the upgrade of soc_watchRev2_myip_stopwatch_0_0 (user.org:user:myip_stopwatch:1.0) from (Rev. 41) to (Rev. 42)






Copyright 1986-2022 Xilinx, Inc. All Rights Reserved. Copyright 2022-2024 Advanced Micro Devices, Inc. All Rights Reserved.
---------------------------------------------------------------------------------------------------------------------------------------------
| Tool Version : Vivado v.2024.2 (lin64) Build 5239630 Fri Nov 08 22:34:34 MST 2024
| Date         : Sun Feb  1 14:03:22 2026
| Host         : user14-B80KV-AP35BKE running 64-bit Ubuntu 24.04.3 LTS
| Command      : upgrade_ip
| Device       : xc7a35tcpg236-1
---------------------------------------------------------------------------------------------------------------------------------------------

Upgrade Log for IP 'soc_completeClock_myip_stopwatch_0_0'

1. Summary
----------

SUCCESS in the upgrade of soc_completeClock_myip_stopwatch_0_0 (user.org:user:myip_stopwatch:1.0) from (Rev. 41) to (Rev. 42)






Copyright 1986-2022 Xilinx, Inc. All Rights Reserved. Copyright 2022-2024 Advanced Micro Devices, Inc. All Rights Reserved.
---------------------------------------------------------------------------------------------------------------------------------------------
| Tool Version : Vivado v.2024.2 (lin64) Build 5239630 Fri Nov 08 22:34:34 MST 2024
| Date         : Sun Feb  1 13:20:56 2026
| Host         : user14-B80KV-AP35BKE running 64-bit Ubuntu 24.04.3 LTS
| Command      : upgrade_ip
| Device       : xc7a35tcpg236-1
---------------------------------------------------------------------------------------------------------------------------------------------

Upgrade Log for IP 'soc_watch_myip_stopwatch_0_0'

1. Summary
----------

SUCCESS in the upgrade of soc_watch_myip_stopwatch_0_0 (user.org:user:myip_stopwatch:1.0) from (Rev. 40) to (Rev. 41)






Copyright 1986-2022 Xilinx, Inc. All Rights Reserved. Copyright 2022-2024 Advanced Micro Devices, Inc. All Rights Reserved.
---------------------------------------------------------------------------------------------------------------------------------------------
| Tool Version : Vivado v.2024.2 (lin64) Build 5239630 Fri Nov 08 22:34:34 MST 2024
| Date         : Sun Feb  1 13:20:54 2026
| Host         : user14-B80KV-AP35BKE running 64-bit Ubuntu 24.04.3 LTS
| Command      : upgrade_ip
| Device       : xc7a35tcpg236-1
---------------------------------------------------------------------------------------------------------------------------------------------

Upgrade Log for IP 'soc_watchRev2_myip_stopwatch_0_0'

1. Summary
----------

SUCCESS in the upgrade of soc_watchRev2_myip_stopwatch_0_0 (user.org:user:myip_stopwatch:1.0) from (Rev. 40) to (Rev. 41)






Copyright 1986-2022 Xilinx, Inc. All Rights Reserved. Copyright 2022-2024 Advanced Micro Devices, Inc. All Rights Reserved.
---------------------------------------------------------------------------------------------------------------------------------------------
| Tool Version : Vivado v.2024.2 (lin64) Build 5239630 Fri Nov 08 22:34:34 MST 2024
| Date         : Sun Feb  1 13:20:52 2026
| Host         : user14-B80KV-AP35BKE running 64-bit Ubuntu 24.04.3 LTS
| Command      : upgrade_ip
| Device       : xc7a35tcpg236-1
---------------------------------------------------------------------------------------------------------------------------------------------

Upgrade Log for IP 'soc_completeClock_myip_stopwatch_0_0'

1. Summary
----------

SUCCESS in the upgrade of soc_completeClock_myip_stopwatch_0_0 (user.org:user:myip_stopwatch:1.0) from (Rev. 40) to (Rev. 41)






Copyright 1986-2022 Xilinx, Inc. All Rights Reserved. Copyright 2022-2024 Advanced Micro Devices, Inc. All Rights Reserved.
---------------------------------------------------------------------------------------------------------------------------------------------
| Tool Version : Vivado v.2024.2 (lin64) Build 5239630 Fri Nov 08 22:34:34 MST 2024
| Date         : Sun Feb  1 13:08:31 2026
| Host         : user14-B80KV-AP35BKE running 64-bit Ubuntu 24.04.3 LTS
| Command      : upgrade_ip
| Device       : xc7a35tcpg236-1
---------------------------------------------------------------------------------------------------------------------------------------------

Upgrade Log for IP 'soc_watch_myip_stopwatch_0_0'

1. Summary
----------

SUCCESS in the upgrade of soc_watch_myip_stopwatch_0_0 (user.org:user:myip_stopwatch:1.0) from (Rev. 39) to (Rev. 40)






Copyright 1986-2022 Xilinx, Inc. All Rights Reserved. Copyright 2022-2024 Advanced Micro Devices, Inc. All Rights Reserved.
---------------------------------------------------------------------------------------------------------------------------------------------
| Tool Version : Vivado v.2024.2 (lin64) Build 5239630 Fri Nov 08 22:34:34 MST 2024
| Date         : Sun Feb  1 13:08:29 2026
| Host         : user14-B80KV-AP35BKE running 64-bit Ubuntu 24.04.3 LTS
| Command      : upgrade_ip
| Device       : xc7a35tcpg236-1
---------------------------------------------------------------------------------------------------------------------------------------------

Upgrade Log for IP 'soc_watchRev2_myip_stopwatch_0_0'

1. Summary
----------

SUCCESS in the upgrade of soc_watchRev2_myip_stopwatch_0_0 (user.org:user:myip_stopwatch:1.0) from (Rev. 39) to (Rev. 40)






Copyright 1986-2022 Xilinx, Inc. All Rights Reserved. Copyright 2022-2024 Advanced Micro Devices, Inc. All Rights Reserved.
---------------------------------------------------------------------------------------------------------------------------------------------
| Tool Version : Vivado v.2024.2 (lin64) Build 5239630 Fri Nov 08 22:34:34 MST 2024
| Date         : Sun Feb  1 13:08:27 2026
| Host         : user14-B80KV-AP35BKE running 64-bit Ubuntu 24.04.3 LTS
| Command      : upgrade_ip
| Device       : xc7a35tcpg236-1
---------------------------------------------------------------------------------------------------------------------------------------------

Upgrade Log for IP 'soc_completeClock_myip_stopwatch_0_0'

1. Summary
----------

SUCCESS in the upgrade of soc_completeClock_myip_stopwatch_0_0 (user.org:user:myip_stopwatch:1.0) from (Rev. 39) to (Rev. 40)






Copyright 1986-2022 Xilinx, Inc. All Rights Reserved. Copyright 2022-2024 Advanced Micro Devices, Inc. All Rights Reserved.
---------------------------------------------------------------------------------------------------------------------------------------------
| Tool Version : Vivado v.2024.2 (lin64) Build 5239630 Fri Nov 08 22:34:34 MST 2024
| Date         : Sun Feb  1 11:58:39 2026
| Host         : user14-B80KV-AP35BKE running 64-bit Ubuntu 24.04.3 LTS
| Command      : upgrade_ip
| Device       : xc7a35tcpg236-1
---------------------------------------------------------------------------------------------------------------------------------------------

Upgrade Log for IP 'soc_watch_myip_stopwatch_0_0'

1. Summary
----------

SUCCESS in the upgrade of soc_watch_myip_stopwatch_0_0 (user.org:user:myip_stopwatch:1.0) from (Rev. 38) to (Rev. 39)






Copyright 1986-2022 Xilinx, Inc. All Rights Reserved. Copyright 2022-2024 Advanced Micro Devices, Inc. All Rights Reserved.
---------------------------------------------------------------------------------------------------------------------------------------------
| Tool Version : Vivado v.2024.2 (lin64) Build 5239630 Fri Nov 08 22:34:34 MST 2024
| Date         : Sun Feb  1 11:58:36 2026
| Host         : user14-B80KV-AP35BKE running 64-bit Ubuntu 24.04.3 LTS
| Command      : upgrade_ip
| Device       : xc7a35tcpg236-1
---------------------------------------------------------------------------------------------------------------------------------------------

Upgrade Log for IP 'soc_watchRev2_myip_stopwatch_0_0'

1. Summary
----------

SUCCESS in the upgrade of soc_watchRev2_myip_stopwatch_0_0 (user.org:user:myip_stopwatch:1.0) from (Rev. 38) to (Rev. 39)






Copyright 1986-2022 Xilinx, Inc. All Rights Reserved. Copyright 2022-2024 Advanced Micro Devices, Inc. All Rights Reserved.
---------------------------------------------------------------------------------------------------------------------------------------------
| Tool Version : Vivado v.2024.2 (lin64) Build 5239630 Fri Nov 08 22:34:34 MST 2024
| Date         : Sun Feb  1 11:58:34 2026
| Host         : user14-B80KV-AP35BKE running 64-bit Ubuntu 24.04.3 LTS
| Command      : upgrade_ip
| Device       : xc7a35tcpg236-1
---------------------------------------------------------------------------------------------------------------------------------------------

Upgrade Log for IP 'soc_completeClock_myip_stopwatch_0_0'

1. Summary
----------

SUCCESS in the upgrade of soc_completeClock_myip_stopwatch_0_0 (user.org:user:myip_stopwatch:1.0) from (Rev. 38) to (Rev. 39)






Copyright 1986-2022 Xilinx, Inc. All Rights Reserved. Copyright 2022-2024 Advanced Micro Devices, Inc. All Rights Reserved.
---------------------------------------------------------------------------------------------------------------------------------------------
| Tool Version : Vivado v.2024.2 (lin64) Build 5239630 Fri Nov 08 22:34:34 MST 2024
| Date         : Sun Feb  1 11:37:04 2026
| Host         : user14-B80KV-AP35BKE running 64-bit Ubuntu 24.04.3 LTS
| Command      : upgrade_ip
| Device       : xc7a35tcpg236-1
---------------------------------------------------------------------------------------------------------------------------------------------

Upgrade Log for IP 'soc_watch_myip_stopwatch_0_0'

1. Summary
----------

SUCCESS in the upgrade of soc_watch_myip_stopwatch_0_0 (user.org:user:myip_stopwatch:1.0) from (Rev. 37) to (Rev. 38)






Copyright 1986-2022 Xilinx, Inc. All Rights Reserved. Copyright 2022-2024 Advanced Micro Devices, Inc. All Rights Reserved.
---------------------------------------------------------------------------------------------------------------------------------------------
| Tool Version : Vivado v.2024.2 (lin64) Build 5239630 Fri Nov 08 22:34:34 MST 2024
| Date         : Sun Feb  1 11:37:02 2026
| Host         : user14-B80KV-AP35BKE running 64-bit Ubuntu 24.04.3 LTS
| Command      : upgrade_ip
| Device       : xc7a35tcpg236-1
---------------------------------------------------------------------------------------------------------------------------------------------

Upgrade Log for IP 'soc_watchRev2_myip_stopwatch_0_0'

1. Summary
----------

SUCCESS in the upgrade of soc_watchRev2_myip_stopwatch_0_0 (user.org:user:myip_stopwatch:1.0) from (Rev. 37) to (Rev. 38)






Copyright 1986-2022 Xilinx, Inc. All Rights Reserved. Copyright 2022-2024 Advanced Micro Devices, Inc. All Rights Reserved.
---------------------------------------------------------------------------------------------------------------------------------------------
| Tool Version : Vivado v.2024.2 (lin64) Build 5239630 Fri Nov 08 22:34:34 MST 2024
| Date         : Sun Feb  1 11:37:00 2026
| Host         : user14-B80KV-AP35BKE running 64-bit Ubuntu 24.04.3 LTS
| Command      : upgrade_ip
| Device       : xc7a35tcpg236-1
---------------------------------------------------------------------------------------------------------------------------------------------

Upgrade Log for IP 'soc_completeClock_myip_stopwatch_0_0'

1. Summary
----------

SUCCESS in the upgrade of soc_completeClock_myip_stopwatch_0_0 (user.org:user:myip_stopwatch:1.0) from (Rev. 37) to (Rev. 38)






Copyright 1986-2022 Xilinx, Inc. All Rights Reserved. Copyright 2022-2024 Advanced Micro Devices, Inc. All Rights Reserved.
---------------------------------------------------------------------------------------------------------------------------------------------
| Tool Version : Vivado v.2024.2 (lin64) Build 5239630 Fri Nov 08 22:34:34 MST 2024
| Date         : Fri Jan 30 19:22:58 2026
| Host         : user14-B80KV-AP35BKE running 64-bit Ubuntu 24.04.3 LTS
| Command      : upgrade_ip
| Device       : xc7a35tcpg236-1
---------------------------------------------------------------------------------------------------------------------------------------------

Upgrade Log for IP 'soc_watchRev2_myip_timer_0_0'

1. Summary
----------

SUCCESS in the upgrade of soc_watchRev2_myip_timer_0_0 (user.org:user:myip_timer:1.0) from (Rev. 2) to (Rev. 3)






Copyright 1986-2022 Xilinx, Inc. All Rights Reserved. Copyright 2022-2024 Advanced Micro Devices, Inc. All Rights Reserved.
---------------------------------------------------------------------------------------------------------------------------------------------
| Tool Version : Vivado v.2024.2 (lin64) Build 5239630 Fri Nov 08 22:34:34 MST 2024
| Date         : Fri Jan 30 11:57:50 2026
| Host         : user14-B80KV-AP35BKE running 64-bit Ubuntu 24.04.3 LTS
| Command      : upgrade_ip
| Device       : xc7a35tcpg236-1
---------------------------------------------------------------------------------------------------------------------------------------------

Upgrade Log for IP 'soc_completeClock_myip_stopwatch_0_0'

1. Summary
----------

SUCCESS in the upgrade of soc_completeClock_myip_stopwatch_0_0 (user.org:user:myip_stopwatch:1.0) from (Rev. 36) to (Rev. 37)






Copyright 1986-2022 Xilinx, Inc. All Rights Reserved. Copyright 2022-2024 Advanced Micro Devices, Inc. All Rights Reserved.
---------------------------------------------------------------------------------------------------------------------------------------------
| Tool Version : Vivado v.2024.2 (lin64) Build 5239630 Fri Nov 08 22:34:34 MST 2024
| Date         : Fri Jan 30 11:43:26 2026
| Host         : user14-B80KV-AP35BKE running 64-bit Ubuntu 24.04.3 LTS
| Command      : upgrade_ip
| Device       : xc7a35tcpg236-1
---------------------------------------------------------------------------------------------------------------------------------------------

Upgrade Log for IP 'soc_completeClock_myip_stopwatch_0_0'

1. Summary
----------

SUCCESS in the upgrade of soc_completeClock_myip_stopwatch_0_0 (user.org:user:myip_stopwatch:1.0) from (Rev. 35) to (Rev. 36)






Copyright 1986-2022 Xilinx, Inc. All Rights Reserved. Copyright 2022-2024 Advanced Micro Devices, Inc. All Rights Reserved.
---------------------------------------------------------------------------------------------------------------------------------------------
| Tool Version : Vivado v.2024.2 (lin64) Build 5239630 Fri Nov 08 22:34:34 MST 2024
| Date         : Fri Jan 30 11:22:09 2026
| Host         : user14-B80KV-AP35BKE running 64-bit Ubuntu 24.04.3 LTS
| Command      : upgrade_ip
| Device       : xc7a35tcpg236-1
---------------------------------------------------------------------------------------------------------------------------------------------

Upgrade Log for IP 'soc_completeClock_myip_stopwatch_0_0'

1. Summary
----------

SUCCESS in the upgrade of soc_completeClock_myip_stopwatch_0_0 (user.org:user:myip_stopwatch:1.0) from (Rev. 34) to (Rev. 35)






Copyright 1986-2022 Xilinx, Inc. All Rights Reserved. Copyright 2022-2024 Advanced Micro Devices, Inc. All Rights Reserved.
---------------------------------------------------------------------------------------------------------------------------------------------
| Tool Version : Vivado v.2024.2 (lin64) Build 5239630 Fri Nov 08 22:34:34 MST 2024
| Date         : Fri Jan 30 11:02:56 2026
| Host         : user14-B80KV-AP35BKE running 64-bit Ubuntu 24.04.3 LTS
| Command      : upgrade_ip
| Device       : xc7a35tcpg236-1
---------------------------------------------------------------------------------------------------------------------------------------------

Upgrade Log for IP 'soc_completeClock_myip_stopwatch_0_0'

1. Summary
----------

SUCCESS in the upgrade of soc_completeClock_myip_stopwatch_0_0 (user.org:user:myip_stopwatch:1.0) from (Rev. 33) to (Rev. 34)






Copyright 1986-2022 Xilinx, Inc. All Rights Reserved. Copyright 2022-2024 Advanced Micro Devices, Inc. All Rights Reserved.
---------------------------------------------------------------------------------------------------------------------------------------------
| Tool Version : Vivado v.2024.2 (lin64) Build 5239630 Fri Nov 08 22:34:34 MST 2024
| Date         : Fri Jan 30 10:06:30 2026
| Host         : user14-B80KV-AP35BKE running 64-bit Ubuntu 24.04.3 LTS
| Command      : upgrade_ip
| Device       : xc7a35tcpg236-1
---------------------------------------------------------------------------------------------------------------------------------------------

Upgrade Log for IP 'soc_completeClock_myip_stopwatch_0_0'

1. Summary
----------

SUCCESS in the upgrade of soc_completeClock_myip_stopwatch_0_0 (user.org:user:myip_stopwatch:1.0) from (Rev. 32) to (Rev. 33)






Copyright 1986-2022 Xilinx, Inc. All Rights Reserved. Copyright 2022-2024 Advanced Micro Devices, Inc. All Rights Reserved.
---------------------------------------------------------------------------------------------------------------------------------------------
| Tool Version : Vivado v.2024.2 (lin64) Build 5239630 Fri Nov 08 22:34:34 MST 2024
| Date         : Fri Jan 30 09:54:47 2026
| Host         : user14-B80KV-AP35BKE running 64-bit Ubuntu 24.04.3 LTS
| Command      : upgrade_ip
| Device       : xc7a35tcpg236-1
---------------------------------------------------------------------------------------------------------------------------------------------

Upgrade Log for IP 'soc_completeClock_myip_stopwatch_0_0'

1. Summary
----------

SUCCESS in the upgrade of soc_completeClock_myip_stopwatch_0_0 (user.org:user:myip_stopwatch:1.0) from (Rev. 31) to (Rev. 32)






Copyright 1986-2022 Xilinx, Inc. All Rights Reserved. Copyright 2022-2024 Advanced Micro Devices, Inc. All Rights Reserved.
---------------------------------------------------------------------------------------------------------------------------------------------
| Tool Version : Vivado v.2024.2 (lin64) Build 5239630 Fri Nov 08 22:34:34 MST 2024
| Date         : Fri Jan 30 09:47:28 2026
| Host         : user14-B80KV-AP35BKE running 64-bit Ubuntu 24.04.3 LTS
| Command      : upgrade_ip
| Device       : xc7a35tcpg236-1
---------------------------------------------------------------------------------------------------------------------------------------------

Upgrade Log for IP 'soc_completeClock_myip_stopwatch_0_0'

1. Summary
----------

SUCCESS in the upgrade of soc_completeClock_myip_stopwatch_0_0 (user.org:user:myip_stopwatch:1.0) from (Rev. 30) to (Rev. 31)






Copyright 1986-2022 Xilinx, Inc. All Rights Reserved. Copyright 2022-2024 Advanced Micro Devices, Inc. All Rights Reserved.
---------------------------------------------------------------------------------------------------------------------------------------------
| Tool Version : Vivado v.2024.2 (lin64) Build 5239630 Fri Nov 08 22:34:34 MST 2024
| Date         : Fri Jan 30 09:34:17 2026
| Host         : user14-B80KV-AP35BKE running 64-bit Ubuntu 24.04.3 LTS
| Command      : upgrade_ip
| Device       : xc7a35tcpg236-1
---------------------------------------------------------------------------------------------------------------------------------------------

Upgrade Log for IP 'soc_completeClock_myip_stopwatch_0_0'

1. Summary
----------

SUCCESS in the upgrade of soc_completeClock_myip_stopwatch_0_0 (user.org:user:myip_stopwatch:1.0) from (Rev. 29) to (Rev. 30)






Copyright 1986-2022 Xilinx, Inc. All Rights Reserved. Copyright 2022-2024 Advanced Micro Devices, Inc. All Rights Reserved.
---------------------------------------------------------------------------------------------------------------------------------------------
| Tool Version : Vivado v.2024.2 (lin64) Build 5239630 Fri Nov 08 22:34:34 MST 2024
| Date         : Fri Jan 30 09:15:03 2026
| Host         : user14-B80KV-AP35BKE running 64-bit Ubuntu 24.04.3 LTS
| Command      : upgrade_ip
| Device       : xc7a35tcpg236-1
---------------------------------------------------------------------------------------------------------------------------------------------

Upgrade Log for IP 'soc_completeClock_myip_stopwatch_0_0'

1. Summary
----------

SUCCESS in the upgrade of soc_completeClock_myip_stopwatch_0_0 (user.org:user:myip_stopwatch:1.0) from (Rev. 28) to (Rev. 29)






Copyright 1986-2022 Xilinx, Inc. All Rights Reserved. Copyright 2022-2024 Advanced Micro Devices, Inc. All Rights Reserved.
---------------------------------------------------------------------------------------------------------------------------------------------
| Tool Version : Vivado v.2024.2 (lin64) Build 5239630 Fri Nov 08 22:34:34 MST 2024
| Date         : Fri Jan 30 09:03:25 2026
| Host         : user14-B80KV-AP35BKE running 64-bit Ubuntu 24.04.3 LTS
| Command      : upgrade_ip
| Device       : xc7a35tcpg236-1
---------------------------------------------------------------------------------------------------------------------------------------------

Upgrade Log for IP 'soc_completeClock_myip_stopwatch_0_0'

1. Summary
----------

SUCCESS in the upgrade of soc_completeClock_myip_stopwatch_0_0 (user.org:user:myip_stopwatch:1.0) from (Rev. 27) to (Rev. 28)






Copyright 1986-2022 Xilinx, Inc. All Rights Reserved. Copyright 2022-2024 Advanced Micro Devices, Inc. All Rights Reserved.
---------------------------------------------------------------------------------------------------------------------------------------------
| Tool Version : Vivado v.2024.2 (lin64) Build 5239630 Fri Nov 08 22:34:34 MST 2024
| Date         : Fri Jan 30 08:47:21 2026
| Host         : user14-B80KV-AP35BKE running 64-bit Ubuntu 24.04.3 LTS
| Command      : upgrade_ip
| Device       : xc7a35tcpg236-1
---------------------------------------------------------------------------------------------------------------------------------------------

Upgrade Log for IP 'soc_completeClock_myip_stopwatch_0_0'

1. Summary
----------

SUCCESS in the upgrade of soc_completeClock_myip_stopwatch_0_0 (user.org:user:myip_stopwatch:1.0) from (Rev. 26) to (Rev. 27)






Copyright 1986-2022 Xilinx, Inc. All Rights Reserved. Copyright 2022-2024 Advanced Micro Devices, Inc. All Rights Reserved.
---------------------------------------------------------------------------------------------------------------------------------------------
| Tool Version : Vivado v.2024.2 (lin64) Build 5239630 Fri Nov 08 22:34:34 MST 2024
| Date         : Fri Jan 30 08:42:23 2026
| Host         : user14-B80KV-AP35BKE running 64-bit Ubuntu 24.04.3 LTS
| Command      : upgrade_ip
| Device       : xc7a35tcpg236-1
---------------------------------------------------------------------------------------------------------------------------------------------

Upgrade Log for IP 'soc_completeClock_myip_stopwatch_0_0'

1. Summary
----------

SUCCESS in the upgrade of soc_completeClock_myip_stopwatch_0_0 (user.org:user:myip_stopwatch:1.0) from (Rev. 25) to (Rev. 26)






Copyright 1986-2022 Xilinx, Inc. All Rights Reserved. Copyright 2022-2024 Advanced Micro Devices, Inc. All Rights Reserved.
---------------------------------------------------------------------------------------------------------------------------------------------
| Tool Version : Vivado v.2024.2 (lin64) Build 5239630 Fri Nov 08 22:34:34 MST 2024
| Date         : Thu Jan 29 20:16:12 2026
| Host         : user14-B80KV-AP35BKE running 64-bit Ubuntu 24.04.3 LTS
| Command      : upgrade_ip
| Device       : xc7a35tcpg236-1
---------------------------------------------------------------------------------------------------------------------------------------------

Upgrade Log for IP 'soc_completeClock_myip_stopwatch_0_0'

1. Summary
----------

SUCCESS in the upgrade of soc_completeClock_myip_stopwatch_0_0 (user.org:user:myip_stopwatch:1.0) from (Rev. 24) to (Rev. 25)






Copyright 1986-2022 Xilinx, Inc. All Rights Reserved. Copyright 2022-2024 Advanced Micro Devices, Inc. All Rights Reserved.
---------------------------------------------------------------------------------------------------------------------------------------------
| Tool Version : Vivado v.2024.2 (lin64) Build 5239630 Fri Nov 08 22:34:34 MST 2024
| Date         : Thu Jan 29 19:41:41 2026
| Host         : user14-B80KV-AP35BKE running 64-bit Ubuntu 24.04.3 LTS
| Command      : upgrade_ip
| Device       : xc7a35tcpg236-1
---------------------------------------------------------------------------------------------------------------------------------------------

Upgrade Log for IP 'soc_completeClock_myip_stopwatch_0_0'

1. Summary
----------

SUCCESS in the upgrade of soc_completeClock_myip_stopwatch_0_0 (user.org:user:myip_stopwatch:1.0) from (Rev. 23) to (Rev. 24)






Copyright 1986-2022 Xilinx, Inc. All Rights Reserved. Copyright 2022-2024 Advanced Micro Devices, Inc. All Rights Reserved.
---------------------------------------------------------------------------------------------------------------------------------------------
| Tool Version : Vivado v.2024.2 (lin64) Build 5239630 Fri Nov 08 22:34:34 MST 2024
| Date         : Thu Jan 29 18:35:42 2026
| Host         : user14-B80KV-AP35BKE running 64-bit Ubuntu 24.04.3 LTS
| Command      : upgrade_ip
| Device       : xc7a35tcpg236-1
---------------------------------------------------------------------------------------------------------------------------------------------

Upgrade Log for IP 'soc_completeClock_myip_stopwatch_0_0'

1. Summary
----------

SUCCESS in the upgrade of soc_completeClock_myip_stopwatch_0_0 (user.org:user:myip_stopwatch:1.0) from (Rev. 22) to (Rev. 23)






Copyright 1986-2022 Xilinx, Inc. All Rights Reserved. Copyright 2022-2024 Advanced Micro Devices, Inc. All Rights Reserved.
---------------------------------------------------------------------------------------------------------------------------------------------
| Tool Version : Vivado v.2024.2 (lin64) Build 5239630 Fri Nov 08 22:34:34 MST 2024
| Date         : Thu Jan 29 18:23:00 2026
| Host         : user14-B80KV-AP35BKE running 64-bit Ubuntu 24.04.3 LTS
| Command      : upgrade_ip
| Device       : xc7a35tcpg236-1
---------------------------------------------------------------------------------------------------------------------------------------------

Upgrade Log for IP 'soc_completeClock_myip_stopwatch_0_0'

1. Summary
----------

SUCCESS in the upgrade of soc_completeClock_myip_stopwatch_0_0 (user.org:user:myip_stopwatch:1.0) from (Rev. 21) to (Rev. 22)






Copyright 1986-2022 Xilinx, Inc. All Rights Reserved. Copyright 2022-2024 Advanced Micro Devices, Inc. All Rights Reserved.
---------------------------------------------------------------------------------------------------------------------------------------------
| Tool Version : Vivado v.2024.2 (lin64) Build 5239630 Fri Nov 08 22:34:34 MST 2024
| Date         : Thu Jan 29 17:35:51 2026
| Host         : user14-B80KV-AP35BKE running 64-bit Ubuntu 24.04.3 LTS
| Command      : upgrade_ip
| Device       : xc7a35tcpg236-1
---------------------------------------------------------------------------------------------------------------------------------------------

Upgrade Log for IP 'soc_completeClock_myip_stopwatch_0_0'

1. Summary
----------

SUCCESS in the upgrade of soc_completeClock_myip_stopwatch_0_0 (user.org:user:myip_stopwatch:1.0) from (Rev. 20) to (Rev. 21)






Copyright 1986-2022 Xilinx, Inc. All Rights Reserved. Copyright 2022-2024 Advanced Micro Devices, Inc. All Rights Reserved.
---------------------------------------------------------------------------------------------------------------------------------------------
| Tool Version : Vivado v.2024.2 (lin64) Build 5239630 Fri Nov 08 22:34:34 MST 2024
| Date         : Thu Jan 29 17:24:55 2026
| Host         : user14-B80KV-AP35BKE running 64-bit Ubuntu 24.04.3 LTS
| Command      : upgrade_ip
| Device       : xc7a35tcpg236-1
---------------------------------------------------------------------------------------------------------------------------------------------

Upgrade Log for IP 'soc_completeClock_myip_stopwatch_0_0'

1. Summary
----------

SUCCESS in the upgrade of soc_completeClock_myip_stopwatch_0_0 (user.org:user:myip_stopwatch:1.0) from (Rev. 19) to (Rev. 20)






Copyright 1986-2022 Xilinx, Inc. All Rights Reserved. Copyright 2022-2024 Advanced Micro Devices, Inc. All Rights Reserved.
---------------------------------------------------------------------------------------------------------------------------------------------
| Tool Version : Vivado v.2024.2 (lin64) Build 5239630 Fri Nov 08 22:34:34 MST 2024
| Date         : Thu Jan 29 15:54:19 2026
| Host         : user14-B80KV-AP35BKE running 64-bit Ubuntu 24.04.3 LTS
| Command      : upgrade_ip
| Device       : xc7a35tcpg236-1
---------------------------------------------------------------------------------------------------------------------------------------------

Upgrade Log for IP 'soc_completeClock_myip_stopwatch_0_0'

1. Summary
----------

SUCCESS in the upgrade of soc_completeClock_myip_stopwatch_0_0 (user.org:user:myip_stopwatch:1.0) from (Rev. 18) to (Rev. 19)






Copyright 1986-2022 Xilinx, Inc. All Rights Reserved. Copyright 2022-2024 Advanced Micro Devices, Inc. All Rights Reserved.
---------------------------------------------------------------------------------------------------------------------------------------------
| Tool Version : Vivado v.2024.2 (lin64) Build 5239630 Fri Nov 08 22:34:34 MST 2024
| Date         : Thu Jan 29 15:52:19 2026
| Host         : user14-B80KV-AP35BKE running 64-bit Ubuntu 24.04.3 LTS
| Command      : upgrade_ip
| Device       : xc7a35tcpg236-1
---------------------------------------------------------------------------------------------------------------------------------------------

Upgrade Log for IP 'soc_completeClock_myip_stopwatch_0_0'

1. Summary
----------

SUCCESS in the upgrade of soc_completeClock_myip_stopwatch_0_0 (user.org:user:myip_stopwatch:1.0) from (Rev. 17) to (Rev. 18)






Copyright 1986-2022 Xilinx, Inc. All Rights Reserved. Copyright 2022-2024 Advanced Micro Devices, Inc. All Rights Reserved.
---------------------------------------------------------------------------------------------------------------------------------------------
| Tool Version : Vivado v.2024.2 (lin64) Build 5239630 Fri Nov 08 22:34:34 MST 2024
| Date         : Thu Jan 29 15:50:33 2026
| Host         : user14-B80KV-AP35BKE running 64-bit Ubuntu 24.04.3 LTS
| Command      : upgrade_ip
| Device       : xc7a35tcpg236-1
---------------------------------------------------------------------------------------------------------------------------------------------

Upgrade Log for IP 'soc_completeClock_myip_stopwatch_0_0'

1. Summary
----------

SUCCESS in the upgrade of soc_completeClock_myip_stopwatch_0_0 (user.org:user:myip_stopwatch:1.0) from (Rev. 16) to (Rev. 17)






Copyright 1986-2022 Xilinx, Inc. All Rights Reserved. Copyright 2022-2024 Advanced Micro Devices, Inc. All Rights Reserved.
---------------------------------------------------------------------------------------------------------------------------------------------
| Tool Version : Vivado v.2024.2 (lin64) Build 5239630 Fri Nov 08 22:34:34 MST 2024
| Date         : Thu Jan 29 15:44:53 2026
| Host         : user14-B80KV-AP35BKE running 64-bit Ubuntu 24.04.3 LTS
| Command      : upgrade_ip
| Device       : xc7a35tcpg236-1
---------------------------------------------------------------------------------------------------------------------------------------------

Upgrade Log for IP 'soc_completeClock_myip_stopwatch_0_0'

1. Summary
----------

SUCCESS in the upgrade of soc_completeClock_myip_stopwatch_0_0 (user.org:user:myip_stopwatch:1.0) from (Rev. 15) to (Rev. 16)






Copyright 1986-2022 Xilinx, Inc. All Rights Reserved. Copyright 2022-2024 Advanced Micro Devices, Inc. All Rights Reserved.
---------------------------------------------------------------------------------------------------------------------------------------------
| Tool Version : Vivado v.2024.2 (lin64) Build 5239630 Fri Nov 08 22:34:34 MST 2024
| Date         : Thu Jan 29 15:39:53 2026
| Host         : user14-B80KV-AP35BKE running 64-bit Ubuntu 24.04.3 LTS
| Command      : upgrade_ip
| Device       : xc7a35tcpg236-1
---------------------------------------------------------------------------------------------------------------------------------------------

Upgrade Log for IP 'soc_completeClock_myip_stopwatch_0_0'

1. Summary
----------

SUCCESS in the upgrade of soc_completeClock_myip_stopwatch_0_0 (user.org:user:myip_stopwatch:1.0) from (Rev. 14) to (Rev. 15)






Copyright 1986-2022 Xilinx, Inc. All Rights Reserved. Copyright 2022-2024 Advanced Micro Devices, Inc. All Rights Reserved.
---------------------------------------------------------------------------------------------------------------------------------------------
| Tool Version : Vivado v.2024.2 (lin64) Build 5239630 Fri Nov 08 22:34:34 MST 2024
| Date         : Thu Jan 29 15:36:25 2026
| Host         : user14-B80KV-AP35BKE running 64-bit Ubuntu 24.04.3 LTS
| Command      : upgrade_ip
| Device       : xc7a35tcpg236-1
---------------------------------------------------------------------------------------------------------------------------------------------

Upgrade Log for IP 'soc_completeClock_myip_stopwatch_0_0'

1. Summary
----------

SUCCESS in the upgrade of soc_completeClock_myip_stopwatch_0_0 (user.org:user:myip_stopwatch:1.0) from (Rev. 13) to (Rev. 14)






Copyright 1986-2022 Xilinx, Inc. All Rights Reserved. Copyright 2022-2024 Advanced Micro Devices, Inc. All Rights Reserved.
---------------------------------------------------------------------------------------------------------------------------------------------
| Tool Version : Vivado v.2024.2 (lin64) Build 5239630 Fri Nov 08 22:34:34 MST 2024
| Date         : Thu Jan 29 14:23:36 2026
| Host         : user14-B80KV-AP35BKE running 64-bit Ubuntu 24.04.3 LTS
| Command      : upgrade_ip
| Device       : xc7a35tcpg236-1
---------------------------------------------------------------------------------------------------------------------------------------------

Upgrade Log for IP 'soc_completeClock_myip_stopwatch_0_0'

1. Summary
----------

SUCCESS in the upgrade of soc_completeClock_myip_stopwatch_0_0 (user.org:user:myip_stopwatch:1.0) from (Rev. 12) to (Rev. 13)






Copyright 1986-2022 Xilinx, Inc. All Rights Reserved. Copyright 2022-2024 Advanced Micro Devices, Inc. All Rights Reserved.
---------------------------------------------------------------------------------------------------------------------------------------------
| Tool Version : Vivado v.2024.2 (lin64) Build 5239630 Fri Nov 08 22:34:34 MST 2024
| Date         : Wed Jan 28 19:56:32 2026
| Host         : user14-B80KV-AP35BKE running 64-bit Ubuntu 24.04.3 LTS
| Command      : upgrade_ip
| Device       : xc7a35tcpg236-1
---------------------------------------------------------------------------------------------------------------------------------------------

Upgrade Log for IP 'soc_completeClock_myip_stopwatch_0_0'

1. Summary
----------

SUCCESS in the upgrade of soc_completeClock_myip_stopwatch_0_0 (user.org:user:myip_stopwatch:1.0) from (Rev. 11) to (Rev. 12)






Copyright 1986-2022 Xilinx, Inc. All Rights Reserved. Copyright 2022-2024 Advanced Micro Devices, Inc. All Rights Reserved.
---------------------------------------------------------------------------------------------------------------------------------------------
| Tool Version : Vivado v.2024.2 (lin64) Build 5239630 Fri Nov 08 22:34:34 MST 2024
| Date         : Wed Jan 28 19:41:33 2026
| Host         : user14-B80KV-AP35BKE running 64-bit Ubuntu 24.04.3 LTS
| Command      : upgrade_ip
| Device       : xc7a35tcpg236-1
---------------------------------------------------------------------------------------------------------------------------------------------

Upgrade Log for IP 'soc_completeClock_myip_stopwatch_0_0'

1. Summary
----------

SUCCESS in the upgrade of soc_completeClock_myip_stopwatch_0_0 (user.org:user:myip_stopwatch:1.0) from (Rev. 10) to (Rev. 11)






Copyright 1986-2022 Xilinx, Inc. All Rights Reserved. Copyright 2022-2024 Advanced Micro Devices, Inc. All Rights Reserved.
---------------------------------------------------------------------------------------------------------------------------------------------
| Tool Version : Vivado v.2024.2 (lin64) Build 5239630 Fri Nov 08 22:34:34 MST 2024
| Date         : Wed Jan 28 17:49:26 2026
| Host         : user14-B80KV-AP35BKE running 64-bit Ubuntu 24.04.3 LTS
| Command      : upgrade_ip
| Device       : xc7a35tcpg236-1
---------------------------------------------------------------------------------------------------------------------------------------------

Upgrade Log for IP 'soc_completeClock_myip_stopwatch_0_0'

1. Summary
----------

SUCCESS in the upgrade of soc_completeClock_myip_stopwatch_0_0 (user.org:user:myip_stopwatch:1.0) from (Rev. 8) to (Rev. 10)






Copyright 1986-2022 Xilinx, Inc. All Rights Reserved. Copyright 2022-2024 Advanced Micro Devices, Inc. All Rights Reserved.
---------------------------------------------------------------------------------------------------------------------------------------------
| Tool Version : Vivado v.2024.2 (lin64) Build 5239630 Fri Nov 08 22:34:34 MST 2024
| Date         : Tue Jan 27 18:58:42 2026
| Host         : user14-B80KV-AP35BKE running 64-bit Ubuntu 24.04.3 LTS
| Command      : upgrade_ip
| Device       : xc7a35tcpg236-1
---------------------------------------------------------------------------------------------------------------------------------------------

Upgrade Log for IP 'soc_completeClock_myip_stopwatch_0_0'

1. Summary
----------

SUCCESS in the upgrade of soc_completeClock_myip_stopwatch_0_0 (user.org:user:myip_stopwatch:1.0) from (Rev. 7) to (Rev. 8)






Copyright 1986-2022 Xilinx, Inc. All Rights Reserved. Copyright 2022-2024 Advanced Micro Devices, Inc. All Rights Reserved.
---------------------------------------------------------------------------------------------------------------------------------------------
| Tool Version : Vivado v.2024.2 (lin64) Build 5239630 Fri Nov 08 22:34:34 MST 2024
| Date         : Tue Jan 27 18:34:05 2026
| Host         : user14-B80KV-AP35BKE running 64-bit Ubuntu 24.04.3 LTS
| Command      : upgrade_ip
| Device       : xc7a35tcpg236-1
---------------------------------------------------------------------------------------------------------------------------------------------

Upgrade Log for IP 'soc_completeClock_myip_stopwatch_0_0'

1. Summary
----------

SUCCESS in the upgrade of soc_completeClock_myip_stopwatch_0_0 (user.org:user:myip_stopwatch:1.0) from (Rev. 6) to (Rev. 7)






Copyright 1986-2022 Xilinx, Inc. All Rights Reserved. Copyright 2022-2024 Advanced Micro Devices, Inc. All Rights Reserved.
---------------------------------------------------------------------------------------------------------------------------------------------
| Tool Version : Vivado v.2024.2 (lin64) Build 5239630 Fri Nov 08 22:34:34 MST 2024
| Date         : Tue Jan 27 17:59:21 2026
| Host         : user14-B80KV-AP35BKE running 64-bit Ubuntu 24.04.3 LTS
| Command      : upgrade_ip
| Device       : xc7a35tcpg236-1
---------------------------------------------------------------------------------------------------------------------------------------------

Upgrade Log for IP 'soc_completeClock_myip_stopwatch_0_0'

1. Summary
----------

SUCCESS in the upgrade of soc_completeClock_myip_stopwatch_0_0 (user.org:user:myip_stopwatch:1.0) from (Rev. 5) to (Rev. 6)






Copyright 1986-2022 Xilinx, Inc. All Rights Reserved. Copyright 2022-2024 Advanced Micro Devices, Inc. All Rights Reserved.
---------------------------------------------------------------------------------------------------------------------------------------------
| Tool Version : Vivado v.2024.2 (lin64) Build 5239630 Fri Nov 08 22:34:34 MST 2024
| Date         : Tue Jan 27 17:24:27 2026
| Host         : user14-B80KV-AP35BKE running 64-bit Ubuntu 24.04.3 LTS
| Command      : upgrade_ip
| Device       : xc7a35tcpg236-1
---------------------------------------------------------------------------------------------------------------------------------------------

Upgrade Log for IP 'soc_completeClock_myip_stopwatch_0_0'

1. Summary
----------

SUCCESS in the upgrade of soc_completeClock_myip_stopwatch_0_0 (user.org:user:myip_stopwatch:1.0) from (Rev. 4) to (Rev. 5)






Copyright 1986-2022 Xilinx, Inc. All Rights Reserved. Copyright 2022-2024 Advanced Micro Devices, Inc. All Rights Reserved.
---------------------------------------------------------------------------------------------------------------------------------------------
| Tool Version : Vivado v.2024.2 (lin64) Build 5239630 Fri Nov 08 22:34:34 MST 2024
| Date         : Tue Jan 27 17:23:15 2026
| Host         : user14-B80KV-AP35BKE running 64-bit Ubuntu 24.04.3 LTS
| Command      : upgrade_ip
| Device       : xc7a35tcpg236-1
---------------------------------------------------------------------------------------------------------------------------------------------

Upgrade Log for IP 'soc_completeClock_myip_stopwatch_0_0'

1. Summary
----------

CAUTION (success, with warnings) in the upgrade of soc_completeClock_myip_stopwatch_0_0 (user.org:user:myip_stopwatch:1.0) from (Rev. 3) to (Rev. 4)

After upgrade, an IP may have parameter and port differences compared to the original customization. Please review the parameters within the IP customization GUI to ensure proper functionality. Also, please review the updated IP instantiation template to ensure proper connectivity, and update your design if required.

2. Connection Warnings
----------------------

Detected external port differences while upgrading 'soc_completeClock_myip_stopwatch_0_0'. These changes may impact your design.


-Upgraded port order differs after port 's00_axi_aclk'







Copyright 1986-2022 Xilinx, Inc. All Rights Reserved. Copyright 2022-2024 Advanced Micro Devices, Inc. All Rights Reserved.
---------------------------------------------------------------------------------------------------------------------------------------------
| Tool Version : Vivado v.2024.2 (lin64) Build 5239630 Fri Nov 08 22:34:34 MST 2024
| Date         : Tue Jan 27 16:27:38 2026
| Host         : user14-B80KV-AP35BKE running 64-bit Ubuntu 24.04.3 LTS
| Command      : upgrade_ip
| Device       : xc7a35tcpg236-1
---------------------------------------------------------------------------------------------------------------------------------------------

Upgrade Log for IP 'soc_completeClock_myip_stopwatch_0_0'

1. Summary
----------

SUCCESS in the upgrade of soc_completeClock_myip_stopwatch_0_0 (user.org:user:myip_stopwatch:1.0) from (Rev. 2) to (Rev. 3)






Copyright 1986-2022 Xilinx, Inc. All Rights Reserved. Copyright 2022-2024 Advanced Micro Devices, Inc. All Rights Reserved.
---------------------------------------------------------------------------------------------------------------------------------------------
| Tool Version : Vivado v.2024.2 (lin64) Build 5239630 Fri Nov 08 22:34:34 MST 2024
| Date         : Fri Jan 23 20:00:47 2026
| Host         : user14-B80KV-AP35BKE running 64-bit Ubuntu 24.04.3 LTS
| Command      : upgrade_ip
| Device       : xc7a35tcpg236-1
---------------------------------------------------------------------------------------------------------------------------------------------

Upgrade Log for IP 'soc_cooktimer_myip_cooktimer_0_0'

1. Summary
----------

SUCCESS in the upgrade of soc_cooktimer_myip_cooktimer_0_0 (user.org:user:myip_cooktimer:1.0) from (Rev. 11) to (Rev. 12)






Copyright 1986-2022 Xilinx, Inc. All Rights Reserved. Copyright 2022-2024 Advanced Micro Devices, Inc. All Rights Reserved.
---------------------------------------------------------------------------------------------------------------------------------------------
| Tool Version : Vivado v.2024.2 (lin64) Build 5239630 Fri Nov 08 22:34:34 MST 2024
| Date         : Fri Jan 23 19:31:55 2026
| Host         : user14-B80KV-AP35BKE running 64-bit Ubuntu 24.04.3 LTS
| Command      : upgrade_ip
| Device       : xc7a35tcpg236-1
---------------------------------------------------------------------------------------------------------------------------------------------

Upgrade Log for IP 'soc_cooktimer_myip_cooktimer_0_0'

1. Summary
----------

SUCCESS in the upgrade of soc_cooktimer_myip_cooktimer_0_0 (user.org:user:myip_cooktimer:1.0) from (Rev. 10) to (Rev. 11)






Copyright 1986-2022 Xilinx, Inc. All Rights Reserved. Copyright 2022-2024 Advanced Micro Devices, Inc. All Rights Reserved.
---------------------------------------------------------------------------------------------------------------------------------------------
| Tool Version : Vivado v.2024.2 (lin64) Build 5239630 Fri Nov 08 22:34:34 MST 2024
| Date         : Fri Jan 23 19:17:57 2026
| Host         : user14-B80KV-AP35BKE running 64-bit Ubuntu 24.04.3 LTS
| Command      : upgrade_ip
| Device       : xc7a35tcpg236-1
---------------------------------------------------------------------------------------------------------------------------------------------

Upgrade Log for IP 'soc_cooktimer_myip_cooktimer_0_0'

1. Summary
----------

SUCCESS in the upgrade of soc_cooktimer_myip_cooktimer_0_0 (user.org:user:myip_cooktimer:1.0) from (Rev. 9) to (Rev. 10)






Copyright 1986-2022 Xilinx, Inc. All Rights Reserved. Copyright 2022-2024 Advanced Micro Devices, Inc. All Rights Reserved.
---------------------------------------------------------------------------------------------------------------------------------------------
| Tool Version : Vivado v.2024.2 (lin64) Build 5239630 Fri Nov 08 22:34:34 MST 2024
| Date         : Fri Jan 23 19:01:00 2026
| Host         : user14-B80KV-AP35BKE running 64-bit Ubuntu 24.04.3 LTS
| Command      : upgrade_ip
| Device       : xc7a35tcpg236-1
---------------------------------------------------------------------------------------------------------------------------------------------

Upgrade Log for IP 'soc_cooktimer_myip_cooktimer_0_0'

1. Summary
----------

SUCCESS in the upgrade of soc_cooktimer_myip_cooktimer_0_0 (user.org:user:myip_cooktimer:1.0) from (Rev. 8) to (Rev. 9)






Copyright 1986-2022 Xilinx, Inc. All Rights Reserved. Copyright 2022-2024 Advanced Micro Devices, Inc. All Rights Reserved.
---------------------------------------------------------------------------------------------------------------------------------------------
| Tool Version : Vivado v.2024.2 (lin64) Build 5239630 Fri Nov 08 22:34:34 MST 2024
| Date         : Fri Jan 23 18:58:37 2026
| Host         : user14-B80KV-AP35BKE running 64-bit Ubuntu 24.04.3 LTS
| Command      : upgrade_ip
| Device       : xc7a35tcpg236-1
---------------------------------------------------------------------------------------------------------------------------------------------

Upgrade Log for IP 'soc_cooktimer_myip_cooktimer_0_0'

1. Summary
----------

SUCCESS in the upgrade of soc_cooktimer_myip_cooktimer_0_0 (user.org:user:myip_cooktimer:1.0) from (Rev. 7) to (Rev. 8)






Copyright 1986-2022 Xilinx, Inc. All Rights Reserved. Copyright 2022-2024 Advanced Micro Devices, Inc. All Rights Reserved.
---------------------------------------------------------------------------------------------------------------------------------------------
| Tool Version : Vivado v.2024.2 (lin64) Build 5239630 Fri Nov 08 22:34:34 MST 2024
| Date         : Fri Jan 23 18:36:17 2026
| Host         : user14-B80KV-AP35BKE running 64-bit Ubuntu 24.04.3 LTS
| Command      : upgrade_ip
| Device       : xc7a35tcpg236-1
---------------------------------------------------------------------------------------------------------------------------------------------

Upgrade Log for IP 'soc_cooktimer_myip_cooktimer_0_0'

1. Summary
----------

SUCCESS in the upgrade of soc_cooktimer_myip_cooktimer_0_0 (user.org:user:myip_cooktimer:1.0) from (Rev. 6) to (Rev. 7)






Copyright 1986-2022 Xilinx, Inc. All Rights Reserved. Copyright 2022-2024 Advanced Micro Devices, Inc. All Rights Reserved.
---------------------------------------------------------------------------------------------------------------------------------------------
| Tool Version : Vivado v.2024.2 (lin64) Build 5239630 Fri Nov 08 22:34:34 MST 2024
| Date         : Fri Jan 23 17:34:39 2026
| Host         : user14-B80KV-AP35BKE running 64-bit Ubuntu 24.04.3 LTS
| Command      : upgrade_ip
| Device       : xc7a35tcpg236-1
---------------------------------------------------------------------------------------------------------------------------------------------

Upgrade Log for IP 'soc_cooktimer_myip_cooktimer_0_0'

1. Summary
----------

SUCCESS in the upgrade of soc_cooktimer_myip_cooktimer_0_0 (user.org:user:myip_cooktimer:1.0) from (Rev. 5) to (Rev. 6)






Copyright 1986-2022 Xilinx, Inc. All Rights Reserved. Copyright 2022-2024 Advanced Micro Devices, Inc. All Rights Reserved.
---------------------------------------------------------------------------------------------------------------------------------------------
| Tool Version : Vivado v.2024.2 (lin64) Build 5239630 Fri Nov 08 22:34:34 MST 2024
| Date         : Fri Jan 23 17:20:11 2026
| Host         : user14-B80KV-AP35BKE running 64-bit Ubuntu 24.04.3 LTS
| Command      : upgrade_ip
| Device       : xc7a35tcpg236-1
---------------------------------------------------------------------------------------------------------------------------------------------

Upgrade Log for IP 'soc_cooktimer_myip_cooktimer_0_0'

1. Summary
----------

SUCCESS in the upgrade of soc_cooktimer_myip_cooktimer_0_0 (user.org:user:myip_cooktimer:1.0) from (Rev. 4) to (Rev. 5)






Copyright 1986-2022 Xilinx, Inc. All Rights Reserved. Copyright 2022-2024 Advanced Micro Devices, Inc. All Rights Reserved.
---------------------------------------------------------------------------------------------------------------------------------------------
| Tool Version : Vivado v.2024.2 (lin64) Build 5239630 Fri Nov 08 22:34:34 MST 2024
| Date         : Fri Jan 23 17:14:00 2026
| Host         : user14-B80KV-AP35BKE running 64-bit Ubuntu 24.04.3 LTS
| Command      : upgrade_ip
| Device       : xc7a35tcpg236-1
---------------------------------------------------------------------------------------------------------------------------------------------

Upgrade Log for IP 'soc_cooktimer_myip_cooktimer_0_0'

1. Summary
----------

SUCCESS in the upgrade of soc_cooktimer_myip_cooktimer_0_0 (user.org:user:myip_cooktimer:1.0) from (Rev. 3) to (Rev. 4)






Copyright 1986-2022 Xilinx, Inc. All Rights Reserved. Copyright 2022-2024 Advanced Micro Devices, Inc. All Rights Reserved.
---------------------------------------------------------------------------------------------------------------------------------------------
| Tool Version : Vivado v.2024.2 (lin64) Build 5239630 Fri Nov 08 22:34:34 MST 2024
| Date         : Fri Jan 23 15:50:42 2026
| Host         : user14-B80KV-AP35BKE running 64-bit Ubuntu 24.04.3 LTS
| Command      : upgrade_ip
| Device       : xc7a35tcpg236-1
---------------------------------------------------------------------------------------------------------------------------------------------

Upgrade Log for IP 'soc_cooktimer_myip_cooktimer_0_0'

1. Summary
----------

SUCCESS in the upgrade of soc_cooktimer_myip_cooktimer_0_0 (user.org:user:myip_cooktimer:1.0) from (Rev. 2) to (Rev. 3)






Copyright 1986-2022 Xilinx, Inc. All Rights Reserved. Copyright 2022-2024 Advanced Micro Devices, Inc. All Rights Reserved.
---------------------------------------------------------------------------------------------------------------------------------------------
| Tool Version : Vivado v.2024.2 (lin64) Build 5239630 Fri Nov 08 22:34:34 MST 2024
| Date         : Fri Jan 23 14:44:31 2026
| Host         : user14-B80KV-AP35BKE running 64-bit Ubuntu 24.04.3 LTS
| Command      : upgrade_ip
| Device       : xc7a35tcpg236-1
---------------------------------------------------------------------------------------------------------------------------------------------

Upgrade Log for IP 'soc_iic_dht11_myip_iic_cntr_0_1'

1. Summary
----------

SUCCESS in the upgrade of soc_iic_dht11_myip_iic_cntr_0_1 (user.org:user:myip_iic_cntr:1.0) from (Rev. 2) to (Rev. 3)






Copyright 1986-2022 Xilinx, Inc. All Rights Reserved. Copyright 2022-2024 Advanced Micro Devices, Inc. All Rights Reserved.
---------------------------------------------------------------------------------------------------------------------------------------------
| Tool Version : Vivado v.2024.2 (lin64) Build 5239630 Fri Nov 08 22:34:34 MST 2024
| Date         : Fri Jan 23 14:44:30 2026
| Host         : user14-B80KV-AP35BKE running 64-bit Ubuntu 24.04.3 LTS
| Command      : upgrade_ip
| Device       : xc7a35tcpg236-1
---------------------------------------------------------------------------------------------------------------------------------------------

Upgrade Log for IP 'soc_iic_cntr_myip_iic_cntr_0_0'

1. Summary
----------

SUCCESS in the upgrade of soc_iic_cntr_myip_iic_cntr_0_0 (user.org:user:myip_iic_cntr:1.0) from (Rev. 2) to (Rev. 3)






Copyright 1986-2022 Xilinx, Inc. All Rights Reserved. Copyright 2022-2024 Advanced Micro Devices, Inc. All Rights Reserved.
---------------------------------------------------------------------------------------------------------------------------------------------
| Tool Version : Vivado v.2024.2 (lin64) Build 5239630 Fri Nov 08 22:34:34 MST 2024
| Date         : Fri Jan 23 14:11:30 2026
| Host         : user14-B80KV-AP35BKE running 64-bit Ubuntu 24.04.3 LTS
| Command      : upgrade_ip
| Device       : xc7a35tcpg236-1
---------------------------------------------------------------------------------------------------------------------------------------------

Upgrade Log for IP 'soc_iic_cntr_myip_iic_cntr_0_0'

1. Summary
----------

SUCCESS in the update of soc_iic_cntr_myip_iic_cntr_0_0 (user.org:user:myip_iic_cntr:1.0 (Rev. 2)) to current project options.






Copyright 1986-2022 Xilinx, Inc. All Rights Reserved. Copyright 2022-2024 Advanced Micro Devices, Inc. All Rights Reserved.
---------------------------------------------------------------------------------------------------------------------------------------------
| Tool Version : Vivado v.2024.2 (lin64) Build 5239630 Fri Nov 08 22:34:34 MST 2024
| Date         : Thu Jan 22 15:26:12 2026
| Host         : user14-B80KV-AP35BKE running 64-bit Ubuntu 24.04.3 LTS
| Command      : upgrade_ip
| Device       : xc7a35tcpg236-1
---------------------------------------------------------------------------------------------------------------------------------------------

Upgrade Log for IP 'soc_fnd_cntr_myip_fnd_cntr_0_0'

1. Summary
----------

SUCCESS in the upgrade of soc_fnd_cntr_myip_fnd_cntr_0_0 (user.org:user:myip_fnd_cntr:1.0) from (Rev. 6) to (Rev. 7)






Copyright 1986-2022 Xilinx, Inc. All Rights Reserved. Copyright 2022-2024 Advanced Micro Devices, Inc. All Rights Reserved.
---------------------------------------------------------------------------------------------------------------------------------------------
| Tool Version : Vivado v.2024.2 (lin64) Build 5239630 Fri Nov 08 22:34:34 MST 2024
| Date         : Thu Jan 22 15:26:12 2026
| Host         : user14-B80KV-AP35BKE running 64-bit Ubuntu 24.04.3 LTS
| Command      : upgrade_ip
| Device       : xc7a35tcpg236-1
---------------------------------------------------------------------------------------------------------------------------------------------

Upgrade Log for IP 'soc_dht11_myip_fnd_cntr_0_0'

1. Summary
----------

SUCCESS in the upgrade of soc_dht11_myip_fnd_cntr_0_0 (user.org:user:myip_fnd_cntr:1.0) from (Rev. 6) to (Rev. 7)






Copyright 1986-2022 Xilinx, Inc. All Rights Reserved. Copyright 2022-2024 Advanced Micro Devices, Inc. All Rights Reserved.
---------------------------------------------------------------------------------------------------------------------------------------------
| Tool Version : Vivado v.2024.2 (lin64) Build 5239630 Fri Nov 08 22:34:34 MST 2024
| Date         : Thu Jan 22 11:23:30 2026
| Host         : user14-B80KV-AP35BKE running 64-bit Ubuntu 24.04.3 LTS
| Command      : upgrade_ip
| Device       : xc7a35tcpg236-1
---------------------------------------------------------------------------------------------------------------------------------------------

Upgrade Log for IP 'soc_fnd_cntr_myip_fnd_cntr_0_0'

1. Summary
----------

SUCCESS in the upgrade of soc_fnd_cntr_myip_fnd_cntr_0_0 (user.org:user:myip_fnd_cntr:1.0) from (Rev. 5) to (Rev. 6)






Copyright 1986-2022 Xilinx, Inc. All Rights Reserved. Copyright 2022-2024 Advanced Micro Devices, Inc. All Rights Reserved.
---------------------------------------------------------------------------------------------------------------------------------------------
| Tool Version : Vivado v.2024.2 (lin64) Build 5239630 Fri Nov 08 22:34:34 MST 2024
| Date         : Thu Jan 22 11:23:28 2026
| Host         : user14-B80KV-AP35BKE running 64-bit Ubuntu 24.04.3 LTS
| Command      : upgrade_ip
| Device       : xc7a35tcpg236-1
---------------------------------------------------------------------------------------------------------------------------------------------

Upgrade Log for IP 'soc_dht11_myip_fnd_cntr_0_0'

1. Summary
----------

SUCCESS in the upgrade of soc_dht11_myip_fnd_cntr_0_0 (user.org:user:myip_fnd_cntr:1.0) from (Rev. 5) to (Rev. 6)






Copyright 1986-2022 Xilinx, Inc. All Rights Reserved. Copyright 2022-2024 Advanced Micro Devices, Inc. All Rights Reserved.
---------------------------------------------------------------------------------------------------------------------------------------------
| Tool Version : Vivado v.2024.2 (lin64) Build 5239630 Fri Nov 08 22:34:34 MST 2024
| Date         : Thu Jan 22 11:12:46 2026
| Host         : user14-B80KV-AP35BKE running 64-bit Ubuntu 24.04.3 LTS
| Command      : upgrade_ip
| Device       : xc7a35tcpg236-1
---------------------------------------------------------------------------------------------------------------------------------------------

Upgrade Log for IP 'soc_fnd_cntr_myip_fnd_cntr_0_0'

1. Summary
----------

SUCCESS in the upgrade of soc_fnd_cntr_myip_fnd_cntr_0_0 (user.org:user:myip_fnd_cntr:1.0) from (Rev. 4) to (Rev. 5)






Copyright 1986-2022 Xilinx, Inc. All Rights Reserved. Copyright 2022-2024 Advanced Micro Devices, Inc. All Rights Reserved.
---------------------------------------------------------------------------------------------------------------------------------------------
| Tool Version : Vivado v.2024.2 (lin64) Build 5239630 Fri Nov 08 22:34:34 MST 2024
| Date         : Thu Jan 22 11:12:45 2026
| Host         : user14-B80KV-AP35BKE running 64-bit Ubuntu 24.04.3 LTS
| Command      : upgrade_ip
| Device       : xc7a35tcpg236-1
---------------------------------------------------------------------------------------------------------------------------------------------

Upgrade Log for IP 'soc_dht11_myip_fnd_cntr_0_0'

1. Summary
----------

SUCCESS in the upgrade of soc_dht11_myip_fnd_cntr_0_0 (user.org:user:myip_fnd_cntr:1.0) from (Rev. 4) to (Rev. 5)






Copyright 1986-2022 Xilinx, Inc. All Rights Reserved. Copyright 2022-2024 Advanced Micro Devices, Inc. All Rights Reserved.
---------------------------------------------------------------------------------------------------------------------------------------------
| Tool Version : Vivado v.2024.2 (lin64) Build 5239630 Fri Nov 08 22:34:34 MST 2024
| Date         : Thu Jan 22 11:01:33 2026
| Host         : user14-B80KV-AP35BKE running 64-bit Ubuntu 24.04.3 LTS
| Command      : upgrade_ip
| Device       : xc7a35tcpg236-1
---------------------------------------------------------------------------------------------------------------------------------------------

Upgrade Log for IP 'soc_fnd_cntr_myip_fnd_cntr_0_0'

1. Summary
----------

SUCCESS in the upgrade of soc_fnd_cntr_myip_fnd_cntr_0_0 (user.org:user:myip_fnd_cntr:1.0) from (Rev. 3) to (Rev. 4)






Copyright 1986-2022 Xilinx, Inc. All Rights Reserved. Copyright 2022-2024 Advanced Micro Devices, Inc. All Rights Reserved.
---------------------------------------------------------------------------------------------------------------------------------------------
| Tool Version : Vivado v.2024.2 (lin64) Build 5239630 Fri Nov 08 22:34:34 MST 2024
| Date         : Thu Jan 22 11:01:31 2026
| Host         : user14-B80KV-AP35BKE running 64-bit Ubuntu 24.04.3 LTS
| Command      : upgrade_ip
| Device       : xc7a35tcpg236-1
---------------------------------------------------------------------------------------------------------------------------------------------

Upgrade Log for IP 'soc_dht11_myip_fnd_cntr_0_0'

1. Summary
----------

SUCCESS in the upgrade of soc_dht11_myip_fnd_cntr_0_0 (user.org:user:myip_fnd_cntr:1.0) from (Rev. 3) to (Rev. 4)






Copyright 1986-2022 Xilinx, Inc. All Rights Reserved. Copyright 2022-2024 Advanced Micro Devices, Inc. All Rights Reserved.
---------------------------------------------------------------------------------------------------------------------------------------------
| Tool Version : Vivado v.2024.2 (lin64) Build 5239630 Fri Nov 08 22:34:34 MST 2024
| Date         : Wed Jan 21 11:22:40 2026
| Host         : user14-B80KV-AP35BKE running 64-bit Ubuntu 24.04.3 LTS
| Command      : upgrade_ip
| Device       : xc7a35tcpg236-1
---------------------------------------------------------------------------------------------------------------------------------------------

Upgrade Log for IP 'soc_fnd_cntr_myip_fnd_cntr_0_0'

1. Summary
----------

SUCCESS in the upgrade of soc_fnd_cntr_myip_fnd_cntr_0_0 (user.org:user:myip_fnd_cntr:1.0) from (Rev. 2) to (Rev. 3)

