title,category
"""필터 낀 줄…종말 온 것 같다"" 새빨갛게 물든 호주 하늘, 무슨 일",World
"트럼프 ""이란과 협상 불발 시 하르그섬·발전소 폭파""",World
"美, 러 유조선 쿠바 입항 허용… “어차피 무너질 것”",World
후티반군 참전에 수에즈도 막히나…해운 테마주 또 '급등',World
"“세잔·르누아르·마티스, 3분만에 한점씩”…이탈리아 미술관서 140억대 도난 사건",World
"54년 만에 달 가는 유인 우주선 ‘아르테미스Ⅱ’ 카운트다운 돌입, 1일 발사",World
"루비오 ""호르무즈 해협, 어떻게든 다시 열린다""",World
호르무즈 통행료 현실화하나… 중동 4개국 논의 가세,World
트럼프 “협상 불발 땐 인프라 완전히 파괴”…“아랍 국가들과 전쟁 비용 분담 원해”,World
이스라엘·헤즈볼라 충돌에…레바논서 유엔 평화유지군 첫 사망,World
"트럼프 ""초토화 공격 후 이란 떠난다""…'6주차' 내주 승리선언?",World
"비대칭 전쟁의 현실…“이란 3000만원짜리 드론, ‘美 1조원 조기통제기’ 박살” [핫이슈]",World
"이스라엘군, 1600km 떨어진 북부 이란 군 시설 공습",World
국제유가 100달러 돌파 마감...이란 의회 '호르무즈 통행료' 승인,World
"""우크라이나 다음은 이곳?"" 러 망명 재벌, 푸틴 다음 타깃 찍었다",World
"트럼프 ""세 번째 정권과 협상""…이란 실권자 공백에 美도 혼선",World
"""월세 못 내면 바로 쫓겨난다""⋯프랑스, '강제 퇴거' 사상 최대치 기록",World
"'터보퀀트' 파장, 마이크론 10% 급락…'돈나무언니'도 기술주 팔았다",World
"‘트럼프 위협’에도 굴하지 않는 스페인, 미군 영공 통과 막아…“나토 갈등 확산”",World
이란 전쟁 언제 끝나냐는 질문에 美 백악관 “계산해보라”,World
"알루미늄 가격 급등…""2022년 이후 최고 수준""",World
이란 헤즈볼라 하이파 동시공격…이스라엘 “경제 목표물 공격”,World
"韓증시, 이란 전쟁으로 세계증시 신데렐라에서 골칫거리로",World
핵 개발에 목숨 건 이란… 지상전 통한 우라늄 확보도 어려워 트럼프 진퇴양난,World
"달 향하는 우주선 '아르테미스Ⅱ'…NASA, 50시간 카운트다운 시작",World
"이란, 후티 압박...""홍해 지나는 선박 공격 준비하라""",World
"日, '반격능력' 핵심 전력 장사정 미사일 오늘 배치",World
트럼프에 안 굽히는 스페인…美군용기 영공 통과도 불허,World
"""트럼프 담수 시설 파괴는 중동 전체의 재앙""",World
"“사모대출 흔들리는데”…트럼프, ‘2경원’ 퇴직연금까지 열었다",World
"""폭탄 떨어져도 경제 잘 돌아가""⋯이란 '저항 경제', 전쟁 속 저력 입증",World
"이스라엘, 이란 경제 숨통 조인다…'군사→산업' 타깃 전환",World
"'지도부 표적살해' 협상 자충수 됐다…""이란 의사결정구조 붕괴""",World
트럼프 ‘초토화’ 경고 속 美 공수부대 중동 도착…이란은 호르무즈·홍해 양동 작전,World
"""20척 통과"" 트럼프 자랑했는데…""낚시용"" 비웃은 해운 브로커, 왜?",World
"""앞으로도 호르무즈 돌아가는 게 좋다""는 네타냐후...""목표 절반 달성, 종전 시한 없어""",World
"100달러 넘은 유가, 2022년 이후 최고…""200달러 갈 수도""",World
"중국에 '이례적 불허' 이후...""호르무즈 해협 잠재적 변화 신호"" [지금이뉴스]",World
미군 레인저·네이비실·82공수사단 중동에 속속 도착…지상전 병력 증강에 긴장 고조,World
"“이란, ‘홍해도 막을 준비하라’ 후티 반군에 압박”",World
"백악관 ""트럼프, 아랍국에 이란전쟁 비용 부담하게 하는 데 꽤 관심있을 것""",World
"이란, 후티 홍해 봉쇄 압박…글로벌 물류에 치명적 위기",World
"美 NASA, 54년만 인류 달 탐사 카운트다운 시작…1일 우주선 발사 예정",World
"[자막뉴스] 트럼프, 전쟁 비용 떠넘기기?...손 내젓는 각국에 ""기억하겠다"" 으름장",World
"일, 호위함 개조 이어 육상 부대에 '반격 능력' 미사일 첫 배치",World
"이 옵션 저 옵션 다 넣던 중동 갑부들 떠날라…스포츠카 업계도 ""속 탄다, 속 타""",World
"미국, 최정예 공수부대 병력 중동 배치…지상군 투입 준비하나",World
"“가도 가도 또 생각나”…일본에 푹 빠진 MZ, 세대별 ‘최애 도시’는 완전 달랐다",World
"트럼프의 ""이란 해수담수화 공장 파괴"" 위협.. 그 의미는?--AP",World
호르무즈 통행료...트럼프라면 '나눠갖자' 할까? [Y녹취록],World
이란 헤즈볼라 하이파 동시공격…이스라엘 “경제 목표물 공격”,World
"“미국에선 못 한다”… 세계 수학자들, 집단 보이콧 선언",World
"[월드앤이슈] 트럼프 ""진지한 협상중""…이란, 호르무즈 통행료 승인",World
"美국방장관, 내부자거래 시도했나…""이란 공격전 방산투자 문의""",World
전세계 방산업체들 드론 요격 저가 미사일 개발 러시,World
트럼프와 갈 데까지 가는 스페인… “美 군용기 영공 통과 금지”,World
"은둔의 이란 최고지도자 모즈타바, 3번째 서면 메시지 “이란 지지한 이라크에 감사”",World
지상군 속속 증원…미 82공수사단 수천 명 중동 도착,World
"日, 호위함 개조 이어 육상부대에 '반격능력' 미사일 첫 배치",World
"""이란, 후티 반군에 '홍해도 막을 준비하라' 압박""",World
“30억 내야 지나갈 수 있다고?”…이란 의회 ‘호르무즈 통행료’ 징수 법안 승인,World
미 82공수사단 수천명 중동 도착…지상전 대비 병력 증강 고조,World
"'상륙작전' 美해병대 이어…""공수부대 병력 수천명 중동 도착""",World
유럽 아니면 미국?... 젤렌스키 “동맹국이 러 에너지 시설 공격 자제 요청”,World
"이란전쟁에 원유 팔아 3조 챙긴 러…“'미국의 눈' 박살낸 이란, 러가 100% 도왔다”",World
"""생존 신호가 전혀 없어""...서면 메시지만 반복하는 모즈타바 [이슈톺]",World
"""이란 공격에 걸프국 요격미사일 최소 2400발 소진…거의 바닥""",World
트럼프 이어 루비오도 NATO 탈퇴 가능성 시사…“전면 재검토”,World
"트럼프, '궤멸적 타격' 경고…일방적 종전 선포 가능성도",World
마두로 체포·이란 전쟁 예측에 내부자거래 있었나…美검찰 조사,World
"뉴욕증시, 중동 정세 불확실성·기술주 부담에 혼조 마감",World
"미 국무 ""이란 전쟁 끝나면 나토 재검토""…탈퇴 카드 꺼내나",World
"미국, 이란전 끝나고 나면...예고했던 '보복' 현실되나 [지금이뉴스]",World
"백악관 ""걸프전 때도 아랍국가들이 비용 분담""...당시 어땠나? [앵커리포트]",World
"네타냐후 “이란 전쟁, 절반 이상 왔다… 종료 시점은 미정”",World
"트럼프 ""이란 폭파·초토화"" 발언에…WTI 100달러 넘었다",World
"미, 나토동맹 압박…네타냐후 ""목표 달성 근접""",World
"日, 1000㎞ 장거리미사일 첫 배치…中 겨냥 '반격능력' 일환",World
"이란 측, '호르무즈 통행료' 법안 통과…""당연히 지불해야""",World
후티 참전에 ‘불붙은 유가’…WTI 3년8개월 만에 100달러 돌파 마감,World
"트럼프, 협상상대 갈리바프 이란 의회 의장 공식 확인...“실권 없어 협상 안갯속” 평가",World
"트럼프, '초토화' 으름장…""황금 기회 살려야""",World
"""경기도지사 왜 나오셨냐"" 추미애 코너로 몬 김동연",World
"나토는 재검토, 아랍국가엔 전쟁 비용 분담…美, 이상한 이란 전쟁 ‘청구서’",World
"트럼프 ""이란, 휴전 타결 안 하면 하르그섬·발전소 폭파할 것""",World
"美, 나토 탈퇴 카드?…국무장관 ""전쟁 끝나면 재검토""",World
"한화디펜스-필리조선소, 미 해군 첫 수주…차세대 군수함 개발",World
"네타냐후 ""전쟁 목표 절반 이상 달성…이란, 내부 붕괴할 것""(종합)",World
"""월남전으로 빠져들어가는 것""...미군 안전까지 위험한 도박? [이슈톺]",World
"[중동전쟁] 이란 의회, 호르무즈 해협 통행료 징수법안 승인",World
"이스라엘, 종전 시점 ""정하지 않겠다""...목표 ""절반 이상 달성""",World
"""이란, 美 확전시 후티 반군에 홍해 공격하도록 압박""",World
"트럼프 ""합의 안 되면 하르그·발전소 폭파""...미 국무 ""나토 재검토할 것""",World
트럼프 이어 루비오도 나토 탈퇴 시사…“이란전 끝나면 전면 재검토”,World
“전쟁 한 달째인데 슈퍼마켓엔 물건이 가득”…이란 ‘저항 경제’ 언제까지 버틸까,World
美 루비오 국무 “이란 전쟁 후 나토 관계 재평가”-알자지라 인터뷰,World
"[부자들의 투자노트] 파월 ""현 통화정책, 이란전쟁 영향 지켜보기 좋은 위치""",World
"""굉장히 수상한 움직임""...트럼프 발표 전 폭증한 거래 [굿모닝경제]",World
미 국무 “이란 전쟁 끝나면 나토 재검토”…탈퇴도 시사,World
"[속보] 이란 의회, 호르무즈 통행료 부과법안 추진",World
"돼지고기 가격, 채소보다 싸다?...중국 공급과잉에 사상 최저 기록",World
"해협 통과할 때마다 30억?…이란, '호르무즈 통행료' 승인",World
'동시 공격'에 화염 치솟은 정유시설…'저항의 축' 재결속,World
"한화디펜스-필리조선소, 美해군 첫 수주…차세대 군수함 개발(종합)",World
"""우리 선원들, 호르무즈에 갇힌 전쟁포로나 다름 없어‥파병은 신중히"" [모닝콜]",World
네타냐후 “이란전 목표 절반 이상 달성”…종전 시점은 언급 안 해,World
"네타냐후 ""이란 전쟁 목표 절반 이상 달성…종료 시점 미정""",World
"이란 의회, 호르무즈해협 통행료 징수 계획 승인",World
美·이란 확전 우려에 단타 매매 급증…뉴욕증시 혼조 마감,World
"걸프전처럼…美, 이란전 비용 중동국가 분담 검토",World
"백악관 ""이란과 대화 잘 돼가…황금기회 거부시 심각한 대가""",World
"트럼프 ""합의 불발시 초토화""…전쟁비용 떠넘기기?",World
"월가 거물 애크먼 ""하락론 무시하라…우량주 매수 최적기""",World
"미 국무장관 “나토에 매우 실망, 이란 전쟁 끝나면 재검토할 것”",World
미 국무 “이란전 끝나면 나토 재검토”…협조 안 한 유럽에 실망감,World
[속보] 트럼프 “이란과 곧 합의 안되면 하르그섬과 모든 발전소 폭파”,World
"숨진 이란 해군사령관 생전 영상에서 ""호르무즈 봉쇄하라""…국제유가 또 상승",World
[마켓 브리핑] 파월의 금리 인상 가능성 일축에도 기술주 주도 하락세,World
"[속보] 파월 ""당분간 금리 유지할 것"" 비트 1% 상승, 6만6000달러",World
美 루비오 “비협조적 나토에 매우 실망…이란 전쟁 끝나면 전면 재검토하겠다”,World
"포르투갈 8천여명 , ""미군의 라예스공군기지 대 이란전 사용"" 금지 청원",World
"후티, 홍해 공격 나서나…""이란 압박 속 선택 기로""",World
[김대호 박사의 오늘의 키워드] 트럼프 경고·사우디 원유 폭탄·터보퀀트 충격·김동관 빚 잔치,World
이란·헤즈볼라 '저항의 축' 재결집‥정유시설 폭격,World
'터보퀀트 충격' 반도체 우수수…반도체지수 4.23%↓(종합2),World
‘이 물고기’ 잡겠다고 5시간 사투…낚싯줄 따라 올라온 227㎏ 정체,World
이란 미사일 튀르키예 상공 요격…이란 전쟁 후 4번째,World
해상 물동량 12%가 홍해…막히면 '희망봉 우회'도 한계,World
이란 새 지도부 의사 결정 능력 결여…협상에 어려움,World
"이란, 후티 반군에 ""홍해 선박 공격 재개 준비하라"" 압박",World
"‘저항의 축’ 재결속 신호…이란·헤즈볼라, 이스라엘 산업도시 하이파 동시공격",World
"美, 아랍에 전쟁 비용 청구 시사...""대통령 관심 있을 듯""",World
"[증시전략] ""전쟁 충격 예상보다 크지 않아""…美증시 그래도 선방?",World
"美사모대출 흔들리는데…트럼프, ‘2경원’ 퇴직연금에 문호 개방[1일1트]",World
백악관 “이란전 비용 아랍국 분담 검토”…전쟁비용 떠넘기나,World
"미 국무 ""이란 전쟁 끝나면 나토 재검토""…탈퇴 카드 꺼내나",World
"또 터보퀀트 충격, 메모리주 일제↓ 마이크론 10%-샌디스크 7%(종합)",World
"美국무 ""나토 매우 실망…전쟁 끝나면 재검토""",World
"이란, 호르무즈 해협 통행료 부과 승인",World
[외신 헤드라인] 사우디 경질유 5월 가격 역대급 인상 전망,World
"호르무즈 재개방, ‘장대한 분노’ 핵심 목표는 아니라는 백악관[이태규의 워싱턴 플레이북]",World
"트럼프, 이란 ‘초토화’ 경고로 막판 압박…일방적 무력종결 가능성도[1일1트]",World
세계 원유 수송 20% 이란 손아귀에…호르무즈의 '수에즈화' 초읽기,World
"미 국무 ""이란 전쟁 끝나면 나토 재검토""...탈퇴 카드 '만지작'",World
"이란 의회, 호르무즈 해협 통행료 부과 법안 승인…""액수는 밝히지 않아""",World
트럼프 못 믿는 시장...변동성 속 혼조 마감 [앵커리포트],World
동시공격에 정유시설 화염…'저항의 축' 재결속,World
미 전략자산 ‘하늘의 눈’도 당했다…“러시아가 위성 사진 제공”,World
"트럼프 ""합의 안되면 발전소·하르그섬 초토화""",World
이란·헤즈볼라 '저항의 축' 재결집‥정유시설 폭격,World
이란 헤즈볼라 하이파 동시공격…이스라엘 “경제 목표물 공격”,World
붙이고 압축하고...HBM에 맞서는 메모리 전쟁[김창영의 실리콘밸리Look],World
하루만에 돌변한 트럼프 “합의 늦으면 초토화 시킬 것” [글로벌 모닝브리핑],World
아시아 유가 초비상...사우디 경질유 5월 가격 크게 오를 듯[美-이란 전쟁],World
사흘전엔 회항했는데...中 화물선 호르무즈 통과,World
이란 “파키스탄 종전 협상 참여한 적 없어”,World
두 동강난 미국의 자존심···조기경보기 완파를 방공망 파괴로 부른 이유는 [美-이란전쟁],World
"美 '전쟁 청구서' 아랍 향할까…백악관 ""트럼프, 꽤 관심있을 것""",World
중동 공급 막히자 사우디유 급등…아시아 정유사 직격탄,World
美국무 “이란전 끝나면 나토 재검토”…탈퇴 카드 압박,World
헤지펀드 거물 애크먼 “최고의 우량주 매수 타이밍…약세론 무시하라” [1일1트],World
"美연준 파월 “현 통화정책, 이란전쟁 영향 지켜보기 좋은 위치…사모대출, 시스템 위기 아냐”",World
"백악관 “트럼프, 아랍국에 이란전쟁 비용 요청 꽤 관심있을 것” [1일1트]",World
"뉴욕증시, 종전·확전 전망에 혼조...WTI, 개전 이후 첫 100달러 돌파 [데일리국제금융]",World
"트럼프 ""합의 안 되면 하르그·발전소 폭파""...아랍 국가에 전쟁 비용 청구에 관심",World
자라·H&M 옷값 오른다…전쟁이 내 옷장까지 흔드는 이유 [박시진의 글로벌 픽],World
"반도체 매도세+유가 급등, 미증시 다우 제외 일제 하락(상보)",World
"美국무 ""이란 전쟁 끝나면 나토 재검토""…탈퇴 카드 꺼내나(종합)",World
"전쟁 장기화 공포...WTI, 2022년 이후 처음 100달러 넘어",World
이란 NPT 탈퇴 움직임에… 트럼프 “인프라 모두 초토화” 엄포,World
"“이란전, 중국에 큰 타격”…이 예측, 완전히 뒤바뀐 이유 [VIEW]",World
"백악관 ""이란, 일부 조건 동의…작전 4~6주 시간표 유효""(종합)",World
"젤렌스키 “러, 이란의 美 조기경보기 폭격 도와”",World
모즈타바 “이란 지지한 이라크에 감사” 시아파 연대 강조,World
파키스탄 “美-이란 협상 조만간 열릴 것”,World
"""호르무즈 통행세? 명백한 법 위반...한국도 같이 압박해야""",World
"트럼프 행정부, 퇴직연금 문호 개방…‘위기의 사모대출’ 월가 로비 통했다",World
세계 ‘가스난’ 엎친데 덮친격…호주까지 생산 차질 '초비상',World
아시아 정유사 ‘초비상’…사우디 경질유 5월 가격 역대급 인상,World
대형군함·유조선 필수통로… 美 새 타깃은 호르무즈 7개섬,World
"美국무부 “유럽, AI 시대 규제 일관… 무의미한 존재 전락할 수도” 경고",World
"""협상 곧 타결"" ""이란 석유 탐나"" 불안만 키우는 트럼프의 '입'",World
“러시아가 100% 돕고있다”...4500억 美 ‘하늘의 눈’ 파괴한 이란 [美-이란 전쟁],World
[뉴욕유가] 후티 참전에 트럼프 위협까지…WTI 결국 100달러 넘겨 마감,World
"백악관 ""트럼프, 아랍국에 이란전쟁 비용 요청 꽤 관심있을 것""(종합)",World
"美, 이란전쟁 내주 끝내나…백악관 ""4~6주 시간표 유지""(종합)",World
"韓 AI반도체기업 리벨리온, 4억불 투자유치…美시장 진출 추진",World
"美, 이란戰 내주 끝내나…백악관 ""4~6주 소요 평가 유지""",World
사우디 경질유 5월 인도분 폭등 전망… 아시아 정유업계 ‘초비상’,World
"“이란, 에너지 전쟁선 승리”… 석유 판매 수익 두배로 불었다",World
"파월 ""이란전쟁 충격, 통화정책에 반영할지는 일단 지켜봐야""",World
"中 화물선, 호르무즈 회항 사흘 만에 결국 해협 통과",World
"루비오 ""호르무즈 해협, 어떻게든 다시 열린다""",World
"‘위기의 사모대출’ 월가 로비 통했다...트럼프, ‘2경원’ 퇴직연금에 문호 개방",World
"튀르키예 ""이란서 날아온 4번째 탄도미사일 격추""",World
하이파 겨냥 공격…이란·헤즈볼라 ‘저항의 축’ 재결집,World
튀르키예서 이란 발사 탄도미사일 4번째 격추,World
급격한 통화정책 변화에 선 그은 파월...“적절한 수준”,World
"독일 총리 ""시리아 난민 80％ 3년 안에 돌아가야""",World
"이란·헤즈볼라, 이스라엘 산업도시 하이파 동시공격",World
튀르키예서 이란 탄도미사일 4번째 격추,World
"美국무 ""이란과 대화 진행 중…군사옵션은 협상 실패 대비""(종합)",World
"이란·헤즈볼라, 이스라엘 산업도시 하이파 동시공격",World
"1R 추미애, 2R 김동연..與 경기도지사 토론 '난타전'",World
"“기업가치 379조, 남은 건 0명”…머스크 회사서 전원 탈출한 공동창업자들",World
"미 재무 ""시간 지나면 미국이 호르무즈 통제권 되찾을 것""",World
"‘드론 과외’ 나선 러시아·우크라, 중동서 대리전",World
美 지상군 투입 땐… ‘침몰 않는 항모’ 7개 섬 우선 점령 가능성,World
중동 갑부 손님들 놓칠라…고급차업계 난감,World
"“이란, 군부가 권력 장악 친미 정권 수립 어려워… 6월까지 전쟁 계속될 듯”",World
성묘교회 미사 금지했다 혼쭐난 이스라엘,World
이란 미사일 공습에도 두바이 경마장은 ‘별천지’,World
이란-이스라엘 '이전투구'…네타냐후 영토 '야욕',World
"""이란 석유 원한다""…호르무즈 7개 섬 '눈독'",World
“협상 불발땐 이란 인프라 완전히 파괴”,World
"""이란과 합의 안 되면 하르그섬·모든 발전소 폭파""",World
미국·이란 협상 타결?‥더 격해진 중동 정세,World
“폭탄 터져도 마트 굴러가”…40년 제재가 키운 이란 ‘맷집’,World
"이란 ""3000만원짜리 드론으로 美조기경보기 파괴…러 정보 제공""(종합)",World
"이라크에도 25만명 보냈는데…중동 배치 미군 5만명, 지상전 어렵다",World
"뉴욕 증시, 이란 전쟁 확전 양상에도 저가 매수에 상승 출발",World
"美재무 ""시간 지나면 미국이 호르무즈 통제권 되찾을 것""",World
트럼프 “합의 결렬 땐 이란 발전소·하르그섬 완전히 파괴”,World
"호르무즈서 회항했던 中화물선 2척, 이번엔 ‘무사 통과’",World
"""트럼프, 이란 고농축 우라늄 무력탈취 군사작전 검토 중""",World
[투나잇이슈] 중동 포화 한달째…'장대한 분노' 작전 언제까지?,World
"뉴욕증시, 저가 매수에 상승 출발…중동 긴장에 상승폭 제한",World
“곧 타결” 언급 속 군사력 증강…‘강제 종전’ 최대 분수령,World
"미 국무장관 ""협상 선호하지만 실패 대비해야""",World
이슬람 4개국 “미국에 호르무즈 통행료 제안”…국제법상 가능할까?,World
"美국무 ""우리는 협상·외교 선호하지만 실패에 대비해야""",World
“협상 잘 돼” VS “이란 석유 원해”…트럼프의 화전양면술,World
"이란, 호르무즈 봉쇄 지휘관 사망 확인...""작전에는 차질 없어""",World
"“미 지상군, 호르무즈 7개섬 투입 가능성”…7천여 명 출격 대기",World
"“주요 해운사 중 처음”…중국 화물선, 호르무즈 해협 통과",World
“이란과 합의 안 되면 하르그섬·발전소 폭파”,World
"호르무즈서 회항했던 중국 화물선, 이번엔 해협 통과",World
사흘전 회항했던중국 화물선…이번엔 호르무즈 해협 '통과',World
"러시아, 쿠바에 계속 원유 공급...""미국에 사전 통보""",World
"지상전 압박 속 공방 격화...이스라엘, 최대 국방예산 통과",World
사우디 경질유 5월 가격 역대급 폭등할 듯...아시아 정유사 '비상',World
"트럼프 ""이란의 발전소·유정·물시설 다 날려버릴 것…만약 호르무즈 개방 안한다면""",World
미군이 지상전에서 인질로 잡히면 벌어질 일…“재앙이 올 것” 이유는? [핫이슈],World
"""불법 전쟁"" 선 그은 스페인, 미군기 영공 통과도 막았다",World
호르무즈서 사흘전 회항했던 中화물선 이번엔 '통과',World
"러시아, 쿠바에 계속 원유 공급...“미국에 사전 통보""",World
"이집트 대통령 ""트럼프만이 멈출 수 있다""…유가 200달러 경고",World
[속보] 트럼프 “이란과 곧 합의 안되면 하르그섬·발전소 폭파하고 끝낼것”,World
[속보]트럼프 “이란과 합의안되면 하르그섬·발전소 폭파”,World
"이란 ""지상전은 재앙"" 경고...이스라엘 ""전선 확대""",World
'협상' 언급 속 군사력 증강...'강제 종전' 수순 밟나,World
"트럼프, 협상 정체에 ""이란 모든 발전소-하르그섬 폭파"" 경고",World
"트럼프 ""이란 새 정권과 협상 진전…합의 없으면 에너지 시설 초토화""(종합)",World
사우디 경질유 5월 가격 역대급 폭등 전망…아시아 정유사 ‘초비상’,World
트럼프의 경고 “이란과 합의안되면 하르그섬·발전소 폭파할 것”,World
"트럼프 ""하르그섬 점령"" 엄포…이란, '호르무즈 7개 섬'에 방어선",World
"이란, 핵확산금지조약 탈퇴 추진…美 우라늄 탈취 작전 '고심'",World
“덩치 커 팔걸이 침범하면 좌석 2개 사야”…항공사 규정 논란,World
“중국 교육은 신분상승 도구” 거침없던 독설가[시스루 피플],World
트럼프 “합의 안 하면 이란 모든 발전소·유전 파괴” 위협,World
이란 미사일에 두 동강 난 美 '하늘의 지휘소'…사상 첫 전투 손실,World
미 전략자산 ‘하늘의 눈’도 당했다…“러시아가 위성 사진 제공”,World
미사일 파편에 ‘살충제’ 유출…중동 내 미국 캠퍼스 표적 경고,World
"트럼프 ""이란과 휴전 곧 타결 안 되면 모든 이란 인프라 파괴"" 위협(2보)",World
사우디 경질유 5월 가격 역대급 폭등할듯…아시아 정유사 '비상',World
"트럼프 ""호르무즈 즉각 개방 안되면 하르그섬·발전소 초토화"" 압박",World
트럼프 “나는 이란의 석유를 원해…하르그섬도 점령 가능” 압박,World
"트럼프·시진핑 ‘대만 러브콜’… 美 의원 파견, 中은 국민당 초청",World
"트럼프 진짜 속마음 공개? “이란 석유 가져오고 싶다, 많은 선택지 있어”",World
"[중동 전쟁] “트럼프, 이란 우라늄 탈취 군사작전 검토”",World
"이란 매체 ""의회, 美·이스라엘 핵시설 공격 후 'NPT 탈퇴' 검토""",World
일상 덮친 ‘워플레이션’…세탁비·포장재·음료컵 줄줄이 올랐다,World
"트럼프 ""협상 불발시 하르그섬·발전소 모두 파괴하고 끝낼 것""",World
"이스라엘, 테헤란 기반 시설 집중 폭격…영토 확장 야욕도",World
트럼프 “이란과 합의 안되면 유전·발전소·하르그섬 초토화”,World
[속보] 트럼프 “이란과 곧 합의 안되면 하르그섬과 모든 발전소 폭파”,World
"이란 ""미국 말은 항상 의심해야…직접 협상 동의한적 없어""",World
"트럼프 ""이란과 곧 합의 안되면 하르그섬과 모든 발전소 폭파""",World
"중동전쟁 31일째…이란은 ""NPT 탈퇴""·美는 ""하르그섬 점령""",World
중재국 회담 끝났지만…'파키스탄 대화'는 안갯속,World
"대학 건물들 폐허로…""미국 대학도 공격"" 경고",World
트럼프 “이란과 합의 안 되면 모든 발전소·유전 완전 파괴”,World
"'하늘의 눈' 두 동강…이란 ""3천만 원으로 파괴""",World
"스페인 ""이란 공격에 관련된 미군기 등 모든 항공편에 스페인 영공 폐쇄(종합)",World
이란 'NPT 탈퇴검토'에 美 '하르그섬 점령' 만지작(종합),World
건설 승인도 안났는데…트럼프 “백악관 연회장 공사 순조롭게 진행돼”,World
[뉴스특보] 전쟁 5주째…“에너지 전쟁은 이란이 승자”,World
"""솔직히 이란 석유 갖고 싶은데?""…노골적 속내 드러낸 트럼프",World
"미국, 러 유조선 쿠바 입항 허용…트럼프 “배 한 척은 신경 안 써”",World
미 공군 핵심 전력 타격…후티는 두 번째 공격 감행,World
"지상전 경고·종전 협상 병행…트럼프, 이란 원유 확보 의도 노골화",World
"파키스탄 ""선박 20척 통과""…'통행료' 현실화?",World
"中, 다카이치 측근 '친대만' 의원 제재…日 ""일방적 조치 유감""(종합2보)",World
"트럼프 ""'세 번째 정권'이 준 선물…빠른 합의 가능""",World
"北, 이란전 보며 ‘드론 잡는 전차’ 꺼냈다…김정은 무엇 노리나 [밀리터리+]",World
"“트럼프, 이란 고농축 우라늄 450㎏ 탈취 군사작전 검토”",World
"트럼프 ""하르그 점령할 수도""…지상전 긴장 고조[트럼프 2기]",World
트럼프의 계산 착오?…하르그섬 점령해도 지킬수 있을지 의문,World
지상전 압박 속 공방 격화...정유공장도 타격 vs 전선 확대,World
"""침략하면 사지절단에 상어밥"" 거칠어진 이란의 입‥'종전 조건' 역제안?",World
"두 동강 난 '하늘의 눈' 美 공군 굴욕‥이란, 협상 와중 급습",World
"트럼프 ""문제 없다"" 발언에...러시아 유조선 쿠바 도착",World
中·필리핀 군함 충돌 직전까지… 남중국해 긴장 재점화,World
“무서워서 여행 못 가겠다”…폰 비번 안 알려주면 감옥행이라는 ‘이 나라’,World
"종전 협상 선 긋는 이란 ""파키스탄 회의 불참…미국과 직접 협상 없다""",World
"'두문불출' 이란 모즈타바, 이라크에 서면 감사 메시지",World
"이란, 호르무즈 통행료 부과 수순…이슬람 4개국 백악관에 제의",World
"[아는기자]美, 왜 7개 섬부터?…공략 시나리오는",World
"미군, 중동에 5만 명으로 전면전 힘들어…호르무즈 7개 섬 공격 가능성",World
이란 “3000만원짜리 드론이 수천억짜리 美조기경보기 파괴”,World
로켓 날아다니는데 “호르무즈 통과하라”…2만명 선원들 ‘공포’,World
미군 기습침투 어디로?…“호르무즈 7개 섬 유력”,World
'물류 동맥' 홍해까지 막히면…'차원이 다른' 충격 온다,World
"이슬람 4개국, 호르무즈 재개방 논의…통행료 현실화하나",World
이슬람 4국 종전협의 “불참” 선 그은 이란 “美 직접 협상한 적도 없어”,World
"트럼프 ""이란 원유·핵물질 원해""... 지상군 '호르무즈 7개섬' 투입하나",World
전쟁통 기내서 ‘백악관 연회장’ 자랑한 트럼프…“계단은 있는데 갈 곳이 없다?” [1일1트],World
"트럼프보다 먼저 대만 野대표 만나는 시진핑, 그의 노림수",World
이란 ‘NPT 탈퇴검토’ vs 美 ‘하르그섬 점령’,World
"이란 “3000만 원 샤헤드 드론, 수천억 미군 조기경보통제기 파괴”",World
트럼프 합의 가능성 흘렸지만… 이란 “美와 직접 협상 없었다”,World
[뉴스특보] 조기 합의 거론하면서 하르그섬 점령 검토…속내는?,World
관심 밖으로 밀린 우크라전… ‘드론 방패’ 들고 중동 간 젤렌스키,World
“파키스탄서 美·이란 종전협상 곧 열 것” [美·이란 전쟁],World
“예수의 이름으로 압도적인 폭력을”…美 국방장관 ‘현대판 십자군’ 행보에 발칵,World
"호르무즈 7개 섬이냐 이란 핵시설이냐… 美, 두 갈래 지상전 [美·이란 전쟁]",World
전쟁 시작 4주만에 이란 미사일 제조시설 4곳 파괴…이란 전략 약화,World
"日, 중동산 원유 의존 96%… 비축유 풀고 석탄발전 재가동 [美-이란 전쟁 한달]",World
"美 지상군, 이란 하르그섬 점령하나… 핵물질 탈취도 검토 [美-이란 전쟁 한달]",World
호르무즈 봉쇄에 선원 2만명 고립…식량·임금 끊겼다,World
WP “이란 미사일 생산 시설 4곳·발사대 29곳 큰 피해”···시설 완전 파괴엔 난망,World
"""美 첫 실전투입 최신형 미사일, 이란 학교·체육관 공습""",World
"""혹시 지지율 봤나?"" 미국 '분노 폭발' 시위에 먼저 꺼내더니…""트럼프가 오판한 전쟁!"" ""딱 2분이면!"" 이란 상황이 (트럼프 NOW)",World
"""뚱뚱하다고 좌석 2개 사래요"" 수치심 폭발...'비행기 티켓값' 논쟁 활활",World
"""호르무즈 통과 지시 떨어질라""…발 묶인 전 세계 선원들 불안·공포",World
"“시진핑, 대륙 초청 감사” 대만 친중야당 대표 방중…독립·친미 집권당 “결코 안돼”",World
"美 용인에 러시아 유조선 쿠바 도착…트럼프 ""상관 없어""(종합2보)",World
"하버드 석학 로고프 ""5년 안에 위안화 기축통화 가능성""",World
"전쟁 31일째…트럼프 ""석유 장악"" vs 이란, 쿠웨이트 담수시설 공격",World
"파키스탄 ""며칠 내 美·이란 회담 개최""...트럼프 ""협상 극히 잘하고 있다""",World
미 지상군 투입 시 어디 칠까… 호르무즈 방어선 7개 섬 유력,World
[영상] 美 '하늘의 눈' 두 동강…사상 첫 E-3 조기경보기 파괴가 치명적인 이유,World
"이란 ""협상은 연막 작전""...고비 넘긴 네타냐후 ""전선 확대""",World
"드론 공격 경험한 러 병사들, 전장서 ‘극단적 선택’ 늘어…이유는? [핫이슈]",World
"트럼프 ""합의 안되면 하르그섬 초토화""… 이란 ""NPT 탈퇴 검토""",World
[앵커리포트] 양면 전략에 긴장 고조…트럼프·밴스 '조기종전' 시사,World
로봇 가상훈련시키는 매니코어 항저우 6룡 중 첫 상장사 된다,World
호르무즈 차단에 발묶인 전세계 선원들 불안·공포,World
美 재무부까지 사모대출 들여다본다,World
"파키스탄 모인 중재국…""며칠내 美·이란 회담""",World
“미군 지상군 투입은 곧 ‘보급 수렁’…베트남전서 경험”,World
[기획] 한 번 통과에 30억… ‘호르무즈 통행료’ 현실화하나,World
트럼프 “곧 합의 안되면 하르그섬·발전소 초토화 시키고 끝낼 것”[美-이란 전쟁],World
세계 ‘가스난’ 엎친데 덮친격…호주 강타 사이클론으로 LNG 공급 차질,World
"더 거칠어진 이란 ""미국·이스라엘 군·정치인 숙소도 표적""",World
"두바이유 폭등 왜…프랑스 토탈, 전쟁 전부터 싹쓸이 ""1.5조 이익""",World
"""실적 뒷받침 美증시 버틸 것"" vs ""고유가 지속 땐 하락 불가피""",World
"[중동 전쟁] 이란, 美 ‘하늘의 눈’ 파괴…러시아가 공격 좌표 줬나?",World
‘전략적 요충지’ 중동 전쟁에 불똥 튈라…아프리카 이곳도 ‘초긴장’,World
‘강철비’보다 센 ‘텅스텐 비’ 뿌렸다…이란에 쏜 미 신형미사일 PrSM 정체 [밀리터리+],World
"자위대 안보낸다는 일본, 이란과는 정상회담? 다카이치 ""개최 시기, 국익 고려해 결정""",World
"트럼프, “이란과 조기 합의할 듯...호르무즈 20척 통과 허용”",World
"""이란 공습 개시 한 달 동안 탄도 미사일 제조 시설 4곳 타격""",World
"이스라엘, 예루살렘 가톨릭 미사 한때 제지…논란 일자 철회",World
엔화·국채·증시 '트리플 약세'…日정부 시장 개입 가능성 커져,World
"이란군, 미·이스라엘 군사령관·정치인 ‘중동 숙소’ 표적 지목",World
"TSMC 전기 끊길라…대만, 원전 중단 10개월만에 다시 돌린다",World
"[뉴스특보] 파키스탄 ""미·이란 의미있는 협상 며칠 내 주최""",World
"WSJ “트럼프, 이란 우라늄 탈취 군사작전 검토”",World
[영상] 日구축함에 토마호크 400기 순차 장착…타격권 놓인 中 긴장,World
"""무차별 공습에도 마트 멀쩡""…40년 갈고닦은 이란 '저항 경제'",World
"이란군, 미·이스라엘 군 사령관·정치인 숙소 표적 지목",World
"16년 독일 이끈 메르켈, 지금 와서 왜 손가락질 받나",World
카타르 가스 대안 타격...호주 LNG플랜트 사이클론에 중단,World
"이스라엘, 레바논 기자들 표적살해···CNN 기자들 목조르고 억류",World
푸틴의 '제국 부활' 짓밟는 트럼프…베네수엘라 이어 쿠바까지 정조준,World
"4500억 美 '하늘의 눈' 파괴한 이란…""러시아 100% 돕고 있다""",World
"“푸틴에 전쟁 자금 퍼주는 트럼프”…러, 美 코앞에서 당당히 원유 판 비결 [핫이슈]",World
전자기 스펙트럼 장악하는 자가 미래 지배한다,World
"""이란 석유 갖고 싶어‥하르그 섬 점령할 수도""",World
모즈타바 세번째 메시지는 “이라크에 감사”…모습은 안 드러내,World
호주 LNG플랜트들 사이클론 피해로 가동 중단…가스난 심화,World
중동 긴장에 한국·일본·대만 증시 일제히 하락,World
"이스라엘, 가톨릭 추기경 성묘교회 출입 저지…비난 빗발에 철회",World
"[자막뉴스] ""이란이 협상안 수용!"" 밝혔지만…쉐도우 복싱? 대체 누구랑 얘기 중?",World
호주 LNG플랜트들 사이클론 피해로 가동 중단…세계 가스난 심화,World
"이란군, 미·이스라엘 군사령관·정치인 숙소 ""합법적 표적"" 지목",World
"이란전쟁 한달, 트럼프 진퇴양난…'최악 아니면 차악' 끔찍한 기로",World
고물가·해고에 '전쟁 공포'까지…美 근로자 덮친 '삼중고' 수난시대,World
국채 금리 뛰고 주가는 하락…커지는 'S 불안'(종합),World
"이스라엘, 68조원 규모 역대 최대 국방예산 통과…“방공망 확충”",World
"日닛케이지수, 2.79% 하락 마감…'다카이치 트레이드' 상승분 반납",World
“SNS가 괴롭다” 日 Z세대 확산 ‘어텐션 디톡스’란,World
"""다음은 쿠바""…트럼프, 이란 이어 다음 표적 지목",World
"[뉴스특보] 중동전쟁 한달째…미·이란, 협상·지상전 양면전략",World
"트럼프 “이란 석유, 가장 좋아하는 옵션…선택지는 많다”",World
"이란, 호르무즈 '통행료 카드'…월 최대 8억달러 노린다",World
"""이란 탄도미사일 제조시설 4곳 전쟁 한달 동안 타격""",World
"'냉온탕' 트럼프에 요동치는 국제유가…""이란과 곧 합의"" 진실은?",World
"""하르그섬 쉽게 점령할 수 있어""...지상군 투입 시나리오 [앵커리포트]",World
"""전쟁 한 달 동안 이란 탄도 미사일 제조 시설 4곳 타격""",World
"이스라엘군, 레바논 내 ""보안구역 더욱 확대""…점령 장기화하나",World
"“첫 실전 美 신형미사일, 이란 여자배구 훈련장 강타” …‘게임 체인저’의 두 얼굴 (영상) [배틀라인]",World
"美지상군 투입? 15만 이란 정규군 배수진…미국, 또 중동 늪 빠지나",World
"선원 2만명 걸프 고립…일부 선주 ""호르무즈 뚫고 나와라"" 압박",World
WP “전쟁 한 달간 이란 탄도미사일 제조 시설 4곳 타격”,World
정부 쫓아내고 수도 차지한 '후티' 반군…이란전쟁 변수되나[글로벌키맨],World
"트럼프 ""이란, 유조선 20척 추가 선물""…파키스탄·인도行 통과",World
"""이란 민간시설에 떨어진 미군 미사일, 첫 투입된 신형미사일""",World
"WP ""전쟁 한달간 이란 탄도미사일 제조시설 4곳 타격""",World
협상? 지상군 투입?…보도마다 엇갈리는 이란戰 전망,World
"이란, 전쟁통에 두배 더 벌었다…“작년보다 더 원유수출”",World
"""전쟁 한달간 이란 탄도미사일 제조시설 4곳 타격""",World
"너무 세게 맞았다, 하지만 돈은 벌었다…""이란 전쟁 자금, 아시아 깊은 곳에""",World
"[이슈+] ""트럼프, 전쟁 끝내겠다 마음은 먹은 듯""‥근데 왜 안 끝나나?",World
'평화 회담' 기대 속 공방 격화...최대 국방예산 통과,World
"쿠바 원유 공급줄 끊었던 미국, 러 제재 유조선 입항 허용",World
이란戰에 긴장하는 아프리카…지부티 미군기지 타격 가능성,World
"""조기경보통제기 깨졌죠? 러시아 위성이 찍었잖아""…잊힐까 두려운 젤렌스키의 고자질",World
"전쟁 5주째, 홍해 리스크 확산…브렌트유 115달러·亞증시 타격(종합)",World
"비싼 물가·세금 폭탄 피해 ‘탈뉴욕’… 짐 싸는 월가 거물들, 선벨트로 남하",World
"이란 배후는 러시아?…젤렌스키, 중동 파고들며 ‘군사적 밀착’ 주장하는 이유 [핫이슈]",World
"[영상] '핵시설 연쇄피격' 이란, UAE 알루미늄 생산시설 등 보복공격",World
러시아 도발? 강온 전략?…쿠바에 유조선 허용한 美 속셈은,World
"對쿠바 석유 공급 차단한 美, 러 유조선 쿠바행 용인",World
이란 전쟁에 아프리카 '긴장'…지부티 미군 기지 표적 가능성,World
미국 석유 금수에…쿠바에서 ‘카스트로 가문’이 부활했다,World
"""이란 정권 전복"" 미국·이스라엘 극비 작전… 수포로 돌아간 이유?",World
[월드 이슈] 중동 사태 한 달…미국·이란 협상 전망은?,World
인도 LPG선 2척 또 호르무즈 해협 통과,World
"美 국방장관 “이란전쟁, 예수 이름으로” 논란",World
美 ‘하늘의 눈’ 파괴한 이란... 러시아가 위치 알려줬나,World
"협상 타결될라…이스라엘, 이란·레바논 '파상공격'",World
"트럼프 보란 듯…중국, AI 함정·차세대 드론 등 과시",World
"WSJ “트럼프, 이란 우라늄 반출 군사작전도 검토”",World
"""美현대전서 가장 위험한 작전""…트럼프, 이란 우라늄 탈취 검토",World
"""에너지 전쟁의 승자는 이란""…석유 판매 수익 2배↑",World
‘산유국’ 이집트도 상점 밤 9시 영업 제한 조치… 글로벌 에너지 양극화 심화,World
이란 전쟁에 아프리카도 긴장…지부티 미군 기지 표적 가능성,World
“호르무즈 자유롭게 통항”…전쟁서 두들겨 맞고 있지만 이란이 승자,World
"“필터 아닙니다”…핏빛으로 물든 호주, 왜?",World
"""사우디 원유 실은 유조선, 호르무즈 통과 후 파키스탄 향해""",World
"이란, NPT 탈퇴 검토... 트럼프 “하르그섬 점령할 수도”",World
"트럼프, 이란 정권 교체 달성... 곧 협상 합의 기대",World
"트럼프 ""하르그섬 아주 쉽게 점령""…이란 석유 확보 야욕 드러내",World
이란 강경파서 NPT 탈퇴 주장…핵개발 본격화되나,World
“월남전 참전용사 홀대 받았다”는 트럼프 [김태훈의 의미 또는 재미],World
반세기 만의 '유인 달 탐사'...아르테미스 2호 카운트다운 [이 장면],World
[뉴스특보] 협상·지상전 기로 속…후티 참전에 긴장 고조,World
"미 군 전문가 “이란 투입 지상군, 임무 성공해도 인질 될 위험 커…‘블랙 호크 다운’ 상황 될 수도”",World
트럼프 관세 1년…세계 무역 질서 바꿨지만 제조업 부활은 '안갯속',World
"트럼프, 이란 우라늄 무력탈취 '검토'…아직 승인 안해",World
"파키스탄 ""며칠 내 평화회담""...미사일 공습에 이란 정전",World
[이슈톺] 트럼프가 공개한 편지 한 장...군사작전 위한 명분 쌓기?,World
"미, 러 유조선 쿠바행 용인…트럼프 ""생존해야 하니 상관없어""",World
"트럼프 ""정보수장, 이란 핵 문제에 나보다 온건""…이견 시사",World
"이스라엘, 예루살렘 미사 금지했다가 논란 일자 급히 시정",World
인도 LPG선 2척 또 호르무즈 해협 통과,World
“미군 5만으로 이란 점령? 어림도 없다”…美 내부서도 코웃음 나오는 진짜 이유 [핫이슈],World
"트럼프 ""이란 석유 갖고 싶다""…이란, 어린이까지 지상戰 동원?",World
‘행적묘연’ 이란 최고지도자 모즈타바 세번째 메시지 “이라크에 감사”,World
이제 ‘이 돈’에 투자해야 하나…“5년내 달러 천하 종료” 하버드 석학 경고 나왔다,World
예멘 후티 참전 현실화…홍해 공급망까지 흔드나,World
파키스탄 “조만간 미·이 회담 열 것”···중재국들 호르무즈 해협 ‘통행세 징수’ 제안,World
이란 공습에 파손된 '하늘의 눈'...미국의 굴욕? [앵커리포트],World
"美 지상전, 호르무즈 주변 7개 거점 때리고 핵물질 탈취 노릴 듯",World
"""미국 '하늘의 눈' 파괴는..."" 우크라 젤렌스키가 지목한 배후 [지금이뉴스]",World
이란 호르무즈 해협 봉쇄 유일 수혜자 이란…조력자는 중국,World
인도 LPG선 2척 또 호르무즈 해협 통과,World
"""미 지상군 도착하면 불태운다""…이란, 항전 의지",World
"""美, 이란 공격에 미검증 신형 미사일 사용…체육관·학교 타격""",World
연료 사재기 대란 속…인도 LPG선 2척 또 호르무즈 해협 통과,World
"""사우디 원유, 호르무즈 통과 후 파키스탄으로""",World
"英 이코노미스트 ""전장서 두들겨 맞은 이란, '에너지 전쟁'은 승자""",World
"와인수입 막은 대통령, 알고보니 포도밭 주인…발칵 뒤집힌 스위스",World
'예수 이름으로' 전쟁 임하겠다는 美 국방장관,World
"후티 막던 핵항모, 체면 구겼다...화장실 고장·세탁실 화재 '전열 이탈'",World
"5차 중동 전쟁이라는 착각, 어떤 오해를 키웠나",World
일단 에너지 전쟁은 이란이 승자…석유 판매 수익 2배로,World
"""트럼프, 이란에 우라늄 포기 압박하면서 무력 탈취 작전도 검토""",World
"쿠바 인도주의적 위기에...美, 처음으로 유조선 진입 허용",World
"이란전 한달, 美 증시 향한 상반된 시선…""불확실성 커졌다"" vs ""美, 버틸 수 있다""",World
인도 LPG선 2척 또 호르무즈 해협 통과,World
[자막뉴스] 겉으로는 엇박자...'이란전' 트럼프식 벼랑 끝 전술,World
"하르그섬 점령 얘기하던 트럼프 ""이란과 협상 극도로 순조로워"" [HK영상]",World
"‘하늘의 눈’ 파괴 배후는 러시아?…젤렌스키 “러, 이란에 위성사진 제공”",World
"“美지상군, ‘여기’부터 쳐들어가야”…호르무즈 7개섬 ‘아치형 방어선’ 겨누나 [배틀라인]",World
"[자막뉴스] ""우크라 전 영토가 공격 대상""…종전 급한데 참전국 들불처럼 확산",World
美4500억짜리 조기경보기 파괴 배후? “러가 위성사진 제공” 우크라 주장,World
개전 한 달째 포화…이란 'NPT 탈퇴 검토'에 미국 '하르그섬 점령' 만지작,World
"미군 5만명, 이란과 전면전?…""호르무즈 서쪽 3개섬 주목""",World
프랑스·이탈리아·스페인도 국채 금리 급등,World
중동戰 직격탄…日증시·엔화·국채값 '트리플 약세',World
"피아식별 못 하는 이스라엘, 이젠 유엔군에 포격 ‘쾅쾅’…트럼프 반응은? [핫이슈]",World
세계적 경제학자 “5년내 中위안화 기축통화 가능성”,World
[자막뉴스] 심상치 않은 후티 반군 움직임...홍해 다시 '위기',World
[뉴스특보] 중동 전쟁 한달…'종전'·'확전' 분수령,World
트럼프·밴스 '조기종전' 시사…'평화 편지' 공개도,World
"'천연 성벽' 이란 산맥…""미군 5만명 집결에도 지상전 못 이겨""",World
"“사람은 살아야지”…트럼프, 쿠바행 러 유조선 용인",World
[줌인] 무너질 듯 버틴다… 美 압박 속 다시 등장한 ‘카스트로 가문’,World
'협상' 언급 속 군사력 증강...'강제 종전' 수순 밟나,World
"베네수 이어 러 동맹 또 쓰러질라…푸틴, 이란 발벗고 돕는 이유",World
프랑스·이탈리아·스페인도 국채 금리 급등,World
이란 ‘NPT 탈퇴 검토’…미국 ‘하르그섬 점령’ 만지작,World
"美 전역 8백만이 외쳤다‥""반 트럼프·반 전쟁""",World
"말로 안되면 군사 탈취…트럼프, 이란 우라늄 투트랙 압박",World
"""꽤 조기에 합의할 것""…""호르무즈 '7개 섬' 공격 가능성""",World
트럼프 “내일 20척 호르무즈 통과”…지상군은 집결 중,World
개전 한달째 포화…이란 'NPT 탈퇴검토'에 美 '하르그섬 점령' 만지작,World
"""이란 석유 갖고 싶어‥하르그 섬 점령할 수도""",World
"[영상] 20조짜리 美핵항모, 전선서 후퇴…세탁실 화재 수리차 지중해로",World
日 이지스함에 '토마호크' 장착…새 중·일 갈등 불씨되나,World
중국에서 갑자기 ‘딥시크 붕괴‘가 키워드로…무슨 일?,World
"""공습 당해도 마트 안비었다""…이란 40년 쌓은 '생존 본능' 정체",World
“협상 극도로 잘돼”…이란 내분 키우려는 트럼프식 화법,World
"미군 5만명 중동 배치, 이란 “미 항모 오면 타격”… 호르무즈 전운 고조",World
"호르무즈 봉쇄 속 '이례적 통과'…사우디 원유 실은 유조선, 파키스탄행",World
"""트럼프, '미군 수일간 이란내 투입'…우라늄 확보작전 여전히 검토""",World
러-우 하루 수백대 드론전… 주변국은 ‘영공 비상’,World
일단 에너지 전쟁은 이란이 승자…석유 판매 수익 2배로,World
‘MAGA들도 우려한다’…“지상공격은 신중히 결정해야” 이란전에 신중론 고개,World
확전 우려에 유가 급등…브렌트유 115달러 돌파,World
"""트럼프, 이란 우라늄 탈취 작전도 검토""",World
트럼프 “하르그섬 점령 검토”,World
"""트럼프, 이란에 우라늄 포기 압박하면서 무력탈취 작전도 검토""",World
"中환구시보 “이란戰 한 달, 통제불능 전 휴전 압박해야”",World
트럼프 입 열기 직전 ‘7560억 베팅’…“누가 미리 알았나” 美 발칵 [핫이슈],World
"이란 강경발언 나오는데…트럼프 “협상, 타결 임박…유조선 20척 호르무즈 통과 허용”",World
"이란군 겨냥 ""악한 영혼에 저주를""…美국방, '십자군식' 군 개혁 박차",World
러시아가 이란에 좌표 줬나…美 ‘하늘의 눈’ 파괴 배후?,World
“등에 샤워기 물 맞고 서 있지 마세요”…전쟁이 부른 ‘사우나 푸어’,World
"대만 학자 ""美의 이란 공격, 장기적으로 대만에 도움"" 주장",World
“후티發 홍해까지 막히면 유가 150달러”...사우디 ‘역할론’도 확대,World
'드문 통과' 사우디 원유 등 호르무즈 지나,World
[이슈톺] 미군 피해에 전쟁 비용까지...격화하는 '반트럼프' 움직임,World
"2600만 구독 中 '입시 전략가' 사망에…""가난한 학생 희망"" 수험생 애도 물결",World
"""사우디 원유, 호르무즈 통과 후 파키스탄으로""",World
“쓰레기장 안 돼” 베센트도 우려한 사모대출...재무부 직접 나섰다,World
"월가, '타코' 신호 포착…트럼프, 이란 전쟁도 물러설까",World
"450kg '우라늄' 탈취 나서나…트럼프, 지상군 투입카드 '만지작'",World
"""협상 잘 진행"" 트럼프, 인터뷰에서는 '하르그섬 점령' 언급[미국-이란 전쟁]",World
"이스라엘, 예루살렘 미사 금지했다가 논란일자 급히 시정(종합)",World
"4,500억 '미군의 눈' 박살났다...뻥 뚫린 방공망에 전략자산 잿더미",World
'유가 150달러로 급등' 홍해·호르무즈 '쌍방 봉쇄' 시,World
"美, 러 유조선 쿠바행 용인…트럼프 ""생존해야 하니 상관없어""(종합)",World
"트럼프 ""이란, 15개 항목 대부분 수용… 정권교체 이미 이뤄져""",World
호르무즈 이어 홍해까지 위협…국제유가 급등·亞증시 하락,World
"우크라 외무 ""美 군사 원조, 중동 등 타 지역 전용 안될 것""",World
"미군 5만명 집결…""이라크전의 20% 수준, 이란 점령 불가능""",World
"獨라인메탈 CEO ""우크라 드론 레고 수준…주부들 부엌서 만들어""",World
"美석학 로고프 ""달러 무기화에 中·유럽 '통화 해방' 속도""",World
"트럼프 ""이란 석유 원해"" 요동친 국제유가…美 지상작전 임박했나(종합)",World
"파키스탄 ""며칠 내 美·이란 회담""…호르무즈 통행료도 논의",World
"""수세기 만의 초유 사태""…예루살렘 성지 봉쇄, 추기경도 막아",World
"“우크라 드론, 레고 수준”... 독일 최대 방산업체 CEO 발언 뭇매",World
후티 참전에 국제 유가 요동...브렌트유 115달러로 급등,World
"""할 수 있었잖아""…비싸다 욕 먹던 '11만원' 오타니 컵, 혜택 '확' 달라졌다",World
"[르포] 에어차이나, 베이징-평양 직항 재개…첫 탑승객은 10여명뿐",World
트럼프 “이란과 협상 극도로 잘돼…꽤 조기에 합의할 수도”,World
"트럼프 “아마도 합의하게 될 것” 협상 띄우지만…美, 이란 우라늄 회수 지상전 검토",World
"중동 미군 1만 증파해 5만 집결…""전면적 지상전엔 턱없이 부족""",World
"미 국방, 전쟁하며 '예수 이름으로'…위헌·규범 파괴 논란 확산",World
유가 급등 중인데…우크라 연이어 러 정유시설 콕 집어 공격하는 이유 [핫이슈],World
'중동 불안'에 日금융시장 출렁…닛케이 5% 급락·엔/달러 160엔(종합),World
트럼프 “이란 석유 원해… 하르그섬 점령도 검토”,World
"트럼프 ""꽤 조기 합의""...이란·레바논 사망자 3천 명",World
"트럼프 ""이란, 30일부터 유조선 20척 호르무즈 해협 통과 허용키로…협상 극도로 잘하고 있어 조기에 합의할 것""",World
"""4500억짜리 조기경보기가..."" 이란 급습에 두 동강 난 'E-3' [Y녹취록]",World
"""걸프전보다 더 무섭다"" 3월 유가 51% 폭등·금값 15% 추락…금융시장 '혼란'",World
트럼프 ‘가장 위험한 도박’…이란 땅속 우라늄 직접 뺏는다[美-이란 전쟁],World
"""쿠르드 민병대로 이란 전복""…모사드 수년 기획 공염불 된 전말",World
이스라엘 공업지대에 이란 미사일…레바논에 완충지대 확장 지시,World
"트럼프, 이란 우라늄 450kg 반출 군사작전 검토",World
"""통행료 내고 지나가라"" 이란 손 들어준 4개국...전 세계 에너지 공급망 '비상'",World
"트럼프 ""이란 석유 가져오고 싶다… 하르그섬 점령도 검토""",World
"‘親이란’ 후티까지 참전, 유가쇼크 亞 넘어 유럽으로…“디젤·LNG 확보 초비상”",World
후티 반군 공식 참전에 이란전 위기↑…국제유가·원자재값 '요동',World
美지상군 하르그 아니라 '이곳' 주목,World
"원자바오, 베이징 시내에 깜짝 등장…외부 노출 빈도 늘어",World
"이스라엘군, 이란 주요 군수 시설 타격 거의 마쳐",World
“기가 차서 배부르네” 논란의 상하이 디즈니랜드 10주년 ‘생일 음식’ [여기는 중국],World
"중국, 일본 구축함 '미 토마호크 장착'에 긴장…""안보 위협""",World
"트럼프 ""내 바람은 이란 석유 접수""…하르그섬 점령 시사",World
美 금리 인상 현실화되나…이란발 고물가에 '역주행 공포',World
"美, 러시아산 석유 쿠바 공급 용인…전력난 완화할 듯",World
"""쏠수록 끝 보인다""⋯중동 전쟁, 남은 탄약이 변수",World
트럼프 책사 배넌 '지상전? 글쎄',World
이란 점령엔 ‘0’ 하나 부족한 미군…5만명으론 지상전 꿈도 못 꾼다,World
"푸틴에 뒤통수 맞은 트럼프…“이란, 러 덕분에 4500억짜리 ‘미국의 눈’ 박살” [핫이슈]",World
중동 주둔하는 미군 5만명 돌파…이란 전면 침공하기엔 부족,World
"트럼프 ""하르그섬 점령 가능…베네수처럼 이란 석유 접수 원해""",World
"미 지상군 투입 때 어디 치나...“이란 호르무즈 7개 섬, 공격 가치 더 높아”",World
"레바논 작전 재개한 이스라엘, 또 유엔군 공격",World
"이란, 지상전 징후에 항전 의지…발빼는 美부통령?",World
이란 1000발·미국 토마호크 2000발…‘정밀 교란’으로 길어지는 교전,World
"이란戰 장기화에 마가 분열 가속…유력인사들, 지상전 경고",World
"""7500명 이란에 집결""...美 지상전 움직임은 압박용? [Y녹취록]",World
지상전 우려 확대‥홍해마저 '봉쇄 위기',World
"美, 쿠바 석유 봉쇄 깜짝 완화…러시아 유조선 한 척 진입 중",World
"미국, '평화·종전' 말하지만...""이란 7개 섬 지상전 가능성""",World
이스라엘 공업지대에 이란 미사일…레바논에 완충지대 확장 지시,World
"이집트, 유가폭등에 밤 9시 영업종료 지시.. 카이로 철야 영업 타격",World
"[속보] 트럼프 “미군, 이란 석유 수출 허브 하르그섬 점령 가능”",World
"파키스탄, 아랍 4개국 회담 개최 등 이란전쟁 중재자 부상 배경은?",World
중동 배치 미군 5만명…군사 전문가들 “이란 전면전엔 역부족”,World
이스라엘에 미사일 발사…후티 참전에 국제유가 다시 급등,World
"""이란 전면 침공전엔 부족""…중동 내 미군 이제 5만 명",World
"中, 日구축함 '美토마호크 장착'에 긴장…""안보 위협""",World
"[속보] 트럼프 ""미군, 이란 석유 수출 허브 하르그섬 점령 가능""",World
"美 정부, 러시아 유조선 쿠바행 용인…31일 도착 전망",World
"해병대 집결, 중동 내 미군 ‘5만명’ 돌파…이란 전면 침공 가능?",World
"밴스 美부통령 ""이란 거세가 목적""…유가 급등엔 선 그어",World
[월드앤이슈] 미·이란 대면협상 안갯속…군사적 긴장감 격화,World
트럼프 별장 부근에 민항기 출현… 전투기 출격해 쫓아내,World
"""홍콩 여행 갔다 징역형 살 수도""…모르고 있다간 큰일 나는 '안보법'",World
후티 참전에 브렌트유 115달러로 급등,World
"이란 급습에 미 '4,500억원' 제트기 파괴…사우디 미군기지 피격",World
미군의 굴욕…박살 난 '4500억' E-3 센트리 조기경보기 공개,World
NYT “중동 내 미군 5만 명…이란 전면 침공전엔 부족”,World
중동 내 미군 이제 5만명…이란 전면 침공전엔 부족,World
CNN “美 지상군 투입시 하르그섬보다 호르무즈 방어선 7개섬 우선 공략될 수도”,World
이란 의회 의장 “美 지상군 도착하면 불태울 것”,World
[중동전쟁] “호르무즈 해협 ‘톨게이트 통행료’ 30억 현실화”,World
"유조선 반드시 지나간다...미 지상군, 호르무즈 투입 핵심 거점은?",World
‘친트럼프’ 게이츠·베넌마저···이란 지상전에 ‘신중론’,World
"""호르무즈 7개 섬 공략 가능성""...美 '지상군 투입' 시나리오 [Y녹취록]",World
"미국 철수 언급에 놀란 네타냐후...""전쟁 근본적으로 바꾸겠다"" 선언 [지금이뉴스]",World
[자막뉴스] 데이터 분석해보니...이란 상황 '악화일로',World
"태국, 이란 호르무즈 해협 통과 합의…인도네시아도 협상 중",World
푸틴의 한 수...美 ‘앞마당’ 쿠바에 유조선 보냈다[이태규의 워싱턴 플레이북],World
"美 4천500억원 '하늘의 눈', 이란 미사일에 당했다",World
"이란 강경파, 핵확산금지조약 탈퇴 주장…대학 연구시설 폭격에 분노",World
"트럼프, 이란戰 와중 목사 편지 공개…“당신은 평화의 사람”[1일1트]",World
"미 지상군 투입 시나리오 보니…""호르무즈 방어선 7개섬 주목""",World
"[뉴스특보] 미 지상군 7개섬 투입 주목…이란 ""불태울 작정""",World
[자막뉴스] 이슬람 국가들도 가세...호르무즈 통행료 '급물살',World
[중동전쟁] 이란 “미군 지상 도착 목 빠지게 기다려…그들을 불태울 것”,World
"트럼프·밴스, 평화·종전 언급...""이란 7개 섬에서 지상전 가능성""",World
"""곧 철수"" 출구 찾는 미국…이란은 '해협 통제' 강경 조건",World
전쟁 판 뒤집을 변수…미군 지상전 시나리오,World
"美정부, 러시아 유조선 쿠바행 용인…이달말 도착 전망",World
"[부자들의 투자노트] 블랙록 ""어떤 헤지수단도 존재하지 않아""",World
독 라인메탈 CEO “우크라 드론은 레고 수준”…비판 일자 사과,World
"네타냐후 “레바논 공격 확대해 완충지대 넓히도록 지시""",World
"트럼프 행정부, 러시아 유조선 쿠바행 용인...이달 말 도착 전망",World
"인도적 위기 쿠바에 美, 러시아 유조선 입항 용인",World
"“美 국방부, 몇주간 이란 내 지상작전 준비중…수개월 걸릴 수도”",World
"""돈줄 끊어라"" 우크라, 러시아 석유저장시설 공격",World
"미군 3500명 중동 도착…이란 ""미군 상어밥 만들 것""",World
이슬람 4개국 회담…호르무즈 통행료 징수 방식 통과 논의,World
"이란, 지상전 징후에 항전 의지…발빼는 美부통령?",World
미 보수 심장부도 '이란 지상전' 반대...트럼프 지지층 분열 조짐,World
"[마켓 브리핑] 트럼프, 연일 이란 협상 발언 뒤 잇단 확전 신호",World
[스타트 브리핑] 홍해 항로도 봉쇄 위기...에너지 수급난·물류 위기 '겹악재',World
"이란, 협상 조건 '호르무즈 통행료' 제안…""미 지상군 불태우겠다""",World
"미국, 호르무즈 인근 이란 항구도시 기습 공격…이란 “미군 불태우겠다”",World
"""미국, 지상 작전 준비 중""…이란 전쟁 확전·협상 분수령",World
"'친 트럼프' 중량급 맷 게이츠·배넌, 보수행사서 지상전 신중론",World
"""미증시는 트럼프 TACO에 베팅""- 야후 파이낸스",World
"트럼프·밴스, 평화·종전 언급...""이란 7개 섬에서 지상전 가능성""",World
‘큰 그림’ 없고 닻은 부러졌다··· 트럼프의 허술한 출구전략,World
"홍해까지 막히면 ""유가 150달러""…세계 경제 '긴장'",World
파리 부자들의 격노...자전거 타고 등장한 신임 시장의 정체 [목수정의 바스티유 광장],World
"'친 트럼프' 게이츠·배넌, 이란 지상전에 신중론",World
이란 급습에…4천500억 원짜리 '미국의 눈' 당했다,World
미 지상전 장소 “호르무즈 7개 섬 유력”…아치형 핵심 요충지,World
"""美 지상군, 하르그섬보다 호르무즈 7개섬 공격할 가능성 높아""",World
"이란 보수 매체, 종전 협상 조건으로 미군 철수·호르무즈 통행료 등 9개 항목 제시",World
美 상륙작전? 호르무즈 해협 이란의 ‘가라앉지 않는 항공모함’ 7개섬 초점,World
[증시전략] 美 병력증파·후티 참전에 중동정세 '소용돌이'…시장은?,World
"이번주가 중대 고비…앤디김 ""지상전 너무 위험""",World
"'親트럼프' 중량급 맷 게이츠·배넌, 보수행사서 지상전 신중론",World
"중동 집결한 미군‥부통령은 ""곧 종전"" 딴소리",World
"이란, 사우디 공격에 4500억원짜리 미 조기경보기 파괴",World
"궁지에 몰린 이란, ‘드론 사용법’ 과외 교사된 러시아",World
[외신 헤드라인] 중동 사태로 헬륨 '비상'…반도체 생산 직격타,World
"이란 매체, 美에 9개 조건 제시...“호르무즈 선박에 새 경제 시행”",World
"예멘 후티 반군, 공식 참전 선언…호르무즈 이어 홍해도 막히나",World
"공업지대 피격, 유해 화학물질 유출…이슬람 4개국 회담",World
"후티 참전 선언했는데…홍해서 불난 美포드 항모, 크로아티아서 수리",World
'이란 동맹' 후티도 참전…불붙은 중동 위기에 기름 붓나,World
"미 전역 8백만이 외쳤다 ""반 트럼프·반 전쟁""",World
후티發 중동위기 격화일로…홍해 막히면 사우디 참전 가능성,World
이스라엘 공업지대에 이란 미사일…레바논에 완충지대 확장 지시,World
태국 총리 “유조선 호르무즈해협 통과 이란과 합의”,World
"[비즈차이나] 라부부 다음이 없다… 팝마트, ‘IP 확장’으로 승부수",World
"NYT ""우크라이나, 미국의 안전 보장 늦어지자 중동과 드론 외교로 10년간 방위 협정""",World
"확전인가 종전인가...갈림길 선 중동전쟁, 시장은 불안감 증폭[글로벌 모닝 브리핑]",World
미국도 놀란 KF-21 양산 속도···UAE·사우디서 관심,World
“혈당 200→110으로”…아침 공복에 마신 '이 차' 당뇨 확 떨어뜨려,World
"美 이란 지상군 투입 검토에…앤디 김 ""너무 위험하다"" 반대",World
"xAI 공동창업자 11명, 3년만에 모두 퇴사",World
"트럼프·밴스, 평화·종전 언급...""이란 7개 섬에서 지상전 가능성""",World
"美 E-3 조기경보기, 이란서 첫 피격…""실전서 손실 처음""",World
후티 반군 이란 전쟁 참전…이번엔 홍해 봉쇄되나[미국-이란 전쟁],World
"금리 인상 우려, 암호화폐 일제 하락…비트 6만6000달러대",World
"이란전에도 글로벌 금융사 “美, 경기 침체 피한다”…낙관론 근거는?",World
"[뉴스특보] 미군 병력 중동 추가 배치…이란, 결사항전 의지",World
미·이란 대면협상 불발?…한달 '중동전쟁' 분수령,World
“이란 급습에 굴욕”…美 4500억원 ‘하늘의 눈’ 파괴됐다,World
"“美, 지상전 준비… 협상 결렬 땐 기습 공격 할 수도”",World
후티 ‘원유 10% 운송길’ 위협… 사우디 참전 땐 전선 더 확대,World
파키스탄·태국 “이란과 통행 합의”… ‘호르무즈 톨게이트’ 현실화하나,World
[단독] 트럼프 1기 참모 “전쟁 장기화… 美패트리엇 한국 복귀 어려울 것”,World
[글로벌 비즈 브리핑] 중동 사태 장기화…곧 반도체도 못 만든다 外,World
중동 외교전 가동…파키스탄서 호르무즈 해법 집중 논의,World
"이란, ‘호르무즈 톨게이트’ 추진… 美 “용납 못해”",World
"네타냐후, 협상론 와중에 “공격 계속”… 이란 ‘유일가동’ 원전 때려",World
"홍해 틀어쥔 후티 참전, 韓 ‘유럽 수출길’ 비상",World
"“美, 몇주짜리 이란 지상전 준비… 전면전 아닌 기습공격 예상”",World
"'드론계 엔비디아'…스워머, 중동 사태 덕에 주가 '고공행진'",World
구글 '터보퀀트' 쇼크…美 반도체주 1천억달러 증발,World
중동 사태 장기화…곧 반도체도 못 만든다,World
"'회당 30억?' 호르무즈 통행료 추진, 이슬람 국가들 가세",World
"미 지상군 투입땐 어디부터 공략?…""호르무즈 방어선 7개 섬 주목""",World
트럼프 해협?… 예측 불가 '트럼프 입',World
'동맹'도 '유엔'도 무력화… '제2 호르무즈' 리스크 번진다,World
"'부자아빠' ""내년에 부자될 기회…시장붕괴 노려라""",World
중동 전쟁 5주째 확전…후티 참전·미군 증파에 전면전 우려 고조,World
"이란 최고지도자 하메네이, 이라크에 감사 메시지…여전히 은둔 통치",World
"이스라엘, 남부 레바논 작전 확대…""헤즈볼라 로켓 위협 차단""",World
"""미 지상군, 호르무즈 방어선 7개 섬에 투입 가능성""",World
"네타냐후 ""레바논 완충지대 확대""…지상전서 헤즈볼라 사살도",World
호르무즈 불안 틈탄 홍해 위협… 아라비아반도 양면 봉쇄 우려,World
"라인메탈 CEO ""우크라 드론, 레고 수준""…논란 일자 사과",World
"EU, 호르무즈 해법으로 제시한 ‘흑해협정’… 러시아 일방적 파기로 실패한 모델",World
"美지상군 투입땐 어디부터 공략?…""호르무즈 방어선 7개섬 주목""",World
이란 공격에…“하늘의 지휘소” 美E-3 조기경보기 피격 파괴,World
이란 전쟁에 안전자산 미국채도 '휘청'…아이셰어즈 60/40 ETF 손실,World
美 해군·해병대 3500명 중동 도착… 지상전 압박,World
"후티도 참전, 홍해로 번지는 불길",World
"AI 가짜 영상으로 美 ‘폭격’… 이란, 사이버 선전전에 총력",World
"이란, 얼마나버틸까…“1∼2주간 미사일 충분히 공격 가능”",World
후티도 뛰어들었다…홍해 막히면 유럽 직격탄,World
"이란, 호르무즈 통제권 굳혀가나… 태국·파키스탄과 선박 통과 합의",World
"이란 ""미 지상군 도착하면 불태울 것""...한 달 넘긴 전쟁",World
이란 의회의장 “미군 지상 도착 학수고대 중…도륙낼 것” 경고,World
확전의 그림자...데이터로 본 이란 전쟁 한 달,World
'저항의 축' 후티 참전 새 변수... '수에즈 통로' 홍해도 막히나,World
"미국·이란, 대면 협상 나서나?...안갯속 전망",World
"""미 국방부, 이란내 지상전 검토""...트럼프, 승인 여부 불투명",World
"이란 군부 ""미군 침공할 경우 섬멸하겠다""",World
"이란 매체, 종전 조건으로 ""미군 중동 철수·호르무즈 통행료"" 주장",World
이란 급습에 美 4천500억원짜리 'E-3 센트리' 조기경보통제기 파괴,World
"홍해까지 막힐 수 있다…사우디 참전 가능성, 이란 전쟁 확산 일촉즉발",World
4500억짜리 ‘하늘의 지휘소’가 뚫렸다…미 E-3 조기경보기 사상 첫 피격,World
이란 급습에 美 '하늘의 눈' 첫 파괴…4500억 날아갔다,World
후티 가세로 홍해까지 위험...사우디도 참전하나?,World
"타격 입은 이란...""그래도 몇 주 동안 공격 가능""",World
"""이란 공습에 4500억짜리 완파""...美 '하늘의 눈' E-3 당했다",World
"이스라엘, 헤즈볼라 공습 과정에서 레바논 언론인 3명 표적 살해",World
"이란, 4,500억 짜리 미군 '하늘의 눈' E-3 첫 파괴",World
인도행 가스 탱커 2척 호르무즈해협 통과,World
"EU, 흑해협정 모델로 호르무즈 해법 논의",World
"4500억짜리 美 ‘하늘의 눈’ 당했다… 이란, 사우디 기지 공격 때 파괴",World
"이란 ""미 지상군 도착하면 불태울 것""...후티, 이틀째 가세",World
“4500억짜리 美 조기경보기 두동강”…이란 급습에 첫 손실,World
"""이란 급습에 굴욕""…미 4500억원짜리 '하늘의 눈' E-3 사상 첫 파괴",World
이란 급습에 쓴맛…4500억 원짜리 '하늘의 눈' 첫 파괴,World
이란 미사일에 또 쓴 맛…4500억 美 '하늘의 눈' E-3 파괴됐다,World
高유가 달래기? 밴스 美부통령 “다시 내릴 것…이란전 조금만 더”,World
“제발 그만” 전세계가 외치는데…트럼프 “다음은 쿠바” 또 공격 시사,World
이란 급습에…미군 4500억원짜리 '하늘의 눈' E-3 최초 파괴,World
"미, ‘지상전’ 압박 최고조…이란 “도착하면 불태울 것”",World
“미군 지상전 오면 목숨 불태울 것”...이란 결사항전 의지 중동 긴장 고조,World
이스라엘 ‘엇박자’ 왜?…美 협상 중에 이란 원전 때렸다,World
"""미군 철수·제재 해제""...이란, 美에 종전 9대 조건 제시",World
이란 급습에 쓴맛…美 4천500억원짜리 '하늘의 눈' E-3 첫 파괴,World
이란전 30일차｜트럼프 “10일 더”…후티 참전과 ‘테헤란 톨게이트’ [전황브리핑],World
美가 주목한 이란 의회의장 “미군 지상 도착땐 불태울 것”,World
"이란 ""미국 지상군 들어오면 끝장""…결사항전 선언",World
‘분노의 아메리카’… 공화 텃밭에도 ‘노 킹스’ 들불,World
"친이란 후티 반군까지 ‘참전’…포화, 중동 전역 확산 가능성",World
"이란, 사우디 미군 기지 급습…‘하늘의 눈’ 조기경보기 파괴",World
"호르무즈 해협 ‘가라앉지 않는 항공모함’ 7개의 섬, 이란 전쟁 핵심 요충지로",World
미군 '수주간' 지상작전 준비 중…최대 1만병 파병도 검토,World
"이란 국회의장 ""미군 지상 도착 기다리는 중…불태워 버릴 것""",World
"홍해까지 막히면 ""유가 150달러""…세계 경제 '긴장'",World
이스라엘의 협상 재 뿌리기?‥대학까지 공습당한 이란은 보복 선언,World
[뉴스추적] 내일 중재국 회담…지상군 투입 셈법은?,World
"""美, 수 주 동안의 이란 지상작전 준비 중""‥밴스는 조기 종전 시사?",World
"트럼프, 감당 가능?…美 부상자 300여명 대부분 ‘뇌 손상’, 부상 원인 공개 [핫이슈]",World
"""트럼프를 끌어내라""‥'반전'으로 확산되는 '노 킹스' 시위",World
호르무즈 봉쇄 해제 뒤 '트럼프 해협' 개명 검토,World
"홍해서 화재 발생했던 미군 포드 항모, 크로아티아로",World
"이란 의회 의장 ""지상 진입 미군 불태울 준비 돼 있다""",World
"“美, 몇주짜리 이란 지상전 준비…전면전 침공 아닌 기습공격 예상”",World
"이란 매체 “중동 미군 완전 철수하고, 호르무즈 통행료 징수”…협상조건 제안",World
이란 “미군 지상 도착하면 불태울 것” 항전 의지,World
북한도 있는데 한국엔 없다...세계 핵무기 1만기 돌파 ‘히로시마 원폭 13만개 위력’,World
"美, 지상전 준비에 '친이란' 후티 참전… 홍해까지 막히나 [美-이란 전쟁]",World
"이란, 미사일 언제까지 쏘나…""짧게는 1~2주 더 버텨""",World
‘12세 아동 징집’ 이란정권 “미 지상군 진입 땐 불태운다…패배 모르는 민족” 과시,World
후티전 참전했다 불난 美 '포드 항모' 크로아티아로,World
"파키스탄, 태국 선박 잇따라 호르무즈 통과…""이란과 합의""",World
"이란 의장 “미군 지상전 기다린다, 목숨 불태울 것”…‘결사항전’ 성명",World
"주말 '대면 협상' 없었다…""美 수주 간 걸친 지상 작전 준비""",World
"전쟁이 바꾼 구도…‘포스트 트럼프’ 밴스, 루비오 맹추격에 긴장",World
"이란 갈리바프 ""우리 병사들은 미군이 지상에 도착하기를 기다리며, 그들의 목숨을 불태울 것"" 결사항전 의지",World
"미국·이란, 대면 협상 나서나?...안갯속 전망",World
"[속보]미국, 호르무즈 코 앞 항구도시 기습 공격…5명 사망",World
미 지상군 '압박 카드' 현실화…'하르그 점령' 방안도 검토,World
[일요와이드] 후티 참전 속 미국 지상전·협상 병행…종전 전망은,World
미 해군·해병대 3500명 중동 도착…하르그섬 투입 유력,World
"선박당 30억원… 이란, 호르무즈에 ‘통행료’ [美·이란 전쟁]",World
"협상이냐 결사항전 지상전이냐… 미·이란 전쟁, 중대 분수령",World
‘원유수송로 대안’ 홍해까지 위험지대로 [美·이란 전쟁],World
"후티 반군, 이스라엘 폭격… 홍해도 봉쇄 위기",World
"이란 ""미군이 지상 도착하면 불태우겠다"" 항전 의지",World
“그린 생산비 2배 비싸…세계 최대 수소충전소도 100% 그레이”,World
유럽 '피시플레이션'…밥상까지 위협하는 이란 전쟁,World
“가라앉지 않는 항공모함”···호르무즈 해협 7개 섬 ‘이란 핵심 방어선’ 부상,World
통행료 걷는 ‘이란판 톨게이트’…호르무즈 해협 봉쇄에 전세계가 인질 [핫이슈],World
"'親이란' 후티, 이스라엘 공습…홍해 입구까지 막히나",World
"미 안전보장 미적대자…우크라, 걸프국과 10년 방위협정",World
美 지상군 증파·후티 참전 … 공격 수위만 더 올라가,World
"이란 ""미군이 지상 도착하면 불태우겠다"" 항전 의지",World
"번복에 번복, 트럼프 말 안 믿는 시장…유가 뛰고 주식·채권 급락",World
"美 안전보장 미적대자…우크라, 걸프국과 10년 방위협정",World
"이란, 사우디 미군기지 때렸다…美 지상군 기습 태세",World
"후티 참전에 중동 전선 확산…美, 이란 지상작전 검토(종합)",World
"""왕은 없다""...美 '反 트럼프 시위'에 800만명 집결",World
"[자막뉴스] ""이란군 궤멸"" 다음날 쏟아진 이란 폭격…'하늘의 눈' 미 최고가 전략자산 공중조기경보통제기 파손",World
"이란 미사일 재고 언제까지 버티나…""짧게는 1~2주""",World
“이번 주가 중대 고비”…미-이란 물밑협상 속 군사긴장 격화,World
홍해 흔드는 '후티'는 누구?…예멘 북부 실질 통치 '저항의 축',World
트럼프 승리 선언은 감감…미 패권 세 기둥 한꺼번에 흔들,World
이란 미사일 1000발 이상 남은 듯…미국 토마호크는 2000발 이상,World
"미국도 오락가락...밴스 부통령 ""목표달성 임박, 곧 철수""",World
물류동맹 '홍해'마저 막히나…후티 반군 참전속 美지상군 준비 본격화,World
후티도 뛰어들었다… 홍해 막히면 사우디·유럽 경제 직격탄,World
"타격 입은 이란...""그래도 몇 주 동안 공격 가능""",World
트럼프發 핵 도미노…세계 '새 핵 시대'로 내몰린다,World
호르무즈 해협 인근 '포성'...후티 참전 본격화,World
"태국 ""호르무즈 안전 통과 이란과 합의""…인니도 ""긍정적 협상중""",World
"[뉴스특보] 미국, 지상전·협상 저울질…후티도 공식 참전",World
중동전 장기지속 여부…이란 ‘미사일 제고’에 달렸다,World
"트럼프, 콕 집어 “이란 다음 쿠바”…정권 교체 재촉 위한 겁박",World
"""허락받은 배만 통과""…일본 이어 태국·인니·파키스탄도 이란과 개별 합의",World
걸프국에 방공기술 수출 노리는 우크라···이란 전쟁에 휘말리나,World
"""이란, 로켓 거의 없다""던 트럼프...정작 美 정보당국은 ""여전히 상당수 보유""",World
빨라지는 中 정치시계…70년생 첫 장관 등장에 장궈칭 부총리에 쏠리는 시선,World
나프타 이어 알루미늄도? 중동 피격에 공급망 ‘빨간불’,World
"美, 해병대 등 추가 배치 완료...지상군 투입 ‘촉각’",World
일본 평화헌법 9조의 정치경제학: 세계유산으로 남겨야…,World
"거침없는 트럼프 ""트럼프 해협, 앗 실수…이란 다음은 쿠바""",World
"미국, 이란 ‘보물섬’ 하르그 겨냥 지상작전 준비…장기전 자초하나",World
"""미군, 한달전부터 지상작전 준비""…전면전보다 기습작전 유력",World
"미국 눈치 안 본다…印, 러시아 S-400 5기 추가 도입",World
"""더이상 구질서 수호 못해""…이란 전쟁이 앞당긴 3가지 질서재편",World
"""어리석은 전쟁 관둬라"" 美 反트럼프 시위에 800만 명 참가",World
"우크라, 걸프 국가들에 방공기술 전수하다 표적돼",World
[자막뉴스] 가상훈련까지 마쳤다...'치고 빠지기' 준비에 미군도 피해 위기,World
"파키스탄, 美·이란 전쟁 중재 자처…외교적 도박인가 기회인가",World
"지상전이냐, 협상이냐…중동전쟁 후티 참전으로 확대",World
"[기획] ‘지상전 준비완료’ 美-‘비웃는’ 이란… 트럼프, 이번엔 진짜?",World
"""유가 반나절새 30달러 급등락은 처음""…월가의 비명",World
"'호르무즈 톨게이트' 현실화… 파키스탄·태국, 이란과 선박 통과 합의",World
"印, 9조원대 러 첨단 미사일 방어시스템 S-400 5기 추가 도입",World
"이란, 미사일 얼마나 쏠까…“몇주 버티기 가능, 비축량 아직 상당해”",World
태국·파키스탄 줄줄이 협상…호르무즈 '허가 경쟁' 시작됐다,World
4~6주에 끝낸다며…이란 핵시설·옆바다 홍해까지 길어진 전쟁,World
"""이란 점령에 지상군 170만명 필요"" 4월 종전 가능한가 [김경민의 적시타]",World
호르무즈가 '트럼프 해협'으로?…통행료 시동거는 이란,World
"‘친이란’ 후티, 원유 우회로 바브엘만데브해협 봉쇄할까 초긴장",World
[속보]미 대이란 지상작전 검토 속…밴스 “전쟁 곧 끝”,World
고물 전투기의 화려한 부활…中 ‘자폭 드론’ 개조해 대만 해협 대규모 배치 [밀리터리+],World
'노 킹스' '반트럼프' 외치며 800만 모였다...美 역사상 최대 단일 시위,World
"[영상] ""美국방부, 몇주간 이란 지상작전 준비""…후티도 공식 참전 선언",World
"후티 참전에 긴장악화…미, 난타전 속 지상전·협상 저울질 지속",World
"석유업계 CEO들 ""전쟁 종결되더라도 유가 상승 상당 기간 유지될 것""",World
통행료 30억 호르무즈 ‘톨게이트’ 열린다…미 종전 조건과 정면충돌,World
후티 참전에 짙어진 확전 그림자···호르무즈 이어 홍해까지 막히나,World
"이란, 호르무즈에 ‘150조 톨게이트’ 만드나…통행료 부과법 추진",World
홍해까지 막히나…예맨 후티 반군 참전으로 악화되는 전황,World
"이란 강경파, 핵확산금지조약 탈퇴 추진···미·이 군사작전 후 ‘핵 무기 개발’ 강경론 부상",World
"美, 이란 지상작전 검토 속…밴스 ""전쟁 곧 끝""",World
후티 가세로 홍해까지 위험...사우디도 참전하나?,World
"“이란, 4000억짜리 美조기경보기 ‘두동강’”…미군 핵심 자산 완파됐나 [배틀라인]",World
"[자막뉴스] ""이란 샤헤드 요격하려면.."" 중동 국가 방문한 젤렌스키..""우크라 시설 폭격해"" 전쟁 휘말리나",World
"이란, 걸프국 타격 확대…'디지털 여론전'도 격화",World
美 해군·해병대 3500명 중동 집결…협상 결렬 시 지상군 투입?,World
"이란, ‘미국의 전략자산’ 조기경보기 공습으로 파괴…‘이란 미사일 궤멸’ 발표 하루 만에",World
'미국에 왕은 없다'... 이란전쟁·고물가에 역대 최대 규모 시위,World
미·이란 대면협상 불발?…한달 '중동전쟁' 분수령,World
"[영상] 美 전투기 충격적인 굴욕…슈퍼호넷, 이란 미사일 못 피하고 ‘쾅’ [핫이슈]",World
후티도 공식 '참전'…호르무즈 이어 홍해 '초긴장',World
"[자막뉴스] ""특수부대와 일반병 혼합""...파괴 시나리오 준비하는 미군",World
"후티 참전에 긴장악화…美, 난타전 속 지상전·협상 저울질 지속",World
"밴스 미 부통령 ""미군 곧 철수""…병력 3,500명 중동배치",World
"이란 전쟁 발 유가 쇼크 와중에…우크라, 러 정유시설 맹공격하는 이유 [핫이슈]",World
"'전면전 불사' 대비하는 이란...""12세 아동도 징집"" [이슈톺]",World
"후티, 이스라엘 본토 타격 '다음은 홍해 봉쇄?'",World
이란 침공 목적마저 상실…트럼프의 자승자박,World
"미, 이란 지상전 준비...미 전역 900만 명 '노 킹스' 시위",World
"""미군, 몇 주간 지상전 준비""…이란은 '보복 예고'",World
"“유가, 이란전쟁 끝나도 높을 것…아직 전쟁 여파 덜 반영”",World
"트럼프 혼자 이랬다 저랬다...""총 먼저 쏘고 과녁 찾아"" 비판도 [이슈톺]",World
"러시아, 대일 경고… 전쟁 불길 극동으로 향하나",World
"'최정예' 탄창 채우고 기습...""이란전, 새 단계 진입 가능성"" 위기 엄습 [지금이뉴스]",World
“기름값? 전쟁 끝나도 안내려” 글로벌 석유기업 CEO들 입모아,World
"[자막뉴스] ""美 역사상 최대 규모 기록할 듯""...수백만 집결 '분노 폭발'",World
내일 중재 4국 회담‥美 병력 3천5백 명 추가배치,World
"글로벌 석유기업 CEO들 ""유가, 이란전쟁 끝나도 높을 것""",World
호르무즈 쇼크에 채권도 피난처 아니다…美 국채 급락,World
"세 번째 ‘노 킹스’ 시위, 또 최대 규모 경신···“ICE에 이란 전쟁까지, 분노 갈수록 더해”[현장]",World
美 무기고 거덜 날 판…대이란 공격에 토마호크 미사일 850발 쐈다 [핫이슈],World
"""미 국방부, 이란내 지상 작전 준비""...트럼프 승인 불투명",World
"트럼프, 이란에 정말 지상군 보내나? ""미 전쟁부, 몇 주 간에 걸친 지상작전 준비""",World
"이란, 전쟁 얼마나 버틸까?…“지금 추세면 수주간 가능”",World
“휴전 않으면 이란경제 한달내 완전붕괴” 대통령-혁명수비대長 충돌설…확전·민생 우려,World
"""美, 몇주간 이어질 지상작전 계획 준비…결단은 아직""[영상]",World
"미군 3,500명 중동 배치 완료…미 안팎서 '노킹스' 시위",World
"한국엔 없는데…전 세계 핵무기 1만기 돌파 ""히로시마 원폭 13만개 위력""",World
"트럼프, 이란 지상전 결단하나…""美국방부, 작전 준비 중""",World
"아누틴 태국 총리 ""유조선 호르무즈 해협 통과 이란과 합의""",World
"“이코노미 줄고, 비즈니스는 커지고”…항공사 ‘부자석’ 늘리는 진짜 이유[나우,어스]",World
백악관 브로맨스 이상무?…트럼프-모디 통화 참여한 ‘민간인 머스크’,World
'저항의 축' 후티 참전 새 변수... '수에즈 통로' 홍해도 막히나,World
"이란, 미사일 언제까지 쏠까…""지금 추세라면 몇주 버티기 지속""",World
"미국 지상작전 시작하나… WP, ""미 국방부, 이란서 준비 중""",World
"""광대야, 왕관 내려놓아라""…800만이 외친 '반트럼프'",World
'상륙작전' 해병대 중동 도착·후티 반군 참전…짙어진 확전 그림자,World
"[포착] 美 지상군 벌써 중동 도착했는데…부통령 “이란서 곧 철수”, 진실은?",World
"""美국방부, 이란내 몇주 지상작전 준비…트럼프 아직 결단안해""(종합)",World
"미, 이란 지상전 준비...미 전역 900만 명 '노 킹스' 시위",World
"美국방부, 이란 수주간 지상작전 검토…중동에 미군 7천명 집결",World
"WP ""미 국방부, 해병대 등 7000여명 투입해 이란 지상 작전 준비 중""",World
"""美국방부, 수 주간에 걸친 지상전 준비…최장 2개월 소요""",World
"美 국방, 이란 내 '수주간' 지상작전 검토…""트럼프 승인 여부 촉각""",World
"[속보] “美국방부, 몇주간 이란 내 지상작전 준비중”< WP>",World
"""미, 수주짜리 이란 지상전 준비…수개월 걸릴 수도"" WP",World
"WP ""美국방부 이란 지상전 준비…트럼프 승인 여부는 불투명""",World
"""무기 공급국으로 변한 우크라""⋯중동 전쟁 휘말리나",World
"지상전 초읽기? 미 특수부대 속속 중동 도착...WP ""미 국방부, 이란 지상 작전 준비 중""",World
"美, 전면전 아닌 기습타격… “몇주간의 지상작전 준비중”",World
"""위치 끄고 몰래 달린다""…호르무즈 점령한 '유령선' 정체",World
"북한, 다탄두 ICBM 개발 본격화…미 본토 공격 능력 과시",World
"아누틴 태국 총리 ""유조선 호르무즈 해협 통과 이란과 합의""",World
"동맹엔 청구서, 지지율은 37% 추락...트럼프의 '자충수' [이슈톺]",World
이번주 세계 미리보기…美 지상군 투입 고심·아르테미스 2호 발사 등[월드콕!],World
"""美국방부, 이란 내 몇주간 지상작전 준비중""< WP>",World
"기습 노리는 미국의 연막?...'철수' 얘기하더니 ""지상전 준비 중"" [이슈톺]",World
"미 ""병력 3,500명 중동 배치""…美전역서 '노킹스' 시위",World
트럼프 다음 주자는? 루비오 국무장관 3%→35% 급상승,World
세월호 구조 도왔던 해병대까지…美 최정예 3500명 중동 급파 [황정수의 글로벌 체크인],World
"“美국방부, 이란 내 지상작전 준비중…육군·해병 중동 집결”",World
"""치지직, 조만간 공개될 것"" 의문의 영상 올린 백악관, 알고보니",World
"“미국 국방부, 몇주간 이란내 지상작전 준비중”",World
"美특수부대 기습작전 가능성…“국방부, 몇주간 이란 내 지상작전 준비중”",World
"“美, 특수부대+보병 기습 공격 준비 중...수 주 예상”",World
호르무즈 이어 홍해도 후티 위협...사우디 참전 우려↑,World
"""왕은 없다""(NO KINGS) 반트럼프 주말 시위, 미국 넘어 유럽 각지서도 폭발 (종합)",World
후티발 중동위기 악화…홍해 막히면 사우디 참전할 수도,World
"이란, 파키스탄 선박 20척 호르무즈해협 통과 허용",World
[뉴스특보] 美 해군·해병대 중동 배치…대이란 압박 강화,World
미군 수천명 중동 투입…섬 점령·핵물질 탈취 시나리오,World
"우크라, 걸프 국들에 방공기술 전하다 이란 표적됐다",World
후티발 중동위기 악화…홍해 막히면 사우디 참전할 수도,World
"미·중 정상회담 연기, 중국은 ‘오히려 좋아?’ [특파원 토크, 특톡]",World
"“어쩔 수 없이 보복할 수 밖에”…한국에 경고 날린 러시아, 왜?",World
중동전쟁 휘말린 우크라이나…‘방공기술 이전’ 이란의 ‘표적’,World
"주식 3배 더 주고 로켓 발사 직관까지... 머스크, 상장도 ‘팬 서비스’",World
"[자막뉴스] 후퇴했던 미군, 전력 교체...'전면전 불사' 이란 항전 조짐",World
"공화당 차기 주자 트럼프 뜻대로… 밴스 1위, 루비오 2위",World
[자막뉴스] 중동전쟁 휘말리기 시작...방공 기술 전하던 우크라 '직격탄',World
이란 전쟁에 '마가'도 세대 분열…트럼프 중간선거 부담 가중,World
"이란, 사우디 美기지·쿠웨이트 공항 타격…미군 12명 부상",World
친이란 '후티 반군' 이스라엘에 미사일 쏘며 참전…호르무즈 이어 홍해 봉쇄 긴장,World
"이란 ""트럼프, 당신 해고야""…불붙은 '디지털 선전전'",World
"젤렌스키에 경고? 이란 ""중동 파견한 우크라 드론 전문가 21명 사망""",World
"""왕은 필요 없다"" 미국과 전 세계에 '노 킹스' 시위…""미국서만 900만명 추산""",World
‘보스턴다이내믹스 대항마’ 中 유니트리 증시 상장 [김규환의 핸디 차이나],World
중동전쟁 휘말린 우크라…걸프에 방공기술 전하다 이란 표적됐다,World
[중동전쟁] 美 해병대 2500명 중동 도착…지상전 대비 속 대이란 압박 강화,World
"[자막뉴스] ""목표 대부분 이뤘다""...미군 철수 언급한 밴스 부통령",World
"예멘 반군, 공식 참전 선언…호르무즈 이어 홍해도 봉쇄 위협",World
"케네디가 겪은 트럼프… “예상치 못한 공감 능력, 백과사전 같은 지식”",World
美 해병대 3500명 중동 도착…지상전 대비 속 대이란 압박 강화,World
"미 부통령 ""미, 이란서 곧 철수할 것""...미국 안팎서 '노 킹스' 시위",World
"[르포] 벚꽃 만발 워싱턴DC 한복판의 분노…""트럼프를 끌어내라""",World
"젤렌스키, 중동 10년 방위 협력 잰걸음...이란 ""드론 방어시설 파괴""",World
"미, 병력 3천500명 추가 배치‥내일 중재국 회담",World
'저항의 축' 후티 참전 새 변수... '수에즈 통로' 홍해도 막히나,World
"미, 병력 3천500명 추가 배치...미국 안팎서 '노 킹스' 시위",World
트럼프 다음은? 무섭게 올라온 루비오… 1년 만에 지지율 3→35% 수직 상승,World
“미국에 왕 없다”…‘반트럼프’ 세번째 대규모 시위,World
‘유럽 최후 독재자’의 평양 나들이 [김태훈의 의미 또는 재미],World
"""또 중동 수렁 안돼""…전쟁 한 달, 미국 의회도 '지상군 투입 반대'",World
"착륙 중 미 항공기 앞에 블랙호크 헬기가 슥…""또 대형 사고 날 뻔""",World
“미사일 발사기 탑재”…총·유탄 쏘며 시속 15km로 전장 누빈 '中 로봇늑대',World
전쟁이 키웠다…상장 직후 1000% 뛴 '드론계 엔비디아' 정체,World
"[트럼프관세 1년] 美, 대법원 제동 뚫고 전략 재정비…끝 안보인다",World
"호르무즈 파병 막은 日 평화헌법… ""향후 개헌 시도 쉽지 않을 것""",World
"""미국에 왕은 없다""…미 안팎서 反트럼프 세번째 대규모 시위",World
"미, 병력 3천500명 추가 배치...미 전역 '노킹스' 시위",World
전운 고조되는 중동...美 해병 2500명 작전 지역 도착,World
美 해군·해병대 3500명 중동에 추가…트리폴리 상륙함 도착,World
"이란, 사우디 美기지·쿠웨이트 공항 연쇄 공격(종합)",World
MAGA가 열광하는 이 남자… 트럼프도 고민하게 만든다,World
후티도 이란전 참전…‘호르무즈 넘어 홍해’ 리스크 확산,World
"“자유 이란, 환상 아니다” 마지막 왕세자 연설에 눈물바다",World
"美 트리폴리함 중동 도착…""미군 3500명 추가 배치""",World
"공짜라 관광객들 몰려갔는데…갑자기 “돈 받겠다”는 영국 박물관, 왜?",World
"이란戰에 세대별로 갈라진 '마가'…트럼프, 중간선거 부담커진다",World
"'저항의 축' 후티 공식 참전, 홍해도 막히나…""재앙적 결과""",World
"걸프국 온 젤렌스키 보란듯…이란, UAE 내 우크라 드론시설 공격(종합)",World
"""절대 안돼"" 마가 저항에…텃밭 상원의원 후보 못정하는 트럼프",World
미군 기지에 미사일·드론 쏟아졌다…이란 공습 현실화,World
"이스라엘, 핵 시설 공습...국제 유가는 3년 8개월 만에 최고",World
"이스라엘 방공망 괜찮나?...""이란 미사일에 뚫려""",World
호르무즈 이어 홍해까지 막히나…후티 참전에 '이중 봉쇄' 공포,World
"로버트 기요사키 ""다가올 시장붕괴가 오히려 부를 축적할 기회 될 것""",World
"젤렌스키, 걸프국 방문…이란 ""UAE내 우크라 드론방어시설 공습""",World
예멘 반군도 참전…호르무즈 이어 홍해도 '위기',World
"젤렌스키, 걸프국 방문…이란 ""UAE내 우크라 드론방어시설 공습""(종합2보)",World
"미, 포드호 화재에 부시호 투입…중동 항모전력 교체",World
"전쟁 한 달, 세계경제 휘청...대면 회담이 분수령",World
"이스라엘 ""예멘발 미사일 날아와""...'저항의 축' 대응 강화",World
"예멘 반군, 공식 참전 선언…호르무즈 이어 홍해도 막히나",World
"이스라엘 방공망 괜찮나?...""이란 미사일에 뚫려""",World
1만7천 미군 투입 대기...부시 항모전단도 배치,World
UAE 경제특구·쿠웨이트 공항 피격...후티 반군 참전,World
"美 언론 ""트럼프, 호르무즈해협 '트럼프 해협'으로 개명 검토 중""",World
백악관판 '피가 모자라?' SNS 영상 역재생하니...들리는 소리,World
"예멘 반군, 공식 참전 선언…호르무즈 이어 홍해도 막히나(종합2보)",World
"이란, 국제법 위반 논란에도 '통행료 부과법' 제정 강행…미국 ""세계에 위험"" 저지 방침",World
"이라크전 15만인데…미군 1만7천명 투입대기, 전면 침공 '역부족'",World
"이란, 젤렌스키 방문 맞춰 UAE 내 우크라 드론방어 시설 공습",World
"이란, 젤렌스키 방문 맞춰 UAE내 우크라 드론 방어 시설 공습",World
"이란 ""오만 인근 美보급선·UAE 우크라 對드론 시스템 창고 공격""",World
"다음은 쿠바?…트럼프, 또 무력행사 가능성 언급",World
오만 또 드론 피격·후티 반군 참전…이시각 중동,World
"전쟁 한 달, 세계경제 휘청...대면 회담이 분수령",World
[속보]美 ‘호르무즈 해협’→‘트럼프 해협’ 명칭 변경 검토,World
"이스라엘, 이란 핵시설 집중 폭격…이란 “혹독한 대가”",World
"호르무즈 통행료 내야하나⋯이란 매체 ""연수입 150조원 예상""",World
"[이동전환①] ""기차도 버스도 트램도 다 공짜라고?"" 파격적인 룩셈부르크의 교통 혁명",World
"전쟁마다 지지율 급등했는데…""트럼프는 제자리"" 왜? [사실은]",World
"이란, 젤렌스키 방문 맞춰 UAE내 우크라 드론방어 시설 공습(종합)",World
"중재국 먼저 회동…걸프국, '이란 억제' 요구",World
중동전쟁이 촉발한 고유가에 뒤바뀐 車산업 지형…중국이 최종 승자라는 이유는? [박민기의 월드버스],World
"""호르무즈 통행료 연간 150조 원""…""국제법 위반"" 펄쩍",World
"협상 선회 이유는 '무기 부족'?…""한 달 치 남은 듯"" 전망도",World
"""지상군 없이 목표 달성 가능""…잇단 '협상 강조' 메시지들",World
"""이번 주 미·이란 첫 대면 회담""‥이 와중에 재 뿌리는 이스라엘",World
"""트럼프, 호르무즈 봉쇄 푼 뒤 '트럼프 해협'으로 개명 검토""",World
"눈 벌겋게 '머그샷' 웬 망신?…'약물운전' 의심 사고, 보석금 석방된 골프황제",World
"이란, 사우디 주둔 미국 공군기지 공습 10여명 부상",World
1만7천 미군 투입 대기...부시 항모전단도 배치,World
[뉴스추적] 미국-이란 전쟁 한 달…이번 주말 최대 고비,World
"후티, 이스라엘에 첫 미사일 공격...""적의 공격 멈출 때까지""",World
[뉴스특보] 협상이냐 지상전이냐…중동전쟁 이번 주말 최대 고비,World
"아부다비 경제특구, 쿠웨이트 공항에 이란 공습(종합)",World
이란 “오만 앞바다 미 군함 공습”…전쟁 후 ‘최장 거리’ 타격 주장,World
美 지상군 1.7만명 이란 투입 대기… “특수작전 또는 협상압박”,World
"""서구를 석기시대로"" 협박까지…'중동 전쟁' 대형 악재 터졌다 [황정수의 글로벌 체크인]",World
'중동 파장' 한반도로…뒷전으로 밀린 외교·안보 합의,World
"이란, ""오만서 '상당한 거리' 미군 지원함 공격"" 주장",World
이란 공격에 미군 12명 부상…사우디 美공군기지 타격,World
"이란 ""트럼프, 당신 해고야""…전장 밖엔 '디지털 선전전' 격화",World
"이스라엘, 이란 핵시설 연쇄 타격…우방 '중국 배' 해협 통과 막아",World
"트럼프 ""이란 다음은 쿠바""…나토엔 '패싱' 위협도",World
"농담 아니었나…""호르무즈→트럼프 해협 개명 검토""",World
4월 종전 관측에 떠오르는 ‘美·이란 부분협상’ 가능성[美·이란 전쟁 한달],World
"한 달 맞은 중동 전쟁…""대화냐, 전쟁이냐"" 운명의 일주일",World
불타는 ‘유령선’ 표류…中 유조선도 막혔다,World
"[아는기자]“탄약값만 39조 원”…美 무기 비용, 벌써 천문학적?",World
"호르무즈 해협, 트럼프 해협으로 개명 추진되나 [美-이란 전쟁]",World
"이란, 미군 공중 급유기 부대에 미사일 폭격",World
"이란, 사우디 미 공군 기지 미사일·드론 공습…미군 12명 부상",World
"이스라엘, 이란 플루토늄 생산시설에 미사일 공격",World
미군 1.7만명 이란 지상전 ‘투입 대기’…美 노림수는?,World
[뉴스특보] 미·이란 대면회담 곧 성사되나…군사 압박도 병행,World
"이란, 사우디 美공군기지 타격…""12명 부상, 급유기 파손""",World
"""중동에 미군 1만7000명 추가…전면전 대신 특수작전 투입될 듯""",World
"""트럼프, 호르무즈 봉쇄해제 뒤 '트럼프 해협' 개명 검토""",World
[자막뉴스] 이란 공격에 미군기지 '직격탄'...1.7만 병력 투입 대기,World
"""대폭락 시작 신호?"" 돈나무 언니 또 매도 폭탄…엔비디아·메타 수십억어치 팔았다",World
전쟁 한 달째 '맞불 공방'...미군 만7천 명 투입 대기,World
"호르무즈 통과시 통행료 내야 하나…이란, ‘톨게이트’ 도입 강행 [美-이란 전쟁]",World
후티도 결국 이란전 참전…홍해 길목도 막히나,World
"미군, 중동에 1만 명 증파 검토…이란 전쟁 중대 변곡점되나?",World
홍해는 후티·호르무즈는 이란…중동 항로 다 막히나,World
"호르무즈 해협, 이란 '톨게이트' 되나...실행 여부 '관심'",World
"일본은 없다 ‘PANDA’ [S스토리-日, 54년 만에 ‘제로 판다’… 속앓이 하는 열도]",World
"7세기때 日에 두 마리 선물… 中 ‘판다 외교’의 시초 [S스토리-日, 54년 만에 ‘제로 판다’… 속앓이 하는 열도]",World
복제약 공장서 신약 허브로… 美 넘보는 中 ‘바이오 굴기’ [세계는 지금],World
미군 1.7만명 투입 대기…이란 압박용 카드?,World
"호르무즈 이어 '물류동맥' 막힐라…후티 반군, 이란전쟁 참전",World
"""30억 내면 통과""…이란 '호르무즈 톨게이트' 150조 '돈방석'",World
"이란, 호르무즈에 '톨게이트'…연간 150조원 수입 전망",World
"“한국 쇼핑 천국, 싼맛?”…중국인들 캐리어 끌고와 아웃렛 가서 싹쓸이",World
"'큰 선물' 받았다더니...이란, 중국 선박도 차단 [앵커리포트]",World
"[뉴스특보] 트럼프 “이란과 협상중"" 자신감…다음은 쿠바 지목",World
"이란 미사일에 뚫리는 이스라엘 방공망…""요격탄 재고 압박"" 분석",World
"이란, 호르무즈에 '톨게이트'…미국 ""세계에 위험"" 저지 방침",World
이스라엘에 첫 예멘발 미사일...이란 부셰르 원전 피격,World
"후티 반군, 이스라엘에 미사일 쏘며 참전…홍해 위협 고조",World
“해킹된 줄 알았는데”…백악관 ‘의문의 영상’ 정체 알고보니,World
"""이란 하늘서 지뢰가 비처럼 내려""…'20년만' 美 실전 사용 의혹에도 '침묵'",World
"美 지상병력 1만7000명, 이란 들어갈까? 압박 수위 높아져",World
"후티, 이스라엘에 미사일 쏘며 참전…홍해 위협도 고조(종합)",World
미군 1만7천명 대기…협상 압박용? 특수작전 투입?,World
WSJ “미 국방부 중동에 지상군 1만명 추가 파병 검토”,World
"후티 반군, 이란전 첫 참전?…이스라엘 ""예멘서 미사일 날아와""",World
현실이 된 헬륨·플라스틱 부족…러시아 원유로 몰리는 아시아[美·이란 전쟁 한달],World
"미, 지상군 1.7만명 투입대기…이란 내 특수작전·협상압박",World
"미군 1.7만 ‘투입 대기’… 트럼프, 이란 더 세게 몰아친다",World
미군 1만7천명 중동 추가 파병 검토…이란 전쟁 중대 변곡점?,World
"위태로운 재고에 아껴썼더니...""이란 미사일에 뚫리는 이스라엘"" [지금이뉴스]",World
"대놓고 장삿속?…""호르무즈 통행료 부과시 150조 수입""",World
"미군 1만7천명 투입대기…""이란 내 특수작전 또는 협상압박""",World
"[뉴스특보] 미·이란 대면협상 초읽기…""몇주 내 마무리""",World
이란 매체 “호르무즈 통행료 수입 연 150조원 넘을 것”,World
"이스라엘, 방공망 아끼다가 이란 미사일 방어 못해…주민 200명 부상",World
"전쟁이 다시 일깨운 '공급망'의 중요성…中, 이재용만 따로 불렀다",World
"""미국이 적이 될 수도""...트럼프 ‘나토 협조 부족’ 공개 비판에 유럽 안보 불안 확산",World
"""200명 사상"" 쏟아진 미사일…방공망 아껴쓰는 이스라엘",World
트럼프 이어 푸틴도 5월 방중설…“미·러 동시 관리 전략”,World
"레바논으로 향한 이스라엘의 욕망, 전쟁 지속 원하는 또 다른 이유",World
"""경제학적으로도 잡을 방법 없어""...불황 예측했던 전문가의 경고 [이슈톺]",World
"“수량은 유한, 아껴 쓰다보니”…이란 미사일에 뚫리는 이스라엘 방공망",World
"""누가 먼저 바닥 드러내나""…이스라엘, 방공망 아끼다 요격 실패",World
미 국무장관 “수주 내에 종전 예상…지상군 없이도 목표 달성”,World
드론·전투기·레이더까지…이란이 박살낸 美 첨단무기 보니 [美·이란 전쟁 한달],World
종전 원치않는 이스라엘...이란 핵시설까지 때렸다 [이슈톺],World
"""이스라엘 '재고 압박'에 고성능 아끼다 이란 미사일에 뚫려""",World
기지 공습당하자 호텔로 철수한 미군들...정조준한 이란의 경고 [지금이뉴스],World
협상 불확실성에 유가 또 급등…뉴욕증시 일제히 하락,World
"이스라엘, 방공망 아껴쓴다…이란 미사일에 뚫리는 국면 진입",World
"미국·이란 종전 회담, 주말에 시작될까... ""몇 주 안에 끝난다""",World
"이란 매체 ""호르무즈 해협 통행료 부과 시 수입 연 150조원 이상""",World
"""美, 유럽 안보에서 손 떼고 적대적으로 돌아설 수도""",World
"""이란 미사일 3분의 1만 파괴""… 트럼프의 전쟁성과 과장 논란",World
"""트럼프 이어 푸틴도 5월 방중 가능성""…전례 없는 연쇄 방중",World
"親이란 후티 반군, 공식 참전... 호르무즈 이어 홍해도 막히나",World
"G7서 EU외교수장·美국무 설전…""러 압박해야"" vs ""당신이 해봐""",World
트럼프 “이란과 협상 중… 다음은 쿠바” 무력행사 가능성 시사,World
"""엄청난 실수"" 퍼부은 트럼프...유럽 패싱할 '최악 시나리오'에 벌벌 [지금이뉴스]",World
'충혈된 눈의 골프황제' 우즈 머그샷 공개…보석금 내고 석방,World
"이스라엘, 이란 원전 또 때렸다…열흘 사이 3번째 공습",World
"美중부사령부, 수리 중인 포드호 대체…부시 항모전단 투입",World
"이스라엘 ""예멘발 미사일, 방공망 가동""…후티 반군 참전 기로",World
"중동전쟁 한 달째, 이번 주말 '분수령'…지상전 벌어지나",World
"[자막뉴스] ""이스라엘군, 10가지 위험 신호""...초정통파 유대인까지 징집하나",World
트럼프 이어 푸틴도 5월에 中 찾나…중국 외교적 입지 강화 눈길,World
"트럼프 이어 푸틴도 5월 방중 가능성…""미러 동시관리 필요 반영""",World
이란 '역대급' 세수 풍년 예상...법도 뛰어넘는 '봉이 김선달' [지금이뉴스],World
"핵시설 집중공세…이스라엘, 이란 부셰르 원전 또 때렸다",World
"트럼프, 연일 자신만만…""이란, 거래 성사 애원""",World
"이스라엘 ""예멘발 미사일 날아와 방공망 가동""…후티 참전 기로",World
“조속한 합의” vs “확전도 불사”…‘이란 전쟁’에 갈라진 걸프국들,World
중동사태 1달...회담 임박 속 이스라엘 공습 강화,World
"[자막뉴스] ""트럼프 말과 정반대"" 격분한 이란...국제유가는 급등",World
"[뉴스특보] 이스라엘, 핵시설 타격…트럼프 ""이란 합의 갈구""",World
"걸프국, 미국에 '이란 공격력 억제' 중동 질서 재편 요구",World
트럼프가 경고한 이란 다음 국가...불길한 '군사행동' 암시 [지금이뉴스],World
"후티도 참전하나…이스라엘 ""예멘발 미사일 날아와 방공망 가동""",World
"페르시아만 인근 원전도 때렸다...이스라엘, 이란 핵시설 3곳 타격",World
강경해지는 걸프국…美에 '이란 억제' 중동 질서 재편 요구,World
"美중동특사 ""이번 주 이란과 회담 있을 것으로 생각""",World
"이란 부셰르 원전도 피격…이스라엘, 핵시설 집중 공세",World
"美중부사령부, 부시 항모전단 투입…""대이란 작전 합류 가능성""",World
"트럼프 '나토 패싱' 재부상…유럽 ""최악은 美의 적대화""",World
"이란 부셰르 원전도 피격…이스라엘, 핵시설 집중공세(종합)",World
"美중부사령부, 부시 항모전단 투입…미사일 구축함 속속 출항",World
"“美 토마호크 고갈 위기, 우려할 정도”…4주만에 850발 쐈다",World
"""미국·이란, 곧 파키스탄에서 회담""...이스라엘의 이란 핵 시설 공습에 유가 급등·뉴욕 증시 하락",World
"이란전쟁 한달, 세계증시 1.8경 '증발'…미국 5%빠질때 한국 -10%",World
"트럼프·메르츠, 정상회담 후 한 달도 안 지나 관계 멀어져",World
"美중부사령부, 부시 항모전단 투입…수리 중인 포드호 대체",World
‘전쟁인데 17% 뚝’ 金값 …“이번엔 오른다” 기대 왜?,World
"“‘군함 안 보낸다’ 이거지?” 트럼프, 나토 탈퇴 가능성 시사 [美-이란 전쟁]",World
"이란 전쟁 한 달...미국·이란, 파키스탄서 만날까?",World
"트럼프 ""다음은 쿠바... 미국, 나토 편 들 필요 없을 것 같다""",World
트럼프 “이란 다음 군사력 사용 대상은 쿠바”,World
이란 남부에 대전차 지뢰가…美 살포 의혹,World
"트럼프, '이란 파병 거부' 나토 탈퇴 시사…""미국 돕지 않은 건 엄청난 실수""",World
"휴전 협상 앞두고 이스라엘 '공습'…이란 ""호르무즈 봉쇄"" 맞불",World
"""미국과 이란 곧 대면"" 움직임에도…유가 뛰고 증시 급락",World
50년 만에 달로…NASA '아르테미스Ⅱ' 발사 D-5,World
"이란, 중국 선박도 차단…핵시설까지 타격",World
"트럼프 ""이란과 대화 중""...미 국무 ""지상군 없이 목표 달성가능""",World
중동사태 1달...회담 임박 속 이스라엘 공습 강화,World
"""러시아와 손 잡을라""…트럼프 '나토 패싱' 위협에 유럽 긴장",World
"""지상전 없이 몇 주 내 끝""‥이란, 미군기지 공습",World
트럼프 ‘나토 탈퇴’ 시사...“뭐하러 곁에 있나”,World
이준석 “파병 대신 천궁을”…호르무즈 대안 기고,World
내달 1일 美 나사 '아르테미스Ⅱ' 발사…반세기 만에 달 궤도로,World
이란전 장기화 우려에... 국제유가 4% 급등해 4년 만에 최고,World
"트럼프 또 '나토 패싱' 위협…유럽 ""최악 시나리오될라"" 초조",World
"결국 이스라엘 뜻대로…""예측 불가 미국보다 중국이 나아"" 중동국가들 '부글'",World
"NASA '아르테미스Ⅱ' 발사 D-5…우주비행사 ""달로 갑시다""",World
"트럼프 “거의 없다”던 이란 미사일, 3분의 1만 확실히 파괴… 관건은 발사 능력",World
"이스라엘, 이란 핵시설 타격…트럼프 ""이란, 합의 도달 갈구""",World
협상이냐 지상전이냐…중동전쟁 한달째 이번주말 최대고비,World
"中 전기차, 테슬라보다 잘 팔렸는데…충격 결과에 '초비상'",World
트럼프 “다음 타깃은 쿠바…나토는 보호할 필요 없다”,World
[뉴스특보] '중동 전쟁' 한 달…종전·확전 갈림길,World
하루 30분 '이것'만 해도…젊은 여성 유방암 위험 낮춘다,World
"트럼프 ""이란과 협상중, 다음 타깃 쿠바…나토 지킬 필요 없다""(종합)",World
이란 전쟁으로 가장 이득 보는 나라는? [차이나우],World
"‘위대한 피스메이커’ 꿈꾸는 트럼프 ""이란 다음은 쿠바"" 지목",World
"뿔난 트럼프 ""동맹이 우리 곁에 없다"", 나토 탈퇴 가능성 언급",World
"이란 작전 외면한 나토…트럼프 ""엄청난 실수"" 탈퇴 경고",World
"이스라엘은 본토 타격, 미국은 협상기대 부채질",World
"트럼프, 나토 향해 뒤끝 작렬 “우릴 안 도운건 엄청난 실수”···쿠바엔 무력행사 시사",World
"주영 미국 대사, “찰스 3세 방미 취소한다면 실수” 경고",World
"호르무즈를 ""트럼프 해협""…쿠바 무력행사 시사도",World
"이스라엘 매체 “트럼프, 이란에 지상군 투입 선택할듯” 보도",World
"미 국무장관 ""이란 전쟁 몇 주 안에 끝나…지상군 투입 필요 없다""",World
트럼프 “이란 다음은 쿠바”…무력행사 가능성 시사,World
"""호르무즈 통행료만 150조원 ...이란 GDP 최대1/4 가능""",World
"""미국·이란, 파키스탄에서 곧 만날 것""...유가는 급등·뉴욕 증시는 급락",World
"""나토가 미국 안도운 건 엄청난 실수""…탈퇴 가능성 언급",World
중동사태 1달...회담 임박 속 이스라엘 공습 강화,World
"트럼프 ""이란과 대화 중""...미 국무 ""지상군 없이 목표 달성가능""",World
"[속보] 트럼프 ""쿠바가 다음""…이란 이어 군사적 압박 가능성 시사",World
"""美, 이란 미사일 전력 3분의 1만 확실히 제거""",World
"엔·달러 환율, 1년 8개월 만에 160엔 대…중동 사태 여파",World
"트럼프, 美공항 보안직원 급여 지급명령…셧다운 해소는 난항",World
“역겹다” 비난까지...‘지지율 36%’ 찍었는데 지폐에 서명 넣는다는 트럼프,World
"美국무 ""대이란 군사작전 수주 내 종료…지상군 투입 없이 목표 달성 가능""",World
트럼프-모디 통화에 함께한 일론 머스크…전시에 ‘민간인’ 이례적 참여,World
"트럼프 ""이란전 외면한 나토 큰 실수…지켜줄 필요 없을 것 같다""",World
‘공습 연기’에도 유가↑·주가↓…브렌트유 110달러 넘어,World
"엔/달러 환율, 1년 8개월 만에 160엔 돌파…이란 전쟁에 엔저",World
"미 “이란전, 몇주 내 끝날 것…지상군 없어도 목표 달성 가능”",World
"트럼프, 이란 파병않은 나토 결별 시사…""다음은 쿠바""(종합)",World
"트럼프 ""다음은 쿠바""...베네수엘라·이란 이어 또 무력행사?",World
"이란, 중국 선박도 차단…핵시설까지 타격",World
[자막뉴스] 미국·이란 협상 앞두고...찬물 끼얹는 이스라엘,World
"트럼프 “우리를 안 도운 건 실수”... 나토에 뒤끝, 탈퇴 가능성 시사",World
"트럼프 ""때로는 군사력 써야 할 때 있어…이란 다음은 쿠바""",World
"[뉴스특보] 美 ""몇 주 내 마무리""…이란 종전안 역제안 임박",World
"루비오 ""이란 군사작전 수주내 끝낼 것...지상군 투입 없어""",World
호르무즈發 추가 청구서…동맹 균열과 트럼프의 앙금[워싱턴 리포트],World
"이란 다음은 쿠바?…트럼프, 무력행사 가능성 시사",World
"[자막뉴스] 궤멸시켰다던 트럼프, 그런데...어딘가 찜찜한 온도차",World
"[자막뉴스] ""몇 주 안에 끝낸다"" 미 국무 '호언장담'...이란은 묵묵부답",World
이란전 장기화 충격…‘3고’ 공포에 미 증시 어디로,World
[인싸M] '이스라엘-이란 전쟁'‥'패권 국가' 미국이 잃어버린 것,World
전쟁 장기화 우려에 국제유가 상승…브렌트 110달러대,World
"""우리가 왜 그들 곁에 있어야 하나""…트럼프, 나토 탈퇴 가능성 시사",World
‘트럼프 서명’ 찍힌 달러 나온다...美 건국 후 최초,World
"트럼프 ""다음은 쿠바""…이란 이어 무력행사 가능성 시사(종합)",World
"""日이지스함 토마호크 설치"" 자위대 선언에 중국 또‥",World
"일론 머스크, 트럼프-모디 통화 참여했다…“전시에 이례적”",World
"“갈 곳 없다고 느껴 시작했다”…‘섹시 댄스’ 논란, 전 中 체조선수의 고백",World
뉴욕증시 일제히 하락…트럼프는 “전쟁 끝나면 로켓처럼 급성장”,World
"트럼프 “이란과 협상, 쿠바가 다음”...군사력 동원한 압박 가능성",World
"이스라엘 공군, 이란 핵시설 2곳 공격…""방사능 누출 없어""",World
"메모리 제외 美반도체주 일제 하락, 반도체지수 1.69%↓(종합2)",World
"""기름 없어서 밥도 못 한다"" 문 닫는 식당들…코로나19급 충격 우려[글로벌 포커스]",World
"美국무 ""지상군없이 몇 주면 마무리""…곧 대면협상",World
"이스라엘, 핵시설 때렸다…협상 앞두고 미·이란 신경전",World
“미군 300명 다치고 비행기 손상”…사우디 미군 기지 공격한 이란,World
"'가득 채워달라' '기름 없다"" 인도, 사재기 극성",World
'트럼프식 전쟁' 한달…난타전 속 '에너지 재앙',World
"트럼프 “이란, 합의 도달 갈구…호르무즈 해협 유조선 10척 통과 허용”",World
"이란 사우디 미군 기지 공격, 급유기 다수 손상",World
"미국 메모리주 일제 반등, 터보퀀트 충격 하루살이(종합)",World
"""이란, 사우디 미군 기지 공격...미군 여러명 부상"" AP",World
"""미국·이란, 파키스탄에서 곧 만날 것""...유가는 급등·뉴욕 증시는 급락",World
"신사도 외국인이 지키는데…日, 영주권 비용 2900% 인상 논란",World
이란 지도부 제거 '60초 작전'…20년 휴민트와 AI 합작품,World
인력거 누비던 거리에 벤츠…中 부촌 20년 만의 반전 비결,World
루비오 “미국이 러시아 편? 젤렌스키 발언은 거짓말”,World
전쟁 여파로 아시아·유럽 항공권 최대 560% 폭등…여름 휴가객 '비상',World
이란 부셰르 원전도 피격…이스라엘 공세속 핵시설 연쇄포화,World
"""트럼프 해협? 아니 호르무즈!""…트럼프, 이란 압박 속 농담까지",World
"뉴욕증시, 이틀째 급락 마감…주말 앞두고 위험 회피 확산",World
"테슬라 2.76%-루시드 5.15%, 전기차 일제 급락(상보)",World
"메타, 세계 최대 데이터센터 가동 위해 가스발전소 7곳 추가 건설",World
"이스라엘, 이란 핵시설 2곳 공습…“방사능 위험 없어""",World
"美국무 ""몇달 아닌 몇주 내 끝날 것""…이란전 수주내 종료 시사",World
[특파원 시선] 미일회담서 평화헌법 덕 본 다카이치…개헌논의에 영향 생길까,World
"""미, 이란 미사일 전력의 1/3만 확실히 파괴 확인""",World
"이란, 중국 선박도 차단…핵시설까지 타격",World
"미 ""지상군 없이 수주 내 종결""‥국제유가 또 급등",World
"“미국을 또 수렁으로 몰아넣으려는 거냐”…전쟁 한 달, 여론은 트럼프에 등 돌렸다",World
호르무즈 통행료 ‘잭팟’ 기대하는 이란 “연간 150조”[美-이란 전쟁],World
"메르츠 ""미·이스라엘 공격, 이란 정권교체로 연결 안 될 것""",World
[지금왜] 이란 '난공불락'으로 만든 지리적 이점 3가지...미국 상대로 버틸 수 있는 이유,World
"중동 긴장 최고조, 증시-암호화폐 일제 급락-유가 급등(종합2)",World
러시아 이란에 개량형 드론 지원…수량은 안 밝혀져,World
"이스라엘 국방 ""이란 본토 타격 강화""…제철소까지 폭격",World
"""미국·이란, 파키스탄에서 곧 만날 것""...유가는 급등·뉴욕 증시는 급락",World
"트럼프 ""이란과 대화 중""...미 국무 ""지상군 없이 목표 달성가능""",World
"뉴욕증시, 7개월 최저 마감...나스닥·다우존스 조정장 진입",World
"이란군 ""미·이스라엘의 동맹국 입출항 선박은 호르무즈 불허""",World
"뉴욕 증시, 이란 전쟁 확전 양상에 동반 급락 마감",World
"“슈퍼카 운송 걱정마세요, 비행기로 보낼께요”…페라리, 중동 고객들에 항공 운송",World
"""100만 지상군 준비""에 맞불…불타는 유조선 직접 공개",World
"트럼프, 美공항 보안직원 급여 지급명령…내주 공항 혼잡 풀릴까(종합2보)",World
"'터보퀀트' 시장 반응은 착각…""달려드는 기업들, 판 더 커진다""",World
"미국 ""지상군 투입 없다…전쟁 몇 주 안에 끝낼 것""",World
"이란, 핵시설 잇따른 피격에…보복 공격 시사",World
"아무도 모른다, 이 전쟁이 어딜 향하는지... “트럼프 ‘길 잃은 분노’ 작전”[글로벌 모닝 브리핑]",World
평북 구성에 대규모 드론 제조 공장 들어선 듯-38노스,World
"유가 급등에 금리 인상 우려 급부상, 미증시 일제 급락(상보)",World
‘장대한 분노’ 그 이후는…‘힘의 지배’ 가속화?,World
협상이냐 확전이냐…지도로 본 중동 사태 한 달,World
‘공습 연기’에도 유가↑·주가↓…브렌트유 110달러 넘어,World
"미 “이란전, 몇주 내 끝날 것…지상군 없어도 목표 달성 가능”",World
"“트럼프와 김정은, 항상 화기애애”...전담 통역국장의 생생한 이야기",World
"국제유가, 분쟁 장기화 우려에 상승…브렌트 110달러대",World
[줌인] 재벌은 아닌데 억만장자만큼 쓴다… 美 경제 바꾸는 ‘숨은 부자들’,World
이코노미 빼고 퍼스트로 채운다…고유가 탈출구 찾는 항공업계,World
"트럼프 2.0 시대, 인도의 지정학 리스크 헤징 전략 [PADO]",World
"전쟁 한 달…병영국가로 향하는 이스라엘, 혁명수비대가 접수한 이란",World
트럼프의 마음을 얻으려는 대만의 절박한 몸부림 [PADO],World
미국·이스라엘이 구축한 AI 공격지원 시스템 [PADO],World
나스닥 결국 ‘조정 국면’ 들어섰다…엔비디아·테슬라 테크주 투매에 급락,World
"美증시, 전쟁 장기화 우려에 또 2% 하락...WTI, 3년 8개월 만에 최고치 [데일리국제금융]",World
‘우방’ 중국 선박도 회항…호르무즈 봉쇄에 WTI 장중 100달러 돌파,World
"성과 없는 협상론에 뉴욕증시 또 하락…다우 1.7%↓, 조정 진입(종합)",World
"""미국·이란, 파키스탄에서 곧 만날 것""...유가·뉴욕 증시는 흔들",World
"미 국무 ""지상군 없이 목표 달성가능...몇 주 내 전쟁 종료""",World
"뉴욕 증시, 이란戰 장기화 우려에 하락…나스닥 2.15% ↓",World
美국무장관 “이란전 수주 내 종료”…지상군 없이도 목표 달성 자신,World
"트럼프의 외교 특사 “이란 상황, 대통령 믿자”… 미·북 대화 전망 묻자 거부",World
푸틴·트럼프의 닮은 전쟁…지도자 오판이 만든 수렁,World
"""호르무즈 통행료만 150조원 ...이란 GDP 최대1/4 가능""",World
'中도 호르무즈 통항 제한'에 유가 5% 급등…2022년 7월 이후 최고치,World
"""중동 전쟁, 4월 8일이 분수령… 한국, 평화 중재자로 외교 공간 넓혀야""",World
[뉴욕유가] 中선박까지 막혔다…호르무즈 봉쇄에 WTI 100달러 육박,World
"이스라엘, 이란 핵시설 2곳 공습…""인명피해·방사능 위험 없어""(종합2보)",World
美국무 “몇 주 안에 이란전 끝...병력 증파는 옵션” [美-이란 전쟁],World
"액시오스 ""美 국무, G7 회의서 '이란전 2~4주 더 지속' 언급""",World
"美 국무 ""이란전, 수주내 종결 예상…지상군 없어도 목표 달성 가능""(종합)",World
"메타, 세계최대 데이터센터 가동 위해 가스발전소 7곳 추가건설",World
멍울 하나로 시작된 비극…희망 전하던 '항암 여신' 끝내 별세,World
"메르츠 ""미·이스라엘 공격, 이란 정권교체로 연결 안 될 것""",World
"美국무 ""지상군 없이 목표달성가능…병력증파는 옵션확보 차원""(종합)",World
"[속보]이란, 중국 배도 막았다…유가 110달러 돌파ㆍ주가 또 폭락",World
"""美, 이란 지상전 계획 없다”…병력 증파 속 ‘전략적 모호성’ 유지",World
"美 국무 ""이란전, 수주내 종결 예상…지상군 없어도 목표 달성 가능""",World
이란 “핵시설 연쇄피격 당했다”…이스라엘 레드라인 넘나,World
"G7 외무장관, 이란戰서 민간인·민간 시설 공격 중단 촉구",World
"“차 막히니깐 그냥 날아서 가자”…‘하늘 나는 자동차’, 日서 곧 뜬다는데",World
이란 실험용 중수로 시설 피격…“인명피해·방사능 위험 없어”,World
사드 198발·토마호크 850발…장기전에 미국 무기창고 ‘거덜’,World
"“미국, 이란 미사일 전력의 3분의 1만 확실히 파괴 확인”",World
“총 먼저 쏘고 과녁 찾는 트럼프”… 중재자조차 “美외교 통제력 잃어”,World
트럼프 “공격 열흘 유예” 5일새 3차례 최후통첩,World
美 “1만명 추가파병 검토” 이란 “100만명 동원”… 휴전협상중 지상전 대비,World
"이란 핵시설 잇따라 피격…""인명피해·방사능 위험 없어""(종합)",World
"이스라엘, 이란 아라크 핵시설 공습…이란 ""인명피해 없어""",World
"기름값 1만원, 텅빈 도로... 美, 쿠바 석유 숨통 끊었다",World
"트럼프, 내달 6일까지 공격 유예",World
사드 198발 소진… 美 핵심무기 재고 한 달 치만 남아,World
"메타가 ‘제2 딥시크’ 인수 나서자 중국, CEO·핵심 개발자 출국금지",World
"수척해진 마두로, 족쇄 차고 출석… 재판 후엔 손가락 V자",World
"이스라엘 병력 바닥 보인다‥""이러다 우리 자멸""",World
"""美, 이란 미사일 전력의 3분의 1만 확실히 파괴 확인""",World
"러 ""美, 노르트스트림 가스관 장악하려 해…에너지 시장 지배 추구""",World
"이스라엘, 트럼프 “열흘 유예” 직후... 이란의 미사일·기뢰 생산시설 때렸다",World
"닥터둠 루비니 “미국, 이란전 확전 가능성 더 높아…물러설 유인 제한적”",World
"인류의 아침 깨운 커피, 멸종 경고음 울렸다",World
"러 외무 ""美, 러 가스관 장악 공언… 세계 에너지 시장 노린다""",World
"끝장 보겠다는 이스라엘, 협상 순조롭다는 미국…누굴 믿어야 해",World
"러시아 ""美, 에너지시장 지배 욕망…노르트스트림도 장악 원해""",World
"러 ""미국, 노르트스트림 장악하겠다고 공언""(종합)",World
"[W 언박싱] 확전이냐, 극적 타결이냐…“물밑 접촉은 계속”",World
"트럼프, 4월 6일까지 ‘공격 유예’ 연장…“이란이 강력 요구”",World
주류 굳히기 英우익당 '트럼프 탓 표 놓칠라' 경계,World
사드미사일 198발·토마호크 850발…무기 급속소진에 불안한 미군(종합),World
"미국 지상군 투입 고심할 때, 중·러 무인 전투력 과시",World
러시아·중국 어부지리?...제재는 피하고 실리는 챙기고,World
“호르무즈 통행료 받으면 수입 年1천억달러 넘을 것” 이란매체의 계산법은?,World
"[투나잇이슈] 트럼프 ""4월 6일까지 공격유예""…이란 ""기만술""",World
이란 매체 “호르무즈 통행료 수입 연간 150조원 넘을 것”,World
2번째 공격 유예...국제유가 달래며 지상군 투입 조율?,World
이스라엘 국방 “이란 본토 타격 강화…갈수록 대가 무거워질 것”,World
미 '지상전' 카드 만지작? vs 이란 '100만 병력 결집',World
"러 ""미국, 노르트스트림 장악하겠다고 공언""",World
"""미·이란, 직접 만남 준비 완료…곧 파키스탄서 회담 열릴 듯""",World
"""호르무즈 통행료 부과시 수입 연 150조원 넘을 것""<이란매체>",World
반도체 공정 필수품 헬륨마저… 중동전쟁 장기화 땐 공급 차질,World
"머스크, 스페이스X IPO서 개인에 최대 30% 배정…기존 관행 3배",World
"이스라엘, 美 종전 협상 중에도 ""이란 공세 강화""",World
"러 ""미국, 노르트스트림 장악하겠다고 공언""",World
"""여름 휴가, 유럽은 못 가겠네""…전쟁에 항공권 최대 560% 폭등",World
미 '지상전' 카드 만지작? vs 이란 '100만 병력 결집',World
중국 선박도 막은 이란…“호르무즈해협 닫혀 있다” 경고,World
"“미국·이란, 곧 파키스탄서 대면 협상 나설 듯”…독일 외무장관 밝혀",World
호르무즈 '해상 톨게이트' 된 이란…선박 26척 돈 내고 통과,World
"미·이란 진짜 만나나…""곧 파키스탄서 회담"" 독일 외무장관 귀띔",World
"이란, 해협 통과시도 3척 퇴짜…""'해협 개방'의 트럼프 말은 거짓""",World
"美 ""지상군 1만 명 추가 파병 검토""…'최후의 일격' 준비",World
"이란 ""스페인 선박, 호르무즈 통과 가능""…트럼프 비판 환영",World
"미, 이란 석유통제권도 장악?…“지상군 만명 추가 파병 검토”",World
"트럼프, 4월 6일까지 ‘공격 유예’ 연장…“이란이 강력 요구”",World
트럼프 ‘열흘 유예’에 이스라엘 “공격 확대” 찬물…이란戰 커지는 엇박자,World
미·이란 협상판 까는데…이스라엘 ‘공격 확대’ 찬물,World
"독일 외무장관 “미·이란, 직접 회담 준비 완료···파키스탄서 곧 대면협상”",World
통행료? 사실상 '강도짓'…30억내고 호르무즈 통과하라고?,World
"[중동 전쟁] 이란 공격 받은 ‘태국 선박’, 보름 표류 뒤 끝내 좌초",World
미사일 맞은 선박 공개…지상군 압박에 '100만' 맞불,World
"[뉴스특보] 트럼프, 공격 또 유예…주가·유가 달래기?",World
"모즈타바는 얼굴, 실권은 군부? “전쟁이 혁명수비대 입지만 다져줬다”",World
석유 대신 재생에너지로 전환‥미국의 전쟁 최대 수혜자는 중국?,World
이란 공격 또 미루면서…'최후 일격' 4가지 작전 준비,World
“‘호르무즈 열렸다’ 트럼프 거짓말”…이란군 “미·이스라엘 동맹국 입출항 불허”,World
"트럼프 ""4월 6일까지 폭격 유예""…시간 명시 '최후통첩'",World
"이란 혁명수비대 ""호르무즈 해협 선박 3척 차단""…트럼프 '선물' 발언 반박",World
이란군 “트럼프 ‘호르무즈 열렸다’ 거짓…선박 3척 회항”,World
"""美 '최후의 일격' 준비""‥'요충지 타격' 지상전 시나리오는?",World
"美 ""1만 명 추가 파병 검토"" vs 이란 ""100만 병력 준비""‥지상전 번지나",World
"이스라엘, 이란 해군 미사일·기뢰 생산시설 폭격…“중대한 타격 입혔다”",World
이란전 한 달째…트럼프 “발전소 파괴 시한 4월 6일까지 연장”,World
“美달러말고 中위안화 내면 통과” 호르무즈 막혔다더니…몇몇 선박 빠져나갔다,World
"독일 외무장관 “미·이란, 파키스탄에서 곧 협상할 듯”",World
"""나쁜 선택지 아니면 더 나쁜 선택지 뿐""...이란 숨통 조이려는 작전 [Y녹취록]",World
"中, 대사관 침입에 공세 높여…""日, 어물쩍 넘겨"" 비난(종합)",World
"""한국은 비적대국"" 하지만…미국과 '하나라도 얽히면' 차단",World
"""트럼프 평화위, 가자지구 단계적 무장해제안 하마스에 전달""",World
"""트럼프, 보병·기갑부대 1만 명 추가 검토""…미, UAE서 기동훈련",World
"트럼프, 이란 발전소 초토화 열흘 또 보류…""이란이 구걸""",World
후티 “신에 대한 의지로 대응”…석유 위기 증폭,World
협상과 동시에 '최후의 일격' 준비…미국 '1만 병력 더' 검토,World
“유럽노선 항공 2천900편 더 늘리겠다” 이 시국에 배짱?…알고 보니,World
우크라 지원무기 중동으로…트럼프 뒤끝?,World
“美 최후 일격은 섬 점령”…5곳 거론,World
"독일 외무장관 “미·이란 회담, 파키스탄서 곧 열릴 듯”",World
"日 관방장관과 기자의 이례적 설전‥""왈츠는 제3자다""?",World
"트럼프, 기어이 중동 늪에 빠지나…이란에 지상군 1만명 추가 파견?[트럼프 2기]",World
이란 내 보수 원리주의 세력 확장…협상 반대 여론 확산,World
[자막뉴스] 보병·기갑 1만 명 추가로 중동 가나...참전 쇄도하는 이란 '결사항전',World
지상군 투입 어디로? 핵시설 vs 하르그섬…시나리오 가시화,World
美 ‘1만명’ 추가파병 검토 vs 이란 ‘100만 대군’ 조직,World
트럼프 공습 또 연기… 협상 vs 지상전 기로,World
"[차이나워치] 트럼프, 5월 중순 방중 카드…中, 美 관망 속 '거리두기'",World
[뉴스특보] 공습 연기에도 지상전 그림자…협상과 불신 기싸움,World
미 '지상전' 카드 만지작? vs 이란 '100만 병력 결집',World
"이스라엘, 이란 해상 무기 거점 공습…“미사일·기뢰 시설 폭격”",World
총쏘고 유탄 던지는 중국 로봇…전장 누비는 ‘늑대’ 떴다,World
"“일부 선박, 위안화 내고 호르무즈 통과”…‘돈 내면 테러 지원, 안내면 피격’ 해운사 진퇴양난",World
"전쟁 4주 만에 ‘경고등’…트럼프, 이란전 한 달 내 끝내야 하는 이유",World
"“4월 6일까지 협상”…트럼프, 시한 연장하면서 지상전 위협·이란 압박",World
러시아·중국 어부지리?...제재는 피하고 실리는 챙기고,World
"“트럼프, 전쟁 계속하라”… 네타냐후와 빈 살만, 이란 신정체제 붕괴에 의기투합",World
"中 ""자위대원, 칼들고 中대사관 잠복…日, 책임있는 해명 필요""(종합)",World
UAE “호르무즈 봉쇄 풀 ‘다국적 연합군’ 참여”…중동 각국 설득도,World
"공화당도 뛰쳐나왔다…트럼프, 이란에 지상군 투입하나 [핫이슈]",World
"미사일-유탄 쏘며 시속 15km 달리는 ‘로봇 늑대’ 나왔다…中, 시가전 훈련 공개",World
"로이터 “中 파운드리 SMIC, 이란 군부에 반도체 제조장비 공급”",World
대화→공격→유예→증원…입만 열면 말 바꿨다,World
"이스라엘 ""끝을 보겠다"" vs 美 ""협상 순조롭게 진행중""",World
"이란 ""협상은 기만술""…지상침공 대비 '총동원'",World
“전세계 핵무기 1만기 운용중 히로시마 원폭 13.5만개 위력”,World
개인에 30% 풀고 로켓발사 참관까지…머스크의 ‘IPO 쇼’,World
“아이 장난감 하나 때문에” 비행기 놓치고 350만원까지 날린 가족,World
"""중동 美기지 손상심해 호텔 전전""…이란 ""미군 투숙시 호텔도 표적""(종합)",World
"[영상] ""미사일 발사기까지 탑재""⋯중국 '로봇 늑대' 뭐길래",World
"美 ""中 파운드리기업 SMIC, 이란 군부에 칩 제조기술 공급""(종합)",World
[영상] '눈에는 눈' 이란이 노린 이스라엘 비밀 핵시설,World
트럼프 '지상전' 카드 vs 이란 '100만 병력 결집',World
'공격 유예' 연막치고 지상군 파병…이란 급소 노리는 트럼프,World
중국 항공사 이란전쟁 수혜…러시아 영공 지나는 유럽노선 2천900편↑,World
"이스라엘, 탄도미사일 생산 등 테헤란 심장부 겨냥 공습",World
"이스라엘, 이란 해군 미사일·기뢰 생산시설 폭격",World
"""한국 업체들 특히 위험해"" 삼전·닉스 불똥 튈까…전쟁에 헬륨 공급 흔들",World
"또 10일 연장된 전쟁... ""4월 8일 분수령, 변곡점 놓치면 10년 갈 수도""",World
"이란 체제, 성직자에서 혁명수비대로 '권력 중심' 이동...""더 적대적""",World
트럼프 “군함 안 보낸 나토에 크게 실망…기억하겠다” 뒤끝,World
"‘호르무즈 톨게이트’ 진짜였다···이란, ‘30억원’ 받고 혁명수비대 호위 속 통과",World
"""중동미군, 기지 파괴돼 호텔서 근무…3주간 피해액 4조원대""",World
"美 ""지상군 1만명 추가 투입"" vs 이란 ""100만명 준비""(종합)",World
"러시아 영공 통과 中항공사, 이란 전쟁에 최대 수혜",World
"지상전 사전포석? 이스라엘, 이란 해군 시설 집중 공습",World
"트럼프, 6주내 전쟁 끝낸다?... 이라크戰 닮아가는 이란戰",World
"이란 공격받은 UAE, '다국적 연합군' 구성…호르무즈 해협 개방 추진",World
“우크라전 도왔는데 도움 못받아” 트럼프의 뒤끝…동맹국에 보복조치도 시사,World
"트럼프, '열흘 시한' 최후통첩…이란 “지상전 대비 100만명 조직”",World
러시아 하늘 나는 中항공사 이란전쟁 수혜…유럽노선 2천900편↑,World
"지상전? 이란 '우리도 100만 병력 준비돼있다""",World
호르무즈 ‘톨게이트’…통행료 내면 혁명수비대가 호위해 통과,World
정권교체·최후통첩 외치다 돌연 변덕... 오락가락 트럼프에 시장 '출렁',World
"[자막뉴스] ""뭉치자"" UAE, '다국적 연합군' 구성해 호르무즈 해협 개방 추진",World
[자막뉴스] 미국도 곡소리나는 와중...러시아·중국 웃게 한 트럼프,World
한달 앞둔 중동 사태…‘트럼프식 거래법’ 언제까지?,World
트럼프의 오락가락…협상술? 혼선? 전 세계도 '갈팡질팡',World
"협상 압박?‥""이란 공격 4월 6일까지 유예""",World
‘기름값 막으려다 곳간 비어간다’...전쟁발 에너지 쇼크 대응 비용 급증 우려,World
"'반격 능력' 키우기 잰걸음 일본, 토마호크 발사 가능케 호위함 개조",World
이란 “지상군 100만명 결집…美에 지옥 선사할 것”,World
"""UAE, 중동 각국에 '호르무즈 안보군' 참여 설득…바레인 동참""",World
사드·에이태큼스 한 달도 못버티나…미군 미사일 고갈 '비상',World
"[영상] ""이란 미사일 재고 수백발""…첨단 '카셈 바시르' 등 투입도 안돼",World
"""일부 선박, 위안화로 통행료 내고 호르무즈 통과""",World
“지옥 불러오겠다”더니 미 증시 ‘지옥불 하락’에 놀랐나···트럼프 ‘열흘 연기’ 배경은,World
"""다 모여, 호르무즈 뚫자""…이란 미사일 맞고 흑화한 UAE, 다국적 연합군 추진",World
미국 공습 안 통했나…이란 미사일 기지 앞 뿌려진 ‘지뢰’의 정체 [밀리터리+],World
"“추가 좌석 구매해라”… 美 항공사, '큰 체형' 고객 탑승권 취소",World
"""일부 선박, 이란 '호르무즈 통행료' 위안화로 지불""",World
"FT “UAE, 호르무즈 해협 개방 위해 ‘다국적 연합군’ 구성 추진”",World
"UAE, 호르무즈 재개방·이란 대응 ‘다국적 연합군’ 추진",World
아직 한발 남았다?…이란의 최첨단 미사일 행방에 의문 증폭,World
[자막뉴스] 무서운 수준의 벌떼 공격...궁지 몰린 이란에 '동아줄',World
인도 정부 ‘비축량 충분’ 강조해도…주유소마다 석유 사재기,World
[뉴스특보] 데드라인 또 미룬 트럼프…'열흘' 중대 분수령,World
"""위안화로 통행료 내고 호르무즈 통과""",World
"이란 ""지상군 100만 준비 끝…'역사적 지옥' 보여줄 것""",World
협상 실패시 트럼프의 선택지는…결국 지상군 투입?,World
"[중동 전쟁] 美, '종전 협상' 와중에…“중동 병력 1만명·장갑차 투입 검토”",World
"“중국 파운드리기업 SMIC, 이란 군부에 칩 제조기술 공급”",World
'세계 2위 전력반도체 연합 탄생?' 日롬·도시바·미쓰비시 통합 협의,World
"""일부 선박, 위안화로 통행료 내고 호르무즈 통과""",World
"UAE, 호르무즈 개방 '다국적 연합군' 추진…바레인도 가세",World
"""유가 100불에 웃는다더니…"" 푸틴, 올리가르히 대상 '돈 내라' 압박",World
“전쟁 덕에 3조 쓸어담았다”…전세계 기름값 공포 속 조용히 웃는 ‘이 나라’,World
"“AI 시대엔 변호사보다 배관공… 손기술 천대하던 시대 끝났다""",World
[줌인] ‘망한 전쟁’ 아니다… 美서 이란전 ‘영리한 승리’ 선방론 부상,World
"자취 감춘 이란 최종병기들 ""테헤란 아껴두고 있나""",World
"""김정은, 북미회담 상당히 잘 대처…오바마·트럼프 통역 어려웠다""",World
"호르무즈해협 장악한 이란, 추가적 군사 조치 취할 능력은 급속히 감소",World
"""트럼프, 세계 경기침체 촉발""…'골프 친구' 핀란드 대통령의 직격",World
트럼프 '지상전' 카드 vs 이란 '100만 병력 결집',World
"‘전쟁 겉으로만 말리는 척?’ 유럽, 군사 기지마다 美 폭격기·항모 사용허가",World
"""반도체 제조에 필수""…중동사태 장기화 땐 '초비상' 전망",World
후티 참전시 홍해 봉쇄로 한국 경제 위기 심화 우려,World
반도체에 불똥 튀나…이란 전쟁 장기화 땐 헬륨 공급 차질,World
"이란 “美, 역사적 지옥 맛보게 해주마…지상군 100만명 준비”",World
"""UAE, '다국적 연합군' 구성해 호르무즈 해협 개방 추진""",World
"'돈줄' 하르그 넘어 '길목' 라라크까지…트럼프, 이란 경제·군사 거점 정조준",World
"[자막뉴스] ""무기가 없다"" 종전 못 하면 '끝장'…트럼프 서두르는 이유 나왔다",World
지상전 최후수단 되나…협상 실패시 트럼프 선택지 비관적,World
"""연료 비축량 충분"" 인도 정부 발표에도 주유소마다 석유 사재기(종합)",World
중동 변수에 갇힌 지도자들...네타냐후·트럼프 '동반 위기' [이슈톺],World
“결국 단종됐다”… 애플 상징 '맥 프로' 조용한 퇴장,World
또 물러선 트럼프…협상 전략인가 고육지책인가,World
"즉흥 발언에 번복도…“트럼프式 외교, 이란 전쟁서 한계”",World
"UAE, '다국적 연합군' 구성해 호르무즈 해협 개방 추진",World
"트럼프, 무기 떨어져서 손 내밀었나···“한 달이면 바닥”",World
트럼프 중대 발표 전 수천억 차익 거래…“측근이 이익 챙긴 것”,World
"“이란 땅, 미군 묘지로 변할 것”…이란군, 美 지상전 검토에 경고",World
"일본, 이지스함 토마호크 발사 능력 확보… 강화하는 반격능력",World
"'이러려고 전쟁했나'...러시아, 원유 팔아 수조원 '잭팟'",World
"이란서 퍼지고 있는 '트럼프 암살'...""진짜 전쟁은 시작도 안 했다"" [Y녹취록]",World
반도체에 불똥튀나…중동전쟁 장기화 땐 헬륨 공급 차질(종합),World
공격 또 미룬 트럼프…'열흘의 협상' 뒤로 '최후의 일격' 준비,World
"""머스크, 스페이스X IPO에 월가 관행 깬다""",World
"美 ""中 파운드리기업 SMIC, 이란 군부에 칩 제조기술 공급""",World
"이란 ""지상군 100만명 준비…美에 지옥 보여주겠다""",World
"UAE, '호르무즈 안보군' 전격 참여…""이란의 에너지 인질극 끝내야""",World
"후티, 홍해 참전카드 만지작 '중동 전체로 확전 위기'",World
"이란 “100만명 조직, 역사적 지옥” 경고…트럼프, 왜 공격 미뤘나 [핫이슈]",World
"트럼프, 이란전 종결 시한은 '한 달'…무기·전략 모두 소진 위기",World
"밴스 부통령 ""이란 재래식 군사력 사실상 괴멸…美 선택지 확대""",World
중동전쟁에 무기 소진된 美…결국 우크라 지원 축소 검토하나,World
트럼프의 '최후의 일격' vs 이란 '100만 명 동원령'…지상전 긴장 최고조,World
‘호르무즈 봉쇄 주역’ 해군사령관 사망에…파괴력 2배 자폭 드론 ‘아라시-2’ 날린 이란 [현장영상],World
전쟁 여파로 아프간行 화물 컨테이너 1만개 두바이항에 발 묶여,World
"미 보병·기갑부대 1만명 파병? ""이란에 드론 고속정도 투입""",World
"전쟁 시작해 놓고?...美국무 ""동맹국이 나서 해결해야"" 호르무즈 개방 동참 촉구",World
"""이란전으로 올해 美성장률 0.3%P 하락""…파격 전망 나왔다",World
[뉴스특보] 트럼프 이란 공격 또 유예…압박 계속,World
"미사일에 기지 손상돼 호텔 전전, 미군…이란 “투숙시 호텔도 표적”",World
1만 병력 더 중동으로?…'지상군 투입' 3가지 시나리오,World
정부 못 믿고 사재기에 대혼란...인도 주유소는 난리통 그 자체 [지금이뉴스],World
[자막뉴스] 대형 출혈 가능성...뜻대로 안 되자 '결정타' 감행 만지작,World
"""美 이란에 쏟아부은 탄약만 39조원…핵심무기 부족 심각""",World
친이란 후티 반군 위협에 확전 양상...유가 요동·뉴욕 증시 장외 급변동,World
이란 전쟁에 연료값 급등...美증시 주식 희비 쌍곡선,World
"""역사상 가장 정밀한 공중전"" 美 자찬에…가디언 ""100년전 폭격 이론 되풀이""",World
2번째 공격 유예...국제유가 달래며 지상군 투입 조율?,World
트럼프 '지상전' 카드 vs 이란 '100만 병력 결집',World
"'닥공' 이스라엘, 레바논 지상군 증파…수뇌부도 ""이러다 자멸""",World
이란 “‘역사적 지옥’ 보여주마”…미 ‘지상전’ 대비 100만 전투원,World
"협상 압박?‥""이란 공격 4월 6일까지 유예""",World
"이란 ""美 역사적 지옥 맛볼 것…지상군 100만명 준비 마쳤다""",World
이란 “미국 종전안에 답변 전달…지상전 대비 100만 전투원 조직”,World
"“美의 이란 하르그섬 점령, 전쟁 확대·장기화 시킬것”",World
트럼프 “이란 협상 잘된다”더니…하르그섬 점령 욕심 못 버렸다 [핫이슈],World
갑자기 태도 바꾼 이유? 이란과 협상 앞둔 밴스의 자화자찬 [지금이뉴스],World
트럼프 “이란 발전소 공격 유예 10일 연장”…협상 국면 압박 계속,World
"트럼프 공습 연기에도 지상전 그림자…""협상, 투입 시간벌기"" 관측도",World
"WSJ “트럼프 정부, 중동에 지상군 최대 1만명 증파 검토”",World
"무기 고갈에 발목 잡힌 트럼프…조기 휴전이냐, 최후 일격이냐",World
"전쟁 뒤 미 증시 최대 하락한 날…트럼프, 공격 열흘 늦췄다",World
"""미사일 발사기도 탑재"" 중국이 깜짝 공개한 '로봇 늑대'",World
‘동아시아 전역 사거리’ 日무기 개발 美 전폭 지원,World
"“우크라전 도왔는데 우린 도움 못 받아”…트럼프, 동맹국에 ‘뒤끝’",World
이란 뽐내던 첨단무기 '아끼고 있나?',World
트럼프 '지상전' 카드 vs 무기 고갈·기지 파괴 '이중고',World
타들어 가는 세계…‘에너지 전쟁’의 시대는 어떻게 다가왔나,World
"[자막뉴스] ""기지 탈출해 호텔 전전""...역대급 피해 막심한 미군 상황",World
"트럼프, 공격 유예 '무기소진' 때문?…“핵심무기 한달치뿐, 나머진 멍텅구리 폭탄”",World
"""보복 조치도 가능""…中, 멕시코에 불공정 관세 경고",World
'종전 불확실성'에 뉴욕증시 하락…유가는 급등,World
"美 국방부, 중동 병력 1만 명 증파 논의… 對 이란 전면 압박",World
"""중동 미군기지 병사들 호텔 전전""⋯최소 1조 원 피해",World
"미, 이란 석유통제권 장악?…'최후 일격'도 준비",World
트럼프 시한 열흘 연장…'합의하라' 이란 압박,World
"""미국인들에 역사적 지옥으로 만들 것""...100만 대군 준비하는 이란의 경고 [지금이뉴스]",World
"中대사관 침입에 갈등 폭발, 中 “일본 여행 자제” 재차 경고",World
"병력 부족한 이스라엘...""전쟁 더 이어지면 자멸"" 경고 [지금이뉴스]",World
"中, 로봇늑대 시가전 훈련 공개…""미사일 발사기 탑재""",World
"""연료 비축량 충분"" 정부 발표에도 인도 주유소마다 석유 사재기",World
이란 “지상군 100만명 준비... 美에 지옥 맛보게 해주겠다”,World
한국 직접 거론 안했지만...동맹에 분노한 트럼프 '초강력 보복' 암시 [지금이뉴스],World
트럼프 시한 열흘 연장…지상전 위협하며 '합의하라' 이란 압박,World
"“트럼프, 유가 급등세 탈 때마다 ‘타코’”…백악관은 부인",World
"“이란, 경제 질식공포 - 美, 원유리스크… 누가 오래 버티느냐 문제”",World
“싱가포르로 옮겼는데”…中 마누스 3조 거래 흔든 ‘창업자 출국 제한’,World
이란 “미국 종전안에 답변 전달…지상전 대비 100만 전투원 조직”,World
"이스라엘, 레바논에 5개사단 투입…IDF ""군 붕괴 가능성, 추가징병 필요""",World
"공화당서도 이란전 제동…상원의원, '전쟁 승인 표결' 추진",World
트럼프 “이란 발전소 공격 유예 10일 연장”…협상 국면 압박 계속,World
또 물러선 트럼프… 뒤에선 ‘하르그 점령’ 최후일격도 검토,World
6월 목표 스페이스X IPO…상장도 '괴짜' 머스크식으로?,World
"이란 뽐내던 첨단무기 실종…""아직 아끼고 있나"" 촉각",World
"[영상] 이란 ""지상전 대비 100만명 조직""…""미국 '최후의 일격' 준비""",World
"WSJ “美 지상군 1만명과 장갑차, 중동 추가 파병 검토”",World
미 언론 “지상군 1만명 추가 파병 검토”…트럼프 ‘최후의 일격’ 노리나,World
"월가 사모대출 펀드런 확산…7조 ""못 줘""",World
"[영상] 이스라엘, 레바논 남부 집중공격…이란 해군사령관도 제거",World
트럼프 “이란전 책임은 헤그세스”라더니…에너지 시설 공격 또 미뤘다 [핫이슈],World
"""하필 최악 시기에""…고부채·고금리 늪 빠진 지구촌, 유가에 '속수무책'",World
이란 뽐내던 첨단무기 실종…주변국 '아직 아끼고 있나' 촉각,World
후티 반군의 수에즈 운하 가는 바닷길 위협 더해지며 확전 양상...국제 유가 급등·뉴욕 증시 하락·환율 상승,World
"이란전쟁발 미세먼지 습격, 숨 막힌다 [이규화의 지리각각]",World
"이란발전소 공격 또 유예...트럼프, 협상 교착 속 확전도 부담",World
日해상자위대 ‘원거리 타격 능력’ 확보…토마호크 올여름 시험발사,World
"""큰손들 슈퍼카 기다리는데""…호르무즈 막히자 '특단의 조치'",World
"석유 시장 뒤흔드는 트럼프 SNS…""사실은 정해진 패턴 있다""",World
[이번 주 뉴스메이커] 도널드 트럼프·크리스틴 라가르드·마이크 워스,World
"""美, 이란전 탄약 부족에 우크라 지원 무기 전용 검토""",World
"‘전쟁반대론자’ 밴스, 트럼프 앞에서 ‘전쟁지지’… 이란전쟁 자화자찬",World
"""스페이스X가 온다""…머스크 '유니버스' 본격 시동",World
"""트럼프, 지상군 투입 기울어""…하르그섬 등 '최종타격' 점검",World
"""제3의 오일쇼크 올 수도""...美·이스라엘 목표와 정반대 국면 [이슈톺]",World
"다급해진 이스라엘, '이란 군수산업 파괴'로 목표 변경[미국-이란 전쟁]",World
"""이란 폭격받은 중동 미군기지 손상 심각…병사들 호텔 전전""",World
"“탄약 부족 현실화”…美, 우크라이나 지원용 무기 중동 전환 검토[1일1트]",World
"“남은 유조선 단 1척”…중동 의존 90% 일본, ‘석탄발전’ 늘리기로",World
"""트럼프, 중동에 보병·기갑부대 1만명 추가파병 검토""< WSJ>",World
"트럼프 잦은 말바꿈에 혼란한 자산시장…""투자자들 확신 못해""[미국-이란 전쟁]",World
“이란 폭격에 중동 미군기지 13곳 거주 불가…병사들 호텔 전전”,World
"전략도 없고, 협상팀 구성도 문제…이란 전쟁에 한계 보인 트럼프 외교",World
이란 전쟁에 조용히 웃는 '이 나라'…3조 쓸어담았다,World
"트럼프, 지상전 가나…특수부대 이어 ""1만 파병→하르그섬 점령 검토""",World
[뉴스포커스] 중동발 위기 대응 총력…호르무즈 통행료 30억?,World
또 멀어진 휴전…말발 떨어진 트럼프[미국-이란 전쟁],World
이란 “美에 지옥 보여줄 것”…지상병력 100만명 조직,World
막판 공세 이스라엘… 이란 무기 생산 시설 집중 공격,World
"""미국 에너지 콘퍼런스서도 이란 공격 비판 나와""",World
美 F-18 노린 이란 미사일... 아슬아슬 스쳐 지나갔다,World
나토에 분노한 미국...최후의 '플랜B' 가동하는 트럼프 [이슈톺],World
"""美 핵심무기 재고 한 달 치뿐…트럼프에 남는건 '멍텅구리 폭탄'""",World
"""100조 달러 빚의 역습""…기름값 폭탄에 각국 정부 '재정 둑' 무너지나",World
"""지상군 1만 명 투입 검토""‥美 언론 ""기갑전력 포함""",World
"트럼프 공격 유예, ‘무기 소진’ 때문?…“사드 198발 사용, 핵심무기 겨우 한달치”",World
"美국무 ""동맹국이 나서 해결해야"" 호르무즈 개방 동참 재차 촉구",World
"“40일 버티는 나라가 먼저 멈췄다”… 에너지 전쟁, 이미 시작됐다",World
"'대선 3위' 대만 커원저, 징역형에 ""항복 안해""…정가 후폭풍",World
"""시간 지날 수록 이란, 우위 점할 수 있다""",World
美 '멍텅구리 포탄' 사용 불가피…한달내 핵심무기 소진,World
"트럼프, 이란 발전소 열흘 동안 안 때린다…""절박한 건 이란""",World
열흘 더 미룬 대이란 공격…협상 교착에 경제도 부담,World
"무기 급감에 협상 시도하나…“사드 198발 사용, 美핵심무기 겨우 한달치”",World
"[자막뉴스] ""이란 위해 참전 준비 완료""...공포 재발에 발작",World
[자막뉴스] 베네수엘라 공습 때처럼...'갈팡질팡' 속 최후의 시나리오 준비,World
"[속보]이란 “美지상전 대비, 100만명 모았다…지옥맛 보게 해줄 것”",World
"""협상 원한다더니 왜 딴소리?""…트럼프, 이란 반응에 '당혹'",World
"호르무즈 우회로 홍해도 막히나…후티 ""필요시 군사적 대응""",World
친이란 후티 반군 위협에 확전 양상...유가 급등·뉴욕 증시 하락,World
"발전소 공격 재연기 진실공방…트럼프 ""이란이 요청""…중재국 ""요청 없었다""",World
"[뉴스특보] 트럼프 최후통첩 또 연장…""4월6일까지 중단""",World
"미 육군, 사모펀드들과 손잡고 데이터센터 건설",World
"SCMP ""이란전쟁으로 에너지 가격 폭등 속 최대 수혜국은 러시아""",World
"출구마련 '비상' 걸렸다…""미 핵심무기 겨우 한달치""",World
"""1살에 핸들 잡고, 4살에 랠리카 운전""…7살 '레이싱 천재' 화제",World
이준석 “파병 대신 무기 보내 호르무즈 해협 항행 수호하자”,World
"트럼프 ""4월 6일까지 발전소 공격 또 유예""...6주 내 종전 추진?",World
호르무즈 호위 작전 거부한 동맹국에 트럼프 “절대 잊지 않겠다” 보복 암시,World
"""100만 결집, 지옥 선사할 것""...협상 불구 이란 지상전 위기 최고조",World
비난·격려가 동시에…다카이치의 '트럼프 맞춤형' 외교? [취재파일],World
"""하르그섬 점령은 위험""…장거리 이동·기뢰·방공망 '3중 리스크'",World
이란 “미국 종전안에 답변 전달…지상전 대비 100만 전투원 조직”,World
"美, 중동에 1만명 추가 파병 검토…협상 혹은 확전 기로",World
"""재고 바닥나면 끝"" 중동 전쟁에 대만 '비닐봉지 대란'",World
"준비는 다 됐고, 트럼프 결정만 남았다…미 전쟁부 '최후 일격' 4가지 시나리오",World
"""이란이 원해서""… 트럼프, 또다시 폭격 유예 [HK영상]",World
'이란 수출 전초기지' 점령? 트럼프의 결단에 '긴장' [지금이뉴스],World
"日호위함, 美서 토마호크 발사 개조 완료…반격능력 강화 박차",World
"“트럼프, 지상군 투입해 이란 항복시키려는 듯”",World
이란 “이스라엘 최대 발전소 미사일 공격…경고성”,World
이란 발전소 공격 또 유예한 트럼프…협상 교착 속 확전도 부담,World
‘고립주의→전쟁지지’ 바뀐 美부통령 …“이란 핵 막는 길” 자화자찬,World
“미국에 조지오웰식 법은 없다” 앤트로픽 손 들어준 법원…트럼프 정부 배제조치 차단,World
"""트럼프, 유가 급등세 탈 때마다 '타코'했다""",World
"미 법원 ""앤트로픽 '공급망위험' 지정은 위법"" 제동",World
"무기 급감도 협상배경?…""사드 198발 사용, 美핵심무기 겨우 한달치""",World
"고립주의였던 밴스 부통령도 ""이란 핵 막는 길"" 자화자찬",World
"트럼프, 동맹국에 불만 표출...""우크라이나 전쟁은 우리 전쟁 아냐""",World
"트럼프, 결국 지상전 택하나…""1만명 추가 파병 고려""",World
"中학자 ""美 '3개의 전쟁' 수렁…中, 10년이면 美경제 추월""",World
"이란전쟁에 한계 보인 트럼프식 외교…""상식 이탈로 위험 초래""",World
"""트펌프, 지상군 투입으로 기울어"" 이스라엘 언론",World
"이스라엘 매체 ""트럼프, 지상군 투입해 이란 항복시키려는 듯""",World
"한국 언급 없었지만…트럼프 ""전쟁 안 나선 동맹국 기억"" 보복 예고",World
"터보퀀트 충격 지속, 亞메모리주 이틀째 급락…키옥시아 10%↓",World
"트럼프, 호르무즈 파병 거부 동맹 또 압박…""잊지 않겠다""",World
"전선 너무 넓힌 이스라엘…참모총장도 ""자멸"" 우려",World
“전세계 운용 핵무기 약 1만기···히로시마 원폭 13만개 위력”,World
후티 반군의 수에즈 운하 가는 바닷길 위협 더해지며 확전 양상...국제 유가 급등·뉴욕 증시 하락·환율 상승,World
"트럼프 ""4월 6일까지 이란 발전소 안 때린다""…공격 유예 열흘 연장",World
“이란 정권교체 단기간 내 불가능”…이스라엘군 인식 변화,World
이란 “미국 종전안에 답변 전달…지상전 대비 100만 전투원 조직”,World
"'고립주의' 밴스도 '전쟁지지'…""이란 핵 막는 길"" 자화자찬",World
"협상 압박?‥""이란 공격 4월 6일까지 유예""",World
"이란, 호르무즈 이어 홍해도 봉쇄 위협",World
日 전력반도체 '메머드급' 연합 탄생…세계 2위 노린다,World
"이스라엘, 다중 전선에 병력 고갈…“자멸 경고” 속 전쟁 목표 수정",World
"美법원 ""앤트로픽 '공급망위험' 지정은 위법""…美정부 조치 제동",World
"""이러다 자멸""...이스라엘 전선 확대, 군도 '우려'",World
"[월드앤이슈] 트럼프 ""새 시한은 4월 6일""…협상 타결 불투명",World
"“쇠락한 천조국 美, ‘3개의 전쟁’ 수렁…中이 곧 추월한다” 전망 나온 이유",World
"이스라엘, 전선 너무 넓혔나···군 수뇌부도 “붕괴 직전” 우려",World
"""이란 공격! 헤즈볼라도 공격!…이스라엘 군 ""저기, 병력이 없는데요""",World
이란 전쟁의 나비효과…K-반도체 생산 차질 생긴다? [스프],World
갤런당 '5달러' 고유가에 시달리는 美…중간선거 아킬레스건 되나?,World
“호르무즈 항행 복원”… 프랑스 주도 韓 등 35개국 호위 작전 채비,World
"트럼프, 호르무즈 군함 파병 지원 않은 동맹국들에 ""기억하겠다""",World
"워런, 워시 연준 의장 후보자 맹비난…""실패서 아무것도 못 배워""",World
"뉴욕증시, 종전 기대감 약화에 일제히 하락...나스닥 '조정 국면'",World
"참모총장마저도 ""자멸한다""…병력 부족 심각해진 이스라엘",World
'48시간→5일→10일'…타코 논란 속 '열흘'이 중대분수령[영상],World
"이란 ""호르무즈 지나는 배 1회 30억 내라""…통행료 10조 수입 예상",World
“지옥 맛보게 해주겠다”…지상전 가능성에 100만명 동원한 이란의 경고,World
"美, 이란 대응해 무인 함정 실전 투입…드론 전쟁 해상으로",World
"“미 국방부, 이란전에 ‘우크라 지원용 무기’ 전용 검토”",World
"이란, 바레인과 UAE 미군 수용 호텔들에 군사작전 목표로 ""최후 통첩""",World
[김대호 박사의 오늘의 키워드] 트럼프 최후통첩·터보퀀트 충격·나프타 수출통제,World
"트럼프 ""이란발전소 공격 4월 6일까지 중단하겠다…대화, 아주 잘 진행되고 있어""",World
"전선 너무 넓힌 이스라엘…참모총장마저도 ""자멸한다"" 우려",World
“히로시마 원폭 13만5000개 위력”…운용 중인 전세계 핵무기 수는,World
"日이지스함, 토마호크 순항미사일 발사능력 갖춰…美서 개조 완료",World
"월가 보너스 3.8억 '사상 최고' 찍었는데…뉴욕시 한숨, 왜?",World
"트러프, 결정만 남았다…하르그 침공 등 '최후일격'",World
“전 세계 핵무기 1만기 운용중…히로시마 원폭 13만개 위력”,World
"트럼프 '뒤끝' ""나토 기억하겠다""...韓도 불똥 튀나",World
"이란 ""100만 병력 결집…미군에 지옥 안겨주겠다""",World
"엔비디아 오늘도 4% 이상 급락, 시총 4조달러 붕괴하나(상보)",World
"""장기전 가기엔…"" 미국, 이란 공격 시나리오 3가지 부상",World
美 제재는 멀고 中 지원은 달콤… 아세안 권위주의 정권 득세  배경은 [아세안속으로],World
트럼프 “우크라전도 미국 전쟁 아냐”···호르무즈 협조 불응에 뒤끝,World
"이연향 ""김정은·트럼프, 해결 의지 있었다""…하노이 '노딜' 내막",World
"[트럼프 스톡커] 증시 마감 맞춘 대통령 변덕, 2주 더 ‘일희일비’",World
"트럼프 ""이란 공격 유예 열흘 또 연장""...4월 종전 가능성",World
"트럼프 ""군함 파견 안한 동맹국 기억하겠다"" 거듭 경고",World
트럼프 방중 일정 재확정… 이란 분쟁 종식 여부가 변수,World
"[비즈 나우] '터보퀀텀 쇼크'…삭풍일까, 호재일까?",World
"""세계 핵무기 1만기…히로시마 원폭 13만5천개 위력""",World
"[부자들의 투자노트] BMO ""달러, 향후 3~6개월간 강세 전망""",World
"[뉴스특보] 트럼프, 공격유예 열흘 연장…협상은 난항",World
"홍해 바닷길도 막히나…예멘 후티 반군 ""이란과 연대, 필요시 참전""",World
"이란 협상 또 연장한 트럼프, ""4~6주"" 전쟁 시간표 지킬까?",World
"트럼프 ""열흘간 이란 안 때린다""…주말 '깜짝 휴전' 가능성도",World
"트럼프, 기어코 美 지폐에 자기 서명 '165년 전통 파괴'",World
"“파병은 전쟁 중에 해야, 기억하겠다”…동맹국에 경고 날린 트럼프",World
후티 반군의 수에즈 운하 가는 바닷길 위협 더해지며 확전 양상...국제 유가 급등·뉴욕 증시 하락·환율 상승,World
"터보퀀트 충격, 메모리주 폭락에 반도체지수도 5% 급락(종합)",World
또 물러선 트럼프…'타코' 논란 가열 전망,World
"이스라엘, 레바논 남부 지상군 증파···5개 사단으로 늘어",World
"트럼프 '최후통첩' 시한 또 연장…""4월 6일까지""",World
“이대로 가면 5월에 끝장”…‘이란 전쟁’에 세계최초 비상사태 선포한 이 나라,World
메모리주 일제 폭락에 엔비디아도 4% 이상 급락,World
"트럼프, 대이란 위기 속 또 횡설수설에 백악관 리스크 부각",World
"3차례 북미회담 통역 이연향 ""두 정상 솔직했고 화기애애""",World
"[마켓 브리핑] 트럼프, 장 마감 후 ""이란 공격 열흘 더 보류""",World
"美 국방부, 이란 해역에 자폭 무인함 첫 실전 배치",World
"이스라엘 전선 확대…이란, 지상전 준비 돌입",World
트럼프 “4월6일 오후8시까진 이란발전소 공격 안하겠다”,World
"美메모리 업체도 일제 폭락, 마이크론 7%-샌디스크 11%↓(상보)",World
협상 전술?…이란 강경파 핵무기 개발 목소리 커져,World
"美, 지상전 포함 ""최후의 일격"" 준비...이란 '백만대군' 자랑",World
"'이란발전소 공격 또 유예'…트럼프, 협상교착 속 확전도 부담",World
후티 반군의 수에즈 운하 가는 바닷길 위협 더해지며 확전 양상...국제 유가 급등·뉴욕 증시 하락·환율 상승,World
"터보퀀트 충격, 美최대 낸드 업체 샌디스크 11% 폭락",World
"트럼프 ""이란 발전소 공격 유예 열흘 또 연장""...협상 압박",World
"이란대통령, 말레이시아 총리와 통화 ""우리는 완전한 종전 원한다"" 밝혀",World
이란 공격 변수 이후 북한은 어떻게 움직일까,World
"수척해진 마두로, 두번째 美법정 출석…판사 ""공소기각 없다""(종합2보)",World
"전쟁종료 원하는 트럼프, 개전 6주차 4월 6일에 가능할까",World
[스타트 브리핑] 항공유 가격 2배 폭등...고유가·고환율에 항공업계 비상,World
코스피 어쩌나. 나스닥 급락…트럼프 “4월 6일까지 공격 유예”에 기대,World
"북미정상회담 통역 이연향 “김정은, 경험 부족에도 대응 뛰어나”",World
"뉴욕증시, 일제히 급락… 이란戰 개전 후 최대 낙폭",World
"트럼프가 말한 '이란 선물'?...""유조선 10척 호르무즈 통과 허가""",World
임원 6명엔 ‘1.4조 잭팟’·직원은 해고 통보한 메타,World
종전 기대감 후퇴에 미 주식·채권 동반 급락,World
[외신 헤드라인] 구글 '터보퀀트' 뭐길래…삼성·SK 등 주가 '뚝',World
"""미, 하르그섬 침공 등 '최후일격' 옵션 준비…트럼프 결정 남아""",World
"트럼프, 이란도 베네수처럼...""석유 통제권 장악도 옵션""",World
"트럼프 ""이란, 핵 버리고 새 길 찾아라…거부하면 '최악의 악몽'""",World
"'마두로' 압송처럼 이란도?…트럼프, '석유 통제' 언급했다",World
'안갯속 상황' 국제유가 5% 급등…미 증시는↓,World
美 지상군 투입 가능성은?…해협서는 신경전 고조 [글로벌 뉴스픽],World
"트럼프 ""이란발전소 공격 보류 10일 연장""…대공격 준비 병행(종합)",World
"지상군 증파 전선 확대…이란 ""100만 명 준비""",World
"트럼프 ""4월 6일까지 10일간 발전소 공격 유예""",World
"""미국을 얼마나 더 수렁으로""‥험악한 미국 여론",World
"""4월 6일까지 발전소 안 때린다…10일 연장""",World
이란 “미국 종전안에 답변 전달…지상전 대비 100만 전투원 조직”,World
‘한국어 입과 귀’ 통번역국장 퇴임 “가장 진땀 빼게 한 美대통령은…”,World
"트럼프 ""이란 공격 열흘 연기…석유통제권도 염두""",World
"국제유가, 트럼프 협상수용 압박에 반등…브렌트 다시 배럴당 108달러",World
"""생각 빠른 트럼프, 통역하기 쉽지 않았다"" 은퇴한 북미회담 통역 이연향",World
"뉴욕증시, 이란전 협상 기대감 후퇴에 급락…나스닥 2.4%↓",World
"트럼프, 이란 에너지시설 공격 중단 10일 추가 연장…“협상 순조롭다”",World
"트럼프·김정은 통역 도맡았던 美이연향씨…""둘 다 굉장히 솔직""",World
"'북미회담 때 트럼프 통역' 이연향 ""김정은, 잘 대처했었다""",World
예멘 후티 반군에 이스라엘 지상군까지 확전 양상...국제 유가 급등·뉴욕 증시 동반 하락·환율 상승,World
"트럼프 ""4월 6일까지 이란 발전소 공격 유예""",World
"트럼프 “이란, 합의 마련 갈구…석유 통제권 장악도 옵션” [1일1트]",World
"美특수부대 ‘우라늄 탈취’ 지상전 돌입? “최후일격, 트럼프 명령만 남아”",World
"큰소리치는 美, 반박하는 이란…그걸 지켜보는 이스라엘 [글로벌 모닝 브리핑]",World
‘반도체 동맹’에 돈 쏟는 美…3700억원 투입 ‘팍스 실리카’ 가동,World
구글 ‘터보퀀트’ 충격에 마이크론 7% ↓...이란 휴전 기대 후퇴에 유가는 5% ↑ [데일리국제금융],World
트럼프 “이란 에너지시설 공격 4월 6일까지 멈춘다”(종합),World
"뉴욕 증시, 이란전 발발 이후 가장 큰 폭 하락... S&P500 1.7% ↓",World
"호르무즈 해협 틀어쥔 이란, 선박 통행료 30억원 징수?[트럼프 2기]",World
"악시오스 “미, 하르그 침공 등 ‘최후일격’ 옵션 준비…트럼프 결정 남아”",World
"""이란 석유 통제권 장악도 옵션""…공격 암시하며 협상 압박하는 트럼프",World
"지뢰 깔고 방공망 배치… 이란, 원유 수출기지 하르그섬 ‘배수진’",World
"이란, 종전안 거부하고 역제안… 美 “지옥 보여 줄 것” 최후통첩",World
하르그섬 말고 라라크섬도 있다…美 '최후의 일격' 시나리오 4가지,World
[글로벌 비즈 브리핑] 구글 '터보퀀트'가 뭐길래…삼성·SK하이닉스 주가 대참사 外,World
"日롬·도시바·미쓰비시, 전력반도체 '3각 통합' 시동…세계 2위 되나",World
“아시아·유럽 노선 최대 560% 급등”…천정부지 치솟은 항공권 가격,World
"美, 협상파트너 2명 암살표적 제외… 이란, 5개 종전조건 역제안",World
"美 “지옥 보여줄 준비” 지상군 투입 압박… 이란, 하르그섬에 지뢰-미사일 대거 설치",World
유가 급등에 美우체국 소포 첫 ‘유류 할증료’,World
“석유 위기를 기회로”… 中 ‘수소 인프라 구축’ 드라이브,World
"이란戰에 발묶인 트럼프, 우크라에 “돈바스 포기하라” 또 압박",World
"호르무즈 봉쇄로 韓선박 26척 고립 장기화, 이란 “美거래땐 못나가”",World
이란 “美 종전안 일방적”…트럼프 “합의 없으면 공격 지속”,World
구글 '터보퀀트'가 뭐길래…삼성·SK하이닉스 주가 대참사,World
"트럼프 ""합의 안 급해""…최후통첩 시한은 협상에 달려, '원유 장악' 거론(종합)",World
"""합의 원한다"" ""생각 없다""… 美·이란, 협상 주도권 싸움 치열",World
[뉴욕유가] 美·이란 종전 의구심에 4.6% 급등,World
"타스님 “이란, 지상병력 100만명 조직…군지원 쇄도”",World
"""전세계 핵무기 1만기…히로시마 원폭 13만 5천 개 위력""",World
"트럼프 '뭣이 중한가'…바닥 보이는 무기, 우크라 대신 이란행 검토",World
메모리시장 충격 준 터보퀀트…극좌표 압축기술로 사용량 1/6로,World
"미 전직 당국자 ""한국 등, 전쟁 안정되면 호르무즈 지원 모색할 것""",World
"트럼프 '이란 최후통첩' D-1…""시한 연장, 협상에 달려""",World
"목적 잃은 미국, 생존에 사활 건 이란… 개전 한 달 각국 동상이몽",World
"미 특사 ""이란이 협상 나선다는 강력한 징후 있어""",World
"""전세계 핵무기 1만기 운용중…히로시마 원폭 13만5천개 위력""",World
"美전직당국자 ""한국 등, 이란전 진정되면 호르무즈지원 모색할것""",World
"“이란, 지상병력 100만명 조직…청년들 군지원 쇄도”",World
[속보]트럼프 “이란과 협상으로 유조선 10척 호르무즈 통과…석유통제권 장악도 옵션”,World
"트럼프 ""이란과 합의 절박하지 않다""…이란 석유 장악 가능성 시사",World
"[중동 전쟁] 트럼프 ""이란 석유 장악도 선택지…유조선 10척 호르무즈 통과""",World
"이스라엘, 레바논 남부 지상군 증파…5개 사단으로 늘어",World
"""이란, 지상병력 100만명 조직…군지원 쇄도""(종합)",World
"""美 '최후 일격' 준비 중…트럼프, 4개 선택지 중 결정만 남았다""",World
암흑 속의 쿠바… 휴대폰 불빛으로 밤을 버텨냈다,World
"""미, 하르그 침공 등 '최후 일격' 옵션 준비""",World
트럼프 5월 14일 방중… 내달 중 종전 시사,World
코로나 이어 대정전… 두번 죽는 ‘쿠바 목숨줄’ 관광업,World
"세계가 중동에 눈돌린 틈타… 러, 드론 948대 날려 대낮 우크라 기습",World
"2년 전 총통 선거서 26% 득표 돌풍, 대만 스타 정치인의 몰락",World
"주말 휴전 선언 가능성‥""늦기 전에 진지해져야""",World
"예멘 반군, ""중동 전황 따라 군사 대응"" 경고",World
"이란 “미국과 거래 한국선박, 호르무즈 통과 못한다”",World
홍해까지 봉쇄 위협…AI 단기전 발목잡는 ‘해협 인질’ 작전,World
"이란, 美 15개항 종전안에 답변…""협상 제안은 기만술""(종합)",World
"트럼프 ""협상 간절한 쪽은 이란…합의 땐 호르무즈 개방 가능""",World
"동맹으로 번지는 전선…6개국, 이란에 반격 경고",World
"""미 국방부, 우크라이나 공급 예정 무기 이란 전쟁에 전용 검토""",World
"""美, 종전협상 중단대비 하르그섬 침공 등 '최후일격' 옵션 준비""",World
"유럽·캐나다 작년 국방비 지출 20%↑…나토수장 ""기념비적""(종합)",World
"""美, 하르그 침공 등 '최후일격' 옵션 준비…트럼프 결정 남아""",World
"“美, 우크라 지원용 무기→이란 전쟁으로 돌리는 방안 검토”",World
"WP “미, 우크라이나 지원용 무기 이란 전쟁에 전용 검토”",World
"러, 이란 도우며 우크라 공세 강화...양동작전 펼치나?",World
'이란 전쟁' 한 달에 피해 눈덩이...위험한 치킨게임,World
"뉴욕 증시, 이란 향한 트럼프 경고에 하락 출발",World
'오일 머니' 쓸어담던 두바이…이란 전쟁에 명품 매출 비상,World
"미·이란, 협상 테이블 밑으론 지상전 준비… 충돌 위기 고조",World
"이란, 호르무즈·홍해 동시 봉쇄 위협",World
"조급해진 트럼프 ""전쟁 몇 주 안에 끝내라""... 상황은 미지수",World
"""美국방부, 우크라이나 지원용 무기 이란 전쟁에 전용 검토""",World
"미국, 1만개 이상 타격 “지상군 출격 대기”…이란, 항모 향해 ‘미사일’",World
"[투나잇이슈] ""핵포기"" vs ""배상""…간극에 접점 마련 난항",World
이란 “미국과 직접 대화 안 해”…홍해 입구 봉쇄도 위협,World
"뉴욕증시, 이란 향한 트럼프 경고에 하락 출발",World
"돌격소총 조준 시늉하며 ""허허""…김정은에 선물 안긴 평양 손님",World
"[속보]“배 한척당 30억”…이란, 호르무즈 통행료 징수 법안 추진",World
"""혁명수비대, 이란 접수중…혁명수비대에 이 전쟁은 축복""",World
"트럼프 “이란전, 먼저 해보자 한 건 헤그세스”…‘종전 관리자’로 서사 재편? [권윤희의 월드뷰]",World
"한 번에 30억 원?...이란, 호르무즈 '통행료' 징수 추진",World
"백악관 ""이란과 협상 계속...지옥 불러올 준비도""",World
“AI 시대에 돈 벌려면 필수” 1만명 우르르…요새 뜨는 ‘이 직업’ 정체는,World
"美, 이란 지상전 준비하나…UAE서 기동훈련",World
"트럼프, 토요일 ‘전격 휴전설’…美, 이란 협상파트너 2명 암살 제외",World
“美·이란 간접 대화 중”…파키스탄 외무 첫 공식 확인 [美-이란 전쟁],World
"“여보, 어머님 칠순여행 취소하자”…항공권 가격 최대 560% 치솟아",World
"“호르무즈 봉쇄 지휘한 이란 해군사령관, 공습으로 사망”",World
“UAE서 美 수송기 훈련 정황 포착”…협상 앞두고 지상전 준비하나 [美-이란 전쟁],World
"이스라엘 ""호르무즈 해협 봉쇄 지휘한 이란 해군사령관 제거""",World
“한국은 진짜 친구”…천궁Ⅱ 3번째 포대 UAE 배치 임박,World
[중동전쟁] 이란 “호르무즈 통행료 1회 30억원”…‘안보비용’ 대가로 징수 추진,World
"하르그 섬에 지뢰 매설한 이란군…""점령하면 홍해 입구도 봉쇄""",World
"트럼프 “이란, 늦기 전에 협상 나서라…되돌릴 수 없는 상황 올 것”",World
'휴전할라' 다급해진 이스라엘…'핵심 타격 목표' 정하고 총공세,World
주말 휴전 가능성?…이 시각 중동,World
"이스라엘 ""호르무즈 봉쇄 지휘 이란 해군사령관 제거""(종합)",World
두바이 명품 백화점 '텅' 비었다…매출 급감·물류 대란 심화,World
"왕이, IAEA사무총장과 중동 논의…""핵시설 공격땐 심각 결과""(종합)",World
"""美 공군 수송기, UAE 영공서 기동훈련…이란 지상전 준비 시사""",World
"트럼프 ""이란 협상단, 매우 이상해…합의 구걸하며 시간 끌어""",World
트럼프 재촉에 이란과 ‘완전한 합의’ 없는 휴전 가능성 부상…주말 분수령,World
파키스탄 “우리 중재로 미·이란 간접 대화 중” 공식 확인,World
"파키스탄 외무 ""우리 중재로 美·이란 간접 대화 중"" 공식 확인",World
"[속보]""초토화 되기 전에 도장찍어. 일 벌어지면 끝!""… 트럼프, 이란 폭격 유예 'D-1' 살벌한 최후통첩",World
“45일 후 모든 게 멈춘다”…중동 전쟁에 첫 번째로 비상사태 선포한 ‘이 나라’,World
"동맹국에 막대한 안보 부담…우크라, 한국, 일본 난감한 상황",World
'4주 전쟁' 공언한 트럼프…종전 시간표에도 전망은 '불투명',World
"미 ‘공격 유예’ 끝나는 주말…확전이냐, 극적 협상 타결이냐",World
"""단돈 4만원으로 52만원짜리 효과 낸다""…특허 만료에 中 비만치료제 시장 경쟁 '시동'",World
미 제안 거절 뒤 역제안…더 까다로운 협상안 보니,World
"""메모리 6분의 1만 쓴다고?""… 구글 '터보퀀트' 쇼크에 삼성·SK하이닉스 주가 대참사",World
"중동 6개국 ""우리도 자위권 있다""…맞대응 나서나",World
"깜짝 '휴전 발표' 나올라…""48시간 집중 공격 지시""",World
"미국 ""표적 1만 개 타격""…이란 ""미 항모에 미사일""",World
"'1척당 30억' 통행료 이어…""홍해까지"" 우회로 막히나",World
日 롬·도시바·미쓰비시전기…전력반도체 '3각 통합' 시동,World
"섬에 지뢰 깔고 미사일 추가…""선 넘으면 응징"" 경고",World
"[뉴스특보] 트럼프, 보좌진에 이란 전쟁 ‘속도전’ 지시",World
"13명 사망에 6000마리나 죽였는데…‘공무원 헌터’까지 등판한 일본, 겨울잠 깬 ‘곰과의 전쟁’ 선포",World
"[단독] 샤헤드까지 잡는다…韓 요격드론 ‘카이든’, 대응 버전 개발 중 [밀리터리+]",World
"""미국이 미국과 협상하는 지경"" 전쟁 출구 못 찾는 트럼프",World
"""구글 터보퀀트 쇼크, 전세계 메모리주 매도 촉발""-블룸버그",World
"이란 ""호르무즈 주권 인정하라""‥미국 휴전안에 '정반대' 요구로 맞서",World
"""1~2주 안에 전쟁 끝내라""…이란은 '5대 조건' 역제안",World
커져가는 미국 내 반전여론‥작아지는 트럼프의 입지,World
"지상군 투입 맞서 가드 올리는 이란‥""하르그섬을 거대한 요새로""",World
"트럼프 ""나토, 이란전쟁에서 아무 것도 안 해…필요 없다""",World
"조급해진 트럼프 ""전쟁 몇 주 안에 끝내라""... 상황은 미지수",World
"""48시간 내 이란 집중 타격""‥'휴전설'에 조급해진 이스라엘",World
'주말 휴전 선언' 보도에 '미중 회담 일정 확정'까지‥진짜 전쟁 멈추나,World
"""혁명수비대, 이란 접수중…전쟁이 입지만 다져줬다""",World
"""희생은 무섭고 정권 교체는 탐나고""… 딜레마 빠진 트럼프, 이란 전쟁 '타임오버' 임박",World
"'지옥' 예고한 미국…""하르그섬 침공 등 '최후 일격' 검토""",World
"미국 ""트럼프 허풍 아니다""…지상군 공격 대비하는 이란",World
호르무즈 봉쇄로 ‘치킨게임’ 양상…인권단체 “이란사망자 최대 1만 명”,World
"호르무즈 뿌린 '고성능' 기뢰…이란, 배 한 척당 30억 요구",World
"美, 중동에 발묶인 사이… ‘손익계산’ 따지며 미소 짓는 中",World
"""전쟁 비용 최대 70조"" 이란 1만 곳 이상 타격…미군 항공기 202대 격추",World
"[단독] 이란 정부 대외 서한 입수 ""주권 지키려 호르무즈 장악""",World
"""이 맛있는 걸 한국인만 먹었어?""…일본서 난리난 한국 커피",World
기름값 급등에…멈춰 선 뉴욕 명물 ‘옐로캡’,World
"이란, 종전안 거절하고 지상전 준비 ""기뢰 매설하고 방공망 강화""",World
“28일 전격 휴전 가능성”…운명의 주말,World
"이란, 종전 거부…5대 조건 역제안",World
[아는기자]일촉즉발 하르그섬…기뢰 이어 지뢰 전술?,World
"'신속 독립' 주장 그린란드 정당, 덴마크 의회 첫 입성",World
"구글 입사한 이란 미녀 자매, 알고보니 '스파이' 였다",World
"""남은 석유 45일 치, 국가 위험""…비상 걸린 필리핀의 선택은",World
"“이스라엘, 레바논에 백린탄 사용”…독성 제초제 살포 이어 생태계 파괴 무기화 비판",World
미군 “이란 군사 목표물 1만 개 이상 타격…아직 안 끝났다”,World
"美, 공격유예 시한 이틀 앞두고 “지옥 준비”",World
"타격 정보 이어 살상무기까지?… “러, 이란에 공격용 드론 전달 중”",World
"백악관 “오판하면 지옥 열릴 것”… 이란, 지상전 대비 지뢰 설치",World
"젤렌스키 ""돈바스 요새는 우리 안보수단…철군 안돼""",World
‘예측불허’ 트럼프의 ‘갈팡질팡’ 전쟁… 세계는 대혼란 [미·이란 전쟁 한 달],World
거꾸로 부는 트럼프 바람…유럽보수 선거마다 '추풍낙엽',World
"전쟁 27일째, 美-이란 종전 수싸움…휴전우려 이스라엘 '48시간 총공세'",World
이스라엘 “호르무즈 지휘했던 이란 해군 사령관·정보국장 제거”,World
[AFTER 8NEWS] 71% 역대 최고지지율 다카이치 노림수…'눈엣가시' 평화헌법이 되레 '방패'됐다,World
"""中, 은행 대주주 지분 규제 완화 검토…자본확충 지원 나서""",World
유가 폭등에… 트럼프 '셀프 종전'으로 출구 찾나 [美-이란 전쟁],World
"종전·확전 '운명의 28일'… 美 ""지옥 준비"" 이란 ""대화 안해"" [美-이란 전쟁]",World
앤디김 “韓 미사일방어체계 중동 차출 우려” [이란전쟁 한 달],World
협상·지상전 ‘투트랙 전략’ 美… 오일통로 막고 버티는 이란 [이란전쟁 한 달],World
"“美, ‘3개의 전쟁’으로 자해 중…中, 10년 후 美경제 추월” 中학자 주장",World
[기획] ‘종전 분수령’에 선 트럼프의 강온 전략… “지옥 부를 것” vs “큰 선물 받았다”,World
호르무즈 출구 찾기 …주말이 ‘담판’ 분수령,World
"미국 ""이란, 합의 간절"" vs 이란 ""안 해""… '종전 협상' 진실 게임",World
美국방 “모든 총알이 적에게 명중하게 하소서” 펜타곤서 기도,World
"“남은 석유는 45일분, 위험 임박했다”…결국 ‘국가 비상사태’ 선포한 나라",World
‘천궁’이 요격하는 소리?…이란 미사일·드론 수천발 막아낸 UAE 방패 [밀리터리+],World
"""미국, '3개의 전쟁' 수렁 빠졌다""…중국 학계서 '미 경제 추월론' 제기",World
"이란, 하르그섬에 지뢰 깔고 미사일 추가…美 “지옥 준비됐다”",World
"네타냐후, 휴전 가능성 경계 “48시간 집중공격 작전” 지시",World
"우크라이나전 은혜 갚은 러시아···“이란에 드론 공급, ‘살상무기’ 지원 첫 사례”",World
이란 ‘물량 승부’에 나토 군사령관 “드론 200대 만들 때 우린...”,World
日 재무장 밀어주는 美…속내는 ‘동북아 안보 분담’,World
4~6주면 끝난다던 '이란 전쟁'…최소 한 달 더 갈 듯,World
中 ‘현대전 게임체인저’ 드론 요격용 레이저 신무기 2종 공개,World
"“선박당 30억원”…이란, 호르무즈 통행료 징수 법안 추진",World
"""호르무즈 통과하려면 30억씩 내라""…이미 통행료 지불한 선박도",World
"이란 ""호르무즈 통행료 내면 안전하게 보내준다""",World
[자막뉴스] 미국 지상군 7천 명 집결 중...'지뢰밭' 만드는 이란의 배수진,World
"""트럼프, 보좌진에 전쟁 몇 주내 끝내라""...협상 vs 확전 기로",World
"[뉴스특보] 미 ""협상 진행""…이란 ""대화 없다“",World
"""500만원이라고?"" 가격 듣고 '화들짝'…전쟁에 한 달 새 5배 뛴 '亞-유럽' 비행기값",World
이대로면 해외 여행 포기…아시아-유럽 노선 항공권 560% 폭등,World
"""러시아, 이란에 드론 공급…美 의식해 S-400은 거부""",World
"""트럼프 추가 파병은 협상 압박 수단…역효과 날 수도""",World
"[영상] 이란 ""F/A-18 전투기 격추""…미국 ""거짓""",World
[영상] UAE 하늘 지킨 천궁-Ⅱ에 팔란티어 AI 탑재…'K-방공망' 한겹 더,World
美 중부사령부 “이란 군사 목표물 1만개 타격…해군 함정 90% 파괴”,World
"""아까 1만 개째 타격했고요, 함정은 거의 파괴됐네요""…미 지휘부 ""바다 위협 끝""",World
"트럼프도 손 못 대는데…‘선 넘은’ 이스라엘, 결국 이곳까지 때렸다 [핫이슈]",World
"“이기면 우리팀, 지면 남”…트럼프 위협 벗어난 그린란드, 월드컵 뛰는 덴마크에 착잡해하는 사연은[나우, 어스]",World
"다가오는 트럼프 ‘발전소 초토화 유예 시한’ 28일···이란 전쟁 한 달, 확전이냐 종전이냐",World
"""더는 못 버텨, 배에서 내리게 해달라"" 日선원들 절규...호르무즈서 패닉 [지금이뉴스]",World
"이란, '美 종전안' 단칼 거절‥""비현실적 조건""",World
"""트럼프, 중동전쟁 '4월 종결' 시한… 5월 방중 전 '출구 전략'""",World
[영상] 하르그섬 사수전 나선 이란…'지뢰밭·대공미사일' 배수진,World
[중동전쟁] 미사일 추가 배치하고 지뢰 묻어…이란 하르그섬 ‘背水陣’,World
"""이란, '호르무즈 통행료' 위안화 징수 중""…'입법화 목전' 보도도",World
"유가상승에 中항공사 유류할증료 줄인상…여행객들 ""쌀 때 사두자""",World
"中학자 ""美, '3개의 전쟁' 수렁…中, 10년 후 美경제 추월 가능""",World
"트럼프, 책임 떠넘기기? ""당신이 먼저 하자고 했잖아""",World
“5월에 가족여행 잡아놨는데 어떡해”…국내 항공사도 기름값 폭등에 줄줄이 ‘캔슬’,World
"""달러 패권 키운 '페트로달러' 체제, 이란 전쟁으로 시험대""",World
‘강경 실용주의자’ 갈리바프·대화 인정한 아라그치…美·이란 물밑 협상 속도 낼까[디브리핑],World
"트럼프 ""난 끝내려는데 두 사람은 실망""…軍에 전쟁책임 전가?",World
"WSJ ""트럼프, 보좌진에 '전쟁 몇주내 끝내라' 발언""",World
"美 “지옥 열릴 것”…이란, 하르그섬 지뢰-미사일 요새화",World
"“이란전 4~6주내 끝내라”…트럼프 참모진에 조기 종전 압박, 현실은 ‘안갯속’",World
"트럼프 '협상' 가닥에 이스라엘, 이란 맹렬 공격…이란도 반격",World
[뉴스특보] 종전 협상 '기싸움'…이번 주말 최대 분수령,World
"이란, 홍해도 봉쇄 위협…원유 해상운송 10% 차지",World
"트럼프 ""몇주 안에 끝내라""…4월 종전 목표한 듯",World
[줌인] 美 “15개 항은 추측” 패 숨긴 백악관… 5개 조건 내건 이란과 팽팽한 기 싸움,World
"""옆집(UAE)부터 친다"" 이란, '하르그섬 점령' 첩보에 ""불바다"" 경고",World
"""트럼프, 측근들에 '몇 주 내로 전쟁 끝내자' 지시""",World
이란에 사단급 지상군 투입 준비하는 미국… 목표는 테헤란 강습?,World
"[포착] 호르무즈 피한 ‘귀한 원유’, 전남 여수 도착…주유소에 풀리는 시점은?",World
"'호르무즈 통행세 30억' 부른 이란, 정식 부과 법안 내주 확정",World
"트럼프, 이제 와서 군에 책임 미루나…""먼저 전쟁 목소리 낸 건 헤그세스""",World
"“부유세 막아라”…캘리포니아 억만장자들, 1인당 15달러 ‘서명 전쟁’ 벌여",World
"""전쟁에 연기된 미중정상회의…시진핑이 유리한 고지""",World
[자막뉴스] 이란의 기습 발표...'옆집' 공격 이어 미군 '인명피해' 경고,World
"플로리다 뺏기고, 텍사스는 탈라리코 돌풍…트럼프 '전쟁 역풍'",World
"‘자고 나면 바뀌는’ 트럼프의 요구···유럽 동맹국들, 이란 전쟁 관련 ‘장단 맞추기’ 난감",World
"WSJ “트럼프, 보좌진에 ‘전쟁 몇 주 안에 끝내라’ 지침 내려”",World
월드컵 앞두고 비상…“미국 여행 오고 싶다고? 그럼 2000만원 보증금 내라”,World
美공수부대·해병대 공중 강습…하르그섬 상륙작전시 벌어질 일,World
"이란, 호르무즈·홍해 동시 봉쇄 위협",World
"""위고비 특허 끝""…中 비만치료제 시장 4년뒤 20조원 돌파 전망",World
이란 대사 “美 거래 韓선박 호르무즈 통과 못 해”,World
"이란 ""호르무즈 해협 통과 우리가 결정""…한국 선박도 미국 기업과 연계되면 '통행 불가'",World
"""대단한 전사""가 큰 역할…美-이란 중재자 떠오른 뜻밖의 나라",World
"""중국 잡겠다더니 다시 중동?""…美 ‘아시아 회귀’, 트럼프가 멈춰 세웠다",World
대만 관심없는 트럼프…'기회' 판단한 시진핑,World
"英, 헨리 8세 이후 491년 만 첫 여성 성공회 대주교 멀랠리 취임",World
"종전 기대감 속 뻣뻣한 이란 ""유가도 호르무즈도 우리가 결정""",World
“이러다가 무산될라”…日·英·伊 공동 개발 ‘6세대 전투기’ 삐걱 [밀리터리+],World
중동 전역 번진 공습…6개국 이란에 반격 경고,World
"[자막뉴스] ""오일 쇼크와 가스 위기 합친 수준""...사망자도 눈덩이",World
"[중동전쟁] 美, 토요일 ‘휴전 발표’ 가능성에 촉각...이스라엘 “이란 최대한 때리자”",World
'이란 전쟁' 한 달에 피해 눈덩이...공멸의 치킨게임,World
[월드 이슈] “최악의 혼잡” 미국 공항…공포의 ICE 투입 논란,World
"""트럼프, 보좌진에 '전쟁 몇주내 끝내라' 발언""< WSJ>",World
트럼프 “헤그세스가 전쟁 하자 해”…군에 책임 미루나,World
"""패배 인정 안 하면 더 큰 타격""‥5월 미·중회담",World
호르무즈 통과하려면 30억 내라?…통행료 징수 준비하는 이란,World
"이란, 비적대국엔 '호르무즈 통행 가능' 손짓...미국 침공 대비 하르그섬엔 지뢰",World
"“지옥이 열릴 것” 미국 압박에도…이란, 지뢰 깔고 미사일 추가했다 [美-이란 전쟁]",World
"""미군 상륙하는 순간 표적?"" 이란, 헬기·함정 잡는 광섬유 '드론 장벽' 구축",World
"""4500조 날린 '이라크전 악몽'…트럼프, 이란전 협상 다급한 이유""",World
3초 간격으로 48대 연속 발사…中 ‘군집 드론’ 시연 첫 공개,World
홍해까지 위협 나섰다...AI 전쟁 발목잡은 이란 '지리장군',World
"구글 취업한 이란 자매, 기밀 빼돌린 스파이였다",World
"'이참에 장기 점령' 이스라엘, 레바논 남부 계속 주둔",World
"美·이란, 쟁점 미루고 부분합의부터 모색…""주말 휴전선언 주목""",World
구글 '터보퀀트' 반도체에 삭풍? 순풍?,World
"""트럼프가 조기 휴전하면 어쩌나""...이스라엘 ""48시간 내 이란 최대한 파괴""",World
한번에 30억씩?…이란 의회에 호르무즈 통행료 징수 법안(종합),World
"미국 ""이란이 합의 원해"" 종전 군불 vs 이란 ""대화 없다""...정반대 입장, 왜",World
"이란, 호르무즈 '30억 통행료' 추진…""美의 협상 제안은 패배 자인"" [HK영상]",World
이란 대사 “한국은 비적대국… 미국 주도 합의에 참여 말라”,World
"중동 6개국, 이란에 군사 반격 가능성 언급",World
"이란, 美 지상전에 대비…하르그섬에 지뢰 깔고 미사일 추가 배치",World
"""美 협상 조율할 '안보 사령탑' 졸가르드는 강경파…혁명수비대 입김 ↑""",World
"트럼프, 네타냐후에 “다 죽는다” 면박…‘헤어질 결심’ 나온 배경은? [핫이슈]",World
이란 촘촘히 지뢰 깔고 미사일 배치…'원유 생명선' 하르그섬 요새화,World
"이란 ""호르무즈 이어 홍해 입구도 봉쇄 가능"" 위협",World
"러, 이란 도우며 우크라 공세 강화...양동작전 펼치나?",World
"미국 지상군 투입 가능성에 이란 ""홍해 입구도 봉쇄 가능""",World
"[자막뉴스] 美 해병대 다가오자 속속...이란, 지뢰 깔며 ""무자비한 공격""",World
"""이란전쟁? 군사작전이라니까"" 트럼프의 '단어 세탁'…의회 패싱 꼼수",World
"이란대사 ""한국은 비적대국…선박 통과는 사전 협력 필요""",World
"트럼프 “이란, 종전 협상에 적극적이지만 인정하긴 꺼려”",World
"[영상] 미 ""패배 인정 않으면 지옥""…이란, 링컨함에 미사일 '보란 듯'",World
텅 빈 두바이 쇼핑몰… 명품 산업도 전쟁 유탄,World
"이란대사 ""韓선박, 美와 무관시 통행가능…트럼프 휴전은 시간벌기""(종합)",World
"""미국 조건 비현실적‥종전은 이란이 결정""",World
"중동 6개국, 이란 무력 도발 강력 규탄… 자위권 발동 시사",World
"더 때릴 곳이 없나?…미국·이스라엘, 이란 폭격 갑자기 줄어든 이유 [핫이슈]",World
“트럼프가 말한 ‘이란의 선물’은 호르무즈 유조선 통과”…이스라엘 보도,World
"""암살 명단에서 고위급 2명 제외""...명단 보니? [앵커리포트]",World
백악관 “이란 패배 인정 안하면 지옥 불러올 것”…협상 위해 갈리바프·아라그치 암살 표적서 일시 제외,World
중동전쟁이 바꾼 힘의 균형...중국이 얻은 3가지 [이슈톺],World
주한 이란대사 “한국은 비적대국… 美 주도 호위 연합 불참해야”,World
백악관 “이란과 협상 진행 중”…이란 외무 “중재국 통해 종전안 검토”,World
"“러시아, 이란에 드론도 지원…정권 안정 위한 개입도”",World
“데이터센터 건설 중단해야”…美 정가서 AI 규제 전면전 신호탄,World
"""트럼프가 자랑한 '이란 선물'은 일부 유조선 호르무즈 통과 허용""",World
애플 폴더블에 맞불? '갤럭시Z 와이드 폴드' 렌더링 공개…“가격이 변수”,World
"[YTN 실시간뉴스] 트럼프 최후통첩 ""지옥 불러올 준비""",World
"“미군 들어오면 피바다?”…이란, 하르그섬에 덫 깔고 방공망 키웠다 [핫이슈]",World
"트럼프 ""이란 핵은 암세포…우리가 도려냈고 이제 숨통 끊을 것""",World
"급해진 트럼프, 시진핑 만나기 전 '셀프 종전' 시나리오",World
"한 번에 '30억'…이란, 호르무즈 해협 통행료 추진",World
"'트럼프 책사' 나바로 ""관세 15% 인상 진행 중""",World
"앤디 김 ""트럼프, 아시아 안보 경시… 韓 등 동맹에 무례""",World
"이란의 세컨더리보이콧 ""미국 관련 석유는 통과 못해""",World
이란 전쟁 미사일 소모에 텅스텐 공급 악화…반도체 제조까지 ‘흔들’,World
“지나가겠다고? 30억씩 내”…美 동맹국들에 ‘호르무즈 통행료’ 걷겠다는 이란,World
협상은 없다 vs 진행 중...미·이란 '엇박자 외교전' [이슈톺],World
"[뉴스특보] ""협상 계속""vs""대화 없다""…종전협상 '안갯속'",World
"네타냐후 '이란 시위 선동' 제안…트럼프 ""다 죽는다"" 거부",World
호르무즈 문 열겠다는 이란...억 소리나는 당황스러운 '요금제' [지금이뉴스],World
"美 '최정예"" 부대 투입에 이란도 강대강...트럼프 위협할 파국 공포 [Y녹취록]",World
"""패배 인정 안 하면 더 큰 타격""‥5월 미·중회담",World
"""미국 조건 비현실적‥종전은 이란이 결정""",World
"‘그린란드 병합’ 트럼프 야욕 막았지만…덴마크 여권, 총선서 과반 실패",World
"트럼프, “지옥 부를 준비됐다”…이란에 최후통첩",World
“1천명 잘랐는데 또 수백명 ‘우르르’ 해고”…섬뜩 구조조정 나선 글로벌 대기업 ‘이곳’,World
"주한 이란대사 ""美와 거래 기업, 호르무즈 못 지나""… 韓 선박에도 적용 시사",World
"“당신이 전쟁하자 했잖아”…트럼프, 전쟁 책임떠넘기기?",World
"이란에 ‘지옥’ 위협하며 “허풍 아니다”… ‘폭격유예’ 끝나는 주말, 최대 분수령",World
美 “1만개 군사표적 타격” 이란 “링컨호에 미사일”… 일촉즉발,World
"""트럼프 '이란전 갈지자' 발언에 '호르무즈 연합' 교착""",World
국가 비축유 곳간 푸는 日…다카이치 IEA에 “추가 방출 요청”,World
"中, 메타 인수 AI기업 임원 2명 출국금지…美·中 AI 패권전 '정면충돌'",World
"우크라 대출 막은 헝가리, 이번엔 “가스 끊겠다”",World
"""피트, 네가 하자고 했잖아""...트럼프 책임 떠넘기기? [Y녹취록]",World
"美 “지옥 열릴 것” 협상 압박에도…이란, 하르그섬에 지뢰 설치하며 공격 대비",World
"美 종전안 거부 이란, 5가지 역조건 맞불…팽팽한 수싸움",World
트럼프가 말한 ‘이란의 큰 선물’…정체는 ‘일부 유조선’ 호르무즈 통과 허용,World
'1만6000년' 뼈에서 개 유전자 찾았다…빙하기 말부터 인간과 지내,World
"이란 ""호르무즈 이어 홍해 입구도 봉쇄 가능"" 위협",World
"이스라엘 ""3·28 휴전 가능성""‥""안 돼"" 전군 총공격 지시",World
"'연료 수급난' 인도, 러시아산 원유 또 구매",World
"이란, 배상금 내고 인근 미군 기지 패쇄해라",World
"""배 지나가려면 30억 내라""…이란, 호르무즈 통행료 카드 만지작",World
"트럼프 책사 “글로벌 관세 15%로 인상, 실행중”",World
연이은 조기종전 시그널…28일 휴전 발표 가능성에 촉각,World
"이라크 군병원 폭격으로 7명 숨져…미군, 또 '오인 사격' 논란",World
"""핵포기"" 등 15개 항 vs ""배상"" 등 5개 항…미국·이란 협상 타결은 '바늘구멍'",World
"호르무즈도 모자라 홍해 입구까지?…이란, ‘새 전선’ 경고 [핫이슈]",World
"“양 많은데 말도 안되게 저렴하다” 일본서 난리난 한국 커피, 뭐길래",World
[人사이더] 앤디 김 “韓 MD체계 차출 우려… 동맹국에 무례한 행보 실망”,World
"“호르무즈 개방” 방침 밝힌 이란, ‘1회 30억원’ 통행료 징수 방침",World
"""대화 있다"" vs ""없다""…주도권 잡으려 판 흔드는 트럼프·이란의 '수싸움'",World
호르무즈 막히자 비료 가격도 급등…세계 식탁 비상,World
연이은 조기종전 시그널…28일 휴전 발표 가능성에 촉각,World
"트럼프 향해 ""역사적 기회""...사우디가 평화 거부하는 이유 [Y녹취록]",World
호르무즈 봉쇄 속 통행료 카드 꺼낸 이란…선박당 ‘30억 원’ 부과 검토,World
"[자막뉴스] 태국 유조선, 호르무즈 '무료 통과'…30억 원 통행료는?",World
美 중부사령부 “현재까지 이란 군사 목표물 1만개 이상 타격”,World
"중동 6개국 ""자위권 있다""…이란에 군사 행동 가능성 언급",World
"“이란, 호르무즈서 ‘수에즈식 통행료’ 받겠다”…“1회 30억 원 수준”",World
"지상전 대비하는 이란 지도자…""섬 상륙시 걸프국 가차없는 공격""",World
"""석유보다 더 무섭다"" 복구만 5년…亞 vs 유럽 'LNG 전쟁' 시작됐다",World
"""네타냐후, 이란 내 시위선동 제안했지만 트럼프가 거부""",World
"[자막뉴스] 함정 파고 공수부대 기다리는 이란…""극한의 치킨게임"" 하르그섬 긴장 '최고조'",World
"""이란, 안보 서비스 명목 호르무즈 통과에 30억씩?""",World
두바이 쇼핑몰 발길 뚝…명품산업도 전쟁 유탄,World
"[뉴스포커스] 미·이란, 종전 두고 기싸움…이스라엘, 휴전 경계",World
이란의 ‘하르그섬 배수진’... 지뢰 깔고 미사일 추가 배치,World
"트럼프 ""핵무기 가진 이란은 암, 우리가 제거…에너지가격 상승·주가 하락 단기적인것""",World
"대만의 경고... 한국 정부는 어떻게 대응해야 할까 [김종성의 '히, 스토리']",World
"KF-21 개발 기간 실화?…K방산 속도·성능에 놀란 외신, 극찬 쏟아내 [밀리터리+]",World
“호르무즈 지나려면 30억 내”…‘수에즈식 통행료’ 카드 꺼낸 이란,World
"'IPO 최대어' 스페이스X, 113조원 유치 시총 5위 찍나",World
"중동 6개국 ""자위권 있다""…이란에 군사행동 가능성 언급",World
"젤렌스키 ""트럼프, 돈바스 전체 러시아에 넘기라 압박""",World
"""암살 보류"" 콕 찍은 두명…美, 이란 협상대표들 표적서 제외",World
"WSJ “미국, ‘협상 파트너’ 이란 의회의장·외교장관 암살 표적서 일시 제외”",World
"""핵포기"" vs ""배상""…간극 큰 조건에 협상타결은 '바늘구멍'",World
"이란, 호르무즈 '통행료' 방침 강조…한번에 30억씩?",World
‘GPS 먹통’ 보이지 않는 공포…호르무즈 멈춰선 日선박들,World
"""미, 이란 의회의장·외무장관 암살표적서 일시 제외""",World
"미·이란, 요구 격차 더 커졌다…“불안정한 평화가 최선”",World
“트럼프가 언급한 '이란의 큰 선물'은 호르무즈 해협 유조선 통과”,World
"이란 ""호르무즈 이어 홍해 입구도 봉쇄 가능"" 위협",World
"""협상 카드 남겼다""…美·이스라엘, 갈리바프·아라그치 제거 보류",World
종전협상 개시여부에 초미관심…난타전 이어가며 '치열한 기싸움',World
"주한 이란대사 “韓, 참혹한 사태의 공범되지 않길”",World
비적대국 선박 호르무즈 통과하려면 30억 내라?…통행료 받겠다는 이란,World
트럼프 “핵무장 이란은 암…우리가 제거했다”,World
"곳곳 거센 공습 속 이란, 미 항모 향해 미사일 발사",World
"'美, 하르그 섬 점령 실익 있나?' 군사전문가 의문제기",World
"""하르그섬은 절대 안 돼""…이란, 지뢰 깔고 홍해 봉쇄도 검토",World
"유럽 에어버스, 미 보잉 제치고 중국과 101대·23조원 공급 계약",World
"""이젠 사람 대신 로봇이 싸운다""⋯180㎝·80㎏ 군용 휴머노이드, 우크라에 인도",World
기뢰 깔고 통행료 30억 갈취...호르무즈 해협 해적된 이란,World
이란 “미국과 직접 대화 의향 없어”…5가지 종전 조건 제시,World
"""이란, 美해병대 하르그섬 상륙 대비…지뢰·방공미사일 추가배치""",World
"[자막뉴스] ""하나만 사도 항공·숙박비 뽑아""...가격 폭락에도 중국인들 '일확천금' 베팅",World
"“한번만 통과해도 30억”…이란, 호르무즈서 ‘수에즈식 통행료’ 속셈",World
"김영진 ""국힘 유승민 카드 있어...자만하면 경기지사 어려워""",World
"“한 번 통과에 30억원”…이란, 호르무즈 ‘통행료 징수’ 카드 꺼냈다",World
한번에 30억씩?…호르무즈서 '통행료' 받겠다는 이란,World
"中, 정상회담 '선물' 보잉기 500대 구매 논의…에어버스 101대 계약",World
"재집권 빨간불 켜진 헝가리 총리 “우크라 가스 공급, 단계적 중단”",World
"이란 “미, 지상 작전 벌이면 홍해도 막을 것”···호르무즈 해협 이어 추가 봉쇄 언급",World
한번에 30억씩?…호르무즈서 '수에즈식 통행료' 받겠다는 이란,World
"이란, 호르무즈 해협 이어 홍해 입구 봉쇄 가능성 거론",World
"CNN “이란, 미군 상륙 대비해 하르그섬 주변에 지뢰 매설”",World
"백악관 ""트럼프, 지옥 불러올 준비 돼있어…패배 인정 않으면 더 큰 타격 입을 것"" 이란에 종전 합의 압박",World
"곳곳 거센 공습 속 이란, 미 항모 향해 미사일 발사",World
"""패배 인정 않으면 더 강력 타격""‥5월 중순 미·중 회담",World
"""미국 조건 과도해‥트럼프 마음대로 못 끝내""",World
이란 “미국과 직접 대화 의향 없어”…5가지 종전 조건 제시,World
트럼프 ‘토요일 휴전 발표’ 가능성…이스라엘 “이란 최대한 더 때리자”,World
"서방 정보당국 “러시아, 전쟁 시작 후 이란에 드론 지원”",World
"이란, 호르무즈 이어 홍해 입구까지 봉쇄 위협",World
"中, 에어버스 항공기 101대 계약…美보잉과도 구매 협상",World
"네타냐후 결국 폭주…“48시간 동안 이란 불태워라” 명령, 트럼프 입장은? [핫이슈]",World
"태국 유조선, 이란과 협상 통해 호르무즈 해협 통과…비용 지급 없어",World
호르무즈 이어 홍해까지…이란 “또 다른 해협 봉쇄” 경고,World
"""트럼프, 중동에 발묶여 우크라에 '동부영토 러 내주라' 압박""",World
"""이란, 하르그섬 방어 강화…美지상군 공격 대비""",World
"""45일 뒤 석유 완전히 고갈""⋯필리핀, 이란 전쟁에 '국가 비상사태' 선포",World
"셧다운 무급에 美공항요원 3600명 사직·결근…""4시간 반 대기줄""",World
"""이란, 미 지상군 공격 대비해 원유 거점 하르그섬 방어 강화""",World
독일도 우크라서 발 빼나… “타우러스 미사일 제공 불가”,World
"美 ""협상 진행 중이지만…패배 인정 안하면 더 큰 타격"" 이란 압박",World
"앤디김 ""이란 전쟁으로 한국 미사일 방어 체계 차출 우려""",World
"""골드만삭스, 미 경기하강 위험 30%…유가 급등 영향""",World
"“7년간 30조 투자” NASA, 달 남극에 우주정거장 대신 '달 기지' 세운다",World
[월드앤이슈] 종전 협상 '기싸움'…토요일 휴전 가능성 '촉각',World
"""한반도 MD 중동 재배치, 트럼프는 韓에 무례""",World
"젤렌스키 ""美, 돈바스 양도 조건으로 안전보장…유럽 안보 위협""",World
"“이란, 미국 지상군 공격 대비해 하르그섬 방어 강화”",World
"이란, 호르무즈 해협 이어 홍해 입구 봉쇄도 위협",World
"주유소 앞 장사진, 중국도 '오일런'…'짝퉁 주유소'까지",World
“트럼프 '토요일 휴전 발표' 가능성 촉각”…이스라엘 “48시간 내 이란 최대한 파괴”,World
"""트럼프, 토요일 휴전 발표할 수도""…이스라엘, 48시간 이란 총공격 명령 (종합)(종합)",World
"""이란, 하르그섬에 지뢰 깔고 미사일 추가…美지상군 대비""",World
"""트럼프 휴전 선언할까 걱정""…미군 가기 전에 더 때릴 곳 찾는 이스라엘",World
"‘안방’ 내준 트럼프, 조기총선 몰린 네타냐후…지지율 ‘동반 나락’",World
"뉴섬 주지사 ""로봇 꽂힌 머스크, 中전기차 도와줘…시대의 큰 실망""",World
"이스라엘 “트럼프, 조기 휴전 가능성”…단기 군사성과 내기 총력",World
"서방 정보당국 ""러시아, 전쟁 시작 후 이란에 드론 제공""",World
"이란 외무 ""지도부, 美 종전안 검토…대화할 생각은 없다""",World
"나토 사령관 “러·이란 드론 대량생산, 유럽도 무기 더 빨리 만들어야”",World
"""이스라엘, 트럼프 '토요일 휴전 발표' 가능성에 촉각""",World
"이란軍 ""호르무즈 이전으로 돌아가지 않는다""",World
“유가 150달러 가면 혹독한 경제침체 온다”…블랙록 CEO 꺼낸 ‘최악 시나리오’,World
“트럼프 언급한 이란 ‘선물’은 호르무즈 해협 유조선 통과”,World
"이란 사태에 우크라 뒷전…젤렌스키 ""트럼프, 돈바스 전체 양보 요구""",World
"[비즈 나우] ""스페이스X, 이번주 IPO 신청""…우주테마 '불기둥'",World
"[부자들의 투자노트] JP모건 ""S&P 500, 연말까지 7천500 달성할 것""",World
"“머스크 10년간 최악 자책골, 가장 실망스럽다”…혹평 쏟아낸 美민주 잠룡",World
"유엔 사무총장, 이란전쟁 특사 임명…""美·이스라엘, 전쟁 끝낼 때 됐다""",World
"휴전 걸림돌 떠오른 헤즈볼라…이란 ""헤즈볼라와 반드시 휴전해야""",World
"""이스라엘, 트럼프 '토요일 휴전' 발표 가능성 경계…공격 서두른다""",World
"[단독] 쿠팡, 美로비스트 2곳 추가 선임… “한국 등 동맹과 유대 강화 논의”",World
"'SK하닉의 위력' 美반도체주 일제 랠리했는데, 마이크론만 급락",World
"“트럼프, 토요일 휴전 발표할지도”... 이스라엘 “48시간 내 이란 최대한 파괴”",World
"이란 외교장관 “미국 종전안, 흥미 없지만…최고 당국자 입장 발표는 할 것”",World
"미군 ""1만번째 이란 군사 목표물 타격…아직 안 끝났다""",World
"이란 압박 수위 높이는 백악관 ""협상 계속…지옥 풀어놓을 준비""",World
"백악관 “이란, 패배 인정하지 않으면 더 큰 타격 입을 것”",World
"백악관 ""이란과 협상 진행 중…패배 인정 못하면 더 큰 타격""",World
엡스타인 파일에서 시선 돌리려 전쟁 일으켰나,World
"백악관 ""트럼프, 지옥 불러올 준비됐다""…이란에 종전 압박",World
"이란, 미국 종전안 거부…""호르무즈 통과, 우리가 결정""",World
앤디김 “美中회담서 亞동맹 희생될 수 도”,World
"이스라엘, 美 28일 조기종전 발표 가능성 경계",World
"美 중부사령부 ""이란 군사 목표물 1만개 타격…작전 아직 안 끝났다""",World
"[마켓 브리핑] 이란, 美 종전안 거절…백악관 ""협상 지속 중""",World
"“항복 아니면 파멸”… 美, 이란 정권 향해 압박 수위 높여",World
"“러시아, 이란에 일회용 공격 드론 전달 중”…이란전쟁 변수되나",World
美보수 최대 정치행사 CPAC 개막…이란전 놓고 ‘마가’ 논쟁 예상,World
미군 “1만번째 이란 군사목표물 타격…우리는 아직 끝나지 않았다”,World
"중동 전문가들, 美·이란 진지한 협상으로 합의 길 열릴 수도",World
[김대호 박사의 오늘의 키워드] 이상한 종전 협상·빈 살만 노림수·금리인상 급선회·SK 주주 배신,World
[미·이란 전쟁 한달] 주요 일지,World
"앤디 김 “김 총리에 트럼프, 북미대화 진지하지 않다 말해”",World
"[미·이란 전쟁 한달] ""또 쾅쾅…공습경보에 앰뷸런스 소리도 들려요""",World
[미·이란 전쟁 한달] 난타전속 에너지 전쟁으로 격화…공멸의 치킨게임,World
미 우파 최대 정치행사 개막…'이란전 이견' 분출할까,World
"이란, 이스라엘 핵시설부근 디모나에 또 미사일 폭격 -- 칸TV",World
지상전 준비하는 이란 실권자... “적이 섬 점령하면 무자비하게 공격”,World
마가의 이란전 이견 분출할까…美우파 최대 정치행사 개막,World
"미군 ""1만개 이상 이란 군사목표물 타격…아직 끝나지 않았다""",World
계속 출구 깜빡이 켜는 백악관 “핵심 목표 매우 근접...협상 중” [이태규의 워싱턴 플레이북],World
"'종전안 거부' 이란의 역제안... 백악관 ""다신 오판하지 말라""",World
"""한국은 가장 적대적인 국가""라면서 왜 헌법은 공개 안 할까",World
"ARM 16% 폭등, 반도체지수 1.21% 상승(종합)",World
"뉴욕 증시, 美 한달 휴전 제안 소식에 반등...유가 2% 이상 하락 [데일리국제금융]",World
"""트럼프가 조기 휴전하면 어쩌나""...이란 급소 찾는 이스라엘",World
"주미 UAE 대사, 이란 전쟁 조기 종식 강력하게 반대",World
"이란군 ""호르무즈 통항 우리가 결정…유가 수위도 우리 손에 달려""",World
"뉴욕 3대 지수, 美·이란 평화 협상 줄다리기 속 동반 상승",World
미국 “패배 불인정시 지옥” 이란 “종전하려면 배상 먼저”,World
"[증시전략] 스페이스X, 이번 주 상장 절차 착수…세계 최대어 온다",World
"미군 ""1만개 이상 이란 군사목표물 타격…아직 끝나지 않았다""",World
공수사단엔 '진격 명령'‥협상인가 협박인가,World
"백악관, 이란에 종전 압박…""트럼프, 지옥 불러올 준비 돼 있다""",World
"[외신 헤드라인] ""스페이스X, 이르면 이번 주 기업 공개 신청""",World
"백악관, 이란 종전안 거부에 “패배 인정 않으면 더 큰 타격” 압박",World
"""비현실적"" 강경한 이란…美는 협상·압박 병행 [글로벌 뉴스픽]",World
"앤디김 ""韓 MD 체계 차출 우려…미중회담서 亞동맹 희생될수도""(종합)",World
"""패배 인정 안하면 더 큰 타격""…미중회담은 5월",World
ARM 16% 폭등하자 엔비디아도 2% 상승,World
"""미 종전안 거절…호르무즈 통과 우리가 결정""",World
"곳곳 거센 공습 속 이란, 미 항모 향해 미사일 발사",World
"트럼프 토요일에 전격 휴전 발표한다? “네타냐후, 긴급 대책회의 진행”",World
"""패배 인정 않으면 더 강력 타격""‥5월 중순 미·중 회담",World
배 1척에 통행료 26억?…이란의 내민 ‘호르무즈 톨게이트’ 유가 폭탄 영수증 [글로벌 모닝 브리핑],World
"""미국 조건 비현실적·과도‥종전은 이란이 결정""",World
"“스페이스X, 이번주나 다음주 기업공개 신청”",World
‘안전 자산’ 금의 배신?…전쟁 후 17% 폭락,World
이란 “미국과 직접 대화 의향 없어”…5가지 종전 조건 제시,World
“감옥서 1㎞ 떨어진 마잉푸 위쪽”···안중근 유해 위치 단서 일본 신문 첫 공개,World
“CPU가 돌아왔다” 컴퓨터 두뇌가 AI 서버 사령관으로[김창영의 실리콘밸리Look],World
"미 국무차관, '정상합의' 한국 핵잠 건조에 ""꽤 광범위한 절차 진행 중""",World
백악관 “트럼프 방중 5월 14~15일로 조정…이란과는 협상 계속”,World
"이란 외무 ""美와 협상=패배 인정, 종전안 검토 중이나 대화 생각 없다""",World
백악관 “미중 정상회담 5월 14~15일”...이란 전쟁 이전에 마무리 될까,World
"테슬라 0.76% 상승-리비안 2.98% 하락, 전기차 혼조(상보)",World
"中국부펀드, 이란 전쟁에 투자논의 중단...‘사모대출 위기’ 월가 좌절",World
"국제유가, 美·이란 협상 기대감 지속에 2% 하락…시장 경계감은 지속",World
"""이스라엘, 트럼프 '조기 휴전' 발표 우려""[미국-이란 전쟁]",World
"뉴욕증시, 미·이란 종전협상 기대감에 상승…나스닥 0.8%↑(종합)",World
"이란 외무 ""최고지도부 美종전안 검토…협상 의사는 없다""(종합)",World
"백악관, 이란에 종전 압박… “트럼프, 지옥 불러올 준비 돼 있어”",World
"러, 중동전쟁 틈탄 '봄철 대공습'…기약없는 '휴전'",World
"이란군 ""유가도 호르무즈 통항도 우리가 결정""",World
스페이스X 상장 신청서 제출 소식에 테슬라 0.76% 상승,World
“이란서 큰 선물” 종전협상 떠벌리는 트럼프…불신·경계하는 이란,World
"""이스라엘, 트럼프 '토요일 휴전 발표' 가능성에 경계↑""",World
"美 ""韓 핵잠 건조, 광범위한 절차 진행 중""",World
SK하이닉스 미국 상장 추진에 마이크론 3.4% 급락(상보),World
"국민연금이 지분 80배 늘린 에스티로더, 로레알 역전할 수 있을까? [박시진의 글로벌 픽]",World
"美, 중재국에서 이란과 고위급 회담 추진…이번주 전쟁 향방 분수령[미국-이란 전쟁]",World
"미 국무차관, '정상합의' 한 핵잠 건조에 ""꽤 광범위한 절차 진행중""",World
해협 막히고 군사력 집결…호르무즈 둘러싼 일촉즉발,World
"종전협상 기대, 미증시 일제 랠리…나스닥 0.77%↑(상보)",World
‘일본의 수치?’…춤추는 다카이치 스킨십 외교 논란,World
"""이스라엘, 트럼프 '토요일 휴전 발표' 가능성에 촉각""",World
“전쟁통에도 6억짜리 벤틀리 불티나게 팔렸다”…우크라이나에 무슨 일?,World
"트럼프, 82공수사단 2000여명 중동 투입… 하르그섬 노린다",World
"이란, IMO에 서한 “비적대적 선박 호르무즈 통과 허용”",World
"트럼프, 한 달 휴전카드 꺼냈다",World
"""우리 전쟁 아니다""라더니…美 돕는 유럽, 이란 뒷배 러시아",World
"뉴섬 주지사, 일론 머스크 두고 ""이 시대 가장 실망스러운 이""",World
"美국무차관, '정상합의' 韓핵잠 건조에 ""꽤 광범위한 절차 진행중""",World
"""이란, 美 ‘전쟁 종식안’ 부정적이지만, 여전히 검토중""",World
"[글로벌 비즈 브리핑] '112조 잭팟' 눈앞…스페이스X, 이르면 이번 주 기업 공개 신청 外",World
"백악관 ""이란 패배 불인정시 지옥 맛볼 것…협상은 계속""(종합)",World
"팔란티어·앤두릴, '골든돔' 방공망 소프트웨어 개발 착수",World
"블랙록 CEO ""유가 150달러면 세계 경기침체""…경고등 켜졌다",World
"길어지는 중동 사태에…월가 ""美 침체 확률 급격히 상승""",World
[단독]美국방 최고위 관계자 “인태 전력 ‘주차’ 상태”,World
"美, 15개항 논의 ‘한달 휴전’ 모색… 밴스, 협상 키맨으로 급부상",World
"美, 82공수 2000명 중동 급파 승인… 군사압박-협상 ‘투트랙’",World
"백악관 ""이란과 협상 계속…지옥 불러올 준비도 돼 있다""(종합)",World
"앤디 김, 파병 비협조 기억하겠다는 트럼프 경고에 ""부끄러운일""",World
"종합격투기 선수 출신 美 새 국토안보장관[지금, 이 사람]",World
"[단독] 미국, F-15 엔진 수리 일본에 맡긴다… 방산 동맹 '일본 수혜' 부각",World
"'112조 잭팟' 눈앞…스페이스X, 이르면 이번 주 기업 공개 신청",World
"젤렌스키 ""美, 이란전 이유로 압박…안보보장에 돈바스 양보 요구""",World
"네타냐후 ""이란 겨냥 광범위한 작전 계속…헤즈볼라 해체 최우선""",World
"이란군 ""유가도 호르무즈 통과도 우리가 결정""",World
"러 ""한미연합훈련은 명백한 전쟁 준비...일본에 강력한 보복""",World
"앤디 김, 파병 비협조 기억하겠다는 트럼프 경고에 ""부끄러운일""",World
"""이란전쟁, 장기적으론 중동 평화의 기회""",World
"美 ""핵 포기하면 제재 해제""… 이란 ""함정일수도"" 긴장 여전",World
"트럼프의 휴전안 무용지물 되나…이란, 美 제안 거부",World
"백악관 ""이란과 협상 계속 진행 중...지옥 풀어놓을 준비 돼""",World
"""이란, 바브엘만데브 해협 등 전선 확대 가능""",World
"이란, 호르무즈 이어 '후티 앞마당' 바브엘만데브 해협 위협",World
배상·호르무즈 통제권 보장 원하는 이란…미국과 합의 가능할까,World
"이란군 “유가도, 호르무즈 통과도 우리 손에 달려”",World
"이란군 ""미군 항모에 미사일…사정권 진입시 즉각 타격""",World
"이란군 “유가, 호르무즈 통과는 우리가 결정”",World
"""이란, 美 ‘15개 종전안’ 거부…과도하고 현실 반영 못해”(종합)",World
"이란군 ""유가도 호르무즈 통과도 우리가 결정""",World
미국 “공수부대 투입 승인”… 이란 “과거 유가 다신 못볼 것”,World
협상 중재국 떠오른 파키스탄… 총사령관이 트럼프와 통화,World
"""공수부대 투입 승인""…'지상전'으로 협상 압박",World
"헤즈볼라, 이스라엘과 대화 전면 거부…""협상은 항복""",World
"""한 달 휴전하며 협상""…이란에 15개 항목 제시",World
"“中, AI 반도체 접근 못 하게 더 엄격히 수출 통제해야”",World
트럼프의 이란 강공 뒤엔… 사우디 ‘Mr 에브리싱’ 있었다,World
"공화, ‘트럼프 안방’ 마러라고 지역구서도 패배",World
"美, 글로벌 관세 10→15%로 인상?…트럼프책사 “실행중”",World
"미국 ""15개 요구안 전달""‥이란 ""비현실적에 과도""",World
"헝가리 총리 ""우크라행 가스 공급 점진적 중단""(종합)",World
"이란, 美 종전안 거부…""배상·호르무즈 주권 보장해야""(종합)",World
"“이란, 美 종전안 거절…호르무즈 주권보장 등 5대 조건 역제안”",World
"이란, 美제안 거절 뒤 5개 역제안…주도권 놓고 밀당 시작됐다",World
"이란, 美 ‘15개 종전안’ 거부 vs 백악관 “패배 불인정시 더 큰 타격”",World
"이란 국영방송 ""이란, 美 종전안 거절…비현실적이고 과도해"" [종합]",World
"“美, 파키스탄서 이란 회담 추진”…이란 “종전안 거절, 비현실적”",World
“트럼프 ‘협상 15개안’ 1년 전 내용 재탕… 이란 설득 힘들 것”,World
"""이란, 美종전안 거절…비현실적이고 과도해""<이란 국영방송>(종합)",World
"뉴욕증시, 미국·이란 종전 협상 기대감에 상승 출발",World
"[중동 전쟁] 이란, 美 휴전 제안 거부…""우리가 원할 때 끝낼 것""",World
러 “한·미 훈련은 전쟁 준비…日 무기 우크라 유입 땐 보복”,World
[W 언박싱] ‘트럼프 공식’ 생긴 증시…내부정보유출 의혹까지?,World
이란군 “美 항모에 미사일 쐈다...사정권 진입시 또 타격”,World
"뉴욕 증시, 미국·이란 종전 협상 기대감에 상승",World
트럼프 마러라고 이웃들도 등 돌렸나…보선서 공화 충격 패배,World
"이란군 ""美항공모함에 순항미사일 발사…사정권 진입 시 즉시 타격""",World
"태국 유조선 1척, 호르무즈 무사 통과…""이란과 협상 결과""",World
"이란 국영방송 ""美종전안 거절…비현실적이고 과도해""",World
[속보] 이란 고위 당국자 “미국 제안 과도해” 거부 입장···5가지 조건 제시,World
트럼프 마러라고 이웃들도 등 돌렸나…보선서 공화 충격 패배,World
이란 “非적대국 선박 호르무즈 통행 허용”…IMO에 선별적 통과 서한,World
"美항모 향해 미사일 위협한 이란 ""사정권 들어오면 또 발사""",World
“선물 받았다”던 트럼프…“공수부대 중동 전개 명령”,World
"[투나잇이슈] 미, 협상 동시에 공수부대 파병…이란, 함정 의심",World
이란군 “미군 항모 향해 미사일 발사…사정권 진입 시 또 타격”,World
중동전쟁에 금값 폭락...중국 '불나방 투자' 재점화,World
"이란 반관영 매체 ""미국과 휴전 수용 불가""",World
"'평화' 손짓하며 등엔 전쟁 칼날…美, 이란에 화전양면 전술 극대화",World
"이란, IMO 회원국에 서한…“비적대적 선박 호르무즈 통과”",World
"""동맹국에 통보도 없이"" 미국 직격한 프랑스...'호르무즈 재개방' 연대할까?",World
"트럼프 ""피트, 당신이 하자고 했잖아""...'전쟁 책임' 장관 탓?",World
"이란 매체 ""이란, 미국의 휴전 제안 거부""",World
"태국 유조선, 통행료 없이 호르무즈 통과... 이란 측 ""우방국, 특별한 자리 있다""",World
“당선되면 프러포즈할게” 무릎 꿇고 약혼반지 든 50세 佛정치인 화제,World
이란 국회의장 “미국의 모든 움직임 주시…결의 시험하러 들지 말라”,World
“미 82공수사단 2천명 중동 전개 명령…기뢰제거함 복귀 준비”,World
"갈리바프 이란 국회의장 ""美 병력 배치 면밀히 주시""…이란군, 미 항모 향해 미사일 발사",World
"호르무즈 해협 일부 선박 통과 재개…""24시간 4척 이동""",World
"이란군 ""미 항모 향해 미사일 발사…사정권 진입시 또 타격""",World
이란군 “美항모 향해 순항미사일 발사…우리를 시험하지 말라”,World
이란군 “미 항모 향해 미사일 발사…사정권 진입시 또 타격”,World
"독일 대통령 ""미 국제법 위반"" 비판 역풍…이란은 환영",World
[김종석의 오프닝]“두 번 속았다”…트럼프 의심하는 이란,World
"'연료 수급 대란' 인도, 웃돈 주고 7년 만에 이란산 원유 구매",World
"이란군 ""美항모 향해 미사일 발사…사정권 진입시 또 타격""",World
"트럼프 ""이란, 큰 선물 보내""...협상 강조하며 공수부대 급파",World
미 사모대출펀드 ‘환매’ 러시…월가 뇌관 되나?,World
"美국방부 '전시체제' 선언…""무기생산 4배 늘린다""",World
"이란 ""비적대적 선박에 호르무즈 개방"" 공식화...에너지 수송 숨통?",World
"“이란에 대한 군사 행동 도 넘었다”…미국인, 전쟁 조사 결과 보니",World
"협상 배제 이스라엘, 종전 합의 순순히 따를까",World
"태국 유조선 호르무즈 통과...협상설에 ""미국 혼자 하나?""",World
"""미, 이란과 한달 휴전 후 종전 15개항 협상 추진""",World
터미네이터가 현실로…180㎝ 'AI 로봇병사' 우크라전 투입,World
진심? 연막전술?…이란 “두 번 속았다” 트럼프 협상에 ‘함정’ 의심,World
"이란, 트럼프 행정부 불신 짙어…""두번이나 속았다""",World
"트럼프는 낙관하지만 회담 성사 '안갯속'…이란 ""암살 시도 우려""",World
협상 달갑지 않은 이스라엘?…이란 새 안보수장엔 강경파,World
공격 미루나 했더니…중동 곳곳서 화염 계속,World
"호르무즈에 발 묶인 선박 3200척…이란 ""비적대적 선박만 통과 허용""",World
"“미, 이란에 15개 요구안 전달”…파키스탄서 대면 회담 성사될까?",World
타이·중국 유조선 호르무즈 통과…이란 “비적대국 선박은 허용”,World
전 세계 LNG 쟁탈전 시작…카타르 공급 중단 선언 '후폭풍',World
'세계 최초' 30조 쓰는 곳이…中 노린 미국의 '무서운 계획',World
"이란 ""美 셀프 협상하냐"" 조롱…평화 회담 가능할까",World
"이란, IMO 회원국에 서한…“비적대적 선박 호르무즈 통과”",World
"美, ‘자유의 무기고’ 박차… “사드 생산 4배 늘리고 전시 납품 체제 전환”",World
"호르무즈 ‘통행증’ 받은 中, 발 묶인 韓…‘한미동맹’이 해운까지 덮쳐[美-이란 전쟁]",World
"美 매체 ""이란, 막 던지는 트럼프 협상 믿지 않아..난항 예상""(종합)",World
"이란 핵심 '강경파' 재편…사우디 ""종전은 실수"" 美 설득",World
"이스라엘, 자국 영토 위협 '헤즈볼라' 약화가 전쟁 목적",World
"[중동 전쟁] 美, 82공수사단 2000명 중동 투입…트럼프, 강·온 ‘양면’ 전략",World
"트럼프 ""피트, 당신이 하자고 했잖아""...'전쟁 책임' 장관 탓?",World
"이스라엘, 국방비 14조원 증액…보건·교육 예산 깎아 미사일 만든다",World
"'연료 수급 대란' 인도, 웃돈 주고 7년 만에 이란산 원유 구매",World
"협상 땐 이란 유리?…""우리 땅으로"" 조급한 이스라엘",World
'선별 통제' 현실화...태국 유조선 호르무즈 통과,World
"종전 협상 키맨은 밴스?…“이란, 약속 지킬 인물로 판단”",World
"'희생양' 만들어 떠넘기기? 트럼프 ""피트, 협상 원치 않아…승리에만 관심""",World
트럼프발 낙관론도 남일…26일째 ‘더 세게’ 치고받은 테헤란-이스라엘,World
줄줄이 숨진 이란 수뇌부…미국이 주목한 협상 상대는,World
[뉴스특보] 종전이냐 확전이냐…미·이란 대면 협상 가능성은?,World
"협상 분위기 띄우면서…""트럼프, 공수부대 투입 승인""",World
“정말 말도 안되게 저렴하다”…일본 직장인들 줄 서는 한국 커피의 정체,World
‘반부패 숙청 주도’ 왕치산 전 中부주석 최측근 또 낙마,World
홈그라운드 마러라고에서도 패배‥바닥 뚫는 트럼프 지지율,World
남 때리더니 집부터 뚫렸다…美 전략기지 뒤덮은 의문의 드론 떼 [밀리터리+],World
복잡한 심경의 사우디·UAE‥전쟁 원하는 이스라엘이 협상 걸림돌?,World
"""협상한다""면서 공수부대 투입 승인‥트럼프 특유의 양면전술?",World
"""대면 협상 제안은 미국의 함정""‥협상 앞서 '암살' 우려하는 이란",World
"""과거 유가 다신 못 볼 것""…'타협 불가' 재확인",World
트럼프의 15개 제안에 이란은 호르무즈 관리한다며 종전과 배상 요구,World
블랙록 CEO “유가 150달러면 세계 경기침체 덮칠 것”,World
잊혀진 틈 드론 1천대 폭격…하루 수천억 푸틴 주머니로,World
"""누가 큰 돈 벌었다""…트럼프 발표 15분전 8700억 '베팅'",World
미국 82공수사단 2000명 중동으로…하르그섬 장악하나,World
"“이란과 외교적 협조”…태국 유조선 1척, 호르무즈 해협 무사히 통과",World
"[아는기자]‘선물’ 받았다더니…트럼프, 이번에도 양면전술?",World
'터미네이터 현실로'…로봇 '팬텀 MK-1' 우크라 전선 투입,World
[뉴스추적] 전 테헤란 특파원에게 듣는다,World
"미국, 뒤로는 '최정예' 급파…이란은 '암살 함정' 의심",World
"중동 향하는 美 지상군 병력 7000명 됐다…최정예 82공수사단, 이란전 작전 투입",World
"총 쏘는 180㎝ 휴머노이드 로봇 2대, 우크라전 투입",World
트럼프 “이란과 대화 중” 다죽었는데 누구랑? 아직 남은 한 사람 시선 집중,World
"트럼프 ""이란이 엄청난 금액 선물 줬다""…15개 요구 조건 전달",World
호르무즈 정상화 요원…미 공수부대 투입 '코앞',World
"나사, 30조원 들여 ‘달기지’ 짓는다",World
‘마러라고의 굴욕’… 트럼프 ‘안방’ 보선서 美공화당 충격패,World
"이란, 탄두 100kg 신형 집속탄 사용…방어 어렵고 파괴력은 늘어",World
이란·헤즈볼라 공격에 곳곳서 사상자…대대적 반격,World
"'터미네이터' 현실로…총쏘는 180㎝ 로봇병사, 우크라전 투입",World
"이란, 안보수장에 혁명수비대 출신 강경파…“협상이 암살 함정”",World
"""美, 육군 정예 82공수사단 2000명 중동 전개 명령""",World
"트럼프 '5일 유예'에도 불타는 중동…이란 ""공격하면서 협상이라니""",World
"러-우 전쟁 드론, 발트해 연안 3국 잇따라 침범",World
"‘해협’ 연다는 이란, 軍 보내는 미… 협상 수싸움",World
출구전략 모색하는 트럼프…핵 능력 해체 등 15개 요구 전달,World
협상 물꼬 트려는 미국·이란…마이웨이 닥공 이스라엘,World
"美, 우라늄 농축 포기 등 ‘재탕 요구’… “이란, 수용 안 할 것” [美·이란 전쟁]",World
"태국 유조선 1척, 호르무즈 무사 통과…""이란과 외교 협조""",World
"美 최정예 공수부대 2000명... “트럼프, 중동 투입 승인했다”",World
"트럼프 ""피트, 당신이 하자고 했잖아""...'전쟁 책임' 장관 탓?",World
"이란 ""해협 선별 개방"" vs 미국 '병력 투입' 압박",World
전자전에 길잃은 드론…발트3국 영공침범 잇따라,World
"이란 원전에 또 발사체 ‘쾅’…이스라엘, 레바논 남부 장기 점령 예고",World
이란 공습 직전마다 베팅 '명중'…100만달러 번 익명 트레이더,World
"""미군 '정예' 82공수사단 2천 명 중동 전개 명령""",World
"“함정, 두번이나 속았다”…이란, 트럼프 ‘협상’ 언급 안 믿는 이유",World
"카타르, ‘불가항력’ 선언할 듯…이란 “비적대적 선박 호르무즈 통과”",World
"이란, 안보수장에 혁명수비대 출신 강경파…“협상이 암살 함정”",World
"독일이 무기 만든다니, 좀 그렇긴 하네…폭스바겐 공장, 차 대신 아이언돔 생산?",World
"""美 '정예' 82공수사단 2천명 중동 전개 명령""(종합)",World
"폭스바겐, 車공장서 아이언돔 부품 만든다",World
"""이란 집속탄에 12명 부상""…""전면적 공습"" 맞불",World
"'이란과 협상' 주장하는 트럼프, 강경파 따돌리기 전략?...""정권 주변에 협상파 있다""",World
"셀프 종전 명분 쌓는 트럼프…""이란 사실상 정권 교체됐다""",World
"[앵커리포트] ""중동 재편 기회""…사우디·UAE 참전하나",World
"교육비 깎아 전쟁비 충당···이스라엘, 국방 예산 14조원 추가 편성하기로",World
"카타르, LNG 공급 '불가항력' 선언…국제 유가 '요동'",World
“두번 속았다” 불신 드러낸 이란…물밑선 호르무즈 통제권 요구,World
"“사우디 왕세자, 트럼프에 이란전쟁 계속해라…지상군 투입도 부추겨”",World
"美, 최정예 82공수로 협상 압박",World
"트럼프 발언 15분 전 수상한 거래…크루그먼 ""국가안보 이용한 반역""",World
다이먼 “中에 핵심 공급망 의존했던 엄청난 실수 바로잡아야”,World
알리바바 “지금은 수익보다 성장이 먼저”…‘AI 네이쥐안’ 논란 반박,World
"“이란 뒤에 러·북 커넥션”…이스라엘, 카스피해까지 때린 이유 [권윤희의 월드뷰]",World
손정의 무한야망 … 쿠팡·야놀자 대박 이어 카겜까지 접수,World
"""이란, 나한테 큰 선물 주더라!"" ""그걸 믿나?"" 양측 요구사항 보니…""우린 폭탄으로 협상한다!"" 훅 내려앉은 지지율에 (트럼프 NOW)",World
"""미·에콰도르 폭격 '마약조직 훈련장', 실제는 젖소 목장""",World
"‘원주민 혈통·종합격투기 출신’ 마크웨인 멀린 美국토안보장관[지금, 이 사람]",World
"“사우디 빈살만, 트럼프에 ‘지상군 이란 투입’ 부추겨···‘종전 반대’ 표명도” NYT 보도",World
차 대신 아이언돔 발사대…폭스바겐의 ‘방산 피벗’,World
"설계만 하던 Arm, 칩 직접 만든다…CPU시장 지각변동",World
"美-이란 '종전 협상' 물꼬 텄지만…서로 ""요구사항 터무니없다""",World
"미국 새 국토안보장관 취임...'은퇴' 국경순찰대장은 ""더 많이 잡았어야""",World
"이란 ""非적대국 선박 호르무즈 통과 허용""",World
덴마크 총선 좌파 승리했지만 과반 실패···프레데릭센 3연임 시험대,World
"지표로 드러난 '에너지 쇼크'…""전세계 스태그플레이션 전조""",World
"[뉴스특보] 협상 '낙관론' 부각…美, 군사 압박 병행",World
"호르무즈 운명 가를 '트럼프 15개 요구안'…이란은 ""통행료 징수"" 응수",World
[영상] F-22·B-52 비행시험 모습 포착…날개 밑에 장착한 물체는?,World
"필리핀, 국가 에너지 비상 사태 선포…석유 확보 등 신속 대응",World
"‘유학생’ 둔갑한 北 군인… 러시아서 번 달러, 核으로 갔다",World
"""설마 여기를?"" 미군도 못 건드린 이란 '안방' 카스피해, 이스라엘이 쳤다",World
나토 사무총장 '이란 전쟁 지지' 발언에 유럽 국가들 '부글',World
"""두번이나 속았다""…이란, 트럼프 협상 발언에 '불신'",World
"카타르, ‘불가항력’ 선언할 듯…이란 “비적대적 선박 호르무즈 통과”",World
"2000명 죽었는데…북한서 ‘이란 파병’ 공포 확산, 확전에 불 지피나 [핫이슈]",World
"[인터뷰] ""이란, 붕괴 아닌 적응했다… 美 '5일 유예'는 전술적 판단""",World
"""비적대국 통과 허용""‥협상 테이블 '암살 함정' 우려",World
"저커버그의 베팅…""6배 성장 시키면 경영진에 수억달러 스톡옵션""",World
"“트럼프에 더는 안 속아”…이란, ‘협상 제안=합정’ 의심",World
호르무즈 개방이 협상 관건…미 공수부대 투입할까,World
"이란 ""미군 기지 공격""…레바논 접경서 '맞불 공습'",World
"“전쟁 나면 뛴다더니”...‘안전자산’ 금의 배신, 한 달 새 15% ‘뚝’",World
"이란軍 ""美, 자신과 협상하는 중이냐""…트럼프 발표에 코웃음",World
"‘세계 2위급’ 또 터졌다...‘21세기 석유’라는 희토류 966만톤, 中 매장지 확인",World
"미, ‘이란과 협상’ 누구와?…부메랑 된 ‘참수작전’에 암살 의심도",World
“우린 벌써 두번 속았다” 트럼프 협상언급에 이란은 ‘함정’ 의심,World
"미 육군 최정예 공수부대, 중동 투입 승인 떨어졌다…이란 원유 기지 하늘에 나타나나",World
“미국은 예측불가”…이란전쟁에 ‘자주 국방’ 목소리 키우는 유럽,World
전쟁 26일째…美·이란 협상 기대에도 예루살렘-테헤란 교전,World
"트럼프 ""'경제 붐' 온다"" 호언장담하더니…줄줄이 '비상'",World
트럼프· 네타냐후 동상이몽?…이스라엘군 “이란과 몇 주 더 전쟁하고파” [핫이슈],World
"갈리바프, 트럼프 선호하는 '스트롱맨'…실권 여부는 '글쎄'",World
"이란군 “미국, 스스로와 협상하는 지경”···트럼프 ‘15개 요구안’은 1년 전 것 재탕이었다",World
"‘종전 군불’ 지핀 트럼프, 뒤에선 최정예 부대 중동 급파",World
"""두 번이나 속았는데..."" 이란, 중재 국가들에 전한 말 [지금이뉴스]",World
"“트럼프, 최정예 82공수사단 1천명 투입 승인”…하르그섬 침투하나",World
"""전쟁은 관세와 다르다""...'TACO' 트럼프의 시험대 [지금이뉴스]",World
"극적 협상 타결이냐, 지상전 수렁이냐…이란 전쟁 중대 분수령 [View]",World
[뉴스특보] 휴전 띄우고 공수부대 급파…트럼프의 '양면전술',World
나토 사무총장 '이란 전쟁 지지' 발언에 유럽국가들 '부글',World
"""지금 안 사면 공장 멈춘다"" 亞정유사 '묻지마 매수'에…UAE유 160불 돌파(종합)",World
"""이란전은 AI가 주도한 첫 대규모 전쟁""…팔란티어 CTO의 전환점 선언",World
이란 “트럼프 틀니 튀어나오게 타격할 것”…‘휴전 협상’ 주장하는 트럼프에 말폭탄,World
"FT ""中, 메타에 인수된 AI기업 '마누스' 창업자들 출국 막아""",World
협상설 개의치 않는 난타전...전문가도 놀란 미사일 탄두 '경악' [Y녹취록],World
"저커버그의 베팅…""시총 9조달러 되면 경영진에 대박 스톡옵션""",World
"“한국은 통과?”…이란, 호르무즈 ‘선별 개방’ 카드 꺼냈다 [핫이슈]",World
美공수부대 호르무즈 '근접'…걸프국도 참전?,World
"협상 배제 이스라엘, 종전 합의 순순히 따를까",World
"이란, ‘비적대적 선박만 호르무즈 통과’…미국 이스라엘 빠져",World
차 대신 로켓 만든다...몰락하던 폭스바겐의 결단 [지금이뉴스],World
"이란, 호르무즈 선별통제 공식화...""미, 15개 조건 종전안 전달""",World
"미국은 1년에 1척, 한국은 1주에 1척...마스가 한화조선소에 달렸다",World
유가 떨어졌지만 안심은 금물…중동 현물가는 이미 160달러,World
이스라엘에 또 '집속탄'…헤즈볼라 겨냥 맞불 공습,World
"[영상] ""트럼프, 82공수 중동투입 승인""…하르그섬 점령 리스크는?",World
"이란 ""비적대적 선박만 통과""…'1척당 30억' 통행료 노린다",World
"트럼프 ""선물 받았다"" 웃었지만…펜타곤은 '최정예’ 탄창' 채웠다",World
"""이란, 암살 함정 우려""…강·온 '양동전술' 구사",World
"""미, 한달 휴전 제안""…'호르무즈 통제권' 핵심 변수",World
"""이제 돈 뺄래"" 사모대출 펀드런, 대형운용사 ""5%밖에 못줘""",World
'호르무즈 열어주세요' 구걸…이란 미사일에 트럼프 조롱 사진,World
"“역대 최대 ‘드론 1000대’ 폭격”…물 만난 푸틴, 불바다 된 우크라 [핫이슈]",World
日 자위대 장교 주일中대사관 침입에…日 “유감”·中 “극우 확산”,World
비만약 이렇게 싸진다고?…저가 복제약 쏟아지자 ‘주의보’ 떴다,World
"[월드 이슈] 잊혀진 러-우 전쟁, 민간인 희생자 급증",World
"중동 재편 노리는 사우디...""빈살만, 트럼프에 이란 전쟁 지속 촉구""",World
"""보이는 대로 사둬야 돼""…日, 중동 사태에 휴지 품절 발작 왜?",World
"이란, 안보수장에 혁명수비대 출신 강경파…“협상이 암살 함정”",World
100달러? 두바이유는 160달러…亞 비명에 중동쇼크 세계 확산,World
이란에 제시한 협상안 보니...막대한 피해 겪고 다시 제자리로 [이슈톺],World
[기획] 최저 지지율에 ‘마러라고’마저 패배… 출구없는 전쟁에 궁지 몰린 트럼프,World
"현직 자위대 장교 주일中대사관 침입에…日 ""유감""·中 ""우경화""(종합)",World
'안전자산' 믿었는데...전쟁에 맥없이 무섭게 추락한 금값 [지금이뉴스],World
“좀 도와줘! 호르무즈 열어주세요” 대놓고 조롱하는 이란...트럼프 ‘5일 유예’ 비웃나,World
이란 “비적대적 선박 호르무즈 통과”…일부 상선은 통행료 냈다,World
"“2차대전처럼?” 폭스바겐 車공장, 군수공장 전환 논의 중",World
"S펜 돌아오고 배터리 용량 확대?… 갤럭시Z 폴드8, 렌더링 공개",World
"""비공식 회담으로 이란戰 종전 어려울 것""…中전문기관 전망",World
"""집속탄에 12명 부상""…레바논 접경 '난타전'",World
"이번주 휴전이냐 확전이냐…""트럼프 협상 제안은 함정"" 의심도",World
"'자동차공장'→'아이언돔 부품공장' 전환…""폭스바겐·라파엘 논의 중""",World
"‘터미네이터’ 현실로? 총 쏘는 180㎝ 로봇병, 우크라전 투입",World
"이란군 대변인 ""트럼프, 자기 자신과 협상하나"" 조롱",World
"협상한다는 트럼프, 군사압박도 최고조…""82공수 2000명 파병""(종합)",World
가진 것 모두 핵으로...美에 정면도전하는 중국군 '대전환' [지금이뉴스],World
"이란 경제 목줄 하르그섬… 트럼프, 해병대 상륙 카드 만지작",World
이란 전쟁에도 금값 17%↓…뚝 떨어진 이유는,World
"ICC 초대 검사 “이란전쟁은 침략범죄…트럼프, 국제규범 뒤틀어”[1일1트]",World
"‘안전자산’ 꼽히던 금, 한 달 만에 17% ↓···이란 전쟁에선 왜 맥을 못 추나",World
지상전 준비하는 이스라엘... 레바논 국경선까지 바꿀 태세,World
"필리핀, 국가 에너지 비상사태 선포…석유 확보 등 신속 대응",World
"""이란 대표단, 윗코프·쿠슈너 아닌 밴스와 협상하길 원해""",World
"""트럼프 측근, 국가기밀로 선물거래 폭리…명백한 반역""…폴 크루그먼 교수",World
'세계 2위 수준' 또 대박 터졌다…966만톤 초대형 희토류 매장지 中서 확인,World
"4주째 충돌한 이스라엘-이란, 美 협상설 가운데 난타전",World
"이란 ""호르무즈 선별적 개방"" vs 미국 ""15개 조건"" 압박",World
"""1L 커피가 3800원""…한국 '저가 커피' 일본서 통했다",World
전쟁에도 '안전자산' 금 힘 못쓰는 이유는,World
"[뉴스특보] 트럼프 ""이란이 선물 줬다""…협상 낙관론 부각",World
"카타르, 한국 포함 4개국에 ‘LNG 공급 차질’ 선언할 듯…최대 5년 여파",World
"""일시적 휴전 아닌 완전한 정전 원해"" 이란 외교, 中 왕이와 통화",World
美 해군 “中보유 잠수함 모두 핵잠 전환 전망”,World
'휴전 논의'에도 치고받는 이스라엘·헤즈볼라,World
트럼프도 쩔쩔매는 호르무즈…재개방 어려운 구조적 이유 4가지[디브리핑],World
"협상? 이란 ""이미 두 번 속아…'암살' 함정일지도""",World
"""이란 공습은 치명적 실수""…동맹국에서도 맹비난 나왔다 [자막뉴스]",World
"방송사 유튜브, 이란전쟁 '대목' 삼아 '시청자 자극 경쟁'",World
"""마약조직 훈련장이라더니 젖소 목장""...에콰도르 폭격 작전 논란",World
폭스바겐도 무기 만든다...'차 공장→아이언돔 부품공장' 전환 논의,World
"""하늘의 위협 끝낸다"" 트럼프 '골든돔' 두뇌, 팔란티어·안두릴이 개발",World
"""트럼프 '15개 항'은 재탕에 불과...이란 수용 가능성 낮아""",World
"이제 석유걱정 끝?…이란 “호르무즈 개방” 방침, 유엔 안보리에 제출",World
중동 26일째 화염…미·이란 협상 기대감에도 공습 계속…이란 “비적대적 선박만 해협 통과”,World
"中, '싹다 바꾼다' 핵잠으로…中, 美 해군력에 도전",World
'평균자산 132억' 中부자 절반이 2030...비결은 부동산 아닌 '이것',World
"""美, 이란에 15개 요구목록 전달""…'재탕 안건' 실효성 의문",World
"이스라엘, 레바논 남부 점령 수순…""헤즈볼라 방어 완충지대 조성""",World
[자막뉴스] 파국 감내한 결과가 '당혹'...도리어 악재 뒤집어 쓴 트럼프,World
"""트럼프 15개 요구, 이란 수용 가능성 희박…네타냐후 휴전 원하지 않아""",World
"""종전은 실수""...트럼프 구워삶는 빈 살만의 검은 속내 [이슈톺]",World
"트럼프가 투입하는 82공수사단, '마켓가든' 작전 전철 밟을까?",World
[뉴스특보] 미·이란 휴전 협상 기대감…靑 비상경제상황실 가동,World
"""중동 재편 기회""…사우디·UAE 참전 시간 문제?",World
"카타르, LNG 공급 '불가항력' 선언…국제 유가 '요동'",World
안갯속 미-이란 협상…‘벼랑 끝 줄다리기’ 어디까지? [뉴스in뉴스],World
"이란 ""비적대적 선박에 호르무즈 개방"" 공식화...에너지 수송 숨통?",World
"트럼프 공격 유예 발표 15분 前, 누군가 ‘유가 하락’에 8700억원 베팅",World
"""비적대적 선박""만 통과…이란, 호르무즈 해협 조건 걸었다",World
"“중국, 모든 잠수함 핵잠으로 전환 방침···한·미·일 대상 억지력 강화” 산케이 보도",World
이란 “뒤통수 친 사람들 말고 밴스가 협상 나와야”···‘불개입주의자’ 밴스의 시간 오나,World
"트럼프 ""이란, 정권교체 됐다""…전쟁 출구로 슬쩍 발 뻗기",World
"美우위에 강력한 도전…""中보유 잠수함 모두 핵잠 전환 전망""",World
카타르 LNG '불가항력' 선언‥가스요금 오르나,World
"이란, 안보수장에 혁명수비대 출신 강경파…“협상이 암살 함정”",World
"""비적대국 통과 허용""‥협상 테이블 '암살 함정' 우려",World
"압도적인 군사력, 천문학적 비용...미국은 왜 질서를 잃었나 [임상훈의 글로벌리포트]",World
[영상] 또 뚫린 이스라엘 방공망…이란 탄도미사일 텔아비브 주택가 쾅!,World
"'한달 휴전 제안' 본격 협상국면…""난제 수두룩, 조기타결 난망""",World
"獨대통령, 트럼프 이란 침공 맹폭…""러시아처럼 美-유럽 관계 훼손"" 경고",World
중동 26일째 화염…미·이란 협상 기대감에도 난타전 계속,World
"‘그린란드 사수’ 덴마크 총리, 총선서 절반의 승리",World
뉴욕 라과디아 공항 충돌사고 당시 활주로 경보시스템 미작동,World
"트럼프 ""이란이 선물 줬다""…협상 '낙관론' 부각",World
"""며칠 내 투입…트럼프, 미 최정예 1,000명 중동 배치 승인""",World
"미국 15개 종전 조건…일부 진전, 대부분 1년 전 협상 재탕",World
"""휴전 협상장 갔다가 암살당하는거 아냐?""…이란, 트럼프 말에 긴가민가·불안불안",World
"ICC 초대 수석검사 ""이란전쟁은 침략범죄…트럼프, 국제규범 뒤틀어""",World
협상자 불투명한 휴전…양면전략은 지속,World
대한항공도 유류할증료 긴급조정…중동·아시아 항공사 '울상',World
"""협상 중"" 트럼프 주장에도 중동 곳곳 교전 지속 '전쟁 격화'",World
"""中전문가들, 美-이란 비공식회담으로 돌파구 마련 어렵다 판단""",World
"""폭스바겐, '車공장→아이언돔 공장' 전환 논의""",World
협상·압박 병행하는 트럼프…최정예 공수부대 중동 투입 준비,World
"트럼프, 美 '최정예' 82공수사단 중동 투입 승인",World
'트럼프 한달 휴전 제안'에 시장 반색…코스피 3% 강세,World
"협상한다는 트럼프, 군사 압박도 최고조…""82공수 1000명 파병"" 승인",World
"""이건 긁힌 상처일 뿐"" 팔다리 잘려도 버티는 이란…美장성의 섬뜩한 경고",World
"英 해군, 호르무즈 재개방 작전 주도… 30개국 연합 논의",World
"美 보수논객 “부통령 밴스, '수정헌법 25조'로 트럼프 해임시켜야”",World
"인도 영화도 이탈리아 와인도…""세계 경제, 전쟁 충격파""",World
"'친명' 김영진 ""김동연, 어려운 시기 같이 뛴 민주당 멤버""",World
"""미 해병대 이어 공수부대 1000명 중동투입…일주일 내 파병""",World
"폭스바겐, 車 대신 미사일...獨 공장서 아이언돔 부품 생산 추진",World
막후에서 트럼프 돕는 유럽...미군 작전은 다 유럽 덕분? [지금이뉴스],World
“협상하자더니 암살 함정?”…이란이 못 믿는 트럼프의 손짓 [핫이슈],World
"‘라이언 일병 구하기’ 美82공수사단, 이란 우라늄 확보할까",World
"방글라데시, 에너지난 심화에 첫 원전 1호기 가동 서둘러",World
올들어 랠리하던 마이크론 주가 4일 연속 급락…왜?,World
"中 “트럼프, 중동 분쟁 압박 직면…전쟁 여전히 불확실”",World
"트럼프, ‘최정예’ 82공수사단 선발대 1000명, 중동투입 승인…CNN “며칠 내 투입”",World
"트럼프, 82공수사단 1000명 중동 투입 승인…“수일 내 배치”",World
"獨대통령 ""이란 전쟁은 국제법 위반이자 '재앙적 실수'""",World
"사모대출 흔들리자…美 은행들 ""다시 우리가 할 차례""",World
"협상하자더니 공수부대 투입…트럼프, 최정예부대 이란戰 투입 승인",World
세계 최강 미군도 속수무책? 호르무즈 '늪'에 빠진 트럼프…공동관리 제안 이유,World
카메라에 담긴 러시아 ‘자폭 드론’…우크라 세계문화유산 덮쳐,World
"""트럼프 '15개 항'은 재탕…이란 수용 가능성 낮아""",World
트럼프 “이란과 종전 합의 진행 중”…이스라엘-이란은 공방 지속,World
"美공화, 트럼프 저택 '마러라고' 보선서 충격패…트럼프 지지율 36% '최저'",World
“트럼프 틀니 튀어나오게 때릴 것” 공격 수위 높여가는 이란 [美-이란 전쟁],World
"나사, 달궤도 우주정거장 대신 달기지 짓는다…7년간 30조 투입",World
[뉴스특보] 이번주 대면협상 가능성…美 공수부대 투입 초읽기?,World
"이란의 ‘100㎏ 탄두’ 최초 확인, 신무기 발사?…이스라엘 방공망 또 굴욕[밀리터리+]",World
"트럼프 '정신승리'? ""이란 정권 교체했고 우리가 이겼다""",World
"3인 추려진 與 경기도지사 후보 적합도, 김동연 1위",World
"""일단 30일간 멈추자"" 트럼프의 파격 제안...종전 합의 '패스트트랙' 가동",World
“미국 ‘최정예’ 82공수사단 선발대 천 명 중동 투입 초읽기”,World
앞에선 '협상' 뒤로는 '칼갈이'...낙하산 부대 준비하는 트럼프,World
美 15개 항목 제안에 파키스탄 중재 본격화…이란은 진의 의심,World
"미 정부, 이란에 1달 휴전 등 15개 요구 사항 전달…종전 가능할까?",World
"""지금이 이란 정권 끝낼 기회""...사우디 왕세자 지상군 투입 압박",World
"""미, 이란에 한 달 휴전 제안...핵 포기 등 15개 항 논의 추진""",World
"""지하 핵실험 다시 하라""…트럼프 한마디에 美 '30년 금기' 깨나",World
덴마크 총선서 집권 좌파연합 신승…과반 실패로 3선 불투명(종합),World
"트럼프 출구 찾기 나섰지만…""합의도, 철수도, 확전도 어렵다""",World
"이란, 안보수장에 혁명수비대 출신 강경파…“협상이 암살 함정”",World
"트럼프 ""이란 측으로부터 석유·가스와 관련된 엄청난 가치가 있는 선물 받았다""",World
"이란 휴전설 '모락모락'...4월 9일까지 협상, 한달 휴전",World
"'있을 때 사두자' 車업체들, 알루미늄 사재기",World
"“카스피해까지 번졌다”…이스라엘, 러-이란 무기·식량 수송로 공습",World
"""에콰도르 무장 마약조직 훈련장 폭격했다더니…젖소목장""",World
"급물살 탄 美-이란 휴전 협상…트럼프 ""이란이 선물줬다""(종합)",World
러시아 드론 1000대 '하늘 덮었다'…우크라이나 전역 초토화,World
"""트럼프, 승인했다...미국 '최정예' 중동 투입 초읽기"" [지금이뉴스]",World
“체르노빌 급 대재앙 올 수도”…이란 유일 원자력 발전소 인근 또 피격 [핫이슈],World
"""이란, 협상 상대로 밴스 美부통령 선호""…주말 회담 성사 주목",World
"""목요일 회담하자"" 중재 나선 3국…입장차이 여전한 미국과 이란",World
"""車업체들, 알루미늄 사재기…몇개월치 재고 의존""",World
"트럼프 정부, 이란에 15개 요구 전달…핵·미사일 제한 포함",World
협상 기대 부채질하면서 최정예 병력 급파…트럼프의 속내는?,World
"""휴전 1개월 조건은 핵 포기""⋯이란, 트럼프 15개 요구안 수용할까?",World
“美 ‘최정예’ 82공수사단 선발대 1000명 중동전개 임박”,World
"트럼프 행정부, ‘이란과 한달 휴전·15개 요구안’ 협상 구상",World
"""트럼프, 82공수사단 선발대 1천명 투입 승인""…하르그섬 침투 가능성",World
관심 떨어진 틈타 봄 공세…대낮 포격에 사상자 속출,World
걸프만에 갇힌 3200척... 이란 “‘비적대적 선박’만 호르무즈 해협 통과 허용”,World
“이란이 큰 선물 줬다”…‘협상 기대 부채질’ 트럼프가 뒤에서 한 일,World
"이란 ""비적대 선박만 호르무즈 해협 통과""",World
"레바논 베이루트에 이 군 공습 하루새 격화, 피난민도 급증",World
"""美 '최정예' 82공수사단 선발대 1천명 중동투입 초읽기""",World
"""비적대국 선박, 호르무즈 해협 통과 허용"" 이란, IMO에 서한[미국-이란 전쟁]",World
"트럼프와 맞장 뜬 덴마크 총리, ‘정권 연장’ 승부수 통할까 [이 사람@World]",World
"""연 1000만톤 수입하는데""⋯카타르 결국 '불가항력' 선언, 韓가스 수급 '비상'",World
"미군 최대 8천 명 중동 집결해 하르그섬 장악 시도…""해병대 투입 후 공수부대와 교대""",World
트럼프 ‘공격 유예’ 발표 직전 대규모 원유 거래…“누군가 부자 됐을 것”,World
"이란 ""암살 함정일 수도""‥안보수장 후임엔 강경파",World
"이란, 안보수장에 혁명수비대 출신 강경파…“협상이 암살 함정”",World
"이란, 유엔에 ""비적대적 선박은 호르무즈 해협 통과 가능""",World
"이란 ""비적대적 선박만 호르무즈 해협 통과""…IMO 회원국에 서한",World
"""美, 한달 휴전 후 '핵농축 포기-제재 해제' 15개항 협상 추진""(종합)",World
"파키스탄, 美·이란 중재역 급부상…주내 대면 협상 개최 의지",World
이란 “비적대 선박만 통과”…호르무즈 ‘선별 통행’ 공식화,World
"“1100억 날렸다” 대만 유명가수, 코인 투자 실패로 ‘날벼락’",World
"""美, 이란 측에 15개 요구목록 전달""…'한달 휴전' 모색 보도도(종합)",World
"이란 ""비적대적 선박만 호르무즈 해협 통과 허용""",World
종전 조건 15개 던진 트럼프...이란 선택의 시간 [지금이뉴스],World
"""이란과 한 달 휴전 선언 가능성""...급박하게 돌아가는 전황 [이슈톺]",World
"[뉴스UP] ""협상하자""더니 ""공수부대 배치""...앞뒤 다른 트럼프",World
"러시아, 우크라에 드론 1000여 대 발사... ""대낮에 인파 몰린 곳 노려""",World
"[월드앤이슈] 미국, 15개 요구 전달…이란, 美협상 함정 우려",World
"이란 외교장관, 한국에 “침략국 아니면 호르무즈해협 안전하게 통과”",World
"덴마크 집권 사회당, 총선 출구조사서 선두.. 프레데릭센 총리 승리",World
"이란 ""비적대적 선박만 호르무즈 해협 통과 허용""",World
트럼프 “이란서 큰 선물 받아” 협상 거론하면서…중동에 최정예 공수부대 급파,World
"""美, 이란에 ‘15개 항 종전안’ 전달""…출구전략 모색",World
"독일 대통령 “트럼프의 이란 공습, 치명적 실수… 대서양동맹 회복 불가”",World
"미, 이란과 이르면 26일 평화회담 개최 방안 논의…이스라엘 “글쎄”",World
"푸틴, 중동 혼란 틈타 봄철 우크라 대공세…전후 최대 대낮 공격",World
"이란 ""호르무즈 해협, 비적대적 선박만 통과할 수 있어""",World
"‘영화 혁명’이라더니…오픈AI, 동영상 AI ‘소라’ 공개 2년 만에 전격 철수",World
"'트럼프 화법 공부해야 하나""...'타코' 행보에 널뛰는 주식 [앵커리포트]",World
"사우디 ‘실세’ 빈 살만 왕세자, 트럼프에 전쟁 계속 촉구",World
"발 묶인 선박 3200척인데…‘비적대적 선박’만 허용한 이란, 얼마나 나올까",World
"FT “이란, 비적대적 선박만 호르무즈 해협 통과 허용”",World
[자막뉴스] 절호의 기회 노리는 빈 살만...트럼프는 '발등의 불',World
"트럼프 “이란, 석유·가스, 호르무즈 통행 관련 큰 선물 보내와”",World
"""미국, 15개 요구 전달""…이란은 '암살함정' 우려",World
"이란 ""비적대적 선박만 호르무즈 해협 통과 허용""",World
트럼프 ‘종전 제안서’ 내밀었지만…지렛대 쥔 이란 ‘3번은 안 속아’,World
"NASA, 달 궤도 우주정거장 대신 ‘달 기지’ 짓는다",World
"“모즈타바, 미 특사에 ‘종전 협상 개시 동의’ 비밀리 통보”…아랍권 매체 보도",World
"""전쟁통에 6억짜리 차가 수두룩""…유럽 벤틀리 판매 3위는 '키이우 지점'",World
"“우주정거장 접고 달에 산다” NASA, 7년간 30조 쏟아 ‘영구 기지’ 짓는다",World
"몰도바, 러 대공습에 불똥…우크라 송전선 끊어져 비상사태 선포",World
"카타르, 韓 등 4개국 LNG 장기계약 '불가항력' 선언…이란 전쟁 여파",World
"트럼프 ""이란, 큰 선물 보내""...협상·공격 양면 전술 가능성",World
[비즈 나우] 대세는 'AI 에이전트'…승부처 바뀐다,World
이란 '집속탄' 미사일 이스라엘 중부 타격…어린이 포함 12명 부상,World
"트럼프, 이란戰 승리 주장…""美국방·합참의장은 협상하는 것에 실망""",World
"“중재국들, 48시간 내 파키스탄서 美·이란 회담 추진”",World
"[부자들의 투자노트] 골드만삭스 ""원유 흐름 정상화까지 오래 걸릴 수도""",World
"카타르, 韓 등 4개국에 LNG 장기계약 불가항력 선언",World
"[자막뉴스] ""아프간 철수 때도 그러더니"" 미국에 직격탄...갈라지는 유럽",World
"트럼프, 협상한다며 공수부대 파병?…의구심 확대",World
"""공격 미뤘다"" 했는데…이란·이스라엘은 전면 '난타전'",World
세계 최고 방공망의 굴욕…“가성비 따지다 요격 실패”,World
"이란, 호르무즈해협 개방 주장 ""적대 국가만 금지""",World
"""미·이란 중재국 떠오른 '파키스탄' 좋은 사인"" [모닝콜]",World
"Arm, 35년 ‘설계만’ 끝…자체 CPU로 AI칩 시장 참전",World
국제유가 다시 100달러선…중동 협상 흔들리자 공급불안 재부각,World
"“美, 이란과 한달 휴전 후 종전 15개항 협상 추진”",World
협상 거론하더니...이란 허 찌를 '화전양면' 카드 준비 [지금이뉴스],World
"카타르, 한국 등 4개국에 LNG 공급 '불가항력' 선언",World
"[자막뉴스] ""이번 전쟁에서 처음 본 유형""...이스라엘 뚫은 이란 신무기?",World
"[자막뉴스] ""심각한 후폭풍"" 경고가 현실로...한국에 끝내 던진 통보",World
[마켓 브리핑] 하루 만에 꺾인 조기 종전 기대…걸프국 참전 가능성,World
"이란, 유엔에 ‘호르무즈 개방’ 통보… “비적대적 선박 한정”",World
"WSJ ""트럼프, 공수부대 배치 곧 명령""…이란과 협상 거론하며 압박 병행",World
[김대호 박사의 오늘의 키워드] 82 공수부대·LNG 공급중단·금리인상 폭탄·사모펀드 경고등,World
‘우릴 공격하다니…’ 사우디·UAE 전쟁 합류로 선회,World
"이란, 안보수장에 혁명수비대 출신 강경파…“협상이 암살 함정”",World
협상 분위기 조성 동시에 병력 증강도… 이란 압박용과 지상전 가능성 놓고 해석 분분,World
커지는 ‘4월 에너지 위기설’... 진짜 위기는 그 다음에 온다[페트로-일렉트로],World
"美-이란 ‘先휴전-後논의, 가자지구 모델’ 급부상[이태규의 워싱턴 플레이북]",World
"트럼프, 이란서 석유-가스 관련 ""큰 선물 받았다"" 주장",World
"앞에선 협상 낙관론, 뒤에선 최정예 부대 급파… 트럼프의 '진의'는?",World
"""동맹국에 통보도 없이"" 미국 직격한 프랑스...'호르무즈 재개방' 연대할까?",World
"트럼프 ""이란이 석유· 가스 관련 선물...협상 상대 곧 드러날 것""",World
반도체 설계도 팔던 Arm의 변신…자체 AI CPU 판매 선언,World
"""이란전쟁 장기적으론 기회""…'월가 황제'의 중동 낙관론, 왜?",World
‘엄청난 선물’ 받았다는 트럼프… 호르무즈에는 美 해병대 수천 명 급파,World
"협상 기대 부채질하는 트럼프, 뒤로는 최정예 부대 중동 급파",World
‘안갯속’ 미·이란 협상에 뉴욕증시 하락…나스닥 0.8%↓,World
"[증시전략] 이란 전쟁 끝나도 ""유가 당분간 안 떨어져""…전략은?",World
협상 이끈 전화 한 통…“모즈타바의 동의 있었다” [美-이란 전쟁],World
[외신 헤드라인] 증시 개·폐장 때 정책 발표 의혹…트럼프 의도는?,World
美 정예 공수부대 파병 임박…이란 압박하는 걸프국,World
협상 기대에도 흔들린 뉴욕증시…유가·금리 동반 상승 ‘이중 압박’[월스트리트in],World
"뉴욕증시, 3대 지수 하락 마감... 중동 불안·유가 반등 여파",World
"트럼프 “이란, 우리에게 석유·가스 선물 줬다” 사실상 정권교체 시사",World
관심 떨어진 틈타 봄 공세…대낮 포격에 사상자 속출,World
"뉴욕증시, 美·이란 협상 불신...브렌트유 다시 100달러대 [데일리국제금융]",World
"""LNG 못 댄다"" 불가항력 선언…라리자니 후임에 '강경파'",World
이란 미사일 96% 격추…석유와 맞바꾼 미사일이 뭐길래[박시진의 글로벌 픽],World
LNG 공급 '불가항력' 선언‥가스요금도 오르나,World
“이란 돕고 원유 제재 풀고”…중동서 몸집 키우는 러시아,World
"""이란이 선물, 석유·가스 관련""…공수부대 곧 명령",World
"""암살 함정일수도""‥안보수장 후임엔 강경파",World
‘시커먼 연기’ 치솟는 푸자이라…‘우회 하역’ 포착,World
"“사우디 왕세자, 트럼프에 ‘전쟁 지속해야…이란 정권 붕괴’ 촉구”",World
"“트럼프, 공수부대 중동배치 곧 명령”…협상·압박 양면 전략[1일1트]",World
"이란 외무 “호르무즈, 침략자 진영엔 닫혀” [美·이란 전쟁]",World
트럼프 “공격 중단” 발표 15분 전...‘8700억’ 움직였다[글로벌 모닝 브리핑],World
"사우디·UAE, 對이란 강경 선회…""참전은 시간 문제?""",World
"매티스 전 국방 ""지금 종전하면 호르무즈 이란에 넘겨주는 것""",World
"美, 협상한다며 공수부대 파병?…""함정일 수도""",World
"국제유가, 낙관론 후퇴하자 하루만에 반등…브렌트유 100달러대",World
"트럼프 ""이란으로부터 엄청난 선물 받아...이란 정권 교체한 것""",World
"트럼프 ""이란, 매우 큰 선물 보내…석유·가스, 호르무즈 통행 관련""",World
트럼프 휴전 선언…전문가 “5일 내 전쟁 절대 안 끝나”[美-이란 전쟁],World
"트럼프 “이란, 협상서 ‘에너지 관련 선물’ 제안""…협상 실체는 불확실",World
"트럼프 ""이란측, 원유 관련 선물 보내…호르무즈 대한것""(종합)",World
"유가 급등+공수여단 파병, 미증시 일제 하락…나스닥 0.84%(상보)",World
"국제 유가, 하루 만에 100달러 위로...“신속한 전쟁 종결 기대 줄어”",World
이란 외무 “교전국 외엔 호르무즈 개방…전면 휴전 주력”,World
호재는 07:00 악재는 16:30… 美증시에 맞춰진 ‘트럼프 입’,World
갑자기 유화모드 ‘타코’ 트럼프… 출구전략인가 연막작전인가,World
"“美·이란, 이번 주 파키스탄서 첫 대면 협상”",World
"""AI로 법개정 10배 빠르게"" 日 돌풍 일으킨 '꽁지머리' 당대표",World
"카타르, 한국 등 LNG 장기계약 '불가항력' 선언",World
이란 공격에 달라진 걸프국... 참전 검토·美 계속 싸워주길 바래 [윤재준의 월드뷰],World
트럼프 “헤그세스가 이란 공습 가장 먼저 지지”,World
"“이란전 꺼리는 유럽, 실제론 기지 제공 등 美 배후 지원”",World
트럼프 ‘핵물질 제거-제재 해제’ 출구 제시… 이란 “美의 시간 벌기”,World
"미군기지 없는 파키스탄, 美-이란 중재… 수도 이슬라마바드 회담 장소로 제안",World
사우디-UAE 강경 선회… 對이란 공격 동참할듯,World
‘트럼프 공습유예’에도 치고받은 이스라엘-이란,World
美 지상전도 준비… 해병·공수부대 8000명 ‘하르그섬 점령’ 검토,World
‘이란 우방’ 中도 전쟁 후폭풍… 13년만에 기름값 통제,World
AI 에이전트가 대세…설계도만 팔던 ARM도 자체칩 판다,World
미국이 찍은 전쟁 종료일 '4월 9일' 이유는?... 협상 앞두고 '기싸움',World
"""미·이란, 이르면 26일 회담…전쟁은 2~3주 지속 계획""",World
길어지는 중동 사태에…車 업계 알루미늄 사재기 확산,World
"이란 ""비적대적 선박은 호르무즈 통과 가능""…IMO 회원국에 서한",World
이란 전쟁은 도박?…증시 타이밍에 맞춘 트럼프의 입,World
“쾅 소리에 나가봤더니”…휴스턴 주택 지붕 뚫은 ‘돌덩이’의 정체,World
"트럼프 ""이란과 건설적 대화""… 종전 디데이 4월9일 현실로?",World
"설계도만 팔던 반도체기업 Arm, 자체칩 판매선언…AGI CPU 출시",World
"‘월가 황제’ 다이먼 “이란, ‘당장의 위협’ 아닌 돌진하는 살인자들”",World
[뉴욕유가] 공수부대까지 파병하는 미국…WTI 4.8%↑,World
"""美국방부, 공수 3천명 중동 배치 계획""…2가지 의도 담겨",World
"""영국, 프랑스와 호르무즈 재개방 위한 국제 노력 주도""",World
"WSJ “트럼프, 공수부대 중동배치 곧 명령”…협상 거론하며 압박 병행",World
"""美, 82공수사단 3000명 중동 투입 추진""…호르무즈 ‘군사 옵션’ 부상",World
"NASA, 달궤도 우주정거장 계획 중단…30조원 들여 달기지 짓는다",World
"美 공수 투입 임박 ""수 시간 내 배치 명령""…지상군은 미정",World
"美 육군 최정예 공수부대 제82 공수사단, 중동으로 움직인다",World
"""트럼프, 공수부대 중동배치 곧 명령""…협상 거론하며 압박 병행",World
"오픈AI 포기한 텍사스주 '스타게이트 확장' 데이터센터, MS 손에",World
"""사우디 왕세자, 트럼프에 이란戰 계속해라 촉구…지상전도 찬성""",World
"""美, 이란 작전 지원하러 곧 중동에 공수부대 3000명 파병""-WSJ",World
"러, 하루 400여대 드론·미사일 공습…최소 5명 숨져",World
"협상설에도 미사일 난타전...""100kg 탄두 첫 발견""",World
"사우디·UAE, 對이란 공세 참전 저울질…""인내 무한하지 않아""",World
종전이냐 확전이냐… “이르면 이번주 대면협상”,World
"'공격 유예' 뒤에도 중동 곳곳 포성…""끔찍한 밤""",World
"대화 상대 떠오른 갈리바프… 美, 차기 지도자로 찍었나",World
"美 해병대, 추가 시한 맞춰 중동 도착… 협상은 연막작전?",World
"美, AI·반도체 패권 확보 위한 ‘팍스 실리카 펀드’ 출범",World
물가·임금·부동산 줄줄이 상승… “日 디플레 시대 끝났다”,World
‘뉴욕 공항 폐쇄’ 항공기·소방차 충돌 직전 교신 공개…관제 혼전 가능성,World
"""미국 '4월 9일 종전' 목표""...파키스탄 중재 '급물살'",World
"""미-이란 곧 대면 협상""‥중동 운명 분수령 맞나",World
러 봄공세 본격화…대낮까지 계속된 폭격에 사상자 속출(종합),World
"뉴욕 증시, 미국·이란 대화 의구심에 하락",World
"카타르, LNG 공급 ‘불가항력’ 선언… 韓 등 장기계약 이행 일시 중단",World
"[송세영 특파원의 여기는 베이징] ‘호국신산’ TSMC 가동 멈출라… 대만, 탈원전 철회",World
"트럼프, 5일 유예 승부수…이란선 초토화 연막 작전 의심",World
줄줄이 암살당한 이란 지도부…미·갈리바프 국회의장 협상설,World
美 증시 개장·마감 맞춘 트럼프 메시지… 수상한 거래도,World
"“이란 외무장관, 美 중동 특사에게 ‘경제 제재 완화’ 등 요구”",World
"이란, 라리자니 후임에 혁명수비대 출신 강경파 임명… 하메네이 측근",World
"""트럼프 정부, 파키스탄 통해 이란 측에 15개 요구목록 전달""",World
이란에 당한 카타르 결국…韓과 LNG 장기계약 '불가항력' 선언,World
"""이란 사태 이어지면 국제유가 배럴당 179달러까지 급등""",World
트럼프 협상 언급에 이란 '호르무즈 통제·배상' 파격 조건 응수?,World
"카타르, 한국 등에 LNG 장기계약 불가항력 선언",World
"카타르, 한국 등에 LNG 장기계약 불가항력 선언",World
카타르 “한국 LNG 장기계약 불가항력 선언 필요”,World
매티스 전 美국방 “지금 종전하면 호르무즈 이란에 넘겨주는 것”,World
‘시커먼 연기’ 치솟는 푸자이라…호르무즈 해협 지금은?,World
협상설에도 군사 충돌 여전…네타냐후 “이란은 추락 중”,World
[투나잇이슈] 미·이란 '첫 대면 협상' 가능성…중동사태 분수령,World
이란 부인했지만 대화 국면 열렸다…“이번 주 파키스탄 회담 가능성”,World
"[취재후 Talk] 미국-이란, '서로 딴소리' 이유는?",World
"트럼프, 출구 전략 찾을까…'지상군' 카드 유효?",World
미국 “핵포기부터” 이란 “피해 전액보상”…각자 할말하는 종전협상,World
"'진퇴양난' 트럼프, 확전서 협상으로 출구전략 모색?",World
세 가지 동상이몽...트럼프의 '중동 빅딜' 통할까,World
‘트럼프의 조기 종전’ 못 믿는 이유 3가지…동맹국도 등 돌렸다 [핫이슈],World
이란 안보수장에 '혁명수비대' 출신 강경파 임명,World
"이란과 이스라엘, 트럼프 '협상' 언급에도 상호 맹공",World
물로 씻어 먹어도…잔류 농약 많은 12가지 농산물은?,World
"""500억 잃었다"" 코인 투자했다가 날벼락…유명 가수 '충격 근황'",World
[시사기획 창] 이상한 전쟁,World
"“트럼프, 4월 9일 찍었다”…뜻대로 될까",World
"이스라엘 전역 피격…""이란 겨냥 전면적 공격 계속""",World
누가 트럼프를 멈췄나…이란戰 뒤집은 비공식 외교 네트워크[디브리핑],World
지상군 투입 준비는 '착착'...공격 유예는 연막작전?,World
"""100kg 이란 탄두 첫 확인""...주말 협상설에도 난타전",World
안개 속 비밀 회담...중동 운명 가를 닷새,World
"트럼프 ""이란, 핵 포기에 동의..협상 결렬 시 다시 폭격""",World
"이란, 국가안보수장에 혁명수비대 출신 강경파 임명",World
"레바논, 자국주재 이란 대사 신임장 취소하고 기피인물 선언",World
곧 대면회담? 시간벌기?…트럼프 '이란과 대화 중' 발언에도 혼란만[트럼프 2기],World
중동발 에너지난에 영국서 북해 유전 개발 논란,World
美·이란 협상 중재한 파키스탄 실세... 트럼프가 좋아하는 ‘야전 원수’,World
세계 최고 방공망의 굴욕…“가성비 따지다 요격 실패”,World
[뉴스더] 체면 구긴 '세계최강 방공망'…한국도 비상?,World
"‘공습 유예’에도…미군 8000명, 이란 하르그섬 장악 나서나",World
"사거리 4000㎞ 미사일 쏘고 '비공개'…""발사 지점 노출되면 타격 목표""",World
"주일 미 해병, 인도양 도착…하르그섬 출동 대기",World
"""이란 '넘버3' 국회의장과 협상""…'타코' 전략 불안불안",World
"""발 빼기도 쉽지 않아""…'변덕' 행보 시험대",World
"미군 최대 8천 명 중동 집결해 하르그섬 장악 시도…""해병대 투입 후 공수부대와 교대""",World
"비싼 미사일 아끼려다…""자초한 일"" 방공망 뚫렸다",World
"급변한 전쟁 상황, 트럼프 의도는?..종전 진심 혹은 연막 작전?",World
[뉴스특보] 미·이란 첫 대면 협상 가능성…타협·확전 분수령,World
'호르무즈 긴장' 여전…피해 입은 걸프국 강경 모드,World
'협상 발표' 1시간 안됐는데…이스라엘은 다른 길?,World
"""미, 이란 전쟁 '4월 9일' 종전 제시...이번 주 회담""",World
"미, 호르무즈 통제권 주고 이란 핵 포기 받아내나…‘빅딜’ 가능성",World
"미국이 콕 집은 차기 지도자?…강경파 갈리바프, 협상 파트너 유력",World
"中, 주일중국대사관 괴한 침입 규탄…""日에 강력 항의""(종합)",World
"미국과 협상 나설 인물은 누구... ""트럼프, 차기 이란 지도자로 갈리바프 고심""",World
“중국 방공망 뚫는다” F-22 랩터 변신…‘항속거리’ 약점 지웠나 [밀리터리+],World
"이란이 본 트럼프의 속셈‥""시간 벌기·기만 전략""",World
유가 뛰자 中 13년만에 기름값 통제…주유소 ‘북새통’,World
"말뿐인 유예‥공수부대 투입도 검토?‥""하르그섬 장악""",World
"""헤즈볼라 궤멸 때까지""…이스라엘군, 레바논 남부 장기 주둔하나",World
왜 5일?‥새로운 시한 뒤에 숨은 트럼프의 시나리오는?,World
"대만, 한국에 최후통첩성 메시지…'중국(대만)' 안 바꾸면 '남한' 표기",World
타협이냐 확전이냐‥개전 후 미-이란 첫 대면협상 가능성 흘러나와,World
"이스라엘, 레바논 남부 장기 점령하나…""위협 제거 때까지 통제""",World
트럼프 “15개안 거의 합의” 말하지만…실제론 ‘시계제로’,World
美 “갈리바프와 협상 유력”…’이란 차기 지도자’ 찍었나,World
이스라엘 ‘다윗의 돌팔매’ 요격 실패…200명 부상,World
이슬람 4개국 중재에 물러난 트럼프…이번주 파키스탄서 회담 추진,World
유가 폭등에 中 전기차 '반사이익'…中 배터리 제조사 주가도 크게 올라,World
"[아는기자]트럼프 ‘5일 유예’, 군사작전 준비용?",World
콜롬비아 軍 수송기 추락… 최소 66명 사망,World
“개헌 반드시 실현” 못 박는 日 자민당… ‘자위대 명기’ 속도전,World
"""수상한 발표 시점과 거래""…선물 거래 급증에 폴리마켓 10배 수익 예측도",World
공격 보류 직후 이스라엘은 무참히 때렸다…이란도 반격,World
"""이란, 도저히 받을 수 없는 조건""…트럼프 연막작전?",World
"최후통첩 하루 반 만에…트럼프, 돌연 “공격 유예”",World
이스라엘 전역 피격…헤즈볼라 겨냥 맞불 공습,World
미국과 '접촉설' 강력 부인…이란 종전 협상 누가 하나?,World
"트럼프, 해상풍력 발전 포기 기업에 1.5조원 지급···전기료 오르는데 “세금으로 발전 중단” 비판",World
"방아쇠 직전 트럼프 '돌발'…이란은 ""거짓말쟁이"" 싸늘",World
세계 최고 방공망의 굴욕…“가성비 따지다 요격 실패”,World
이번 주 미·이란 개전 뒤 첫 ‘대면 협상’ 가능성…타협·확전 갈림길,World
"""종전 4월 9일"" ""15개 합의""… 트럼프의 오락가락, '타코'냐 기만이냐",World
“암살시도 복수 기회” 트럼프 부추긴 네타냐후 [美·이란 전쟁],World
"트럼프, 증시 개장 전 또 ‘타코’ 논란… “연막” “출구전략” 엇갈려 [美·이란 전쟁]",World
“거의 합의” 트럼프… 중동엔 미군 증파,World
"이란 외무, 조현 장관에 “호르무즈 해협, ‘침략자 측’ 배에는 닫혀”",World
협상 땐 호르무즈·핵무기 포괄적 논의… 주장 엇갈려 난항 예상,World
[뉴스특보] 타협이냐 확전이냐…이번주 '첫 대좌' 가능성,World
"""미국, 전쟁 종료 '4월 9일' 목표""...파키스탄 대면 협상 가능성",World
트럼프 “헤그세스가 가장 먼저 공습 지지” 치하,World
사우디·UAE 강경대응 선회…美에 군사기지 개방·이란자산 동결,World
"대만, '남한 표기' 고수…'韓, 대만 수긍 방안 제시' 관측도(종합)",World
"佛토탈에너지, 미국 해상풍력발전 프로젝트 2건 포기",World
"이란전 25일차｜트럼프 “5일 더”…공수부대까지 투입하나, 오늘의 핵심 [전황브리핑]",World
美 공수부대 하르그섬 투입 검토…이란 원유 심장 노린다,World
"美·이란, 이번주 첫 대면협상… 美, 상륙군 집결 '무력시위' [美-이란 전쟁]",World
트럼프의 양면전술…'종전' 외치고 뒤에선 '파병' 늘려,World
"중국 화물선, 이란 호르무즈 ‘안전 통로’ 첫 통과…상업 운항 재개 조짐",World
이번 주 미·이란 개전 뒤 첫 ‘대면 협상’ 가능성…타협·확전 갈림길,World
"""이스라엘에 탄도미사일"" ""헤즈볼라 폭격""…맞불 공습",World
중동발 유가 폭등에 ‘반사이익’… 중국 전기차·배터리 업계 급부상,World
"“스톱, 스톱!” 10번 외쳤지만…여객기-소방차 ‘쾅’",World
"사우디·UAE, 이란에 강경대응 시사… 전면전은 '부담'",World
"주말 협상설에도 미사일 공방...""이란 미사일 재고 급감""",World
이민자 62만명 추방…美 고용시장 얼려버린 ICE,World
美·이란 파키스탄 중재로 만난다지만…이란 협상자 불분명 ‘합의 안갯속’,World
가스 웃고 석유 울고… 美 에너지 업체 이란전 희비,World
"이스라엘, 제국주의적 영토 확장 나서나…극우 장관 “국경선 바꿔야”",World
40년 전부터 이란 전략 구상해 온 트럼프…'위협하면 물러날 것' 맹신 [이상은의 워싱턴나우],World
"트럼프 공격유예 50분 만에…네타냐후, 테헤란에 100발 쐈다[美-이란 전쟁]",World
“현재 기업가치 평가 모두 틀려”...불신 커지는 사모대출,World
"""아놔, 이란 더는 못 참겠네""…뚜껑 열린 걸프국, 사우디는 참전까지 검토",World
中 겨냥 반도체전쟁 실탄 모으는 美…1조弗 동맹펀드 띄운다,World
"입지 좁아지는 네타냐후 … 美비판 여론에도 ""국익 수호할 것""",World
"EU 집행위원장 ""美·이란 즉각 협상 시작해야…호르무즈도 개방하라""",World
이란戰으로 세계 경제 아우성인데…美 LNG 수출기업은 ‘전쟁 특수’,World
"美·이란, 이번주 '첫 대면 협상' 가능성…확전·종전 기로(종합)",World
모두가 참전?…네타냐후 총리 “대이란 전쟁에 전 세계가 동참하자” [핫이슈],World
"유가 폭등에 전쟁 접나…트럼프, 이란과 '종전 딜' 카드 꺼냈다",World
이란 전쟁 중재 나선 파키스탄…이슬람 형제국이자 비나토 동맹국,World
"미국, 이란 하르그섬에 공수부대 3000명 파병 검토중",World
"""이란에 '21조' 돈줄 열어줬다""…트럼프, 이란산 원유 제재 완화 파장",World
"중동 원유 필요 없을텐데…트럼프, 왜 호르무즈에 집착할까",World
"[자막뉴스] 이스라엘, '가성비' 따지다가 이란 미사일 요격 실패",World
"전쟁 저지, 윤석열의 합참의장은 되고 트럼프의 합참의장은 안 된 이유",World
"“핵 중단” 미국-“피해 보상” 이란…팽팽한 조건, 협의 가능성은?",World
이란전쟁 중재 나선 파키스탄…이슬람 형제국이자 비나토 동맹국,World
"중국, ‘유가 임시 조정’ 첫 실행…대만은 원전 재가동 적극 검토",World
"""탄약 무제한?"" 트럼프 호언장담에도…미군, 이란전 3주 만에 '병참 위기'",World
"中선주 화물선, 이란 호르무즈해협 '안전통로'로 첫 통과",World
"이란 탄도미사일 아직 1000기 남은 듯…""전력은 여전""",World
"""이스라엘 공군기지 타격""…""이란 사상자 수십명""",World
전쟁發 공급 차질에 알루미늄 확보 경쟁...車업계 ‘패닉 바잉’,World
이번 주 미·이란 개전 뒤 첫 ‘대면 협상’ 가능성…타협·확전 갈림길,World
이란도 '간접 소통' 인정‥미국은 지상군 증파,World
"이스라엘, ‘공습유예’뒤 테헤란 공습…이란은 美기지 드론공격",World
‘종전’ ‘확전’ 분수령…美·이란 첫 대면협상 성사되나,World
"참전은 안 한다지만…유럽, 이란전쟁서 미군 막후 지원",World
"CNN “트럼프, 종전 쉽지 않을 것”…이스라엘 매체 “미국 목표는 4월 9일”",World
"""'TACO' 트럼프, 종전 원해도 이란 전쟁 못 끝낼 수도""",World
[Who] 협상 막판 번복이 주특기? 이란 유일 ‘대외 소통 창구’ 압바스 아라그치 외무장관,World
"“좋은 대화 중”이라던 트럼프, 거짓말이었나…이란 공격 직전 멈춰 선 이유 [핫이슈]",World
"“암살 시도, 복수하셔야죠”…네타냐후, 공격 망설이던 트럼프 재촉",World
트럼프 “이란과 거의 대부분 합의 돼…잘 안 풀리면 또 신나게 폭격할 것” [현장영상],World
"트럼프 '타코'에 울고웃는 시장, '또 바뀔라' 불안 속 유가 재반등",World
"이스라엘, 비용 줄이려 중거리 방공망 썼다가 요격실패로 낭패",World
트럼프 말에…국제 유가·증시 또 롤러코스터,World
탄도미사일 재고는 줄었는데...'비대칭 전쟁' 카드 쥔 이란 [지금이뉴스],World
"대만 ""韓, 중국(대만) 표기 안고치면 남한으로 바꿀 것"" 거듭 압박",World
"""트럼프 '타코' 이란 전쟁에선 불가능""",World
트럼프 이란 발표에 증시 롤러코스터…전쟁마저 시장관리용 도구?,World
"유럽, 겉으론 이란전쟁 말려도… 막후에서는 美에 결정적 협조",World
"트럼프 변덕 시험대…""이란 전쟁에선 '타코' 못할 것""",World
안개 속 비밀 회담...중동 운명 가를 닷새,World
사우디·UAE 결국 움직인다…이란전 참전 임박 중동 확전 위기,World
[자막뉴스] '데드라인' 직전 이란에 발 디디는 미군...중동 초토화 예고,World
"트럼프 유턴시킨 중동, 협상 전망은 회의적…""이란 대표는 누구?""",World
"""중국 화물선, 이란 설정 호르무즈 '안전통로' 통과""",World
[뉴스특보] '최후통첩' 미룬 트럼프…이번 주 첫 대좌 가능성,World
[포착] 광섬유 드론에 공중서 ‘쾅’…러 최강 공격 헬기 Ka-52의 최후 (영상),World
"""핵포기 해""vs""배상금 줘"" 트럼프·이란 6대6 협상조건…핵심은",World
"시험대 오른 트럼프 변덕…""이란 전쟁에선 '타코' 못할 것""",World
"""5일 멈추자"" 아랍 중재안 수용한 트럼프…미·이란 타결까진 험로(종합)",World
미·이란 협상 기대 와중에도 중동 난타전 계속,World
전쟁 4주차 이란 탄도미사일 재고는…2천500기→1천기 줄어든 듯,World
"유럽, 겉으론 말려도…군사기지마다 미 폭격기·항모 사용 허가",World
[자막뉴스] 씨알도 안 먹히는 트럼프 '빅딜'...날뛰는 이스라엘과 이란,World
"유럽, 군사기지마다 미국 폭격기·항모 허가…“트럼프 불평과 달라”",World
"트럼프 불만에도 유럽 동맹국, 美 대이란 작전 핵심 역할",World
"이란 보며 오싹해진 김정은 ""美 군사력에 당할 나라가 없다"" [Y녹취록]",World
인도 LPG운반선 2척 호르무즈 해협 통과…이란 선별적 통과 허용,World
"주말 협상설에도 이어진 미사일 공방...""레바논 남부 합병해야""",World
"갈리바프 이란 의장, 트럼프의 선택? ""베네수 모델"" vs ""오판""",World
‘군사 작전’ 증시 끝난 주말에 발표하는 트럼프,World
"트럼프가 이란 ‘차기 지도자’로 낙점?···혁명수비대 출신 강경파 갈리바프, 대화 나설까",World
"""참을 만큼 참았다""…걸프 국가들, 대이란 공세 가세 움직임",World
파키스탄 대면 협상 가능성...이란 '안전통로'로 해협 통제,World
“이란 전쟁으로 코카서스서 미 영향력 확대···러·이란 영향력 축소”,World
"EU, 트럼프 '러우전쟁' 보복 우려에…이란전 개입 수준 고심",World
"미군기지 없는 파키스탄, 美·이란 중재 “이슬라마바드서 종전협상을”",World
"유럽, 겉으론 말려도…군사기지마다 美 폭격기·항모 사용허가",World
"조현, 아라그치에 호르무즈 항행보장 촉구…이란 반체제매체도 “韓 깊은 우려” 주목",World
"日상선미쓰이, 호르무즈 통과 보도에 ""사실 아냐""",World
"인도 영화도, 이태리 와인도…세계 경제 때린 이란 전쟁",World
이란 지도부 줄줄이 '참수' 됐는데…美 협상한 이란 지도부 누구,World
"잘 나가던 금, 왜 떨어지나…달러·금리에 밀려 조정",World
트럼프 ‘수상한’ 중대발표 이은 ‘수상한 거래’… “가족·측근 ‘중동전’서 수익” 소문도,World
"LNG 없는 나라 서러워 살겠나…한국, 울며 겨자 먹기로 멀고 비싼 미국산 결제",World
전쟁 중인데 폭락…“금 투자 조심하세요” 경고한 중국,World
[월드 이슈] “어제의 트럼프와 싸우는 오늘의 트럼프”…‘오락가락’ 이유는?,World
"중국서도 AI 시대 '토큰 경제' 폭발 성장…""2년 만에 1천 배 증가""",World
“4일간 6000명 사상”…푸틴의 ‘고기 분쇄’ 전술이 가져온 처참한 성과 [핫이슈],World
"‘협상 중’ 발표에도 충돌 여전…파키스탄, 중재역 자처",World
"사우디·UAE 강경 선회…이란전쟁, 걸프국 참전 분수령",World
[영상] '가성비' 따지다가 뚫린 방공망…이란 탄도미사일 요격 실패,World
"미국, 이란 폭격 보류 “양측 모두 합의 원해”…이란 “합의 없어”",World
"트럼프의 '수상한 타이밍'…전쟁 발표, 증시 맞춰 움직이나",World
"이스라엘 “런던, 파리에 이란 미사일 떨어질 수 있어”…英 장관 반발",World
"이란 턱밑에 ""美 공수부대 3천명 추가 검토""… 트럼프 공습유예, 기만전술인가",World
[줌인] 서열 1·2위 모두 사라진 이란… 美 트럼프와 협상한 막후 실세는,World
"""러-우 전쟁은 약과"" 역대급 에너지 재앙, 셰브론 CEO의 뼈아픈 경고",World
"北 “평양 오지마” 반박 담화에도…日 “다카이치, 김정은 마주할 각오”",World
"中 전문가들 “미군의 섬 상륙, 피해 커…이란 반길 것”",World
"""중동 전쟁에 아프리카 우회 선박 급증…연료공급 회사 호황""",World
TSMC 핵심 인재 유출 '비상'...테슬라 '테라팹' 발표 파장 [지금이뉴스],World
"대만도 반도체 인재 경쟁…""테슬라 '10년 이상' 엔지니어 모집""",World
"트럼프 “공격 유예” 발표 15분 전…8700억원, 수상한 원유 거래",World
전쟁 아무리 끝내고 싶어도...접선조차 어려운 이란 '초유의 사태' [이슈톺],World
"""공격 유예"" 뒤에도…탄도미사일·폭격 곳곳 '포성'",World
"트럼프, 이란 부인 속 돌연 “5일 협상”…종전 서막인가, 일격 앞둔 연막인가",World
"""트럼프와 비밀협상? 가짜 뉴스""…이란 실세 갈리바프 '전면 부인'",World
"“호르무즈 봉쇄 규탄받아야” 유럽연합 수장, 이란-미국에 종전 협상 촉구",World
“4월 ×일 전쟁 끝난다” 구체적 날짜 공개…이스라엘만 ‘나락’ 갈까 [핫이슈],World
"“유가 100달러 넘자 급선회”…트럼프, 이란과 첫 대면 협상 승부수",World
"기뢰 깔린 호르무즈, 낙하산 타고 하르그섬 점령? NYT ""미국, 이란에 82공수사단 투입 검토""",World
"IEA “중동 전쟁發 에너지 위기, 오일쇼크와 우크라전 합친 여파 능가할 것”",World
"주 35시간 근무제 반대한 마크롱, ‘설계자’ 조스팽 기려",World
"주말 협상설에도 이어진 미사일 공방...""레바논 남부 합병해야""",World
“이란戰 조기종식 잘못된 기대 말아야”…영국 총리 지적,World
"협상 물꼬 트려는 미국·이란, 간극 좁힐까···유예 끝나는 날, 미 해병대 중동 도착",World
"""이번 주 파키스탄 이슬라마바드 첫 협상 가능성""",World
"中서도 AI시대 '토큰경제' 폭발 성장…""2년 만에 1천배 증가""",World
다카이치 “이란서 억류 日 국민 귀국…5400억엔 비축유 방출도 시작” [美-이란 전쟁],World
"""전쟁에 가격 2배 뛰어도 사야"" 삼전닉스에 불똥?…中 매체 분석",World
미국·이란 중재 나선 파키스탄···회담 장소로 이슬라마바드 거론,World
"미-이란 중재자로 떠오른 파키스탄…""이번 주 대면 협상 가능성""",World
트럼프 향해 “오늘 밤 특별한 계획”…직후 이스라엘에 미사일 날린 이란 [핫이슈],World
"‘협상 중’ 발표에도 충돌 여전…파키스탄, 중재역 자처",World
"""불 꺼진 美최대 항모"" 제럴드 포드함, 이란 전선 이탈…중동 항모 1척만 남아",World
사우디·UAE 강경 대응 선회…미국에 군사기지 개방·이란 자산 동결,World
"""돈 아끼려다 뚫렸다""…빗나간 이스라엘 '다윗의 돌팔매'에 200명 피 흘려",World
"사우디·UAE, 점차 강경대응…美에 군사기지 개방·이란자산 동결",World
트럼프 ‘5일 휴전’ 이란 전쟁 끝낼까…파키스탄이 중재,World
지상군 투입 준비는 '착착'...공격 유예는 연막작전?,World
韓 천궁 라이벌이라더니…이란 미사일에 뚫린 이스라엘의 중거리 방패 [밀리터리+],World
"다카이치 오토펜 폭소·만찬 춤에...일본 SNS선 ""국가의 수치""",World
"""걸프국, 참전 검토…이란 호르무즈 장기 통제 우려 고조""",World
"트럼프, 주말엔 ‘폭탄’ 주초엔 ‘사탕’…증시 추세 보며 전쟁하나?",World
"석유회사 CEO들, 전쟁발 '장기 충격' 경고",World
타협이냐 확전이냐…이번 주 미·이란 '개전 후 첫 대좌' 가능성,World
"이란 협상 주도 트럼프 사위…""투자 회사 자산 30% 급증""",World
"中화물선, 유조선 잇따라 호르무즈 통과",World
"트럼프의 ‘공격 유예’ 타이밍, 소름 돋는 이유…이란은 “가짜뉴스” 반박 [핫이슈]",World
[뉴스특보] 트럼프 '이란 공격유예' 메시지에…널뛰는 금융시장,World
"네타냐후 ""핵심이익 수호""…이스라엘, 공습 지속",World
"백악관 ""美·이란 파키스탄 회담 보도는 '추측성'…확정된 것 없다""",World
극적 타협하나…이번주 미·이란 첫 대면 협상 가능성,World
미-이란 고위급 만난다…이번주 '첫 대좌' 가능성,World
세 가지 동상이몽...트럼프의 '중동 빅딜' 통할까,World
미·이란 '개전 후 첫 대좌' 가능성…사태 분수령,World
"美·이란, 파키스탄 대면 협상 가능성…조기 종전 회의론도",World
트럼프의 '공격 연기'에도 공습경보 이어진 중동,World
"“암살 시도 복수해야지” 네타냐후, 트럼프에 '이란 전쟁' 부추겼나",World
"""공격 유예"" 선언에도‥이스라엘은 테헤란 공습",World
"‘협상 중’ 발표에도 충돌 여전…파키스탄, 중재역 자처",World
이란도 '간접 소통' 인정‥美 지상군 8천 명까지?,World
"미국, 이란 폭격 보류 “양측 모두 합의 원해”…이란 “합의 없어”",World
"“해병대가 뚫고 공수부대가 굳히기”…美, 원유 기지 하르그섬 장악 작전 가능성",World
"“미, 신속대응군 3000명 하르그섬 장악 투입 검토”",World
이란 핵포기→호르무즈 공동관리 ‘출구’ 제시한 트럼프… 군사옵션 쥔 채 이란 압박,World
미-이란 ‘쿠슈너 - 갈리바프’ 채널 가동설… 물밑협상 종전 모색,World
"“너무 알뜰했다” 이스라엘, ‘가성비’ 따지다 참혹한 피해…200명 부상",World
타협이냐 확전이냐…이번주 미·이란 '개전 후 첫 대좌' 가능성,World
이란 전쟁 장기화 우려…에너지 CEO들 “공급망 충격·성장 둔화” 경고,World
"“중국 화물선, 23일 이란 관할 호르무즈 ‘안전통로’ 첫 통과”",World
"이란 미사일 요격, 가성비 따지던 이스라엘…""22억원 아끼려다 아이언돔 뚫렸다""",World
"9·11 소송 이끈 92세 '거물' 판사, 마두로 재판 맡아…""건강이 변수""",World
"""필요한 약 있으세요""…24시간 '풀타임' 근무하는 中 '약국 로봇' [차이나 워치]",World
"""이란, 호르무즈 봉쇄 후 선박 통행 95% 감소…통과 원유 대부분 중국행""",World
"당근 줬다, 채찍 때리기…트럼프의 호르무즈 '변덕 전략'[타임라인]",World
"""中화물선, 23일 이란 관할 호르무즈 '안전통로' 첫 통과""",World
"사우디 참전 검토·UAE, 이란 자산동결",World
"‘돌연 협상’ 트럼프, 종전 의지인가 지상군 시간벌기인가",World
사우디·UAE 강경대응 선회…美에 군사기지 개방·이란자산 동결,World
"전쟁 끝내려는 트럼프, 계속 때리는 이스라엘…이란전 '동상이몽'",World
트럼프 협상 발언 15분 전 대량 거래...유가 급락 앞두고 수상한 베팅,World
"트럼프 중대발표 타이밍, ‘공식’ 있었네…‘마감 후·개장 전’ 발표 패턴 반복",World
"美 ‘이란 차기 지도자’ 찍었나…갈리바프, 협상 파트너 부상",World
"최후통첩→""보류"" 트럼프, 개장전·마감후 기막힌 '타코' 타이밍",World
"""美, 이란 전쟁 종식 목표일 4월 9일 제시""…이란은 협상설 부인",World
"[오늘 트럼프는] ""이란과 대화…5일 간 공격 유예""",World
"석유회사 CEO들, 전쟁발 '장기 충격' 경고",World
"“폭격 직전 전화 왔다?”…트럼프 깜짝 주장, 이란은 ‘가짜 뉴스’ 맞불 [밀리터리+]",World
“미국-이란 싸우는 동안 혼자 웃었다”…중동 전쟁 진짜 승자는 ‘美 LNG업체’,World
"트럼프, 또 'TACO'?…'이란 에너지 초토화' 최후통첩 직전 급선회 속내는",World
"""美 해병대원 태운 USS트리폴리함, 인도양에""…WSJ ""협상 시한 맞춰 중동 도착""",World
도쿄 도심 집값 37개월 만에 하락… 전용 70㎡ 18억원,World
"[자막뉴스] 결국 테이블 올린 '최악의 시나리오'…""절대 안 돼"" 절규에도 ""카드 없다""",World
"""친구야, 지금이 복수할 기회야""...네타냐후가 건넨 '악마의 제안'",World
"[자막뉴스] 'AI 슈퍼 사이클' 급제동 걸렸다…""전쟁 당장 끝나도 회복 어려워""",World
"공습 멈춘 5일, 물밑 '종전 빅딜' 진행되나?...이란 숨은 실세 급부상한 갈리바프",World
[이란전쟁 한달]종전해도 '고유가 후폭풍' 덮친다…스태그플레이션 경고,World
"[영상] 트럼프, 최후통첩 12시간 전 불쑥 '협상'…이란 ""가짜뉴스""",World
"트럼프, 승리 선언하고 퇴각? 매티스 전 장관 ""이란, 통행세 뜯어낼 것""",World
"네타냐후, 트럼프와 통화…“이스라엘 핵심 이익 수호”",World
"UAE 국영석유기업 CEO, 이란 호르무즈해협 위협은 '경제적 테러'",World
"美에너지장관 ""유가 상승, 크지 않아"" vs 업계 ""공급 빠듯""",World
"바레인, 호르무즈 '무력사용 허용' 안보리 결의 추진…이란 압박",World
"“이란에 선물 받았다”더니…트럼프, 최정예 공수부대 중동 투입 준비",World
"이란, 호르무즈 완전 통제권 요구…트럼프 주장 정면 반박",World
18시간內 어디든 가는 美공수부대… “이란 하르그섬 장악에 투입 검토”,World
'왜 매번 이때?' 트럼프 수상한 발표…증시 개장·마감 맞췄나,World
"""종전·확전·지연"" 세갈래로 나뉜 이란戰…기로에 선 트럼프[이란전쟁 한달]",World
전쟁에 돈을 거는 사람들: 현실판 오징어게임 '워 카지노' 논란,World
"“美 국방부, 이란에 공수부대 3000명 파병 검토 중” [美-이란 전쟁]",World
"해병대 이어 공수부대까지?…트럼프, 이란 하르그섬 장악하려는 이유 [핫이슈]",World
"""트럼프, 수상한 시점에 중대 발표""…포착된 패턴",World
트럼프 “하르그섬 점령 검토”,World
북중 하늘길 6년 만에 재개…에어차이나 평양 직항 운항 재개,World
"WSJ “트럼프, 이란 우라늄 반출 군사작전도 검토”",World
"이스라엘, 국방비 대폭 증액안 의결…야당 ""사상 최대 절도행위""",World
"“사우디 원유, 호르무즈 해협 통과 후 파키스탄으로”",World
"[속보] 中 “시진핑, 대만 국민당 주석 4월 7∼12일 방중 초청”",World
"美, 러 유조선 쿠바행 용인…트럼프 ""생존해야 하니 상관없어""(종합)",World
"파키스탄 “미·이란, 우리의 대화 촉진 중재에 신뢰 표명”",World
"트럼프 ""이란, 15개 항목 대부분 수용… 정권교체 이미 이뤄져""",World
"이란전쟁 한달, 트럼프 진퇴양난…'최악 아니면 차악' 끔찍한 기로",World
국채 금리 뛰고 주가는 하락…커지는 'S 불안'(종합),World
"日닛케이지수, 2.79% 하락 마감…'다카이치 트레이드' 상승분 반납",World
“SNS가 괴롭다” 日 Z세대 확산 ‘어텐션 디톡스’란,World
"""다음은 쿠바""…트럼프, 이란 이어 다음 표적 지목",World
트럼프 “이란과 조기 합의 가능”…‘하르그섬 점령 압박’도 병행,World
"이란, 호르무즈 '통행료 카드'…월 최대 8억달러 노린다",World
"""이란 탄도미사일 제조시설 4곳 전쟁 한달 동안 타격""",World
"'냉온탕' 트럼프에 요동치는 국제유가…""이란과 곧 합의"" 진실은?",World
"""전쟁 한 달 동안 이란 탄도 미사일 제조 시설 4곳 타격""",World
"이스라엘군, 레바논 내 ""보안구역 더욱 확대""…점령 장기화하나",World
"“첫 실전 美 신형미사일, 이란 여자배구 훈련장 강타” …‘게임 체인저’의 두 얼굴 (영상) [배틀라인]",World
"美지상군 투입? 15만 이란 정규군 배수진…미국, 또 중동 늪 빠지나",World
정부 쫓아내고 수도 차지한 '후티' 반군…이란전쟁 변수되나[글로벌키맨],World
"""이란 민간시설에 떨어진 미군 미사일, 첫 투입된 신형미사일""",World
"WP ""전쟁 한달간 이란 탄도미사일 제조시설 4곳 타격""",World
협상? 지상군 투입?…보도마다 엇갈리는 이란戰 전망,World
"이란, 전쟁통에 두배 더 벌었다…“작년보다 더 원유수출”",World
"""전쟁 한달간 이란 탄도미사일 제조시설 4곳 타격""",World
"너무 세게 맞았다, 하지만 돈은 벌었다…""이란 전쟁 자금, 아시아 깊은 곳에""",World
'평화 회담' 기대 속 공방 격화...최대 국방예산 통과,World
"쿠바 원유 공급줄 끊었던 미국, 러 제재 유조선 입항 허용",World
이란戰에 긴장하는 아프리카…지부티 미군기지 타격 가능성,World
"""조기경보통제기 깨졌죠? 러시아 위성이 찍었잖아""…잊힐까 두려운 젤렌스키의 고자질",World
"전쟁 5주째, 홍해 리스크 확산…브렌트유 115달러·亞증시 타격(종합)",World
"비싼 물가·세금 폭탄 피해 ‘탈뉴욕’… 짐 싸는 월가 거물들, 선벨트로 남하",World
"이란 배후는 러시아?…젤렌스키, 중동 파고들며 ‘군사적 밀착’ 주장하는 이유 [핫이슈]",World
"[영상] '핵시설 연쇄피격' 이란, UAE 알루미늄 생산시설 등 보복공격",World
러시아 도발? 강온 전략?…쿠바에 유조선 허용한 美 속셈은,World
"對쿠바 석유 공급 차단한 美, 러 유조선 쿠바행 용인",World
이란 전쟁에 아프리카 '긴장'…지부티 미군 기지 표적 가능성,World
미국 석유 금수에…쿠바에서 ‘카스트로 가문’이 부활했다,World
"""이란 정권 전복"" 미국·이스라엘 극비 작전… 수포로 돌아간 이유?",World
[월드 이슈] 중동 사태 한 달…미국·이란 협상 전망은?,World
"美 국방장관 “이란전쟁, 예수 이름으로” 논란",World
美 ‘하늘의 눈’ 멀게 한 이란... 러시아가 도와줬나,World
"BTS '스윔', 빌보드 '핫 100' 1위 됐다…美싱글·앨범 동시 석권",Culture
오후까지 동해안 비…경북 동해안 제주 강풍[오후날씨 꿀팁],Culture
"문체부, ‘노동자 여가 보장’ 기업·기관 찾는 ‘2026 여가친화인증’ 공모",Culture
"백종원 대표 ""잃어버린 1년 뒤 더 큰 도약…해외 시장 공략 집중""",Culture
‘휴민트’ 개봉 49일 만에 안방극장 출격…‘홀드백’ 논쟁 재점화하나,Culture
"새벽 4시엔 ""산행 가능""… 50분 뒤엔 ""입산 금지""",Culture
틈날 때마다 먹던 '이것' 위에 굳어 있었다… 30대 女 복통으로 응급실 찾은 이유는?,Culture
"황상연 한미약품 신임 대표 ""법과 상식에 입각한 경영할 것""(종합)",Culture
"[날씨] 점차 맑은 하늘, 한낮 포근…오후까지 동해안 비",Culture
[3월31일 자동차 업계 소식] 폭스바겐·렉서스 등,Culture
"[날씨] 비 그치고 갠 하늘, 한낮 따뜻...동해안 오후까지 약한 비",Culture
"정부, 공공기관 차량 ‘2부제’ 검토…5부제서 추가 강화",Culture
“아직 10대인데 혈압이 220”… 의사도 경악한 아이들 건강 실태,Culture
"부작용 겪으며 ‘이 약’ 평생 복용?…“심근경색 환자, 안정기땐 중단 가능”",Culture
중동 '충격' 맞서 에너지전환 가속화…추경서 5천억 편성,Culture
[날씨] 비 그치고 맑게 드러나는 하늘…서울 낮에 '19도',Culture
"""신의 이름으로""...헤즈볼라·후티 참전의 이면",Culture
중동발 위기에 26.2조 원 푼다…정부 '전쟁 추경' 국회 제출,Culture
"장에 좋은 ‘이 음식’, 심장에는 해롭다는데… 뭐야?",Culture
"재택근무 주 1회만 해도 출산 0.32명↑…“한국, 연 1만명 더 낳는다”",Culture
[오후날씨 꿀팁] 오후까지 동해안 비…경북 동해안 제주 강풍,Culture
"남은 음식, '이 때' 지나 냉장고 넣거나 먹으면 세균 '바글바글' [헬스+]",Culture
검찰 신뢰도 4년째 감소…지난해는 5년 만에 30%대로 추락,Culture
대통령도 아닌데 영부인 동상이 세워진 이유,Culture
“고혈압 물럿거라”…‘이 식단’ 잘 지키면 심혈관질환 위험 ‘뚝’,Culture
"한국형 핵융합로 핵심 소재, 佛 산업기술기준 공식 등재",Culture
늙지 않는 '슈퍼에이저'의 비밀…과학이 노화 거스를 수 있을까,Culture
"존슨앤드존슨 심장 펌프, 관상동맥 연구 2건서 유효성 증명 실패",Culture
"“아침 공복에 꼭 마셔라”… 의사 추천한 ‘이것’, 뭐지?",Culture
"[날씨] 오후까지 동해안 비, 쌀쌀…곳곳 강풍 주의",Culture
"폭스바겐코리아, 전국 시승 행사…“아틀라스 등 전 모델 체험”",Culture
포티투닷 대표가 콕 집은 'VLA'…지능형 자율주행 속도 낸다,Culture
"돌직구 직소폭포, 로맨틱 채석강… 춘흥 깃든 변산반도",Culture
“고기는 좋아하지만 당뇨가 걱정된다면”…적게 먹는 것보다 ‘바꿔 먹기’가 답,Culture
"홍서범·조갑경 전 며느리 ""방관하더니 여론 들끓자 양육비 지급..."" 분통",Culture
“단 열흘”…2년 만에 개방하는 ‘진달래꽃’ 명소 어디?,Culture
“왜 한국?”스위스 항공이 A350 첫 투입지로 서울 택한 이유 [항공+],Culture
"[단독] 한국GM, 4개 브랜드로 내수 반등…올해 1.7만대 판매 목표",Culture
"뷔, 파스타에 '이 소스' 넣는다는데… 통풍 환자는 주의해야?",Culture
"라인업 다변화한 BMW 7시리즈, 올해 수입 대형 세단 판매 1위",Culture
"""프로선수의 의료 노하우, 일반 환자 치료로""…서울부민병원의 '퍼포먼스 의료'[명의열전]",Culture
"28kg 감량하더니… 풍자, ‘간장게장’ 두고 보인 반응은?",Culture
진통제 먹어도 안 낫는 두통… 사실은 ‘이곳’ 문제일 수도,Culture
"[으라車車]현대차 차주들, 뜨거운 감자된 '포켓몬'",Culture
"테슬라 FSD 무단 활성화 '불법'…국토부 ""2년 이하 징역""",Culture
"[반려동물 건강칼럼] 강아지·고양이 유선종양, 그냥 넘기지 마세요",Culture
"“연고는 6개월, 가루약도 6개월”…약사들이 절대 안 먹는 ‘이것’ [알쓸톡]",Culture
‘단짠’ 포기 못하는 당신…오늘이 ‘삼삼한 데이’라는 것을 아셨나요?,Culture
‘이 과일’ 먹는 것만으로도 골밀도 유지… 뭐야?,Culture
"""잘못된 식습관으로 인한 심장병 사망 연간 406만 명""",Culture
"“감옥 안가려면 돈내라는 협박인가”...응급의사회, 의료분쟁법 개정안 비판",Culture
“비만인에게 희소식” 어쩌면 정상 체중일 수도…,Culture
"이영도 '눈물을 마시는 새', 佛 최고 SF 문학상 최종후보 선정",Culture
"초코에 빠진 새우, 마라맛 요거트…만우절 '괴식' 쏟아진다",Culture
"'한미약품 4자연합' 라데팡스 김남규 대표, 한미사이언스 이사회 진입",Culture
글로벌 여행플랫폼이 선정한 가성비 여행지 1위 도시 어디,Culture
"""지방간이 심장 혈관까지 막는다…심근경색 위험 높여""",Culture
"성시경, 광어 60만원어치 먹고 10kg 뺐다",Culture
"“위·혈압 건강에 좋아” 박준금, 생수 대신 ‘이 물’ 마시던데… 뭘까?",Culture
"가슴 통증 심해도 ""체했다"" ""답답하다""고… 고령자 응급 신호의 함정",Culture
"심근경색 치료 후 베타차단제, 평생 복용해야 할까?",Culture
"中 지커, 한국 데뷔작은 '7X'…볼륨 시장 정면 승부",Culture
홍서범·조갑경 부부 前며느리 “여론 난리 나니까 양육비 주겠다 서면 연락”,Culture
“사수 입냄새 때문에 숨도 못 쉬겠다”...봄철에 특히 심해지는 이유가 [헬시타임],Culture
관절염 진행 속도… ‘여기’ 보면 안다,Culture
한강 '작별하지 않는다' 역주행…판매량 최대 17.8배 급증,Culture
전자레인지에 돌리면 영양소 다 파괴?...오히려 ‘이런 영양 물질’은 더 잘 보존돼,Culture
"""진짜 살 빼야겠네"" 이유 또 생겼다...간에 낀 지방, 심장혈관 막는다",Culture
'100% 낙찰' 홍콩 아트위크의 이면…회복보다 짙어진 '선별 매수',Culture
전자담배만으로도 암 위험↑…일반담배와 함께 쓰면 4배로 ‘껑충’,Culture
"""외국인 이렇게 많아?""…'SNS 성지'로 뜨더니 관광객 몰려드는 곳 [현장+]",Culture
[약손+] 암보다 무섭다 ‘치매’ 바로 알기 ④치매 종류와 위험 요인,Culture
"심장질환의 천적 ‘콜레스테롤’, 날씬하다고 안심 못 해",Culture
"봄철에 커피와 술 줄여야 하는 이유 ""입냄새 심해질 수 있어요""",Culture
'이러다 다시 2천원' 서울 평균 휘발유 서울 1천942원,Culture
[930 날씨] 오후까지 강원 영동·경북 동해안 비…강풍 주의,Culture
"“러닝 열풍 맞아?”…국민 5명 중 1명, 한 달에 한 번도 안 움직인다 [헬시타임]",Culture
춘곤증에 커피만 찾았다간…“의외의 식품에도 카페인 있다”,Culture
"도심과 자연을 잇는 조망의 명산, 검단산 [두시기행문]",Culture
사랑했던 여인을 타락한 마돈나로... 예술가 뭉크의 복수,Culture
"""자꾸 소리 내지 마"" 혼만 냈다간...새 친구 만나고 산만해진 아이, 이 장애?",Culture
북미·유럽서 수상 릴레이…기아 고성능 'EV9 GT' 글로벌 호평,Culture
6·25 참전한 '탑건 사령관'…배우 제임스 톨칸 별세,Culture
"티켓값 다양화 시대 해법…영진위, 관객수→매출액으로 흥행 지표 손질 [D:영화 뷰]",Culture
유월절 딱딱한 빵 ‘무교병’ 와신상담의 밥상… 부활절 알록달록 ‘달걀’ 고난 끝마치는 상징[정주영이 만난 ‘세상의 식탁’],Culture
"[단독] 국립오페라단, 경력 불분명한 조연출에 이례적 '고액 보수'",Culture
"마스오토, 3일만에 3379km 자율주행 완주…세계 최장 기록",Culture
춘절에도 못 살린 면세업…외국인 소비 둔화 ‘직격’,Culture
장기기증 후 세상 떠난 故김창민 감독…알고보니 폭행 피해로 뇌사,Culture
내일 포근하지만 미세먼지 '나쁨'…제주·동쪽 지역 비 소식,Culture
[날씨] 오전까지 전국 비…영남 해안·제주 강풍 주의,Culture
"건강하게 생활하려면...운동, 걷기만으로 충분할까?",Culture
"평안 감사로 발탁된 신하, 영조에 반기 든 까닭은 [조선생활실록(實LOG) ④]",Culture
“췌장암 치료 점점 발전 중… 몸의 변화 알아차리고 빠르게 검사를”[아미랑],Culture
'멸공'이란 말이 곳곳에서 활개 치고 있다,Culture
이란전쟁 전에도…기독교-이슬람은 1400년간 크게 8번 싸웠다,Culture
고려 여인부터 근대 직장여성까지…행간에 숨겨진 여성의 목소리,Culture
우주가 AI·예술과 만나면? 세계적 아티스트 작품 4월 2일에 만나요 [취재파일],Culture
"""AI는 아주 잘 드는 칼, 잘못 휘두르면 자멸""… 물리학자 사제의 경고 [문화人터뷰]",Culture
"한국타이어 초고성능 '벤투스', 獨 전문지 테스트서 단독 1위",Culture
아이에게 미안할 때 무너지는 엄마들,Culture
"겹겹이 쌓인 시간의 미학, 김낙영 셰프가 전수하는 정통 볼로냐식 라자냐 [쿠킹]",Culture
"기아 EV9, 獨 전기차 평가 볼보 제치고 1위…美·유럽서 잇단 수상",Culture
"엄청난 규모의 동백숲, 원없이 보았네 동백꽃",Culture
"셀트리온, ‘옴리클로’ 앞세워 중남미 시장 공략...브라질 론칭 행사 성료",Culture
[오늘의 운세] 2026년 3월 31일 띠별 운세,Culture
"유명 영화 번역가 황석희, 과거 3차례 성범죄 의혹",Culture
"‘육지 사위’ 최휘영 장관, 제주서 관광 비전 제시..처가 고을 도민들 환호",Culture
[날씨] 전국 흐리고 오전까지 봄비…평년 기온 웃돌아,Culture
“하루 몇 분만 숨차게 움직여라!”…8가지 질환 위험 낮춘다,Culture
"""소변이 계속 나와""…67세女, 몸 속에 방치된 '물질' 뭐길래 [헬스톡]",Culture
"일본 최고봉, 온천, 해안선 절경이 '한 묶음' [세계의 국립공원 후지-하코네-이즈]",Culture
[출근길 날씨] 오전까지 전국 대부분 비…영남 동해안 강풍,Culture
"""출근길 우산 챙기세요""…봄비 내리다 오전에 그쳐 [날씨]",Culture
법무부 부인에도…리조트냐 난리난 女 교도소 조감도,Culture
"“우산 챙기세요” 전국 적시는 봄비, 오전쯤 대부분 그쳐… 미세먼지 습격 [오늘날씨]",Culture
봄비 내리다 오전에 그쳐…낮 최고 21도 ‘따뜻’,Culture
"돈가스 4000원·김치찌개 3000원… 고물가 시대, '거지맵' 인기",Culture
호텔 프러포즈부터 '추가금 지옥'까지…소비경쟁시대의 'K-웨딩',Culture
"[단독]""2만3000원짜리 팔면 1000원 남는다""…뿔난 치킨집 사장님, 원가 첫 '폭로'",Culture
"“6주만 해도 약물 치료보다 낫다”… 고혈압에 좋은 ‘이 운동’, 뭘까?",Culture
"“체내 염증 줄어들어” 소화기내과 교수, 매일 아침 ‘이것’ 먹는다",Culture
“휴대폰 열어라”…홍콩 보안법 강화에 여행 수요 ‘위축’ 우려,Culture
"또래보다 발달 더딘 아이, 애태웠는데…실마리 풀었다[헬시타임]",Culture
[단독]中 불닭 인지도 꺾은 농심…'한강 라면' 앞세워 보폭 넓힌다,Culture
갑자기 극심한 가슴·등 통증 나타나면 즉시 응급실로,Culture
대사증후군 부르는 '혈관 깡패' 잡는다...하루 2잔의 여유,Culture
'가성비'가 연 전기차 대중화…이제는 '프리미엄' 시대 열린다,Culture
아틀라스부터 새만금까지…정의선 현대차 회장 리더십 해부했다,Culture
[출근길 YTN 날씨 3/31] 오전까지 전국 곳곳 봄비...해안가 중심 강한 바람,Culture
[날씨] 전국 출근길 '봄비'…서울 19도·광주 21도,Culture
"""예약금 전액 환불합니다""…눈길 끌던 '소니 카'에 무슨 일이 [이슈+]",Culture
봄비 내리다 오전에 그쳐…낮 최고 21도 '따뜻'(종합),Culture
'직장인들 보약이 따로 없네'…3월말 꼭 먹어야 할 제철음식 [건강!톡],Culture
[날씨클릭] 오전까지 전국 봄비…해안가 강풍 주의,Culture
나이 들면 아침잠 사라지는 이유,Culture
"“소변이 자꾸 샌다” 67세女, 몸 속에 방치된 ‘이 이물질’ 때문?",Culture
[오늘의 운세] 2026년 3월 31일 별자리 운세,Culture
인천공항 앞 ‘AI 테마파크’ 띄운다,Culture
"빵에 ‘이것’ 발라 먹는 습관, 중년 이후부턴 더 위험",Culture
"희귀질환 진단 사업 의심환자 35.2% 양성, 조기 발견…지원 확대",Culture
삼성바이오로직스 美법인 '사상 최대 이익'…글로벌 확장 성과 가시화,Culture
"‘86세’ 사미자, 지팡이 보행 근황…노인 낙상 왜 위험한가",Culture
[날씨] 오전 비 대부분 그쳐…해안가 중심 강한 바람,Culture
[함영준의 마음PT] 위고비가 못 고치는 ‘가짜 배고픔’의 정체,Culture
“하루 한 숟갈로 끝”… 뱃살 쏙 빼주고 혈관 살리는 ‘수퍼푸드’,Culture
"번역가 황석희 성범죄 보도에 ""변호사 검토 중""",Culture
초미세먼지에 브로콜리·생강차 효과 있을까?…'설포라판·진저롤'의 비밀 [FOOD+],Culture
[단독] 조카 단종엔 피눈물도 없었지만…런던서 찾은 세조의 ‘부성애’,Culture
"몸 생각해 마셨는데 ‘혈당 스파이크’…1930만명 영향권, ‘공복 유산균’의 반전",Culture
“굶어도 안 빠지던 뱃살”… 50대 이후 효과 보는 ‘아침 식단’,Culture
“이론용 설계 아니다” 43세때 첫 건물 구현… ‘DDP’ 건축가 자하 하디드,Culture
“2번 맞으면 치매 위험 확 준다” 이 피부 주사의 놀라운 효과,Culture
“더 쇼킹한 음식 없나요”… 두쫀쿠 석달-버터떡 열흘만에 시들,Culture
'왕사남'은 어떻게 1500만 관객을 울렸을까,Culture
물에 ‘이것’ 한 숟가락 타 마시면… 묵은 변 쏙 빠진다,Culture
"[오늘 날씨]전국 대부분 지역 봄비…""출근길 우산 챙기세요""",Culture
"“설탕보다 위험”… 의사가 꼽은 ‘혈당 폭발 음식’, 대체 뭐야?",Culture
[역경의 열매] 이종근 (17) “왜 저기만 손님 많아” 시샘에 “예수 믿으세요” 큰소리,Culture
[오늘의 설교] 선악을 알게 하는 나무의 열매는 먹지 말라,Culture
"“대변에서 꿈틀꿈틀”… 40대 女, ‘이것’ 만졌다가 기생충 감염",Culture
"[오늘 날씨] 벚꽃 떨어질라… 전국 곳곳 새벽 봄비, 낮 최고 12~21도",Culture
병원서 ‘프로포폴’ 과다 투여… 내시경 받다가 혼수상태 빠진 60대 女,Culture
"650만명 몰린 국립중앙박물관, 내년부터 유료화…""1만원도 낼 수 있다""",Culture
‘영화판 두쫀쿠’ 된 ‘왕사남’… 역사물·가족·연민 통했다,Culture
"데뷔 70년, 올해 80세… “내 피아노에 은퇴는 없다”",Culture
평생 렌즈로 포착한… 시대를 앞서간 미친 여인들,Culture
이틀에 한 번 공기질 나쁨…비 오고 또 국외 먼지,Culture
자기 전 했던 ‘이 행동’ 하나로 심장은 망가지는 중,Culture
쓴 약 대신 콧속에 칙칙… 보다 안전한 새 소아 진정법 주목,Culture
담도·자궁내막·유방암… NGS 검사가 암 치료 지형 바꾼다,Culture
[특별기고] 이제 막연한 공포가 아닌 ‘암’… 생활습관 개선에 좌우된다,Culture
"소아용 칫솔, 헷갈릴 땐 한단계 작은 쪽 고르는 편이 무난",Culture
"'낮 최고 21도' 전국 오전까지 비…일교차 10도↑, 주의해야 할 질환은? [오늘 날씨]",Culture
왜 주인공은 괴물이 됐냐고? 그 질문이 틀렸다,Culture
"미군의 이란초교 오폭, 인도적 차원서 비중있게 다뤘어야",Culture
[라인W 날씨] 내일 오전까지 전국 비…제주·해안가에 강풍,Culture
[류호정의 톱밥 먹는 중입니다] [18] 가구 배달하다 ‘불법 주정차’를 하고,Culture
낮엔 설레고 밤엔 취한다…1100그루 왕벚나무가 빚은 '잠실의 봄',Culture
[날씨] 내일 오전까지 전국 비…남해안 최대 60㎜ 이상,Culture
“전기료 아끼려다 세균 폭탄 맞을라”…찬물로 빨면 ‘변기보다 더러운’ 물건들 [헬시타임],Culture
"""인파 쏠렸지만 쓴 돈은""...BTS 컴백 광화문 결제액 보니",Culture
'사제들의 스승' 정하권 몬시뇰 선종,Culture
'사제들의 아버지' 정하권 몬시뇰 선종…향년 99세,Culture
“유통기한 지난 ‘이 약’ 당장 버리세요”…감염 일으키고 실명 위험까지,Culture
“달걀과 ‘이것’ 함께 먹으면 몸에 돌 생긴다”… 정말 사실일까?,Culture
먹으면 졸음 쏟아지는 수면 유도 음식 6가지,Culture
30대 후반 되니 뭘 해도 피곤하다… 이유 대체 뭐야?,Culture
[뉴스9 날씨] 내일 오전까지 전국 비…제주·해안가에 강풍,Culture
[날씨] 내일 오전까지 전국 봄비…해안가 강풍 주의,Culture
[이슈날씨] 밤사이 전국 봄비…내일도 대체로 따뜻,Culture
바람만 스쳐도 ‘욱씬’… 치맥 잦으면 관절에 요산 쌓여요,Culture
‘사제들의 스승’ 정하권 몬시뇰 선종…고 김수환 추기경의 ‘동기 사제’,Culture
‘14kg 감량’ 김현숙 “‘이 음식’으로 갱년기 뱃살 막아”…맛도 좋다고?,Culture
[날씨/XR] 3월 마지막 날 '봄비' 흠뻑…낮 20도 안팎,Culture
“코로나때보다 힘들줄은 몰랐습니다”…서울 음식점 줄폐업·매출 뚝,Culture
86세 사미자 지팡이 짚고 절뚝… “낙상사고로 보행 어려워”,Culture
남은 치킨 내일 먹는다고?…“이렇게 뒀다간 식중독” 전문가 경고,Culture
"[날씨] 3월 막바지, 전국 봄비…해안가 강풍 더해져",Culture
“간 망가뜨릴 수도”… ‘다이어트 필수품’의 배신,Culture
"""화장실 너무 자주 간다면"" 범인은 오늘 점심에 먹은 이 음식?",Culture
[날씨] 제주 내일 새벽까지 비…돌풍·천둥·번개 동반,Culture
[퇴근길 날씨] 내일 오전까지 전국에 ‘봄비’…비바람 주의,Culture
"""유아차 끌고 러닝해요""…육아·일상 함께하는 맞벌이 부부에 인기 [현장+]",Culture
[날씨] 밤사이 전국 봄비...내일도 대체로 따뜻,Culture
‘헤일메리’ 번역가 황석희 성범죄 논란…극장까지 영향 주나,Culture
"혈당 자꾸 치솟는데 “이 보충제, 즙으로 관리”…혈당 스파이크에 변화가?",Culture
[진료실에서] 의사의 ‘최선’이 항상 정답은 아니다…마지막 결정은 환자·가족 몫,Culture
무릎 지키려면 적정체중 유지하고 허벅지 앞 근육 키워라,Culture
"“살 빠지는 음식” 16kg 감량 한혜연, ‘이 음식’ 잔뜩 먹던데… 뭐지?",Culture
"무심코 싱크대서 씻은 생닭, 온 집안에 '식중독균' 퍼뜨린다?",Culture
"“바짝 마르는 입안, 이유 없는 혀 통증”…폐경기 여성의 구강 경고음",Culture
[날씨] 내일 오전까지 전국 비…해안가 강한 바람,Culture
"세계섬박람회의 해, 섬에어 떴다. 김포-사천 노선 이륙",Culture
3월 마지막 날 오전까지 봄비…미세먼지 씻고 포근(종합),Culture
화요일 오전까지 전국 봄비…강원 동해안은 오후까지 이어져,Culture
"'이 음료' 유혹에 절대 안 넘어가… 장윤주, 완벽 몸매 관리 비결일까?",Culture
외국인 10명 중 3명 ‘한류 비호감’... 원인은 다양성 몰이해·비윤리 유명인,Culture
"""담배 끊었는데 이게 무슨 일""...파킨슨병 위험 더 높다?",Culture
"갑자기 극심한 건망증 70대女, 알고 보니 치매 아니라 뜻밖의 ‘이 병’?",Culture
세탁했는데도 냄새…‘이 한 컵’이면 해결[할머니의 꿀팁],Culture
"백내장 재수술 ""인공수정체 탈구, 공막고정술로 시력 회복""",Culture
"추성훈 '간헐적 단식', 노화 빨라진다…전문가 '세 끼 식사'의 중요성",Culture
"""단백질 바, 식사 대용으론 위험""…차정원도 즐긴다지만 '이것' 주의해야",Culture
"K뷰티 ""쑥쑥 크는 선케어 잡아라""",Culture
유명작품마다 문전성시…붉게 달아오른 홍콩,Culture
"""SK하닉 뛰어넘는 성과급"" 제안도 뿌리친 삼성 노조 논란",Culture
“사줄 형편이 안 돼”…아이에게 ‘돈 얘기’ 어디까지 해야 할까,Culture
[날씨] 내일 오전까지 전국 봄비…강한 비바람 주의,Culture
[퇴근길 날씨] 내일 오전까지 전국에 ‘봄비’…해안가·제주 강풍,Culture
"관절 영양제 ‘콘드로이친’, 제품마다 효과 천차만별… 이유는?",Culture
"에이비엘바이오, 네옥 바이오에 380억 추가 투입… ADC 임상 가속화",Culture
"""원인 몰랐던 소아 신경발달장애"" 비암호화 유전자 변이로 풀렸다",Culture
"국립중앙박물관, 19년만에 유료화 전환…""내년부터 입장료 받는다""",Culture
"김종철 방미통위원장 “청소년 SNS 규제, 연령별·단계적 접근 필요”",Culture
"한 방에서 옹기종기, 초보 농사꾼 부부와 함께 자라는 것",Culture
엄마 따라 '간호사의 길'을 가겠다는 아들을 보며,Culture
한방의료계 반발에…車사고 보험환자 ‘8주룰’ 도입 지연,Culture
"“몸매 비결일까” 장윤주가 먹는 ‘이 음식’, 근손실 막는다",Culture
"원자재 대란·물류비 폭탄에 차량 5부제까지… 車 업계, 겹악재에 신음",Culture
"지선 앞두고 쏟아지는 '의료공약'에…""표심잡이 공약 남발"" 의료계 비판",Culture
"빨라진 봄꽃 시계, 이젠 '3월 벚꽃'이 뉴노멀…이번 주 만개할 듯",Culture
[날씨] 밤사이 전국 봄비 확대…제주 산지 호우 주의보,Culture
"4만원 숙소, 14만원까지 뛰었다...""벚꽃 뷰 즐기자"" 방 잡기 전쟁",Culture
"'한강의 기적'에 서점 매출 4배 껑충…""상 받으면 책이 팔린다""",Culture
"“아침에 한 스푼 꼭 먹어” 솔라, 체중 관리 돕는 ‘이것’ 먹던데… 뭐지?",Culture
제주의 또 다른 매력... '봄날의 선물'을 건네준 우도,Culture
비(非) 언어가 재료입니다…뉴욕의 '유일한' 김밥집 [유지혜의 우연한 뉴욕],Culture
“인스턴트 먹다 19살에 고혈압” 의사 놀란 요즘 젊은층 건강 상태,Culture
탈모 예방 '베스트셀러' 검은콩의 진실,Culture
자녀가 ‘우울 불안’ 겪는다면… “‘이것’ 사용시간 점검해야” 뭘까?,Culture
"쫄깃한 쭈꾸미와 대저토마토 만남, 결과는 대성공입니다",Culture
"'스타 번역가' 황석희, 성범죄 의혹 파장… SNS 글만 남기고 ‘침묵’",Culture
"""200억 기부하고도 욕먹네""..김장훈, 궁핍한 월세살이 해명",Culture
"껍질 벗기는 순간부터 조직 손상… 마늘, ‘이럴 땐’ 버려라",Culture
"[생각해봅시다]안락사와 돌봄, 무엇이 존엄한 삶 만드나요",Culture
"'中 내수 포화' BYD, 해외 광폭행보…韓 공습도 가속",Culture
"두쫀쿠 석달, 봄동 비빔밥 한달…먹거리 유행 ‘초단기화’ 이유는?",Culture
"""경기 남부지역 진료 걱정 끝"" 9년 뒤 문 여는 '동탄고대병원', 청사진은",Culture
“신장 이식했더니 빈혈까지 좋아져”…학계도 놀랐다,Culture
“입맛 잃은 위고비 이용자 잡아라”…美 ‘GLP-1 친화 식품’ 인기,Culture
"길거리 흡연 중학생, 명현만 훈계에…욕설에 신고 '적반하장'",Culture
PA 200명 투입 한양대병원… 업무 가중에 ‘노조 투쟁’ 예고,Culture
"[기고] 진화론은 왜 허구인가, 성경적(영적)으로 본 진화론 3<36>",Culture
"""아침 거르면 오히려 독 된다""⋯'이렇게' 먹어야 지방·혈당 잡는 '완벽한 식사'",Culture
금연하면 파킨슨병 위험 더 높다? 오히려 전조증상 때문에 진단 전 담배 끊었을 가능성 높아,Culture
살 안 쪘는데 배만 볼록? 증상 없다고 방심하다간…[헬시타임],Culture
여든 살의 백건우…“음악 세계 넓은데 인생 너무 짧아”,Culture
치매는 기억력 질환?…로빈 윌리엄스·브루스 윌리스가 보여준 ‘다른 시작’[노화설계],Culture
"80세 백건우 ""인생 너무 짧아…이제부턴 자유롭게 음악 즐길 것""(종합)",Culture
모터쇼가 변했다...미래 기술 과시서 판매 경쟁 무대로,Culture
[내일 날씨] 전국 대체로 흐려…새벽 대부분 지역 비 내려,Culture
48시간이면 충분…홍콩 ‘주말 여행지’ 급부상,Culture
동탄에 ‘미래병원’ 짓는 고려대의료원… “수도권 남부 의료지형 바뀔 것”,Culture
"“매일 운동하는데 별로 안 건강해져” 중년의 운동, 핵심은?",Culture
"고려대 제4병원, ""동탄 넘어 수도권 남부 의료지형 바꾼다""",Culture
장수 1위 일본의 반전…“정답은 생선이 아니었다” [노화설계],Culture
"“서울 원정진료 없게” 고려대, 동탄에 ‘AI 에이전틱 병원’ 세운다",Culture
"김태리, 슬림한 체형 비결?… “아침 3가지 조합”, 혈당 안정 최고?",Culture
"금, 은값 변동에...가격 올리고 대체소재 찾는 주얼리 업체들",Culture
라면보다 메밀국수…밀가루 면보다 영양 균형 좋아,Culture
"70대 거장부터 2030대 스타까지…올봄 클래식, 피아노로 물든다",Culture
[날씨] 서울 벚꽃 평년보다 열흘 일찍 개화…전국 봄비,Culture
"데뷔 70주년, 80세 생일 맞은 백건우 “음악인에게 은퇴 의미 없어”",Culture
산부인과 전문의 개설 의원 중 분만하는 병원은 겨우 7%...인프라 붕괴 현실화,Culture
"노사갈등에 현대차 캐스퍼 출고 하세월…BYD, 틈새 파고든다",Culture
[시니어그룹] 인공지능(AI)에도 끄떡없는 직업은?,Culture
"모형으로 만든 청계천 오간수문, 왜 내가 부끄러운 건지",Culture
음악인생 70주년 맞은 백건우 “은퇴란 의미 없다”,Culture
'왕사남'이 달군 역사물 신드롬 '내 이름은'으로 번진다,Culture
"전세계 2만명에 물었더니 10명 중 7명 ""한국 좋아""…1위 스타는 BTS",Culture
"“백내장 검사가 200만 원? 말이 돼?”...들쑥날쑥 비급여, 국민 의견 듣는다 [헬시타임]",Culture
“하루 한 대씩 35년간 팔다보니”…7000대 넘긴 현대차 판매거장의 비결,Culture
"“피부 비결 이거였나” 지수, 365일 ‘이것’ 바른다는데… 뭐지?",Culture
BTS·오겜에 빠진 외국인들…10명 중 7명 “한류 좋아요”,Culture
"중동전쟁 '한달' 제약·바이오 고심…""원자재 수급 불안·증시 우려""",Culture
"이정현, 김밥에 ‘이것’ 듬뿍 넣던데… “염증 없애준다”",Culture
"재미 뒤에 숨은 ‘경고’…‘베팅 온 팩트’, 가짜뉴스 시대의 새 예능",Culture
나시족의 성지와 고향에 가다,Culture
"""재산도 외모도 아니었다"" 예순에 비로소 깨달은 3가지",Culture
아플 때마다 '아는 의사' 찾는 현실... '내 주치의'는 노후 준비에 필수,Culture
"""정상 체중이라도 안심은 금물""…복부비만이면 고요산혈증 위험↑",Culture
동맥경화 있을 때 LDL 콜레스테롤 더 적극적으로 낮추면··· 사망·심근경색 위험 30% 줄어,Culture
기억력은 멀쩡한데…‘시각 치매’ ‘낙상 치매’ 먼저 온다,Culture
끊어졌던 한양도성길 하나로 연결한다[서울25],Culture
[오후날씨 꿀팁] 점차 전국에 ‘비’…내일 오전에 그쳐요,Culture
“암보다 무서워” 26년차 의사가 경고한 ‘이 병’… 뭐지?,Culture
"밤마다 '이 행동' 했더니⋯안구 건조·망막 손상·백내장, 눈 건강 무너졌다",Culture
LDL 콜레스테롤 기존 기준보다 낮게 유지하니...심혈관 질환 발생 30%↓,Culture
"당뇨 고위험군, 강력한 콜레스테롤 약 쓰면 첫 심장마비·뇌졸중 31% 줄어",Culture
"대장암 이렇게 많아 “또, 3만 2610명”… 항문 절제 위험 있는 직장암은?",Culture
“하루 30분 빠르게 걸어보세요”…젊은여성 몸 속 ‘항암’ 물질 쑥,Culture
아흔 할아버지 일기 보며 구상...김진표가 ‘악필 대회’ 여는 이유 [비크닉],Culture
버스 타려고 뛰어도 운동이 될까?…'단 몇 분' 격렬한 활동이 당뇨병·심혈관에 미치는 영향 [수민이가 궁금해요],Culture
"현대차그룹, 美 IIHS '2026 최고 안전한 차' 16개 부문 석권",Culture
"팔순 생일에 연주 앞둔 백건우 ""음악세계 넓은데 인생 너무 짧아""",Culture
"“날씨보다 입맛”…한국 MZ, 일본 여행에 푹 빠진 이유 [트렌디깅]",Culture
"본정통에서 성안길로, 청주가 걸어온 길",Culture
청라하늘대교 심야 ‘오토바이 소음 스트레스’ 근절되나,Culture
“휘재야 너무 감동이었다”…4년만에 복귀 이휘재 ‘단체 사진’ 눈길,Culture
‘나쁜 콜레스테롤’ 확 낮췄더니…심혈관 사건 30% 이상 줄었다,Culture
"고문 피해자로 38년 ""내가 겪은 비극의 서사가...""",Culture
“군대 동기 한번 모아볼까”…4월 ‘예비군’ 할인·무료 혜택 ‘팡팡’,Culture
[날씨] 서울 벚꽃 공식 개화…오늘~내일 전국 봄비,Culture
터보퀀트 바로 쓸 수 있나…개발 참여 KAIST 교수 “예스”,IT
"틱톡, 음악 크리에이터 키운다…라이브·공연 연계 강화",IT
"국내 클라우드 매출 9조 돌파…""AI 핵심 인프라 자리매김""",IT
"역대 최대규모 “한국에 12.6조 투자”…AWS, ‘AI 보안 자동화’ 시대 연다",IT
"LG유플러스, 광주·전남 관광데이터 통합 구축",IT
"KT, 주총서 박윤영 대표이사 선임",IT
"카카오창작재단, 대학생 서포터즈 2기 출범",IT
"더존비즈온, 공동대표 체제 출범하며 신규 경영 슬로건 공개",IT
한미사이언스 이사회 진입한 라데팡스…4자연합 균형추 되나,IT
[르포]비 오는 날 시야 흐려도 끄떡없다…강남의 밤 밝힌 카카오표 무인택시,IT
달 가는 우주선에 화장실 생겼다 [우주로 간다],IT
'꿈의 기술' 현실이 됐다…'1조7000억' 몸값 폭등한 회사,IT
"박상현 ""두산에너빌, 올해 SMR 시장 성장 한가운데 서는 원년""",IT
"갤럭시S26 전력효율, 스냅드래곤 버텼는데…엑시노스 158분 먼저 꺼졌다",IT
"[영상] ""영화 속 종말 장면?"" 호주 하늘이 새빨갛게 변했다…왜?",IT
"""에어팟 아니어도 자동 연결""…애플, 유럽 규제에 '도어락' 풀었다",IT
"""중국판 시리 벌써?""… 애플, 승인없이 AI 기능 노출됐다 '급히 회수'",IT
54년 만에 ‘인간 달 여행’…달 뒤편 찍고 온다,IT
"한화, 필리조선소 인수 이후 첫 美 해군 프로젝트 참여",IT
"구글 딥마인드 '젠캐스트', 기상예측 부정확한 이유 있었다",IT
"스타클라우드, 2500억 투자 유치…우주 데이터센터 유니콘 등극",IT
"마이크론 주가 10% 급락에 WD·샌디스크도 내리막…실적 좋은데, 왜?",IT
"애플, '바이브 코딩' 앱 제한…AI 개발 확산에 생태계 통제 강화",IT
"""냉장고와 일상 대화한다""...삼성 AI 가전, '더 똑똑해진 빅스비' 적용",IT
"""위스키 마실 건데 얼음 좀"" 삼성전자, AI 가전에 말귀 알아듣는 '빅스비' 적용",IT
1.4나노 공정 경쟁…TSMC·인텔 앞서고 삼성 추격,IT
펄어비스 '붉은사막' 고공행진…차기작 '도깨비' 기대감도↑,IT
"[게임사 AI 대전환]④ ""모든 직원에게 자비스를""…네오위즈의 승부수",IT
"""노트북, 신형보다 구형 살래요""…이커머스, 신학기 특수 ‘실종’",IT
"레인보우로보틱스, 두 번째 양팔로봇 꺼낸다",IT
몸값 3.4조원 기록한 리벨리온… 상장 전 6400억원 유치,IT
[Q&A] 반도체주 급락의 주인공…한인 교수가 만든 ‘터보퀀트’,IT
"미스트랄AI, 자체 AI데이터센터 짓는다[글로벌AI브리핑]",IT
"[미장브리핑] 에너지 이어 알루미늄값도 '들썩'…파월 ""인플레 안정적 유지""",IT
"""아이폰18 프로 다이내믹 아일랜드, 35% 작아진다""",IT
"유전자가위 특허전, 브로드와 양자 구도로 압축…툴젠 수익화 시점 임박",IT
"비트마인, 약세장 속 이더리움 7만개 매입…올해 최대 규모",IT
"엔지켐, 대여금 문제로 감사 '의견 거절'…""전액 회수, 내부통제 강화할 것""",IT
[1분건강] 시력 위협하는 증식성 '당뇨망막병증',IT
"""운전 어디서 배웠니"" 불안제로·멀미제로…카카오 자율주행차로 누빈 강남의 밤[시승기]",IT
임상 데이터와 특허 분쟁 해결 기대감…이뮨온시아·툴젠 동반↑[바이오맥짚기],IT
"[사이언스샷] 돼지 정액으로 만든 안약, 망막암 치료 길 열어",IT
"TSMC, 작년 '파운드리 2.0' 점유율 38%…삼성전자 4%",IT
중동 전쟁 우려에 코스피 3% 급락…5000선 위협,IT
창업기업 고용 12년 만에 감소…매출은 20% 급증,IT
"“규정도, 표준도 없는 전자지갑…이대로면 원화스테이블코인도 갈라파고스”",IT
"""로봇도 풀스택으로"" 삼성SDS, 피지컬AI 확대 나서",IT
"딥테크 밸리 주도하고, 테스트베드 구축···KAIST '피지컬AI' 시대 연다",IT
"양자 기술 기업들, 불안한 시장 속에서도 잇따라 IPO 도전",IT
AI 회의록 수익 본격화…클로바노트 유료 고객 40% 증가,IT
"아이폰 폴드, '접는폰' 시장 판 키운다…삼성·화웨이와 3강 구도",IT
"삼성전자, ‘엑시노스 부활’ 프로젝트 난제 봉착… “성능 개선했지만 전력 효율이 발목”",IT
"대동, 창사 이래 최대 매출… 올해 AI 전환 시험대",IT
목표물 탐지부터 군 통신까지…현대戰 승패 가르는 ‘우주 인프라 기술’,IT
챗GPT·제미나이에 백기 든 애플…아이폰 '플랫폼 허브' 전략 먹힐까,IT
윤승현號 1년 웅진씽크빅…냉혹한 성적표보다 우려되는 건,IT
"KT, '인적 쇄신' 카운트다운…박윤영표 물갈이에 임원들 짐싼다",IT
"[사이테크+] ""노화 따른 근육약화 원인은 미토콘드리아…운동으로 회복 가능""",IT
"韓 AI기업 리벨리온, 기업가치 3조5000억 인정 6000억 투자 유치… 美시장 진출 추진",IT
AI 판 흔든 터보퀀트… 유일한 한국인 과학자는 카이스트 교수,IT
불법웹툰 대응 '묘수' 찾았다,IT
"""올해 미국 데스크톱·노트북 출하 13% 감소 전망""",IT
"삼성전자 노조, 파업 참여율 공개하기로 해 논란",IT
“AI가 우리 회사의 엔지니어… 사람은 관리자 역할에 그쳐”,IT
"잘못된 식단에 연 406만명 사망, 상실한 건강 수명은 9684만년",IT
"프로이천 ""애플과 협력관계 수립해 선행제품 개발 중""",IT
"“1년 내내 최악의 날씨” 우리가 알던 ‘한국’ 아니다…결국, 충격 전망까지 [지구, 뭐래?]",IT
"‘디지털 주권회복 시민위원회’ 공식 출범…“빅 게임사, 구글·애플 30% 인앱결제 수수료 환수 앞장서야”",IT
‘구독자 500명’ 유튜버도 쇼핑 제휴로 돈 번다,IT
"[기고]왕과 사는 남자, 개발자와 사는 AI 에이전트: 엔터프라이즈 AI 관점에서 본 에이전트의 본질과 과제",IT
"“이건 진짜 너무 심했다” 역대급 터지더니 ‘돌변’…넷플릭스, 3000원 인상",IT
메모리 기업 주식 뒤흔든 ‘터보퀀트 쇼크’…한인수 KAIST 교수 “AI 모델에 적용 가능할 것”,IT
[이슈브리핑] SMR 유치전 본격화 외,IT
"말 많던 ‘토탈영업TF’ 접고 3대 부문 배치…KT, 2500명 다시 흡수",IT
"국산 AI안경 2종 무신사서 판매...""하루 종일 착용 가능""",IT
중동발 플라스틱 원료 대란…‘대체 플라스틱’ 각광,IT
"주총 선임 나흘 만에 사퇴설…KT스카이라이프, '리더십 공백' 생기나",IT
"4배 비싼 값 주고 이통시장 뛰어든 SK, 경쟁구도 만들어 [K 통신 경쟁 42년, K-AI기업으로]",IT
"""가입자 경쟁 넘어 AI대전환""…'인프라·플랫폼·서비스'로 승부 [K 통신 경쟁 42년, K-AI기업으로]",IT
"종근당-앱클론, 난치성 암질환 이중항체 치료제 공동개발",IT
"터보퀀트 충격…KAIST 교수 ""SW가 AI 판 바꿨다""",IT
엔비디아 손잡은 SKT...'피지컬 AI' 시장서도 '존재감',IT
전쟁·선거에 밀린 디지털자산기본법… 상반기 입법 안갯속,IT
"월드컵, 지상파서 못보나…김종철 ""방송사, 손해만 따져선 안 돼""",IT
박윤영호 KT 조직 개편 확정…B2C 통합·광역본부 7→4개 축소(종합),IT
검색 점유율 키운 AI브리핑… 카톡 AI 탑재 사용자 경험 확장,IT
"한화솔루션 해명에도 소액주주 납득 NO…""오너家 석고대죄해라""",IT
"고대의료원, 동탄 4고대병원으로 ‘미래병원’ 기준 세운다",IT
"네이버·두나무 주식 교환 일정 3개월 연기⋯8월 주총, 9월 말 종결 계획",IT
"구독자 500명 채널도 판매자로…유튜브, 쇼핑중개 문턱 또 낮춘다",IT
"사업 영역 넓혀 초격차 도전…삼성SDS, 가상자산 IT 전담팀 신설",IT
5년 후 AI 추론 비용 90% 뚝 떨어지는데…기업 청구서는 늘어난다?,IT
사이클 산업 반도체의 변신... AI호황에 ‘계약 산업’으로 진화,IT
"""AI 신기술 개발해도 현실화 산넘어산 … 다 해외로 떠날판""",IT
투자 여력없고 시스템 제각각…병원 의료AI 도입 '그림의 떡',IT
같은 메모리로 연산 속도 8배 높여 … AI 효율성 경쟁 시작됐다,IT
‘터보퀀트’ 참여한 한인수 KAIST 교수 “현재 AI 모델에 즉시 적용 가능” [팩플],IT
[단독] 수술로봇 승인 … 中 145 vs 韓 0,IT
"반도체 주가 흔든 '터보퀀트' … ""AI 메모리 병목현상 줄일것""",IT
"""콜레스테롤, 기존보다 더 낮게 관리하는 게 심혈관질환 '예방'""",IT
"경제적 가치 46조인데…KPS, 설계·검증 지연에 3년뒤 첫 발사[코어파워 KOREA]",IT
전장 뒤흔드는 ‘소리없는 교란’…AI 재밍 차단기술로 잡아낸다[코어파워 KOREA],IT
"7년차 공무원이 만든 AI 도구, 국회서 극찬… ""이것이 진짜 국가 AI 혁신""",IT
네이버파이낸셜-두나무 주식교환 일정 3개월 연기,IT
"에이비엘바이오, 美 자회사 네옥바이오에 2500만달러 추가 투자",IT
"군 특화 'AI 슈퍼컴' 만든다…국방부, GPU 실증 프로젝트 시동",IT
'박윤영號 KT' 조직 재건·AI 신사업부터 챙긴다,IT
"오픈AI, 이용자·점유율·수익성 삼중 위기…챗GPT 독주 시대 저문다",IT
대주주 지분 제한 때문?…네이버·두나무 주식교환 3개월 연기,IT
"""인간닮은 금손 만들자""… 피지컬AI 핵심 '로봇핸드' 개발 경쟁",IT
조일 KT스카이라이프 사장 선임 사흘만에 사퇴…계열사 물갈이 본격화,IT
"""본사 주소만 옮기고 혜택만 받아가"" 李 대통령 발언에 제주본사 IT 기업들 긴장",IT
대통령도 꼬집은 담합 과징금 액수...더 세질까,IT
"[주총 포커스]컴투스 남재관, 서머너즈워·야구에 신작 흥행까지 잡는다",IT
"KT스카이라이프 대표, 선임 사흘 만에 사임 ‘충격’",IT
"월드컵 중계권 협상 평행선…김종철 ""손해만 따져선 안돼, 2032년까지 공동중계 논의""",IT
"[보안리더] 문종현 지니언스 이사 ""APT 공격 8할은 북한…은밀하고 정교""",IT
"적자 속 배당 고수한 KT스카이라이프, 흑자전환으로 주주 신뢰 부응",IT
탈라면·사업 다각화 가속...‘뉴 농심’ 신상열 밑그림은,IT
"[DD퇴근길] 넥슨의 역습…""韓 오버워치, 우리가 서비스""",IT
"'자본시장법 위반 혐의' 레인보우로보틱스, 이정호 대표 등 재선임",IT
"'100일째 제자리' 김종철 방미통위원장 ""위원 선임부터 해야""(종합)",IT
"[일문일답] “방미통위 완전체 구성 속도, 1호 안건은 방송3법 후속”",IT
LG유플러스 '보안 우려' 유심 전면 무상 교체,IT
"[팽동현의 테크픽] AI가 부풀리는 편향, 기울어지는 인터넷 세상",IT
"NHN, 실적 개선에 영업현금흐름 695% 증가…자금흐름 '청신호'",IT
"AI 에이전트 업무 능력 향상되고, 클라우드 추론 비용 내려간다",IT
"53년 만의 유인 달 비행, 한국서도 본다…'안될과학' 아르테미스 II 생중계",IT
"김종철 위원장 ""청소년 SNS 금지로 과몰입 문제 해결 못해""",IT
북중미 월드컵 두 달 앞으로 다가왔는데… 김종철 방미통위원장 “방송사 공동 중계 전망 밝지 않아”,IT
"김종철 “미디어 100년 다시 설계”…방미통위, 진흥원 신설 드라이브",IT
네이버 접속해도 메일 6개월 안 쓰면 '메일함' 끊긴다,IT
"선임 다음날 ""나가라""… KT스카이라이프, 초유의 리더십 잔혹사",IT
"[주총 포커스] 씨이랩, '피지컬 AI 풀스택 기업' 퀀텀점프 본격화",IT
"월드컵도 지상파에서 못보나…방미통위 ""시청권은 공적 책임""(종합)",IT
"안랩 강석균 대표, 연임 앞두고 해외사업 '시험대'…중동은 효자?",IT
"[AI픽] 터보퀀트 충격…KAIST 교수 ""SW가 AI 판 바꿨다""",IT
글로벌 반도체 시장 뒤흔든 '터보퀀트' 뒤엔 92년생 한국인 있었다,IT
"마이크론, GDDR도 쌓는다…AI 메모리 수요 다변화 대응",IT
"[유미's 픽] ""GPU만 사오면 끝?""…정부, 1.5만장 구축 사업서 '설계 능력' 보는 까닭",IT
"역재생 속 ""흥미로운 발표""...알고 보니 '백악관 앱 홍보' [앵커리포트]",IT
"SFC, 청색 OLED 특허 지켰다...대법원, SK머티리얼즈JNC 상고 기각",IT
"김종철 방미통위원장 ""청소년 SNS 문제, 계정삭제 규제만으로 해결 못해""",IT
"韓 은퇴 과학자, ‘중국행’ 막는다…5년간 2억5천 연구비 지원",IT
넥슨은 왜 블리자드와 손잡았나…'오버워치'로 외연 넓힌다,IT
"오픈AI 투자자 ""AI로 실업우려… 소득세 없애고 자본이득세 올려야""",IT
"‘제자리걸음’ 북중미 월드컵 중계권 논란, 핵심은 ‘디지털재판매’",IT
"'터보퀀트' 참여한 카이스트 교수 ""터보퀀트와 메모리는 함께 가는 기술""",IT
플랫폼 판 흔드는 크리에이터…‘확보전’ 치열,IT
"국방부, 국방 AX 닻 올린다…'AI 데이터센터' 구축 사업 첫발",IT
"리벨리온, 차세대 AI칩 '리벨 100'으로 명칭 변경...왜?",IT
한미반도체 TC본더 수출 V자 회복…대만행 물량 주목,IT
"[김영욱의 게임 후벼파기] 소규모·기술주의자 패트릭 쇠더룬드, 그가 가져올 넥슨의 변화는",IT
"K 통신, 경쟁 42년...AI인프라 기반 다졌다",IT
"2009년 금융위기보다 200원 높은 원·달러 환율…""펀더멘털 변화도 영향""",IT
"美압박에 '입법 난관' 온플법… ""차라리 '1% 디지털세' 걷자""",IT
"""샤오미, 폴더블폰 다시 꺼낸다""…갤Z폴드8과 경쟁하나",IT
[단독] 나무위키 본사 가보니 '텅 빈 가정집'…유령회사 논란,IT
[코스닥 액티브픽] 메자닌 한도 5배 확대…공격투자 기반 마련 I 비나텍②,IT
네이버·라인야후 6년의 동맹 ‘마침표’ 찍은 이유,IT
"한미반도체 곽동신 회장, 30억원 자사주 추가 매입",IT
주객이 전도되는 AI와 인간,IT
"""메모리 시장 '터보퀀트 쇼크', AI 시대 소프트웨어 중요성 보인 사례""",IT
"유방암 환자, 임신으로 약 끊어도 안심…""재발·사망 위험 차이 없어""",IT
"""신장이식 먼저 했더니 재생불량성 빈혈과 말기 신부전 모두 개선""",IT
"포스코스틸리온, 액면분할…천시열 대표 장내 매수",IT
"일라이릴리, AI 신약 개발 업체 인실리코에 4조원 투자",IT
북중미 월드컵 코앞인데…지상파·JTBC 중계권 협상 ‘제자리’,IT
LGU+ '유심 교체' 한다는데…매장 꼭 가야 하나요? [Q&A],IT
“쌓아두기만 했던 의료데이터”…AI로 ‘바로 쓰는 시대’ 열린다,IT
"UNIST, 특정 단어에 돌변하는 AI 해결법으로 세계 대회 2위",IT
흔들리는 ‘챗GPT’ 독주… 점유율 20%p 급락·140억달러 적자 경고,IT
"美·이란전은 드론전쟁…""저가 드론, 전투 방식 바꾼다""",IT
"삼성D·LGD, 애플 아이맥 OLED 대응체제 돌입",IT
가트너 “2030년 LLM 추론 비용 90% 하락…기업 부담은 지속”,IT
"""알에서 에어리언 나오는 것 같다""… 美 최고령 우주비행사가 깜짝 공개한 물체",IT
"머스크에 불만 컸나…xAI 세운 공동창업자 11명, 모두 그만뒀다",IT
"작년 국토 면적, 여의도 4.3개 만큼 늘었다…‘2026년 지적 통계’",IT
"'포스코퓨처엠 합작' 씨앤피신소재, 착공 임박…美 PFE 뚫을까 [배터리레이다]",IT
24년간 ‘만년 3등’ LG유플러스 기세에... 통신 3사 지각변동 이뤄질까,IT
"해킹 사고 숨기면 처벌…김장겸, ‘침해사고 축소·은폐 방지법’ 발의",IT
"“PCR 없이도” 20분 진단 끝…GIST, 범용 유전자 검출 기술 개발",IT
"""700병상 AI병원 동탄에""…고대의료원, 2035년 개원 목표",IT
"박윤영號 KT, 기존 조직장 대거 물갈이",IT
"딥엑스, 양산 7개월 만에 8개국서 27건 수주",IT
"LS전선, AI 전력망 수요 확대에 지난해 역대 최대 실적",IT
"""뭐 어때"" 뻔뻔한 사이버 폭력...어른들이 더 '죄책감' 없었다",IT
정부 6G 상용화 시동…통신 3사 AX '사활',IT
"CJ ENM, 왓챠까지 품나… 티빙·웨이브 합병 이어 인수 타진",IT
"김석환 넷마블엔투 PD ""스톤에이지 키우기 흥행 비결, 익숙함-새로움 조화""",IT
"컴투스, 日 ‘A랭크 파티를 이탈한 나는, 전 제자들과 미궁 심부를 목표로 한다’ 게임화",IT
"고려대의료원, 동탄에 4번째 고대병원… 2035년 개원",IT
삼성전자 “업계 최고 보상 제안에도 노사 협상 중단”… 노조 협상안 거부 ‘논란’,IT
"레인보우로보틱스, 대표 재선임 통과…삼성 체제 속 경영 연속성 유지",IT
중동 전쟁 한 달…'중동판 CES' 연기에 보안 전시회 개최도 불투명,IT
"로킷헬스케어, 韓·日 이어 미국 특허 등록 결정",IT
"LG유플러스, 전 고객 대상 유심 업데이트·무상교체 문자 안내 시작",IT
"""해킹 나도 원인 못 밝히는 일 막아야"" 조인철, ‘로그기록 의무화’ 법안 발의",IT
"AI 폭주시대, 인간은 어떻게 중심을 잡아야 할까",IT
"""IMSI 보안 강화""…LGU+, 내달 8일부터 유심교체 예약 시작",IT
"中 시야테크 상장으로 8.5조원 시총 확보…K장비 업계, 올레도스 수혜 기대감",IT
소비자연맹 “KT 위약금 면제 부실 안내…신청 못한 사례 많아”,IT
"박윤영號 KT, 미디어부문을 본부급으로…조직개편 윤곽",IT
올해 벚꽃 열흘 빨리 핀다...벚꽃 조기 개화 영향은,IT
"국내 클라우드 매출 9조원 돌파…""AI 시대 핵심 인프라""",IT
업계 전체가 등 돌려도 퀄컴은 포기 안했다...CDMA가 세계 표준이 된 사연,IT
돼지 정액이 난치성 암 치료에 특효? [달콤한 사이언스],IT
"LG유플러스, 유심 업데이트·무상 교체 안내 본격화",IT
"""이영호 돌아오고 이제동 나선다""…SOOP, 'ASL 시즌21' 2주차 개막",IT
"KT알파, 20년 만의 배당에도 주총서 '불통' 논란… ""주주의견 귀 기울이겠다""",IT
토탈영업 해체·올드보이 귀환…'박윤영號 KT' 인사 향방은,IT
원인불명 소아 신경발달장애 실마리 풀렸다…유전자 변이 확인,IT
"LG이노텍 카메라 모듈 단 자율주행 시험차량, 미국·유럽·일본 도로 달린다",IT
프로게이머 '부친 명의 주식거래' 세금 분쟁…과세 정당 판단,IT
[취재수첩] 구글 '터보퀀트' 쇼크?…K반도체 '격' 높일 기회다,IT
딱 3일 남았다…아르테미스 2호 발사 관건은 ‘바람 세기’,IT
“디지털자산기본법 상반기도 어렵다”…논의 삽조차 못 뜨는 국내 [크립토브리핑],IT
"화웨이, 애플 견제 속도낸다…""가로형 폴더블폰 준비""",IT
분자 길이 바꾸자 빛의 길도 달라졌다…차세대 태양전지 단서 찾았다[과학을읽다],IT
규모 커지는 미국 국방 '피지컬 AI' 시장…한국 제조 역량이 진출 열쇠,IT
"""메타, 시력교정 스마트 안경 곧 출시…AI 안경 대중화 속도""",IT
"'IMSI 결함' LG유플러스, 무상 교체 안내 시작…내달 8일부터 사전예약",IT
"국내 연구진, 원인불명 소아 신경발달장애 규명 실마리 풀어",IT
"곽동신 한미반도체 회장, 30억원 규모 자사주 추가 취득",IT
"코카콜라·월마트 CEO 잇따라 사임…""AI 시대, 새로운 혁신 이끌 리더십 필요""",IT
"AI가 만든 코드, AI가 검사한다…SW 테스팅, ‘지능형 QA’로 전환",IT
"정신건강의사들 ""운전금지 약물 지정 우려…치료중단이 더 위험""",IT
"반전의 '붉은사막', 동시접속자 27만명 …주가도 껑충",IT
은퇴 석학 40명 선발해 최대 5년간 연구비 지원,IT
AI 수요 타고 클라우드 9조원 돌파…SaaS·CMS 동반 질주,IT
“은퇴 석학 다시 연구실로”…연 2.5억·최대 5년 지원,IT
"한국 클라우드 시장, 10조원 돌파할까…""지난해 사상 최대""",IT
[미래 여는 AI·ICT R&D 우수성과]〈3〉ETRI 6G 기술력 세계에 뽐내...정부·IITP 지원으로 한국 위상 높여,IT
"정년 앞둔 석학, 중국행 막는다…40명에 연간 2.5억·5년 지원",IT
[AI픽] 국내 클라우드 매출 9조원 돌파…AI가 키웠다,IT
"""정년이 연구의 끝은 아니다""…정부, 석학 20명에 5년간 최대 12.5억 지원",IT
"정부, 60대 석학급 연구자 40명 연 2.5억 연구비 지원…최대 5년",IT
"곽동신 한미반도체 회장, 30억원 규모 자사주 추가 취득",IT
"'EQT' 더존비즈온, 공동대표 체제로 새 출발…상장폐지도 초읽기",IT
"AI 배우 쓰려면 인간만큼 비용 내라…할리우드 노조, '틸리세' 부과 추진",IT
'산부인과 의사'인데…'산부인과' 간판 뗀 의원 10곳 중 4곳,IT
"넷마블, 콘솔시장 '정조준'…글로벌 영토 넓힌다",IT
전문직·IT 업종 20·30세대 때린 AI…일자리 대체 우려 확산,IT
"KT, 구조조정 인원 2300명 복귀 시킨다",IT
"보조금 경쟁 42년 '끝'…통신3사, AI로 ‘각자의 길’ 간다",IT
IT·전문직 ‘2030’ 취업자 13만명 감소,IT
"스포티파이·넷플, 'K-수혈'로 이용자 수 급증",IT
"앱클론-종근당, 이중항체 기반 난치성 고형암 치료제 공동개발 착수",IT
"“신규 이용자 월광 10명 확정!” 에픽세븐, 4월 업데이트로 확 달라진다",IT
“종이맛이라도 용서가 되네”…이틀 먹었더니 ‘나쁜 콜레스트롤’ 실종,IT
[검색폭발 이슈키워드] 터보퀀트,IT
"워너브라더스, 내달 23일 파라마운트 합병 주주 투표",IT
"전 세계 수학자 1700명, 실명 걸고 “미국서 열리는 필즈상 거부”",IT
"""지아이텍, ESS 타고 실적 반등…연 매출 430억 전망""",IT
유튜브 쇼핑 문턱 낮아진다…가입 요건 '구독자 500명' 완화,IT
"환자 80%가 ""증상? 없었어요""…65세 이상은 매년 결핵 검진해야",IT
"""월회비 2900원으로 최대 7만원 적립""…지마켓, '꼭' 멤버십 공개",IT
"GIST, 20분 만에 암·감염병 잡는 유전자 진단 기술 개발…PCR급 정확도[과학을읽다]",IT
“값비싼 귀금속대신 니켈” 원하는 효능 합성…부작용 없는 신약개발 청신호,IT
"HLB, 담관암 신약 美 FDA 우선심사 지정…""9월 내 승인 결정""",IT
"[IT카페]""SKT와 달라야 하는데…"" 유심 교체 앞 분주한 LG유플러스",IT
"""2030년까지 LLM 추론비용 90%↓…그럼에도 기업 비용부담은 지속""",IT
"붉은사막, 스토리 대신 탐험으로 증명한 ‘주객전도의 묘미’[해봤어요]",IT
"김한근 강릉시장 예비후보 ""AI데이터센터 사업은 제2 대왕고래""",IT
"청소년 10명 중 4명 사이버폭력 경험… ""모르는 사람이 더 무섭다""",IT
"""여기는 달로 가는 우주선입니다"" [지금은 우주]",IT
"""유인 달 탐사 준비완료""…아르테미스 2호, 4월 1일 발사 [우주로 간다]",IT
"박윤영號, 7광역본부 해체·물갈이…'김영섭 지우기' 본격화",IT
뽑아도 또 자라는 불법웹툰…보안기술·공식번역 '속도전',IT
"[리뷰] 니콘 대표 표준 줌 렌즈, '더 편한 렌즈'로 재탄생",IT
"""나도 모르게 붉며 들었다""…'붉은사막'에 27만 명 동시에 몰렸다",IT
"한국인, 연간 보름꼴로 미세먼지·오존 등 4중 대기오염에 동시 노출",IT
"AI 토큰값 90% 폭락해도 기업 부담 커진다는데, 왜?",IT
구독자 500명 유튜버도 돈번다…유튜브 쇼핑 제휴 요건 완화,IT
"한국인, 연 15일 ‘복합 대기오염’ 노출… 4개 물질 동시 초과",IT
온라인에 밀린 퇴물이라더니…‘10대 틱톡’ 덕에 부활한 미국 쇼핑몰,IT
"엠아이큐브솔루션, 中 위에다 그룹과 스마트팩토리 현지화",IT
안철수 비판에 이사진 매입까지…한화솔루션 유증 후폭풍,IT
"'MSP 강자' 메가존클라우드, 日 아바타 선도기업 손잡고 '피지컬 AI' 본격 공략",IT
"LG이노텍, 자율주행 SW 업체 '어플라이드 인튜이션'과 협력",IT
35년간 7000대 팔았다…현대차 '판매신화' 쓴 영업왕 주인공은?,IT
삼성전자 '인피니트 AI 와인 냉장고' 출시…'AI 와인 매니저' 첫 탑재,IT
"파두, 中 CFMS 참가…Gen6 SSD 컨트롤러 하반기 납품",IT
"xAI, 창업 3년 만에 공동창업자 전원 이탈…일론 머스크 '전면 재편' 승부수",IT
KAIST 교수협 추천 총장 후보 3인에 류석영·배충식·조용훈,IT
"LG이노텍, 어플라이드 인튜이션과 자율주행 소프트웨어 협력",IT
"LG화학, 반도체·전장 소재 매출 키운다…2030년 2조원 달성 목표",IT
"델, 기업용 ‘델 프로’ PC·모니터·주변기기 신제품 10종 공개",IT
"[전문가기고] 데이터 보안과 업무 혁신 사이 딜레마, 합성데이터로 정면 돌파",IT
"에스원 ""무인매장 절도 민원 2배↑…AI CCTV 대안으로""",IT
"감염병, 20분이면 PCR 수준 진단…""임상 가능성도 입증""",IT
"29일 서울 벚꽃 개화…지난해보다 6일, 평년보다 10일 빨라",IT
"LS전선, 수주잔고 7.6조원…업황 호조에 실적도 신기록",IT
“우리도 식이섬유가 필요해” 기생충도 식이섬유 좋아한다? [핵잼 사이언스],IT
"네이버시리즈 '최강신작', 장기 흥행 견인…신작 다운로드 5배 '쑥'",IT
중동전쟁·AI발 '칩쇼크'에 소니 PS5 가격 또 올린다…기본형 100만원 육박,IT
삼성전자 ‘특별 보상’ 제시… 노조 “파업 참여 안하면 불이익”,IT
"""K-문샷 신약 개발 AI도 연산 한계…양자기술이 돌파구""",IT
"AI 에이전트, 아첨하고 확증편향 키우고 통제 벗어나",IT
"키움운용, '미국 대형 성장주' 담은 ETF 31일 상장",IT
가트너 “AI 토큰 단가 하락에도 기업 AI 비용 부담 지속”,IT
[인터뷰] 베트남-한국 AI 시너지: FPT가 이끄는 'AI-퍼스트' 미래 전략,IT
네이버시리즈 ‘최강신작’ 장기 흥행 견인…프로모션 끝나도 독자 남아,IT
[CIO 보안 투자 노트]기업 '데이터 관리' 낙제점…파수의 처방은,IT
명상은 ‘비우는 휴식’ 아닌 뇌를 ‘최적의 지점’ 데려가,IT
"삼성전자, 인피니트 AI 와인 냉장고 신제품 출시",IT
"OCI, 말레이 자회사 1900억원 투자 유치…반도체 소재 설비 투입",IT
"삼성전자서비스, 4월 1일부터 전국 169개 센터 '예약 서비스' 확대",IT
'충주맨 김선태' 대박 행진…BBQ 회장도 나서더니 '돌풍',IT
AI발 청년 일자리 위기 현실화…IT·전문직 ‘2030’ 취업자 13만명 감소,IT
"아이폰18 프로, '언더 디스플레이 페이스 ID' 탑재설 재점화",IT
"넥슨, 블리자드 '오버워치' 품었다…연내 韓 특화 서비스 시작",IT
"""삼성·인텔 따돌린다""… TSMC, 1.4나노 'A14' 공정 로드맵 공식화",IT
54년만에 다시 달 향하는 인류… 생명유지·우주통신 ‘안전한 왕복’ 검증[Science],IT
"위생백·지퍼백 반값…롯데마트, ‘메가통큰’ 2주차 돌입",IT
에어리언 알 부화?…‘보라색 촉수 괴물체’의 반전 정체,IT
"""수율 논란 끝"" 엔비디아, '블랙웰 울트라' 양산 가속… 전력 효율 30% 개선",IT
삼성전자 '갤럭시 링2' 개발 착수… '비침습 혈당 측정' 탑재,IT
20년간 한국서 나눔 베푼 중국인 김용길 씨…뇌사 후 4명 살리고 하늘로,IT
"CCTV만 믿다간 '낭패'…무인점포 털이범, AI가 실시간으로 잡는다",IT
"""폴더블에도 티타늄 바람""… 갤럭시Z 폴드8, '와이드' 전용 컬러 입는다",IT
“AI의 창의성은 환상”... 이미지 창작 대결서 일반인에게밀렸다,IT
"삼성바이오로직스 노조 95.52%, 파업 ‘찬성’",IT
"세브란스병원, “LDL 콜레스테롤 목표치 낮추니, 심혈관 사건 30% 감소”",IT
AI 토큰값 90% 떨어져도 기업 부담은 더 커진다,IT
'맞느냐'보다 '풀 수 있나' 먼저 묻는 애피어 '에이전틱 AI' 전략,IT
[코스닥 액티브픽] AI 전력 수요 수혜…턴어라운드 본격화 I 비나텍①,IT
"[인터뷰] 김석환 넷마블엔투 PD ""'스톤에이지 키우기', 숨은 '꿀펫' 찾는 재미 살렸다""",IT
"1년 중 15일, WHO 권고 기준 초과…“한국인 대기오염 ‘4중고’ 동시 노출”",IT
"삼성전자서비스, ‘휴대전화 예약 서비스’ 전국 서비스센터 확대",IT
"2030년 LLM 추론 비용 90% 감소…""그래도 AI 총비용은 오른다""",IT
"유니클로, 오타니 효과 노린다…LA다저스 손잡고 미국 공략",IT
"셀트리온, ‘정부 에너지 절약’ 동참…차량 10부제·전력 절감",IT
"LG이노텍, 美 자율주행 SW 기업과 협력… ‘피지컬 AI’ 공략 속도",IT
"LG화학 김동춘, 체질 개선 선포…""전자소재 매출 2조 목표""",IT
"골드만삭스 ""비트코인 바닥 도달... 3개월 뒤 진짜 상승장""",IT
"KAIST, 서로 다른 두 촉매 결합…화학 합성의 오랜 난제 해결",IT
"“LDL 콜레스테롤 55mgdL 미만 목표 치료, 심혈관 사건 감소 입증”",IT
"""챗GPT 기록, 제미나이서 그대로 본다""…구글, 외부 챗봇 정보 연동",IT
"아이지에이웍스, 인적분할로 광고대행 사업 분리…""AI 데이터 기업 전환""",IT
"[영상] ""날 따라 해봐""…사람 동작 따라 하는 中 휴머노이드 로봇",IT
"'갤럭시 쓰는 남친 싫다’던 유튜버, 삼성폰으로 셀카…“비하 아닌 취향” 사과",IT
[미장브리핑] 美 3월 고용지표·4월 韓 채권 WBGI 편입 시작,IT
"비트코인 '롱포지션' 3년 만에 최고치…""위험 신호""",IT
"GIST, 다양한 질환 20분내 진단하는 범용 유전자 검출 기술 개발",IT
루닛·뷰노 등 K-의료AI기업 차별화 전략은[빅테크 의료AI 잠식위기 下],IT
"햇빛·공기만으로 ‘의약품’ 만든다…KAIST, 화학합성 난제 해결",IT
0.001초를 위한 또 다른 레이스…속도 올림픽 'F1' 뒤에서 벌어지는 IT 기술 전쟁,IT
"폴더블 아이폰이 온다…""아이폰 역사상 가장 큰 변화""",IT
"파두, 중국·아시아 공략 속도…CFMS 2026서 AI 데이터센터용 SSD 전면에",IT
숨겨진 RNA 수혜주?…에이프릴바이오·삼양바이오팜·파미셀 '주목',IT
"""동물약부터 태양광까지""…신약 연구 실탄 마련 위해 신사업 나서는 제약사",IT
"AI 신약 개발 성과 가시화…인실리코 메디신, 일라이 릴리와 4조원 계약",IT
인공지능 로봇들의 ‘무인 공장’…K-팩토리 ‘카이로스’,IT
"KT스카이라이프, 가입자 줄었는데 망 사용료는 '껑충'",IT
[주간 클라우드 동향/3월⑤] AI 시대 손 맞잡는 클라우드 업계…국내외 협업 잇따라,IT
"취임 앞둔 ‘KT맨’ 박윤영, ‘임원 물갈이’로 인적 쇄신 예고",IT
"""AI시대 발맞춰 주4.5일제""…노조로 뭉친 '판교맨' 달라졌다 [김대영의 노무스쿨]",IT
"[1분건강] 밤마다 심해지는 ‘마른기침’, 호흡기 건강의 위험신호",IT
"넷마블, ‘콘솔’ 시장 진격…글로벌 출시 속도",IT
한물 간 줄 알았더니…'감성 미쳤다' 인기 폭발한 '핫템' 정체,IT
"카카오모빌리티, 분당서울대병원에 '택시 대신 불러주기' 지원",IT
"""검색 왕좌 지켰다"" 네이버 AI 브리핑 검색 점유율 64%",IT
ETRI 인센티브 갈등 장기화…연구·행정 간 격차 쟁점,IT
“남은 건 머스크뿐” xAI 창립 멤버 3년 만에 모두 짐 쌌다,IT
트럼프 AI 정책 지지 '1억 불' 단체 등장… 美 중간선거 판도 흔든다,IT
[AI돋보기] 인간 상담원은 어디로…AI 콜센터 혁신일까,IT
"""새술은 새부대에""…KT 키 잡는 박윤영, 임원 물갈이 초읽기",IT
‘찬물이 더 가벼운 이유’ 韓 연구진이 밝혔다,IT
금리 급등에 회사채 발행 24% 급감…기업 자금조달 ‘빨간불’,IT
‘AI 통행세’ 짭짤한 애플… 구조조정·기술력 올인하는 오픈AI,IT
메모리 넘어 비메모리까지… 반도체 가격 전방위로 오른다,IT
전쟁이 키운 방산 스타트업…AI·드론 투자 급증,IT
[PLAY IT] 아트뮤 Qi2.2 무선 보조배터리 'QB610'…안전 무선충전 25W 대중화,IT
6년 후 한국도 달 밟는다…2032년 착륙·2040년 기지 구축 목표,IT
'돈 되는 AI' 올인하는 네카오…'나만의 비서' 에이전트에 총력,IT
LCK 다음달 막 올린다...10팀 중 9팀이 꼽은 최강후보는 [1일IT템],IT
“애플의 시간은 거꾸로 간다”…10년 전보다 싸진 보급형 기기들,IT
체온으로 전기 만드는 '내 몸 배터리' 시대… 두께는 300배 늘리고 공정은 10초로 줄였다 [언박싱 연구실],IT
구글 ‘터보퀀트’ 반도체 저승사자냐 시장 키울 촉진제냐,IT
"마음이 약해질때, AI가 건넨 위로에 속지 맙시다",IT
면역 최강 117세 초장수 女…놀라운 '3주 식단'의 비밀,IT
“특정 냄새만 못 맡으면 치매 전조 증상 의심… 조기 검진을”,IT
"KT 박윤영 체제 내일 출범… 첫 칼날, 조직 슬림화 향한다",IT
[김범준 기자의 모던보이]'시키는 AI' 넘어 '스스로 하는 AI'…에이전틱 AI 시대 온다,IT
"TSMC, 2028년까지 반도체 물량 완판… 삼성 파운드리 ‘대안 공급처’ 기회 잡나",IT
HBM 높이 규격 완화되나… 장비업체 셈법 복잡,IT
칩플레이션 직격탄… 소니 ‘플스5’ 가격 인상,IT
AI 인재 패권 역전… “2명 중 1명이 中 출신”,IT
“AI도 못 푸는 질병… 답은 양자컴퓨터”,IT
AI의 ‘아부’와 ‘방종’을 경계하라,IT
"낫싱, 실용성 강조한 무선 헤드폰 ‘a’ 출시… 배터리 효율과 뛰어난 가성비",IT
“모바일 기기 과열 막는다”…열 성능 예측 향상,IT
"“시청률 대박 믿었다가, 날벼락” 완전 망했다…충격적 손실 사태",IT
"어둠 속 ‘떠돌이 행성’ 위성이, 태양도 없이 바다를 만든다?",IT
‘50kg 포탄’ 든 우크라 노병에 착용만으로 ‘힘’ 되는 AI 전우,IT
"반도체 시장의 미래, 터보퀀트가 흔든다?",IT
"삼성바이오, 창사 이래 첫 파업 위기…""노조 찬성률 95.5%""",IT
반세기 만의 '달 유인 비행' 카운트다운…아르테미스 2호 주역들도 발사대 집결,IT
"""경주 얼굴무늬 수막새 그려줘"" 챗GPT에 요청했더니…",IT
"“대기업 건물까지 순식간에 ‘깜깜’” 한국서 초유의 정전 사태…반전 이유, 알고 보니 [지구, 뭐래?]",IT
"'TFT' 17번째 세트 '우주의 신들' 공개…""나를 숭배하라""",IT
[DD 주간브리핑] LCK 개막부터 AI 서밋까지…산업 판 흔든다,IT
"상승세 탄 앤스로픽, 10년 복수 이룰까",IT
"24조원 손실에 ‘꿈의 전기차’ 포기…혼다, 소니 손 놨다",IT
"인간 흉내낸 AI, 1500억 가치 인정받았다…시장분석·예측 판바꾼 이 회사",IT
구글 터보퀀트 HBM 영향 제한적...AI 문턱 낮춰 생태계 키울 기회,IT
삼바 창립 후 첫 파업 위기... 노조 찬성률 95% 넘었다,IT
"‘시민의 선택’ “기후위기 파급력, 온실가스 감축 속도에 달려”",IT
'박윤영호' KT 고강도 쇄신… AI 사업 키우고 조직 정예화,IT
"KT, 박윤영호 출범 직후 대규모 임원 교체 예고",IT
"가상자산거래소 규제, 가장 센 칼부터 꺼내선 안 된다[김현아의 IT세상읽기]",IT
[가상자산 나침반] 비트코인 7만 찍고 6만달러대로… 중동 불안에 상승세 꺾이나,IT
"""AI가 스타트업 판 바꿔…기존 틀 깨려면 美 창업이 유리""",IT
유가 급등에 친환경 중고차 수요 급증…테슬라·아이오닉 '품귀 조짐',IT
중동 전쟁으로 헬륨 생산 3분의 1 중단…韓 반도체 산업 위협,IT
AI 챗봇에 “중립적으로 답해”라고 했더니…응답 10개 중 7개는 “이것”,IT
환자들 챗GPT에 심층상담 받는데 … 병원은 AI 활용에 소극적,IT
"[단독] AI 활용해 진단서만 작성해줘도 빅5병원, 하루 2000명 환자 더 본다",IT
"""매일 2~3시간 진료 대신 행정업무""…AX로 의사 부담 줄여야",IT
로봇·드론이 탱크 이기는 시대…존재감 커지는 방산 스타트업,IT
"스마일게이트 에픽세븐, 8.3 대규모 업데이트 예고...장비-영웅 육성 구조 개편",IT
"“누구나 ‘60만원’ 공돈 준다” 쏠쏠한 용돈벌이에 난리더니…결국, 특단의 대책?",IT
AI·IP에 6000억 베팅…게임업계 뜨거운 R&D 경쟁,IT
"유니콘 넘보는 망고부스트, AIDC 인프라 사업 도전장",IT
"英 옴디아, SKT ‘AI 전략’ 집중 조명 “SKT는 글로벌 AI 인프라 전환 이끄는 선두주자”",IT
"가속도 붙은 中 신약개발…""K바이오 전략 수정 필요""",IT
"셀트리온, 日 공략 강화…알러지·안과 치료제 출시",IT
"""임상 1단계만 더 하자 … 팔지말고 끌고가야""",IT
K바이오에 '봄바람'… 뚝심의 기업가정신으로 끝까지 가보자,IT
"""요금 올리면 고객 절반 이탈"" AI가 예측한다",IT
"피부암을 점 빼는 레이저로 지졌다?…피부진료 '오진' 급증, 왜",IT
"美 AI기업, 인재 찾아 실리콘밸리로 집결",IT
반도체 주가 뒤흔드는 구글 ‘터보퀀트’···게임체인저냐 아니냐 갑론을박,IT
"세미파이브, R&D 2배 '베팅'…선단 기술 선점 승부수",IT
"삼성 中 시안 공장, 236단 8세대 낸드 전환 완료…9세대도 올해 가동",IT
AI 인재 패권의 역전… “최상위 연구자 2명 중 1명은 中 출신”,IT
"티빙, KBO 개막 맞춰 '야구 특화 콘텐츠' 쏟아낸다",IT
"한국인, WHO 기준보다 1.6배 짜게 먹어…전문가 ""감칠맛 찾자""(종합)",IT
HBM 표준 ‘높이 규격’ 완화 논의에 셈법 복잡해진 장비 업계,IT
10명 안팎 도전장… 달아오른 ‘과기계 기관장 공모’ 5월 중 속속 윤곽,IT
"[강민성의 헬스토리] 당분뿐이 아니다… 당뇨환자, 굽거나 튀긴 음식도 절제해야",IT
"54년 만에 유인 달 탐사, 아르테미스 미션… 사고 철저 대비한 나사",IT
"크기에서 효율로… OLED, AI 시대 디스플레이 핵심 부상",IT
닻올리는 KT 박윤영호…AI 경쟁력 강화·조직 슬림화 드라이브,IT
[김남석의 개미생활] 넷마블의 ‘특정주주’ 가치 제고 계획?,IT
특수 분야 반도체 국산화 준비 완료…4인치 웨이퍼 수율 95% 달성,IT
"쿠쿠, 밥솥 시장 독주체제 굳혔다",IT
[1분건강] 아침에 일어났더니 발목이 안 올라가요,IT
"넷플릭스, 북미서 요금 인상…한국은 변화 없을 듯",IT
"TSMC 2년치 물량 완판, 삼성전자 파운드리 기회될까",IT
"위메이드, ‘레전드 오브 이미르’ 스팀서 서비스… 플랫폼 확대 전략",IT
"10년 굳어진 '임원 100명'…KT 박윤영호, 첫 칼 어디로",IT
"월드컵 이후도 독점중계?...""보편적 시청권 재설계 필요""",IT
‘무조건 내 편’ AI 챗봇의 치명적 부작용…갈등 해결 능력 망친다 [사이언스라운지],IT
호주 이어 인도네시아도 ‘청소년 소셜미디어서 아웃’...7000만명 영향 받는다,IT
"딥엑스, 양산 7개월 만에 8개국·27건 구매 주문 확보",IT
"‘배그’만으론 부족...크래프톤, 영업이익 1조에도 깊어지는 고민",IT
"[ZD브리핑] KT 주총, 박윤영 대표 선임안 논의…현대車 북미라인업 공개",IT
[AI 고속도로] 정부가 점찍은 '베라루빈'…국내 안착 가능할까,IT
"박윤영號 KT, 첫 CR실장에 한형민 전 문체부 차관보 내정[only 이데일리]",IT
'세계 최대' 中 스마트폰 시장 4% 뒷걸음질 쳤는데…애플은 23% 성장,IT
"MLB 스트라이크 판정, 5G 특화망으로 풀었다",IT
스타링크 공세에 밀린 韓 통신사…리셀러 됐지만 실속은 없었다,IT
"롯데케미칼, HD현대와 대산 통합법인 설립…사업재편 본격화",IT
"프리스마크 ""日닛토보 T-글래스 공급부족 갈수록 커진다""",IT
"“병원서 택시 대신 불러준다”…카카오모빌리티, 고령층 이동 지원",IT
"최민희, 올림픽·월드컵 방송 사전승인제 도입법 발의",IT
"소니, PS5 전 제품군 가격 인상…최대 150달러",IT
크래프톤 배그 9주년 행사 '인산인해'…e스포츠선수와 1대1 대결 눈길,IT
"징둥닷컴, 독일 전자제품 유통사 '세코노미' 인수 제동",IT
KT 박윤영호 31일 출범…AI 수뇌부 대거 물갈이 예고,IT
"셰브론·쉘 등 글로벌 에너지 CEO ""석유 공급 부족 시장 관측보다 더 커""",IT
0.00009와트 초저전력으로 풀 컬러 해상도 구현… 다양한 색 표현에 초고해상도까지,IT
"KAIST, 배터리 부담없이 초고해상도 AR·VR 구현 가능성 제시",IT
"1세대 AI 기업, 수익화 본궤도",IT
"라이엇게임즈 TFT 세트 17 '우주의 신들' 공개…""신의 은총 콘셉트""",IT
"투비유니콘, ETRI와 손잡고 미션크리티컬 AI 시장 ""정조준""",IT
“전력사용 거의 없이도” 초고해상도 AR·VR 구현…차세대 ‘디스플레이’ 개봉박두,IT
1인치에 화소 1만6900개…저전력·초고해상도 모노픽셀 디스플레이,IT
"정부, 전국 5G 단독모드 전환 추진…2030년 6G 상용화 목표",IT
"""미키가 왜 여기서 나와?""…네이버웹툰, 글로벌 IP 몰리며 ‘덕후 플랫폼’ 진화",IT
"""내 일자리 뺏길라""…기업 AI 도입 발목잡는 '직원 불안'",IT
"“트럼프, 호르무즈 해협 개명 검토” 美 언론…연설선 ‘트럼프 해협’ 말실수도",IT
"정부, 부당한 가격인상 주유소 ‘무관용 원칙’ 대응",IT
"카카오게임즈, 라인야후 품으로…다음 '뉴스 댓글' 부활[뉴스잇(IT)쥬]",IT
"유가 상승 여파, 디스플레이 광학필름으로 확산...편광판 가격 오른다",IT
[챗ICT]롤 독주 체제 끝나나…크래프톤 도전장,IT
"‘1984’도 금서?…영국 학교, AI가 고른 도서 200권 철거 논란",IT
"가상자산 거래소, 작년 하반기 매출 ‘급감’…주총서 실적 공개",IT
동남아 최초 '이곳' 16세 미만 아동 SNS 규제한다,IT
[1분건강] 양치질 열심히 해도 봄철 유독 심해지는 입냄새,IT
한국인 인공지능 사용 “한 달에 2시간”…지난해보다 39분 늘어,IT
'온라인 주민번호' CI 잇단 유출 악용 우려...개선 논의는 '지지부진',IT
李대통령 “전기 절약” 주문에…통신 3사도 긴급 ‘저전력 모드’,IT
"갤럭시 S26 출시 한 달 만에 가격 '뚝'…이통3사, 공통지원금 2배↑",IT
[뉴스줌인] '평생 가는 CI' 개선하려면…CI2 전환·유효기간제 등 대안,IT
전력계통평가 발묶인 수도권 AIDC…신속 공급 타이밍 놓칠 우려도,IT
잡는 택시마다 ‘앱 예약’ 허탈한 노인들…이제 병원에서 불러드려요,IT
"셀트리온, 일본서 옴리클로·아이덴젤트 품목허가 획득",IT
"카카오모빌, 분당서울대병원에 택시 대신 불러준다…고령층 이동 지원",IT
"카카오모빌리티, 분당서울대병원에 ‘택시 대신 호출’ 도입",IT
"""내 삼전·닉스 갑자기 왜 떨어진 거야?"" 구글이 쏘아올린 작은 공[AI 아틀라스]",IT
서울대 캠퍼스에 송병준 의장 뜬다... 창업 선배가 내놓을 조언은?,IT
"[100세건강]""기침 오래간다 했더니""…스펀지 같던 폐가 굳는 '이 병'",IT
창립기념일은 '다시 듣는 날'…취임 직후 고객부터 찾은 정재헌,IT
"병원에서 '카카오T 택시' 대신 불러준다…""고령 환자 편의성↑""",IT
"정부, 의정 갈등 기간 중증진료 유지 병원에 1兆 지급",IT
"""잘못하면 번호 정지됩니다""…KT, 악성 사이트 통한 스미싱 경고",IT
예멘 후티 반군 이스라엘에 미사일 공격…국제유가·운송 부담↑,IT
"전공의단체, 의협 산하 벗어나 독립 법인 추진",IT
"카카오모빌리티, 분당서울대병원에 ‘택시 대신 불러주기’ 도입",IT
"뉴립스, 뒤늦은 정정에도…AI 학술교류, 미중 갈등에 휘말렸다",IT
“韓 대학생들 일냈다”…국제 AI 게임대회 우승,IT
"소니, 日 시장서 CF익스프레스·SD 카드 수주 중단",IT
"“병원서 택시 잡아드려요” 카카오모빌리티, 분당서울대병원과 이동 약자 지원",IT
MS 엑스박스 '파트너 프리뷰' 성료…신작 19종 대거 공개,IT
"""AI 시대에도 답은 고객""...정재헌 대표, 첫 행보는 시니어 고객과 소통",IT
"스테이크 40% 할인·와인 반값…신세계그룹, '랜쇼페' 1일 개막",IT
"""달리면 생수""...CU, 포켓CU 앱에 ‘러닝 멤버스’ 도입",IT
"BTS 월드 투어, 갤럭시 S26 울트라로 즐긴다…삼성전자, 하이브와 글로벌 파트너십",IT
"복지부 ""담뱃값 인상과 주류 부담금 부과 논의 안해…향후 검토""",IT
"[위클리배터리] 삼성SDI-엘앤에프, LFP 양극재 '빅딜'…피노 투자로 듀얼벤더 구축",IT
칠흑같이 어두운데 기온은 따뜻?…기이한 천체에 외계 생명체 있을까,IT
"""AI 도입 막는 건 기술이 아니다""…직원 '감정 리스크'가 최대 변수 [AI브리핑]",IT
'모텔 살인' 김소영 뽀샵에 9900원 결제…40대 男기자도 놀랐다,IT
"포털 다음, 3년 만에 '뉴스 댓글' 도입 ⋯실시간 트렌드도 다시 재개",IT
"""전화 받기 무섭다"" 어르신들 위해… 포천 달려간 정재헌 SKT 대표",IT
"[르포]""10주년 벌써 기대돼요""…4천명 몰린 '배틀그라운드' 팬 축제",IT
"[AI는 지금] AI 인력 부족, '미스매치'가 원인…""개발자 중심 직무 체계 벗어나야""",IT
‘KV 캐시’ 6분의 1로 압축…구글 터보퀀트에 반도체 시장 출렁,IT
쿠팡 사태로 '예스24' 랜섬웨어 뒷전...조사만 9개월째,IT
"우려되는 난카이 해곡 대지진, 한반도는 안전한가",IT
"우크라이나군, 병사들에 근력 보조 ‘외골격 기기’ 첫 보급…전투력 유지 총력",IT
"""검색의 종말? 천만에""…오히려 판 키운 생성형 AI",IT
"[써보니] 아이폰 17e...""용량은 두 배 가격은 그대로""",IT
구글판 '딥시크 모멘트'…터보퀀트가 바꾼 AI 판,IT
"""BTS 라이브에 자극받았나""…티빙, 글로벌 진출 전담팀 꾸린다",IT
"'음이온' 낸다며 방사성물질 담은 팔찌, 해외직구로 들어온다",IT
"""갤럭시S26, 출시 한 달 만에 반값""…삼성 '파격 승부수'",IT
아르테미스 2호 이번주 카운트다운…화성 탐사 발판 구축,IT
30년 KT맨 박윤영의 귀환… '외부 수혈' 시대 막 내린다,IT
[KISTI의 과학향기] 고대 로마 의사들은 똥을 약으로 썼다?,IT
[유가 파장] ① 통신3사·핀테크까지…IT업계 절전 모드 돌입,IT
카카오 살린 네이버...'카겜 인수'는 라인야후의 독립 선언,IT
"[과학을읽다] 위성은 왜 떨어지는가…'공기와 싸우는 우주', 초저궤도 전쟁",IT
"KT ""불법 스트리밍 악성행위 탐지""…삭제 권고·이용자 주의 당부",IT
'거버넌스'에서 'AI 신뢰성'으로…국내 1세대 데이터관리 시장 구도 '격변',IT
"코난테크놀로지, ""창사 이래 최대 매출 했지만""…실적 지속성이 숙제",IT
네이버도 못 살린 우버택시… 카카오T에 막혀 ‘반짝 반등’ 시들,IT
"신세계百, ‘시코르 AK수원점’ 정식 개점",IT
GPU 잡는 NPU 한국에 있다…AI반도체 2세대 승부사들,IT
"""암 환자 30만 시대…서울 안 가도 되는 '지역완결 치료' 목표""",IT
붉은사막 다음은 ‘K-포켓몬’… 올해 베일 벗는 펄어비스 차기작 ‘도깨비’,IT
"""삼성전자·하이닉스 끝났다?"" 구글 ‘터보퀀트’의 역설...""결국 AI가 모든 것 휩쓴다""",IT
“서명을 위조했다고? 네 잘못 아냐”…‘아첨꾼 AI’ 말만 듣다 왕따될라,IT
[실제 써보니] 독특한 시스템으로 돌아온 TFT 세트 17 '우주의 신들',IT
[터보퀀트 쇼크] ③ 단순 용량 경쟁 끝나나…K반도체 생존 열쇠는 '맞춤형 메모리',IT
“딱 하나 부족했다고 이럴수가”…눈 떨림·수면장애·만성피로 막아주는 한알 [MK약국x약들약],IT
"'가나에서 인육 팔아 150억 원 벌었다?' 말도 안 되는 기사, 왜 나왔을까",IT
"데이터스트림즈 ""AI한계 데이터 아케텍처와 거버넌스로 해결""",IT
“25만원에 샀다” “난 29만원이다” 100만원 간다고 난리더니 ‘충격적 추락’…국민 포털 무슨 일이,IT
"""女신입이 자꾸 제 몸을 만져요""…선 넘은 장난? 친분 탓?",IT
"""5g짜리 센서 붙이면""…내 시계가 스마트워치로 변신",IT
‘개발자’가 ‘기발자’로…대전환기에 필요한 건? [AI:너머],IT
갤럭시 부러웠나…아이폰 '2억화소' 카메라 탑재 시험?,IT
"김태현 디렉터 ""배틀그라운드, 이중가챠 없앨 것""",IT
"[AI는 지금] 수요 급증 속 클로드 장애 반복…앤트로픽, 정책·인프라 시험대",IT
“결국 완전 망했습니다” 대박 날 줄 알았더니…충격적 ‘퇴장’ 무슨 일이,IT
치매로 이어지는 ‘파킨슨병’…‘이 기능’ 먼저 떨어지면 더 위험,IT
'메모리 6배 압축' 삼전닉스 주가 박살낸 신기술...한국인 교수가 만들었다 [지금이뉴스],IT
"크래프톤 ‘배틀그라운드’, 9주년 축제…팬들 참여 열기 ‘후끈’",IT
"“생전 처음 봐, 이게 예쁜가?” 요즘 20대 이걸 30만원 주고 산다…뭔가 했더니",IT
"화면 밖으로 나온 '배그', 9주년 축제에 4000명 운집",IT
"유명 IT 팁스터 ""아이폰 18, 다이내믹 아일랜드 작아진다""",IT
"“AI 확산=보안 수요 폭증”…美 투자사, 보안 시장 2배 성장 예측",IT
"""한 사람이 드론 100대 조종""…中 드론 군집 기술 어디까지",IT
"""인스타 그만해""…아시아 최초 SNS 금지한 나라",IT
엔비디아도 못 구한다는데…'2인자' 삼성에 온 반격 기회,IT
7000만명 ‘SNS 셧다운’…극한 처방 나선 이 나라,IT
배틀그라운드 9주년…화정체육관서 축하 이벤트 개최,IT
"[르포] ""배틀그라운드는 내 인생""…9주년 축제에 4000명 모였다",IT
"AI는 빨라졌는데 교실은 그대로?…유은혜, 경기교육 업그레이드 착수",IT
'고집 꺾은 애플'… 아이폰도 2억 화소 시대 열리나,IT
[위클리반도체] 구글 '터보퀀트' 파장에 엇갈린 전망… SK하이닉스 100조원 실탄 확보 나서,IT
KT '박윤영 체제' 출범 임박…조직 슬림화 속도,IT
"숏츠 중독 못 끊는 진짜 이유, 알고 보니…[달콤한 사이언스]",IT
얼굴 없어도 75조 번다…'버튜버' 춘추전국시대,IT
"위메이드 '레전드 오브 이미르', 스팀·동남아 쌍끌이 흥행 정조준",IT
"인류, 반세기 만에 다시 달로 향한다···우주비행사 4인, 발사장 집결",IT
"""올해 OLED 모니터 출하 51% 상승"" 트렌드포스",IT
"‘피지컬 AI’ 엔진 얹은 카카오모빌, 자율주행·로봇 시대 정조준 [빛이 나는 비즈]",IT
"""AI로 누구나 3D 애니 감독""…네이버가 투자한 韓스타트업 어디",IT
"[사이언스샷] 토성 향한 두 시선, 진면목 드러내다",IT
"정부, 우승상금 5억 상향 '올해의 K-스타트업' 시행",IT
달 탐사에 첫 여성·유색인종 참여…NASA ‘아르테미스Ⅱ’ D-5,IT
"국내기업 45% ""정보보호 예산 없어""...65%는 ""조직 없어""",IT
美 특허청 “中 정부 기업 특허무효심판 제기 불가”에 韓 첨단기술 방어권↑,IT
"메모리 과부하 줄이는 구글 '터보퀀트', 오히려 메모리 기업에 이득 가져올 것",IT
AI 에이전트發 '사스포칼립스'는 기우…SaaS 넘어 'SaS(소프트웨어형 서비스)'로 간다,IT
'아이폰' 깨물던 지드래곤도 '좋아요'…애플 '야심작' 뭐길래 [테크로그],IT
"갤럭시S27 울트라, 최초 'LPDDR6·스냅드래곤 8 엘리트 6 프로' 탑재",IT
"""아이폰 폴드 보고 있나""… 삼성, 화면비율 바꾼 'Z 폴드 8 와이드' 포착",IT
"구글의 ‘검색 진화’ 어디까지…서치 라이브, 한국서도 쓴다",IT
중국시장 여전히 미련 남은 현대차 …‘3축 전략’으로 체질 전환,IT
"[게임위드인] 데브시스터즈의 대전 게임 도전, '쿠키런 오븐스매시'",IT
"""시리 심폐소생술 나선다""…애플, 구글 출신 릴리안 린콘 영입",IT
"""M자 탈모의 완벽한 진화?""… 아이폰18, 화면 가림 줄인 새 디자인",IT
"[겜별사] ""돌아온 전설의 쿠팡맨""…'데스 스트랜딩2: 온 더 비치'",IT
"[단독] KT 박윤영, 구조조정 인원 ‘2300명’ 원상 복귀",IT
눈부신 고리…허블과 웹이 본 ‘태양계 가장 아름다운 행성’,IT
VR 헤드셋으로 가상 세계 냄새를 맡는다,IT
게임스컴 2026 입장권 판매 개시... 얼리버드 31일 마감,IT
“소프트웨어 호러 닥쳤다”…‘월 1억회 다운’ 오픈소스 AI 도구에 악성코드,IT
"'맥북병', 99만원이면 완치?…직장인 '서브 노트북' 정석 될까",IT
“인생의 황혼 앞에서 멈춰 서다”... 허광호 산문집 '오후 5시 쉼표 하나'[신간],IT
"""메이드 인 USA 아이폰 가속화""… 애플, 美 부품망에 4억 달러 추가 투입",IT
"이란 연계 해커, 미국 FBI 국장 개인정보 털었다",IT
"""엔비디아 없어도 된다""… 바이트댄스·알리바바, 화웨이 신형 AI 칩에 '베팅'",IT
"中 SMIC, 이란 군부에 반도체 장비 수출 의혹… 트럼프 행정부 ""1년 전부터 지속""",IT
비트코인 6.6만달러도 ‘위태’…중동전 장기화에 ‘외통수’,IT
취업 준비하고 영화 봤을 뿐인데…줄줄이 새는 개인정보,IT
"[네카오는 지금] ""실적 좋은데 주가는 왜""…속 타는 주주들",IT
나프타 쇼크에 포장재 비상…파우치 배터리는 괜찮나,IT
“가파른 곳도 ‘쑥~’” 배 농장 어르신들 팬덤 만든 ‘로봇’[잇:써봐],IT
"지구 온난화, 항생제 내성 박테리아 확산 부른다",IT
"""허블＋웹이 함께 찍었다""…토성 역대급 사진 공개 [우주로 간다]",IT
갤럭시로 담는 BTS 월드투어 ‘아리랑’...삼성전자·하이브 협업,IT
[카드뉴스] AI가 똑똑해지면 메모리가 필요없어질까,IT
"메쥬, 상장 첫날 공모가 대비 81% 급등…코오롱티슈진·메디포스트도 '들썩'[바이오맥짚기]",IT
[사이언스영상] 챗GPT로 반려견 암 치료했다 ,IT
"美, 반도체 공급망 위한 '팍스 실리카' 펀드 출범…3700억원 투입",IT
"식물원인 줄 알았는데 병원, 건축이 기후위기에 맞서는 법",IT
"칩 보안법, 美하원 외교위 통과...엔비디아·AMD에 '밀수방지' 의무화",IT
"입에서 불나는데 계속 먹는다, 캡사이신의 비밀",IT
"[AI는 지금] ""규제보다 실행""… 트럼프, 'AI 연합군' 앞세워 반도체·전력망 병목 뚫는다",IT
우주서 1년 보내자 뇌 위치가 바뀌었다…기간 길수록 변화 커,IT
AX에 보안 중요성 ‘껑충’… “우수 인력으로 양자내성암호 전환 선도”,IT
"[바이오사이언스] '오운완' 2040이 젤라틴 챙기는 이유…""99% 순수 단백질""",IT
"'1500% 폭증' 클로드 서비스, 챗GPT 추월…AI 영원한 승자는 없다",IT
"이통3사, 에너지 위기 대응 총력…차량 통제·전력 절감 '전사적 확대'",IT
"갤럭시 S26 울트라로 담는 BTS의 감동, 삼성전자-하이브 전격 협업",IT
국장 신상 탈탈 털린 FBI…‘이란 해커’에 1000만달러 현상금 걸었다,IT
"[지금, 명의] “눈앞 날파리 갑자기 수천 개…망막박리 ‘즉시 검사’ 하세요”",IT
[테크톡노트] 딥시크 데자뷔…구글 '터보퀀트'의 등장,IT
수장 연임 확정한 카카오 그룹…'수익화·글로벌 확장' 힘 준다,IT
"[지금, 명의] “발바닥이 찌릿·먹먹하면 신경 문제…빨리 치료 받아야”",IT
"오늘 KBO 시즌 개막…'중계 3년차' 티빙, 야구 열기 달궜다",IT
"'허블'이 밝혀낸 '게 성운', '허블'이 25년 만에 다시 바라보다[코스모스토리]",IT
"엔씨, 2030년까지 매출 5조원…증권가도 '불가능한 목표 아냐""",IT
"꽉꽉 눌러 담은 99만원 아이폰…""이것 참 아쉽네""[테크로그]",IT
[AI세계속으로]성인모드 보류·소라 철수…솎아내기 나선 오픈AI,IT
"""월드컵은 공짜, BTS는 유료?""…'안테나' 시대에 갇힌 방송법[보편시청권 논란 上]",IT
"넷플릭스, 1년 만에 또 가격 인상한다",IT
'콜 차단 의혹' 카카오모빌리티 첫 재판서 전면 부인,IT
[AI돋보기] 송유관 대신 데이터센터…'전쟁 표적' 된 AI 인프라,IT
선택과 집중 넘어 AI 무한확장 시대…맞춤형 메모리 빅뱅 온다,IT
[주말엔게임]'아크' 이어 '데이브'·'붉은사막'까지…K콘솔 흥행가도,IT
[금주 신작·업뎃] 300만의 기대작 '쿠키런: 오븐스매시' 출시…'컴프야2026' KBO 개막 업데이트,IT
[인터뷰] 갤럭시S26에 위성 연결 기능 구현한 美 스카일로… 파스 트리베디 CEO “기업·소비자에 끊김 없는 네트워크 경험 제공”,IT
[ET시선] '오픈소스전환(OX)' 이젠 생존전략,IT
“AI 정책이 너무 많아 혼란”…엇박자 막아낼 임문영 AI 전략위 ‘시험대’ [IT클로즈업],IT
[알아BIO] 코스닥 주도주 된 제약바이오…마냥 웃을 수는 없다?,IT
당차게 ‘즉시 결제’ 선보였다 금방 접은 챗GPT···‘AI 쇼핑’ 야심과 현실 사이[산업이지],IT
"4월부터 약물 운전 단속, 처벌 강화…""이 약 먹었다면 자제하자""",IT
"""AI 답변 비용 최대 6배 낮춘다?""…구글 '터보퀀트' 뭐길래 [터보퀀트 쇼크 ①]",IT
외국인 51조 던졌다…코스피 ‘반도체 집중 매도’,IT
"AI 수요 늘었지만 수익성 부담…LS전선, STO로 1조 조달 추진",IT
[터보퀀트 쇼크] ② 오히려 'AI 고도화' 촉발…데이터센터·엣지 혁신 '기대감',IT
"NHN, '벅스' 매각 무산…""인수자 잔금 미납으로 계약 해지""",IT
中 AI 기업 3조원에 인수한 메타에 중국 정부 조사 착수…‘싱가포르 워싱’ 모델 제동,IT
"이란 전쟁 장기화 우려↑, 美 뉴욕증시 꽁꽁…나스닥, 이틀째 2%대 급락",IT
“유튜브·인스타 때문에 우울증 걸려”…구글·메타에 90억 배상 평결 나왔다,IT
[ET톡] 붉은사막에 거는 기대,IT
"농민 10명 중 8명, 근골격계 질환 호소",IT
"펄어비스 '붉은사막' 출시 1주일 '순항'…""판매량 500만장 해볼 만하다""",IT
머스크가 보낸 억대 '러브콜'... 고민 깊어지는 삼성·SK하이닉스 엔지니어들,IT
메모리 6분의 1만 쓰는 ‘터보퀀트’… 반도체 시장 요동,IT
엔비디아·딥시크·화웨이도 ‘메모리 효율화’ 경쟁,IT
내달 구형폰 '카카오톡' 막힌다…공공알림 못 받는 이용자만 100만명?,IT
BTS 월드투어 '갤S26 울트라'가 담는다…삼성전자·하이브 맞손,IT
"""또 올랐다"" 넷플릭스 美구독료 최대 2달러 인상…한국도 '비상'",IT
"“이걸 누가 사나 했더니” 순식간에 600명 몰렸다…놀라운 이유, 알고 보니",IT
"뷰노, 이사 보수 한도 안건 '부결'…정족수 확보 '빨간불'",IT
"삼성전자, 노사 임금협상 다시 중단",IT
'노쇼'로 347억 딜 '수포'…NHN벅스 매각 결국 무산,IT
"""3년에 한 번은 우주 실험해야""…반복 실험·설계·규제 손봐야",IT
"""누구 얼굴 베낀거냐""…미녀 여배우 등장에 '발칵' [이슈+]",IT
"“사람, 장소만 바뀐다” “너무 식상하다” 욕먹던 나영석 예능…넷플릭스 가더니, 순식간에 ‘1위’",IT
"""한국 우주비행사와 함께하길""…2040년 달·화성 민간시대 여는 액시엄 스페이스",IT
박윤영 체제 앞두고…AI리더십 개편 속도내는 KT,IT
"[주총] 1시간 주주 달랜 위메이드 박관호…""비용 효율화 작업 지속""",IT
"SK텔레콤, SK브로드밴드 100% 편입 절차 돌입…5월 완료",IT
"[단독] 금융권도 Ai Native가속 … 신한, AI비서 1000개 만든다",IT
"NHN, 벅스 매각 무산…""인수자 잔금 미납에 계약 해제""",IT
"[단독] AI 반도체 기업 소테리아, 기술·경영 부문 각자 대표 체제 전환해 IPO 시동",IT
"'콜 차단' 혐의 카카오모빌리티, 첫 재판서 혐의 전면 부인",IT
"넷플릭스, 美 구독료 인상… 1년 만에 월 최대 2달러↑",IT
AI 비서가 입찰공고 분석해 제안서 작성 … M&A 타당성 분석도,IT
"'재선임' 손은진號 메가스터디, '역성장'은 숙제로",IT
"SKT, SK브로드밴드 100% 자회사 만든다…5월 주식교환 완료",IT
아이폰서 구글 제미나이 호출한다,IT
"“앤트로픽, 이르면 올해 10월 상장”…오픈AI와 IPO 경쟁",IT
"당근, 역대 최대 실적…광고·알바·모임 다 터졌다",IT
"줄기세포 3D 배양 난제, 우주에서 푼다…""비용 문제 넘어야""",IT
"[DD퇴근길] 구글 '터보퀀트' 등장, 반도체 생태계 흔들",IT
"애플, '맥 프로' 단종⋯전문가용 데스크톱 역사 속으로",IT
"태양 먹는 미생물, 현실에선 가능할까… 영화 ‘프로젝트 헤일메리’ 속 과학",IT
"SKB, 완전히 SKT 품으로...유선 통신 시너지 기대",IT
"위메이드 박관호 대표, 주총장 성토에 직접 주주 달래기",IT
"""여행 AI솔루션 수출기업으로 변신했죠""",IT
교체보다 유지 택한 게임업계…주총 키워드는 '리더십 안정',IT
"“보안 내재화 원칙 미준수”…LGU+, 이용자 ‘보안공백 방어’ 과제로",IT
"증권사, 국장 복귀 개미들 잡아라…불붙은 RIA 이벤트 경쟁",IT
"샌디스크 경영진 ""터보퀀트? 낸드 수요 더 키울 것""",IT
"[인터뷰] 블룸테크놀로지 ""블록체인 경쟁력 자신⋯韓 기술로 글로벌 도전""",IT
"美 “SMIC, 이란 군부에 반도체 기술 지원”… 미중 갈등 변수 부상",IT
정체된 게임섹터…주주환원으로 투자심리 회복 총력,IT
"“광고 매출 반토막”…머스크, X 광고 보이콧 소송도 패소",IT
"""삼전닉스 큰일"" '터보퀀트'에 주가 휘청이는데…과학자 대답 '반전'",IT
변화 대신 안정 택한 게임업계…수장 재선임 통해 '위기 돌파' 채비,IT
"영화 'her' 현실로?…구글, AI 기반 음성검색 서비스 ‘서치라이브’ 글로벌 출시 [팩플]",IT
[비즈톡톡] 구글 ‘메모리 절감 기술’에 흔들린 반도체株… “수요 꺾임 아닌 확대 신호”,IT
메모리시장 충격 준 터보퀀트…“AI 반도체 수요 고도화”,IT
"EQT, 더존비즈온, 2차 공개매수 돌입…상장폐지·완전자회사화 속도",IT
"[AI는 지금] ""이미지도 자체 기술로""…脫 오픈AI 노린 MS, 멀티모달 경쟁 본격화",IT
[비즈톡톡] 반도체 시장 흔든 ‘터보퀀트’… 구글의 속내는 ‘AI 검색 최적화+메모리 병목 해소’,IT
"'터보퀀트' 참여 KAIST 교수 ""AI 반도체 수요 고도화""",IT
이틀째 메모리주 끌어내린 구글 ‘터보퀀트’ 뭐길래,IT
"유증에 뿔난 주주 달래는 김동관, 자사주 30억원치 매입",IT
"AI 메모리 병목 뚫었다…KAIST 참여 ‘터보퀀트’, 최대 6배 압축",IT
유통 빅3 전략 갈렸다…롯데 ‘수익성’ 신세계·현대 ‘성장’,IT
AI 메모리 병목 뚫었다…KAIST 참여 ‘터보퀀트’ “최대 6배 압축”,IT
진라면 꾸미고 칼국수 면 뽑고…'라면박람회' 가보니,IT
우주에서 찍힌 ‘바다 속 그림’…정체는 북극 한파 [우주서 본 지구],IT
메모리 1/6로 줄인다고?…구글 터보퀀트 쇼크의 치명적 착각,IT
"한화솔루션 기습 유증에 소액주주 반기…""절차 투명했나""",IT
구글 ‘터보퀀트’에 반도체 시장 술렁…“수요 줄어” vs “아직 논문단계”,IT
[코스닥은 처음이시죠] 헥토파이낸셜 미래 변수 '스테이블코인',IT
KAIST 교수협 오늘 총장 후보자 접수 마감···류석영·배충식·이승섭 등 물망,IT
"붉은사막 초반 흥행 속 ""'도깨비' 개발 박차…연내 배당 검토""",IT
"[터보퀀트 쇼크] ① ""메모리 6분의 1만?""…구글 다이어트 'K반도체' 흔들다",IT
"미 법원, 앤트로픽 '공급망 위험' 지정 효력 중단…""수정헌법 1조 위반""",IT
"""TV사업 악재 어떻게 넘을까""…삼성·LG, 독자 OS로 中 추격 돌파구",IT
"AI와 카메라로 비친 모습 보며 대화···구글, ‘서치라이브’ 전세계 출시",IT
넷플릭스 美 요금 인상…한국도 오르나 '촉각',IT
8.6세대·폴더블 OLED 나란히 ‘순항’… 삼성디스플레이 제조 협력사 웃는다,IT
"선익시스템, 마이크로 OLED 증착장비 추가 수주…올레도스 투자 확대 훈풍",IT
"""한국 의료 AI 기술력 세계 최고 수준…지원 확대돼야""(종합)",IT
"애플, '시리' 외부 AI 챗봇 연동…제미나이·클로드 개방",IT
"[주총 포커스] 넥슨게임즈 박용현 ""신작 지연이 주가 하락 원인""",IT
시행 두 달만 재정비 나선 AI기본법…배포자·딥페이크·안전성 등 '수술대',IT
AI인프라 전쟁…반도체까지 국가 경쟁력 이슈로[AI 7대 트렌드⑦],IT
"잇따른 삼성월렛 결제 오류 왜?...""카드사 시스템 장애"" 지적",IT
"[단독] KT, 오승필 CTO 사임…기술혁신·AI 조직 개편 폭 가장 클 듯",IT
"휴머노이드 로봇도 외모로 승부?…""감정표현 능력 중요""",IT
"에프엔에스테크 ""빅테크 폴더블 생산 따른 마스크 세정 기대""",IT
"‘띠링~’ 폰 알림 올 때마다 확인하면, 디지털 스트레스 더 받는다",IT
"""7일 걸리던 해킹, 7분이면 끝""…초광속 AI 해커의 공습",IT
400만장 돌파 기대 ‘붉은사막’… 혹평 뒤집고 흥행 반전,IT
"""모바일만 한다고?"" 넷마블, 프랑스 스팀 1위 '대이변'",IT
"사고 나면 누구 책임?… AI 보안 위협 '빛의 속도', 법제는 '거북이걸음'",IT
"아기 돌잔치 즈음, 아빠가 무너진다 [사이언스 브런치]",IT
"죽은 세포, ‘좀비’로 살아나다...합성생물학 판도 바꿀까",IT
"""아들아, 챗GPT가 뭐니?""…취약계층 AI 경험률, 일반인 절반 그쳐",IT
"미국 넷플릭스 가격 또 올랐다, 최대 2달러…한국도 같이 오르나",IT
"""1년에 1000만원 올랐대"" 연봉 1억 찍었다…은행·대기업 뺨치는 '이 회사'",IT
우주에선 임신 어렵다…정자 움직임 ‘뚝’ 떨어져 [우주로 간다],IT
135만명 우르르…'BTS 광화문 공연' 누가 봤나 분석했더니,IT
[인터뷰] 장일수 한국오픈소스협회장 “확산 넘어 ‘안전한 관리’로 전환”,IT
"SK텔레콤, SK브로드밴드 완전 자회사로 편입 추진",IT
"KT 박윤영호, 조직 슬림화로 효율 제고…임원 감축·AI 전략 정비",IT
"정부, 리벨리온에 2500억 직접 투자…AI 반도체 승부수",IT
"금리 급등에 5조 바이백…정부, 국고채 긴급 매입",IT
"[사이언스샷] 향고래 출산, 이모들이 지킨다",IT
"[유미's 픽] ""연산보다 메모리""…구글 '터보퀀트' 등장에 엔비디아도 '긴장'",IT
"""해킹 위협 커지는데 '예산'은 쥐꼬리""…돈 쓰는 기업, 절반에 그쳐",IT
최원준 삼성전자 사장 “멀티모달 인터페이스 대세 될 것… 스마트 안경은 스마트폰 대체 아니라 보완 역할”,IT
"‘뇌의 철옹성’ 뚫었다…美 FDA, BBB 통과 신약 최초 승인",IT
물 영상 4도에서 가장 무거운 이유…세계 첫 규명,IT
"[주총 포커스]펄어비스 허진영, 붉은사막 흥행 강조…약한 스토리는 숙제",IT
"BTS 광화문 공연, 135만명 움직였다…아이지에이웍스 “팬덤은 곧 소비력”",IT
“머스크도 이건 몰랐을걸”…화성이민 떠난 인류 ‘불임’ 된다,IT
"펄어비스 허진영 ""붉은사막 아쉬움 공감…500만장 판매 목표""",IT
"SKT, SKB 완전 자회사 편입…‘T+B’ 시너지 강화",IT
만성 적자에 휘청이는 ‘한국원자력의학원’,IT
광화문에 16만명 모였다…중년으로 확장되는 BTS 팬덤,IT
"펄어비스 ""붉은사막 곧 500만 장… 차기작 '도깨비' 빠르게 선보이겠다""",IT
"[이슈진단+] 삼성·SK HBM, 올해도 잘 팔린다...양사 도합 300억Gb 달할 듯",IT
"[AI는 지금] ""실험 대신 시뮬레이션""…메타, 뇌 기반 'AI 월드모델' 경쟁 본격화",IT
中 상하이 맥도날드 ‘로봇 직원’ 등장…알고 봤더니,IT
“코인 보내면 빚 깎아준다”…대부업체 해킹 악용한 ‘코인 피싱’ 주의보,IT
"알뜰주유소 ""기름값 낮추려면 카드 수수료 내려야""",IT
"[단독] 뒤늦은 IMSI 개편…LGU+, 257대 장비 ‘망 전체’ 뜯는다",IT
"쉴드AI, 투자 추가 유지…기업가치 127억 달러",IT
27일 주총 게임사들…초점은 '체제 안정·주주 환원',IT
앤트로픽 손 들어준 美 법원… 트럼프 ‘공급망 위험’ 기업 지정 효력 중단,IT
폰카로 풍경 비추면 답변 줄줄…‘제미나이’ 영상·음성 검색 한국 출시,IT
"장현국 넥써쓰 대표 ""웹4 시대, AI 에이전트가 게임의 새 축""",IT
"오픈AI, 챗GPT 광고 두 달 만에 1억 달러 돌파…새 수익모델 만드나",IT
"삼성SDI, 엘앤에프-씨앤피신소재 ‘LFP 2중대’ 구축…美 공략 본격화 [배터리레이다]",IT
민주주의는 완성품이 아니다…시민의 관심을 먹고 자란다,IT
소설 ‘모비딕’ 속 고래 박치기 사실이었다 [달콤한 사이언스],IT
방미통위 표류 언제까지…1분기 정상화 사실상 무산,IT
"삼성 하만, 헝가리에 2300억원 투자…유럽 전장 확대",IT
"5년 적자 끊었다…김승언 남양유업 사장 ""성장 궤도 진입 신호탄""",IT
"검색창 두드리던 시대 끝나나…구글 검색, 이젠 '대화'로",IT
“치매가 너무 빨리 왔습니다”...성인 2만여명 추적했더니 문제는 ‘이 행동’,IT
구글 터보퀀트가 쏘아 올린 공…메모리 반도체는 정말 위기일까,IT
"대성파인텍, ‘DSM’으로 사명 변경하고 5대1 주식병합",IT
"엑스, ‘광고 보이콧 소송’서 패소…""반독점 피해 입증 못해""",IT
"도쿄 포켓몬 센터 흉기 난동으로 2명 사망…포켓몬 컴퍼니 ""임시 휴업""",IT
"논란의 '성인용 AI' 출시된다더니…""인간에 도움 안 돼"" 전격 중단",IT
애플 '빗장' 열리나…iOS27서 '시리' 개방 가능성,IT
"물이 4℃에서 가장 무거운 이유, 韓 과학자 10년 '뚝심' 연구로 풀었다",IT
"반려견, 1만4200년 전부터 인간 곁에 살았다",IT
넷플릭스 美 구독료 전격 인상…韓 가격 조정은 언제쯤,IT
"""나흘 만에 300만장 판매"" 돌풍…대작 게임 흥행에도 '신중'",IT
"'우주 임신' 영화선 되던데...실제론 ""수정률 감소""",IT
"DXVX, 바이오유럽에서 ‘먹는 비만약’ 알리기 총력",IT
"""메모리 6분의 1로 줄인다""…구글 터보퀀트에 반도체주 휘청",IT
"LG유플러스, ‘익시오’ 넘어 로봇까지…피지컬 AI로 확장",IT
"산일전기, 2대주주 지분 9.98% 블록딜 완료…""유동성 확보 목적""",IT
"현대차·SK온, 美 배터리 JV 사명 'HSBMA' 확정",IT
아첨하는 AI…‘나 잘난’ 인간 부추긴다,IT
"펄어비스 CEO ""붉은사막 스토리 아쉬움 공감…계속 업데이트""(종합)",IT
"물이 4도에서 가장 무거운 이유, 드디어 밝혀졌다 [지금이뉴스]",IT
유가 급등에 미소 짓는 BYD…해외 판매 호조에 주가 탄력,IT
구글판 ‘딥시크’ 충격…구글 AI 압축 기술 ‘터보퀸트’ 뭐길래 [세모금],IT
"우버, 포니 AI 손잡고 크로아티아서 로보택시 출시 추진",IT
"""챗봇 쓰면 지출 4.7배↑""…메이시스 데이터 공개",IT
"""수상한 이메일 한 통""… 엔비디아·슈퍼마이크로, 태국 경유 AI 칩 밀수 작전 꺾었다",IT
국내 연구진 ‘물의 비밀’ 풀었다…‘액체-액체 임계점’ 최초 관측,IT
"구글, 반도체 수요 줄이는 AI기술 '터보퀀트' 공개[글로벌AI브리핑]",IT
"‘T-B’ 시너지 강화…SKT, SKB 완전 자회사 편입 ‘지분 100%’",IT
"실리콘랩스, AI 가속기 품은 '시리즈 3' 4대 핵심 시장 맞춤형 공략",IT
"""제2의 조니 아이브 안돼""… 애플, 인재 가로채는 오픈AI에 '돈 보따리' 응수",IT
맥 프로 단종…애플 최고 데스크톱 역사 속으로,IT
"셀트리온, 일본서 옴리클로·아이덴젤트 품목허가…퍼스트무버 지위 확보",IT
"미 법원, 앤트로픽 가처분 인용…공급망 위험 지정한 트럼프 행정부 조치 제동",IT
"포항공대, '물이 4도에서 가장 무거운 이유' 증명…사이언스지 발표",IT
"앱클론, CAR-T·항체 치료제 다음 수 준비…자금 여력 확보 '포석'",IT
"에이티센스, 동물 심전도 사업 본격화…내달 동물 전용 판독센터 연다",IT
"애플, '맥 프로' 전격 단종… 20년 워크스테이션 역사 마침표",IT
"""시리야, 클로드 불러줘""… 애플, 독점 깨고 'AI 허브'로 변신한다",IT
"""폴더블 아이폰, 아이폰18 프로보다 늦게 나온다""",IT
유튜브 점령한 가짜 이국종?…100만명 속인 AI 딥페이크,IT
"빅테크, 영상AI 진단 정확도 의사 넘었다...위기론 나오는 까닭[빅테크 의료AI 잠식위기 上]",IT
올트먼 고집도 꺾였다...논란 끝에 '무기한 연기',IT
트래픽 급증에도 설비투자 6년새 40% 뚝,IT
삼성 '갤럭시S27 울트라'에 퀄컴 차세대 칩셋 탑재...스펙 보니 [1일IT템],IT
"[1분건강] 갑자기 몸에 튀어나온 ‘혹’, 혹시 지방종일까",IT
"""PC·스마트폰 버금가는 충격 온다""…실리콘랩스, 1조 달러 시장 정조준",IT
코스피 랠리가 바꾼 증권사 IT 투자…차세대보다 대외계 증설,IT
메모리사용량 6분의 1…삼전닉스 충격준 ‘터보퀀트’ 뭐길래,IT
'봄나들이' 엄마 발목 잡는 관절염…나빠지지 않게 관리 최선,IT
"“그 논문 좀 팔아주세요”...340년 된 英박물관, 韓교수에 눈독들인 이유는",IT
“평생 약 먹으란 것도 우울한데”…복제약값 부담 14년만에 줄인다,IT
"엔비디아·테슬라 ‘추풍낙엽’…막판 ‘트럼프 타코’, 삼전·SK하닉 살릴까",IT
"中, 8세대 OLED 디스플레이 설비투자 속도… 韓·日서 장비 발주 본격화",IT
게임업계 ‘보릿고개’에도 연봉 1억 눈앞… 대기업 수준 육박,IT
"SK하이닉스, ‘AI 제조 혁신’ 목표로 전액 출자… 가우스랩스 382억원 손상",IT
"영하60도 액체 임계점 첫 관찰…""과학 교과서 다시 써야""",IT
"[PLAY IT] 전용 스냅드래곤8 엘리트 5세대, '갤럭시S26 울트라'에 끼친 영향",IT
"""짠물 배당은 옛말""… K-게임, 자사주 수천억 원 태우며 '주주 모시기'",IT
고리2호기 재가동 임박…임계 전 시험 막바지 단계,IT
세스코 지하의 그 실험실은…‘숙적’ 생존 본능 해체의 최전선이었다,IT
"""물은 왜 위부터 얼까""…영하 70도서 수십년 미스터리 풀렸다 [팩플]",IT
물이 무거워지는 ‘4도 미스터리’ 한국이 풀었다,IT
희소 유전병 극복한 아기처럼... 단 한 명을 위한 치료제 시대 열린다,IT
[취재수첩] ‘격차’ 지킬 수 있을까… LG 올레드 TV가 마주한 시험대,IT
영하 60도에서 물의 비밀 풀었다… 세계 최초로 ‘액체-액체 임계점’ 관측,IT
영하 60도서 포착된 '물의 두 얼굴'…액체-액체 임계점 세계 첫 관측,IT
"POSTECH, 물 ‘액체-액체 임계점’ 존재 세계 최초로 증명",IT
“교과서 바꿀 획기적 발견” 韓 연구진…수백년 난제 ‘물’ 비밀 풀었다,IT
"포항공대, 기초과학 난제 해결…‘물의 임계점’ 세계 최초 관측",IT
"국내 연구진, 물의 미스터리 깼다… 세계 첫 ‘액체-액체 임계점’ 관측",IT
한강이 위부터 어는 데는 이유가 있다… 10년 연구가 밝힌 물의 두 얼굴,IT
영하 60도에서 두 가지 물 하나로→교과서 바꿀 발견 [지금은 과학],IT
"“영하 60도서 물의 비밀 풀렸다”…韓 연구진, 10년 만에 ‘결정적 증거’",IT
차가울수록 왜 가벼워지지?…'물의 비밀' 韓 연구진이 풀었다,IT
"세계적 난제, 한국팀이 풀었다…영하 60도서 밝혀낸 '물의 미스터리'",IT
영하 60도에서 드러난 물의 두 얼굴… 두 종류서 단일 액체로 변해,IT
물은 왜 4도에서 가장 무거울까…국내 연구진 10년 만에 풀었다,IT
우주에서 길 잃는 정자… 달 기지선 아이 못 낳나,IT
"10m 한지 두루마리 논문, 세계 最古 대학 박물관에",IT
우주 산업 빠르게 성장… 美서 관련 기업 주가 ‘신바람’,IT
"‘중복 상장 금지’ 규제에… 넷마블네오, IPO 철회",IT
"LG, TV 투트랙 전략… OLED 더 싸게, LCD는 고급화",IT
"청소년 SNS 중독 범인, 구글·메타로 결론",IT
"“한국 살면, 1년에 담배 300개비 강제 흡연” 놀라운 분석…끔찍한 미세먼지 탓 [지구, 뭐래?]",IT
"우주 경제 시대, 비상을 꿈꾼다… ‘K-라드큐브’ 아르테미스 탑승[내일은 유니콘]",IT
트럼프 옆 100만 팔로워 금발 女미군 정체,IT
빚더민데 신기술 투자? 한화솔루션 유증에 시장 반응 ‘싸늘’,IT
27일부터 2차 석유 최고가격…휘발유 1934원·경유 1923원·등유 1530원,IT
월드컵도 독점 중계?...‘시장 자율’ 한계에 정부 등판론 확산,IT
"삼성SDI, 피노 지분 투자…'포스코퓨처엠 JV' LFP 양극재 공급권 확보 [배터리레이다]",IT
"영풍, 고려아연선 반대 자사선 통과…감사위원 확대 두고 엇갈린 행보",IT
[단독] 박윤영호 KT 첫 행보는 '지방 구조조정'…7개 광역본부 4개로 통합,IT
“4시간 하면 300만원” “한달 4억도 벌었다” 한 때 BJ 난리였는데…뜻밖의 ‘결단’ 무슨 일?,IT
소라2 돌연 철수에 ‘당혹’…“내 영상은 어떻게?”,IT
이상일 용인시장 “전북표 얻으려는 팹 이전론 그만하라”,IT
가처분 무시한 방사청의 KDDX 직진…추가 공방 불씨,IT
"구글 터보퀀트에 반도체 급락…""과도한 우려"" 분석 늘어(종합)",IT
"청소년 SNS 중독 범인 된 메타·구글…""90억 배상하라"" 첫 평결 [팩플]",IT
글로벌 AI 시장 흔든 '에이전트'…국내도 1100만 돌파,IT
구글 신기술 '터보퀀트' 뭐길래…삼전·하닉 주가 털썩,IT
"쿠팡Inc, 대만에 4번째 풀필먼트센터 짓는다",IT
"복제약 가격, 오리지널의 53%→45%... 업계 반발에 인하 폭 축소",IT
"더존비즈온, 김용우 창업주 퇴진…EQT 지분 90% 확보에 상장폐지 가시화",IT
용인 반도체 산단 이전 논란…시민대책위 “원안 사수” 강력 선언,IT
"SK텔레콤, SK브로드밴드 완전자회사 편입 마무리 절차 돌입",IT
"더존비즈온, 창업주 퇴진… 이강수·지용구 공동대표체제 전환",IT
"코넥티브, AI진단부터 휴머노이드 수술 로봇까지 '새 판 짜기'…정형외과 표준 노린다",IT
메모리 대란에 꺾인 PC 출하량… 올해 마이너스 성장 예상,IT
"[현장+]게임즈 매각 카카오…정신아 ""파트너 시너지 구축""",IT
고혈압·당뇨 환자 약값 연 2만1000원↓…14년만에 약가개편 확정(종합),IT
"정재헌 SKT 대표 ""통신 점유율 40% 되찾고 주주환원 강화""",IT
"복제약, 53.55%→45%로 인하…14년 만에 약가제도 개편",IT
당뇨·혈압약 싸진다 … 年 몇만원씩 덜 낼듯,IT
"메타, 리얼리티랩스 또 감원…메타버스 줄이고 AI 올인",IT
[약가개편]혁신? 위협? 제약·바이오업계 의견 분분…외자사는 '방긋',IT
"[주총] ""시프트업 주가 저조"" 주주 지적에…""연내 스블2 정보 공개""",IT
구글판 ‘딥시크’?…삼전·닉스 주가 뒤흔든 구글 新기술 뭐길래,IT
"""암환자 수액 주머니도 걱정"" … 나프타 부족에 의료계 긴장",IT
"[약가개편] 고혈압·고지혈증·당뇨 복합환자, 年 2만1000원 아낀다",IT
희귀질환 치료제 100일 내 건보 등재…접근성 확대 속 재정 부담 논란,IT
"[주총 포커스]""빅테크와 경쟁은?주가는?""…카카오 주주들 '송곳 질문'",IT
"여기어때 ""판촉수단"" vs 공정위 ""업체 비용""…'쿠폰 과징금' 소송전",IT
KT 쇄신 본격화…임원 줄여 군살 뺀다,IT
"정재헌 ""올해 실적 회복할 것…AI 풀스택으로 기업가치 증명""",IT
“학력·경력 안 봅니다”…불붙은 AX인재 확보전,IT
“579억 또 빌린다” 만성적자 휘청…대형 국립병원에 대체 무슨일,IT
"국방 위성 텔레샛 손잡을까, 독자망 갈까…정부, 저궤도 위성통신 TF 띄웠다",IT
"엔씨, 사명서 '소프트' 뗐다…박병무 대표 ""게임 넘어 플랫폼·IT 확장""",IT
세계로 뻗는 K통신장비…광통신 앞세워 2조 수출 노린다,IT
"10년 복무 지역의사제, 비필수과 선택 시 수련기간 미반영",IT
첨단 해킹보다 무서운 '관리 부실'…2383건 보안 사고가 남긴 뼈아픈 교훈,IT
"""메모리 가격 상승에 올해 PC 출하량 5% 감소 전망""",IT
"에코프로 ""배터리 생애 주기 관리 신사업 추진""",IT
340년된 英박물관이 사들인 韓교수 논문,IT
구글판 '딥시크' 쇼크…삼성전자 개미들 '비명' 터진 까닭,IT
"급식도 ‘프리미엄 시대’…식품업계, 맛·AI로 차별화 승부",IT
"넷마블, 방준혁 의장 재선임…""게임 서비스 효율 극대화 할 것""",IT
학생부터 70대까지 '모두의 AI' 도전…전국민 대회 막 올라,IT
"""AI 때문에 실직하면 월 150만원""…美서 첫 시범 운영",IT
"국민성장펀드, 리벨리온에 2500억 지분투자 의결…민간 자금 포함 6000억 자본 조달 성공",IT
"금융보안원, ASM 공급 확대…보안 스타트업 타격 현실화",IT
트럼프 'AI 어벤저스' 꾸렸다...젠슨 황·저커버그 등 '민관 기술동맹' 참여,IT
"제이스텍 ""올해 배터리 장비 공장 2배로 증설 계획""",IT
"SKT, SKB 100% 완전자회사 편입 추진",IT
"""메모리 부족으로 올해 PC 출하량 5%↓…AI PC가 변수""",IT
"엔씨소프트, ‘소프트’ 떼고 ‘NC’로 새출발…이미지 쇄신할까",IT
"[AI는 지금] ""메모리 병목 뚫었다""…구글, '터보퀀트'로 AI 인프라 판 바꿀까",IT
[비즈톡톡] 설계만 하던 ARM… 왜 직접 ‘칩’까지 만들까,IT
"이부진 호텔신라 대표, 200억원 자사주 매입",IT
"MS, 한국 AI시장 본격 '태동'...""매년 30% 성장...2032년 75조 규모 전망""",IT
카카오 CA협의체 '헤드' 중심 슬림화…'정신아 2기' AI 대전환[only이데일리],IT
"토큰증권 인프라, 1티어 구조+프라이빗 블록체인 방식으로 간다",IT
"""AI 해커에겐 일주일도 길다""…인간만 뒤처진 '보안 전쟁' 현주소",IT
"가비아, 주총서 이사회 변화…얼라인 주주제안 가결",IT
'로드쇼의 해' 선언한 LCK…유력 우승 후보는 '젠지',IT
"[주총] 넷마블 김병규 ""주주가치 위해 네오 상장 철회…상법 개정안 때문 아냐""",IT
[모바일어플라이언스 줌인]③ 항공우주·ICT 확장…체질개선 시험대,IT
"'2기 체제' 맞는 정신아 카카오 대표, 주식 매입 강조한 이유",IT
"KT, 국내 최초 아이폰 ‘5G 단독모드’ 상용화...아이폰 17 시리즈 적용",IT
"넷마블, 방준혁 사내이사 재선임…경영 안정 속 AI 전환 '속도'",IT
"정신아 카카오 대표 연임…""올해 매출 10% 성장·이익률 10% 목표""",IT
"[주총 포커스] SKT 정재헌 ""실적·주주 친화 정책 회복할 것""",IT
"LG유플러스, 8월까지 유심 1370만장 확보…IMSI 허점 대책 연내 마무리 [only 이데일리]",IT
"""AI 낯설었던 70대도 어느새 유튜버""…모두의 AI 첫발 뗐다",IT
"파두 ""SSD 컨트롤러로 매출 확대…흑자 전환 가시권""",IT
"현대오토에버, 모빌리티 테크 고도화…대외 B2B 영토 확장 ‘초읽기’",IT
"휴머노이드 로봇, 백악관 가다…멜라니아와 포즈",IT
[디지털라이프] SK인텔릭스 '나무엑스' 생산 기지 가보니…“에이전틱 AI 고도화”,IT
"지능형 홈 확산, 3년째 제자리걸음",IT
"이노와이어리스, 'LIG아큐버' 새 출발…통신 넘어 AI·방산 사업 확장",IT
"[홈&테크]필터 비닐 안 벗기니 TVOC급증…LG전자, AI 공기청정기 M7이 보낸 '정직한' 경고",IT
"LG유플러스, 유심 교체 물량 확보…8월까지 전 가입자 대응 목표",IT
"SK텔레콤, 정재헌호 출항… 통신사서 AI컴퍼니로",IT
"""삼성 300조 반도체 초격차 사수""…용인 반도체 산단사수 대책위, 원안 추진 촉구",IT
"SKT, 흔들린 1위 위상 회복한다…AI풀스택·점유율40% 목표(종합)",IT
"정부, 27일 석유 최고가격제 상향조정…유류세 인하",IT
"카카오 '정신아 2기'... ""계열사 줄이기 마무리, 카톡 AI 서비스 집중""",IT
AI 전력난 구원투수 등판 LG엔솔…북미 ESS 생태계 주도권 굳힌다,IT
"신성이엔지, 주주가치 제고 강화…액면병합 결의⋅이사 보수 삭감",IT
"고려아연 외인·기관·소액주주 표심, 현 경영진에 무게 실어",IT
"""K뷰티·기념품 없는 게 없네""...올리브영 ‘센트럴 명동 타운’ 가보니",IT
"구글 '터보퀀트' 뭐길래...삼전닉스 위기? ""오히려 수요 커진다"" 시각도",IT
LCK 정규시즌 임박…9팀이 꼽은 우승후보는 '젠지',IT
SKT 정재헌 체제 출범…가입자 순증·점유율 40% 회복 총력,IT
"OLED 더 싸게, LCD 더 좋게...LG전자, TV 수익성 극대화 나선다",IT
"日 라인야후로 주인 바뀌는 카카오게임즈…""신작 출시 일정은 계획대로""",IT
"스웨덴 스톡홀름까지 날아간 최수연 네이버 대표, 왜? [아이티라떼]",IT
"MS “AI 도입은 끝, 이제 ‘프런티어’ 재설계 시대… 운영 방식 바꿔라”",IT
"10m 한지 두루마리에 쓴 박사논문, 세계 최고 박물관에 전시",IT
"SKT, 1.7조 비과세 배당재원 확보…“올해 회복이 우선”",IT
"SKT ""글로벌 AI 기업과 협력 지속...사외이사도 AI 전문가로""(종합)",IT
캐시카우는 탄탄한데 주가는 횡보…시프트업 “올해 신작 정보 공개”,IT
"엔씨소프트→엔씨 사명변경 완료… 박병무 ""약속이 성과로 실현될 것""",IT
"한화솔루션, 2.4조 유증 추진…""재무 개선·신기술 선점 위해 불가피""",IT
"""네이버 버리고 카카오 잡았다""…라인야후, 카카오게임즈 인수 배경은?",IT
한국인이 쓴 ‘10m 한지 두루마리’ 박사 논문… 英 대학 박물관 영구 소장,IT
구글의 ‘터보 퀀트’가 뭐길래... 삼성전자·하이닉스 주가 폭락,IT
"삼성전자, '삼성 브라우저' PC 버전 정식 출시…""에이전틱 AI 탑재""",IT
‘AI 콘텐츠 팜’ 3006개가 ‘찌꺼기’ 쏟아내며 인터넷 오염... 인간이 만든 콘텐츠에 ‘프리미엄’ 붙는다,IT
사측은 ‘성장’ 노조는 “꼬리 자르기”…카카오 주총 안팎 온도차 ‘극명’,IT
미국·이란 전쟁 시작은 2월 28일이 아니다,IT
헬리코박터 제균치료 받으면 끝?…이 생활하면 위암 발생률↑,IT
"카카오게임즈, 라인야후 품으로…""신작 출시·기존 경영체계 유지""",IT
"“SNS 많이 한 14세, 또래보다 단어 뜻 몰랐다”…SNS 할수록 어휘력·집중력 향상 늦어",IT
"스페이스X 상장 앞두고, 美 우주 기업 주식 급등",IT
"LG CNS, 하드웨어부터 RFM·맞춤 훈련까지…일 잘하는 로봇 만든다",IT
"SKT, 주주 달래기 나섰다... 1.7조원 비과세 배당 재원 마련",IT
"송호준 에코프로 대표 ""헝가리 공장, 고객사 수주 논의 중…LFP 투자는 신중""",IT
"[단독] 오픈AI, 韓 은퇴 세대 품는다…어버이날 '깜짝 행사'",IT
"넷마블, 넷마블네오 완전자회사 편입…“중복상장 논란 선제 차단”",IT
"엔씨소프트, ‘엔씨’로 사명 변경… 박병무 대표 “체질 개선 성과 실현 단계 진입”",IT
"[혁신기업] MMO 개발 명가 라이온하트 스튜디오, 글로벌 겨냥한 신작 쏟아낸다",IT
"[AI는 지금] 삼성 브라우저 올라탄 퍼플렉시티, AI 검색 주도권 잡을까",IT
"AI 인프라 허브로 부상한 인도…재벌 아다니, 메타·구글과 협력 모색",IT
"[현장] MS 부사장 ""챗봇 도입이 능사 아냐…조직 운영부터 AI 중심 설계해야""",IT
나스미디어 “OTT 이용자 10명 중 6명은 광고형 요금제 구독”,IT
"'엔씨(NC)'로 사명 바꾼 엔씨소프트, 브랜드 리뉴얼 마무리",IT
"'연구소 회동'한 배터리 3社 CEO…""해답 찾으러""",IT
"'정신아 2기' 카카오, AI 중심 사업재편 속도전(종합)",IT
"조원우 한국MS 대표 ""AX 실험 단계는 끝…성과로 연결해야""",IT
"SK바이오팜, 중국서 뇌전증 신약 ‘세노바메이트’ 공식 출시",IT
"SKT 최근 주가 강세에… 정재헌 ""앤트로픽 기대, AI 사업 다방면 검토""",IT
"김형태 시프트업 대표 ""연내 '스텔라 블레이드2' 정보 공개…기대감 키울 것""",IT
"세탁건조기가 1순위…삼성전자, 신혼가전시장 판 바꾼다",IT
"'재선임' 정신아 카카오 대표 ""주가 부진, 막중한 책임감 느껴""",IT
"SKT, 무선 점유율 40% 회복 목표…주주환원도 강화",IT
"LS, “투자여력 충분…중복상장은 정부 지침 이행”",IT
한상우 카카오게임즈 대표 “라인야후와 큰 전략적 방향 협의 마쳐…올해까지 현 체제 유지”,IT
"SKC, 김종우 체제 출범…1조 실탄 들고 유리기판 승부수",IT
카카오 정신아 2기 개막···“올해 AI·카톡으로 매출 10% 키울 것”,IT
"전력·인허가에 묶인 AI 인프라…데이터센터 특별법, 규제 완화 속도낸다",IT
"[주총]라인야후에 넘어간 카카오게임즈…한상우 ""전략적 방향성 합의 마쳐""",IT
"국내 게임 업계 돈줄 마른다... 넷마블네오, 정부 ‘중복 상장 금지 압박’ 이후 게임 업계 첫 IPO 포기",IT
"시프트업, 최대 실적에도 주가 부진…김형태 대표 ""차기작으로 반등""",IT
갤럭시 버즈4 판매 10만대 돌파…갤S26와 동반 흥행 몰이,IT
"배송 로봇, 도심 한복판서 ‘충돌’…반복 사고에 안전성 논란",IT
"SK하이닉스 ""올해도 HBM 출하량 견조…HBM4E 샘플 연내 개발""",IT
“호르몬 문제 아니다”…여성이 남성보다 성욕 낮은 이유,IT
"나라스페이스, ‘K-초소형 군집위성 시대’ 개막 정조준[내일은 유니콘]",IT
"구광모 ""AI 전환, 경영진 주도로 작은 거라도 빠르게 실행을""",IT
"[주총] 카카오에 97분간 쏟아진 주주 질타…정신아 ""카톡·AI로 정면 돌파""(종합)",IT
"감액배당 실탄 채운 SKT…정재헌 ""실적 회복해 주주환원 추진""",IT
"갤럭시폰 넘어 PC로...삼성 브라우저, PC 버전 공식 출시",IT
"“69분 만에 세탁·건조 끝”… 삼성전자, 세탁건조기 신제품 출시",IT
"'정신아호 2기' AI·카카오톡 박차…""수익화 모델로 주가 부양""(종합)",IT
"""이 글 이재용 회장님 보셨으면""…BTS 공연, 삼성 갤S26 울트라 '콘서트폰' 입증 [영상]",IT
홍합 접착단백질 활용해 3시간만에 방사성 물질 95% 제거,IT
"MS ""韓 AI 시장 규모 2032년 500억 달러…글로벌 허브될 것""",IT
'구매 전환율 28%' 파격… 현대백화점 AI ‘헤이디’가 바꾼 쇼핑 풍경,IT
"SK바이오팜, 자체 개발 뇌전증 치료제 중국 시장서 첫 처방 개시",IT
"엔켐, CATL 중국향 물량 본격 공급 준비",IT
"올인원 세탁건조기 ‘압도적 1위’ 자부…삼성, 웨딩 스토어·구독으로 신혼시장 락인",IT
"SK바이오팜, 뇌전증 신약 ‘세노바메이트’ 중국 출시",IT
"넷마블 김병규 대표 ""넷마블네오 편입, 주주 이익 고려해 결정""",IT
"파두 ""올해 반드시 흑자 전환…유상증자 계획 없어""",IT
"‘한국, AI 모멘텀 강력’...MS, AI 투어 서울 개최하고 고객사 유치 나서",IT
"SKT 정재헌 CEO ""시장 점유율 40% 회복…AI 야심차게 추진""(종합)",IT
"정재헌 SKT ""가입자 순증·점유율 40% 회복 목표""",IT
"뉴섬, 머스크 작심 비판 ""이 시대 에디슨이자 가장 실망스러운 인물""",IT
행성끼리 ‘꽝’…우주 충돌 사고 포착 [우주를 보다],IT
"[주총] ""예전의 카카오 아니야""…정신아 ""카나나·챗GPT로 AI 수익화""",IT
"세탁건조기, 신혼가전 ‘1순위’로…임성택 삼성 “비스포크 AI 콤보, 시장 바꿨다”",IT
"""하이닉스 잘되는데 왜""…SK 소액주주, 주총서 주가 저평가 성토",IT
"명노현 LS ""중복상장 없이도 항후 3년 투자금 조달 가능""",IT
"[주총] ""삼성은 칭찬받는데..."" 주주 질타에 카카오 정신아 ""임기 내 주식 매도 없다""",IT
"MS, 한국 AI 시장 75조원 전망…""실험 넘어 '프론티어 전환'""",IT
“강철보다 강도 2배” 무게는 1/4 불과…거미줄 닮은 초강력섬유 나왔다,IT
"“부장님이 보내셨나?”…수상한 ‘업무통지’ 메일, 클릭했다 큰코",IT
"카카오 정신아 연임 ""'카나나 연구소' 오픈…피드백 수용 창구""",IT
"[주총]엔씨, '소프트' 떼고 새출발…박병무 대표 ""고성장 국면 진입""",IT
"엔씨소프트→엔씨로 사명 변경…박병무 대표 ""게임 개발만 하지 않겠다""",IT
"[현장]SKT 정재헌 사장 ""시장 평가 달라졌다… AI 풀스택 기대감이 주가 견인""",IT
"""1등의 편안함 버렸다"" 정재헌 SKT 대표 ""가입자 순증 목표""(종합)",IT
"카카오, 정신아 체제 연장…게임 내려놓고 '선택과 집중' 강화",IT
"""카카오 주가는 언제 회복할까요""…카카오 주총장에서 주가 부양 요구",IT
"민형배·주철현, 정책 연대 선언…""전남 동부권 산업 대전환""",IT
"넷마블, 네오 상장 접고 100% 자회사로…""주주가치 고려""",IT
"카카오 정신아호 2기 출범…""올해 AI·카톡으로 10% 성장 목표""",IT
"정재헌 SKT 사장 ""올해 핵심 목표는 '회복'…무선시장 점유율 40% 복구 노력""",IT
KT 핵심임원 다 바꾼다…‘박윤영호’ 인적 쇄신,IT
"대웅 ""우루사 UDCA, 위암 수술 후 담석 위험 최대 67% 낮춰""",IT
"라인야후로 최대주주 바뀌는 카카오게임즈…""기존 기조 유지가 최우선""",IT
"""사명 '엔씨'로 변경""…엔씨소프트, 주총서 확정",IT
10m한지 두루마리 논문…英박물관이 영구 소장,IT
"SKT 정재헌 ""신뢰 확보하겠다…올해 고객 순증 목표""",IT
"SK텔레콤, 업계 첫 비과세배당 실시…""신뢰 회복·주주친화 집중""",IT
카카오 정신아 대표 연임 확정…'AI사업 속도전' 강조,IT
강남에 18층 빌딩 올리는 KT…부지 확보에만 1800억 투자,IT
"[주총] ﻿주주환원 효과 제고⋯SKT, 비과세 배당 안건 승인",IT
"고위 경영진에 ‘대규모 보상’ 내건 메타, 메타버스 사업부는 추가 감원",IT
"""AI 성능 4배 점프"" 인텔, 차세대 비즈니스 PC용 코어 울트라 시리즈 3 출격",IT
"최수연 네이버 대표, 스포티파이 경영진 만났다",IT
"SK텔레콤, 비과세 배당 ‘1조7000억’ 마련",IT
구글 '터보퀀트' 기술 공개로 메모리 수요 향방 논쟁 '활활',IT
스페이스X IPO 기대감에 미국 우주항공주 급등,IT
"'정신아 2기' 카카오 출범…""에이전틱 AI로 카톡 체류시간 20%↑""",IT
"감기약 옆에 웬 위장약?…복지부-의협 ""관행적 세트 처방 막기로""",IT
"'선택과 집중' 강화하는 정신아號 카카오 ""매출 10% 성장 목표""",IT
"""방향성 협의 마쳤다""…라인야후 체제 앞둔 카카오게임즈, 경영 변화는 '신중' 모드",IT
"[주총 포커스] 넷마블 김병규 ""네오 상장보다 일원화가 주주에 이익""",IT
"한상우 카겜 대표 ""라인야후, 사업기조 크게 흔들진 않을 것""",IT
"엔씨소프트, ‘엔씨’로 새출발…정기 주주총회 개최",IT
"신입도 사장님도 ""이건 배워야돼""…기업교육 시장 '확 달라졌다' [인터뷰]",IT
"'1주년' 네이버 AI 브리핑, 올해만 9번 업데이트…'관련질문' 클릭 6배↑",IT
"SKT 정재헌 CEO ""고객 신뢰 확보로 올해 순증 목표""",IT
"[주총] 정재헌 체제 SKT, '글로벌 AI 컴퍼니' 실행력 높인다(종합)",IT
"엔씨소프트, 주총서 사명 '엔씨'로 변경 확정",IT
"유종상 툴젠 대표 “크리스퍼 카스9 특허전, 하반기 본게임…3자합의 압박 커질 것”",IT
"24시간→3시간, 홍합 모사 코팅제…‘방사성 세슘’ 신속 제거",IT
전장에서 황금알을 낳는 팔란티어 AI [AI와 함께하는 세상],IT
'오늘 삼전닉스 왜 이래'…'구글' 신기술 등장에 '급락',IT
“SKT 핵심 과제는 점유율 40% 탈환”,IT
‘AI 에이전트’ 전면에 내세우는 네이버·카카오,IT
"큐렉소, 인공관절 수술로봇 美 FDA 승인 획득 ... 미국 진출 본격화",IT
투썸플레이스 ‘생크림 커피’ 2주 만에 30만 잔 팔려,IT
"""내 번호 어떻게 알았지?""…선거문자 출처 숨긴 후보자 처벌 대상",IT
"감액배당 결정 SK텔레콤, '세금 없는 주주환원' 시동",IT
"""화성에 루비·사파이어 숨겨져 있을 수도"" [우주로 간다]",IT
"10미터 한지 두루마리 박사논문, 340년 된 英 박물관 영구 소장품으로",IT
"""안드로이드 비싸질 때 동결로 버텼다""… 애플, 中 아이폰17 앞세워 역습 성공",IT
"시프트업, 실적 우상향에도 주가는 반토막… “기다려달라” 원론적 답변에 주주들 한숨",IT
"""덩치는 10분의 1, 성능은 더 강력""… 애플, 온디바이스 AI '모바일 클립' 발표",IT
"[주총 포커스]카카오게임즈 한상우 ""대주주 변경, 큰 틀 협의 마쳤다""",IT
"애플, '비전 프로' 기밀 유출 전직 엔지니어와 합의…기술 방어 총력",IT
'공중제비 로봇은 필요 없다'… 리비안 CEO의 로봇 공습에 5억달러 유치,IT
"중증 대동맥판막협착증, 증상 없어도 빨리 수술해야 오래 산다",IT
"‘10년 OLED 임상 데이터’가 격차…LG전자, 소니-TCL·삼성 공세에도 자신감",IT
"SKT, 비과세 배당 ‘1조7000억’ 마련…올해 말부터 활용",IT
'50% 점유율' 사수 나선 LG전자…“넥스트 OLED로 세대 교체”,IT
"삼성, 차차세대 엑시노스 '뱅가드' 연내 설계 목표…2나노 고도화 지속",IT
"류석문 현대오토에버 대표 “로봇 SI 사업, 대외영역까지 계획 중”",IT
라인야후 품에 안긴 카카오게임즈…한상우 “올해 론칭까지 현 체제 유지”,IT
"'엔씨'로 새 출발…박병무 대표 ""성장, 결과로 말씀드리겠다""",IT
인텔·AMD CPU 수요 폭증에 공급 지연…PC 가격 '인상' 공급 '깜깜',IT
"KLA, 4년 후 매출 2배 성장 제시…“첨단 반도체 검사·계측 수요 확대”",IT
"MS “韓, 글로벌 AI 허브…지능형 에이전트 설루션으로 국내 기업 AI 혁신 도울 것”",IT
왜 트럼프는 뉴욕증시 개장 시간에 중요 소식 발표하나,IT
오픈AI '소라' 중단되자 머스크 '꿈틀'…AI 영상에 승부수 띄웠다,IT
"카카오게임즈 CEO ""최대주주 변경에도 신작 출시·경영 전략 변화 없다""(종합)",IT
"[단독] ""나프타 끊기면 수술·항암도 차질""… 정부·수액 3사 '수급 비상' 대응",IT
"글로벌 IB ""실적↑ 목표가 36만원""…크래프톤, 2% 상승 [핫종목]",IT
"LS전선·에코에너지, 세계 희토류 2위 라이너스와 동맹 …탈중국 공급망 구축",IT
"""TV로 유튜브·OTT 보는 10~40대""…실시간 채널 시청보다 앞섰다",IT
NHN 정우진 4연임…결제·클라우드 웃었지만 게임은 숙제,IT
"[현장] 국민은행 ""올해 AI 에이전트 100여개 도입…고객 경험·서비스 강화""",IT
"대웅제약 ""우루사 성분, 위암수술 후 담석위험 최대 67% 낮춰""",IT
한상우 카카오게임즈 대표 “신작 성공이 최우선”... 지배구조 변화 속 '체제 유지',IT
"뼈 건강의 핵심은 ‘균형’…약해진 뼈대, 세심하게 수선하고 관리해야",IT
뉴스 댓글 되살린 다음…AI 기반 '3중 검증'으로 좌표찍기 막는다,IT
"“여보, 로망스다리 안 가도 되겠어”…데이터가 찾은 우리 동네 ‘핑크빛 낙원’",IT
"올레드 대중화·LCD 고급화… LG전자, 올해 TV 사업 수익성 개선 ‘사활’",IT
"LG전자 ""1분기 TV 사업, 전년비 개선 전망""",IT
"LG 올레드 TV, 무게 절반 줄이고 AI로 더 똑똑해졌다",IT
공기 속 이산화탄소로 만든 맥주 나왔다,IT
"'라인야후에 인수' 카카오게임즈 CEO ""전략적 방향 협의 마쳐""(종합)",IT
"'옥스퍼드 만점' 한국인이 쓴 10m 한지 논문, 英박물관이 영구 소장",IT
KT 핵심 임원 다 바꾼다…‘박윤영호’ 인적 쇄신,IT
"[AI 리더스] ""범용 AI 한계 넘는다""...월드모델 노린 이홍락, LG '엑사원'으로 산업 판 흔들까",IT
"GIST, 빛으로 유해가스 감지하는 고감도 센서 개발",IT
"삼성디스플레이, 모니터용 저반사·고강도 필름 ‘퀀텀 블랙’ 개발",IT
"AI에 수백조 쏟는 메타, 직원 수백 명 자른다",IT
"GIST, 눈에 보이는 빛으로 유해가스 감지…고감도 센서 개발",IT
"삼성, 에이전틱 AI 더한 '삼성 브라우저' PC버전 정식 출시",IT
"LG유플러스, 전 사업장 차량 10부제 도입",IT
"애플, 구글 두뇌 빌려 '나만의 시리' 만든다…제미나이 '완전 접근권' 확보",IT
배경훈 부총리 재산 43억7141만원…채무 줄어 2억 늘어,IT
전쟁 끝나나…미·이란 협상 기대감에 금값 들썩,IT
‘대기업·플랫폼 해킹→피싱’ 연결 고리 데이터로 나왔다,IT
[2026 재산공개] 배경훈 부총리 재산 43억 신고… 구혁채 1차관 과기부 장차관 중 유일 다주택자,IT
러시아판 스타링크 ‘라스베트’ 뜬다…위성 16기 첫 발사,IT
"메타·구글, ‘SNS 중독’ 소송서 패소… 약 90억원 배상 평결",IT
"빛 반사 잡고 내구성 높였다…삼성디스플레이, QD-OLED 모니터용 퀀텀블랙 개발",IT
"'통합 AI 에이전트' 강조한 네이버…""'챗GPT 흉내' 대신 플랫폼 전환""",IT
넥슨 ‘낙원’ 닷새간 28만 명 누볐다…글로벌 비율 58%,IT
[주총] 게임업계 주총 시즌 돌입…임기 이어가는 경영진들,IT
AI 시대의 '석유'…토큰이 뭐길래,IT
"삼성전자, ‘삼성 브라우저’ PC 버전 출시…퍼플렉시티 손잡고 AI 진화",IT
아이폰도 ‘진짜 5G’…KT 국내 최초 아이폰 5G SA 상용화,IT
"MS, AI 전환 속도전…다양성 책임자 퇴사로 조직 재편 가속",IT
"넷마블, 넷마블네오 상장 중단…‘100%’ 자회사 편입",IT
[미장브리핑] 미국-이란 고위급 회담 추진…증시 상승 마감,IT
[오리진] 개는 농업 탄생 전부터 같이 있었다,IT
"트럼프, 빅테크 수장들에 AI정책 자문받는다[글로벌AI브리핑]",IT
"'재주는 게임사, 돈은 구글·애플'…K게임의 그림자",IT
"이게 '접는 아이폰' 대항마…갤럭시Z 와이드 폴드, 렌더링 공개",IT
"네이버·두나무 합병 '지분 제한' 움직임에 학계선 ""위헌 소지""",IT
"""한국, AI 핵심국""…SKT '다크호스'로 지목",IT
"LGU+, 유심 초기물량 577만장 확보…8월 교체 마무리 목표",IT
RNA·바이오시밀러·ADC…모멘텀 살아난 K바이오[바이오맥짚기],IT
[1분건강] 봄이면 유독 졸린 이유…가벼운 유산소 운동 도움,IT
"카카오모빌리티, 로봇 생태계 확장…가동률 8배 개선해 상용화 박차",IT
"팀 쿡 CEO ""아이폰 덜 쓰라""…애플 지도엔 광고 도입 추진[모닝폰]",IT
[주총] 넥슨 이정헌 대표 연임…쇠더룬드와 '투톱 체제' 본격화,IT
"“SNS 중독되게 설계” 메타·구글, 44억원 배상 평결",IT
환율·국채금리 동반 상승…중동 불확실성 고조에 금융시장 긴장,IT
"AI 기업 마키나락스, 코스닥 IPO 절차 돌입",IT
"""한국, AI 핵심국""…SKT 다크호스 급부상",IT
"하반기 출격 '갤럭시Z폴드 8', 충전 시간 확 줄인다 [1일IT템]",IT
이미 완성형이었던 갤폴드7…후속작 '갤폴드8'은 어떨까,IT
"IBK기업은행, 디지털뱅킹 리빌딩 1단계 착수…유닉스 벗고 리눅스·AI 플랫폼 전환",IT
"LGU+, 유심 교체 초기물량 577만장 확보…8월 마무리 목표",IT
"[AI 비서 시대]①카카오툴즈, 대화로 추천까지 OK…결제까지 원스톱은 NO",IT
"""배차 성공률 공공 개방"" 법 시동…업계 ""영업기밀 노출우려""",IT
"[인터뷰] ""이젠 SW가 아닌 '일'을 판다""…노션, AI 시대 전략 제시",IT
"넥써쓰, 게임사 틀 깨고 블록체인 공룡으로 도약",IT
"“10명 중 7명 울트라”…갤럭시 S26, 퀄컴이 판 갈랐다",IT
美 AT&T 5년간 373조 쏟아붓는데... 통신 3사 AI ‘부업’ 집중하다가 통신 ‘본업’ 놓친다,IT
롤렉스 15년 장인 경험에 AI 결합…중고시계 시장 판 흔든다,IT
"""수십조 매출인데, 해킹 증거 인멸 벌금 5000만원 무서울까?""",IT
"""개발은 AI가, 인간은 설계만""…네카오·오픈AI도 주목한 '랄프톤' 뭐길래",IT
"사탕무 한 스푼의 마법, '골칫덩이' 폐천막을 황금 자원으로 [언박싱 연구실]",IT
"‘5타석 5홈런’ KAIST 창업왕…“키울땐 짠물경영, 키우면 전문경영이 비결”",IT
"카카오, 카카오게임즈 지분 팔았다…AI 재편 속 '라인야후' 변수 커져",IT
'방송만? 통신까지?' 최민희·김현 진흥원 법안 발의…협단체 셈법 복잡,IT
"동물원 펭귄, 야생보다 오래 살지만 ‘가속 노화’…남 얘기 아니네!",IT
"[단독] 공정위, ‘NXT의 스타트업 기술 탈취 의혹’ 조사",IT
"한국IBM “금융 AI, 속도보다 신뢰…거버넌스가 AX 성패 가른다”",IT
번호이동 대란 '찻잔 속 태풍'… 이통3사 점유율 변화 미미,IT
다 보이던 BTS 멤버가 하얀 점으로...800m 거리서 찍은 폰 영상 '깜짝',IT
“이젠 안 쓰는 사람이 소수”…설치율 87% 찍은 ‘이 앱’ 대체 뭐길래,IT
[리뷰]낫싱 ‘폰 4a’… 스마트폰 본질만 남기고 가격 거품 뺀 매력적인 중급기,IT
카메라에 힘 준 신작… ‘디카’에 스마트폰 넣은 줄,IT
음성 대신 뇌파·입 모양으로… AI에 명령 내린다,IT
"반도체 설계 IP기업 ARM, 자체 칩 판매 나선다",IT
"25년 만에 해외 증시 재도전… SK하이닉스, 美 상장 착수",IT
"‘AI 집중’ 카카오, 카카오게임즈까지 판다",IT
[재산공개] 오유경 식약처장 96억 신고…주식 수익 등으로 12억 증가,IT
[재산공개]배경훈 부총리 재산 43억…NIA 원장은 65억,IT
[재산공개]100억대 주식부자 DGIST 총장…총 재산 209억,IT
배경훈 과기정통부 장관 재산 43억원…똘똘한 한 채 보유,IT
[재산공개] 정은경 장관 57억 신고…오유경 식약처장은 96억,IT
"NASA, 달 기지로 전략 전환…게이트웨이 접고 '속도전·민간 경쟁' 체제",IT
"마키나락스, 5월 코스닥 상장…“피지컬 AI 글로벌 리더 목표”",IT
자본잠식 ‘라인게임즈’ 구하기…카겜 합병하면 우회상장 효과,IT
"“하루 1대도 안 팔려” 망한 줄 알았는데 대반전, 갑자기 무슨 일이…삼성까지 위협",IT
"'낸드 3총사' 키옥시아·샌디스크·솔리다임, 난야에 공동 투자",IT
"""美스포츠는 이미 'AI 실시간 활용'…완전히 달라졌다"" [인터뷰]",IT
[카드뉴스] 손바닥만 한 고등어와 비싸진 가격의 비밀,IT
"그들은 왜 AI 버블 붕괴를 확신하나... ""공포 조장 아니라 논리이자 역사 패턴"" [이영태의 초점]",IT
"인텔리빅스, 코스닥 예심 청구…흑자 기반 일반상장 승부수",IT
"“커다란 눈, 높은 코, 갸름한 턱… 비현실적 외모” 식상하다 했더니 ‘충격’ 반전",IT
카카오게임즈 경영권 매각…새 주인은 라인야후,IT
해킹공포 커진 AI 시대…양자컴도 못 뚫는 ‘양자내성암호’ [테크언커버드],IT
"[거버넌스 리빌딩] 유영상 전진배치 SK스퀘어, AI·반도체 투자 가속",IT
"카카오가 내려놓은 카카오게임즈, 라인야후가 집은 이유",IT
"넷마블, 넷마블네오 상장 철회…100% 자회사로 편입",IT
"AI 스타트업 마누스, '탈중국' 전략 실패하나...""임원 출국 제한""",IT
"넷마블, 넷마블네오 상장 중단…완전자회사 편입",IT
“밥값 계산해야 하는데” 점심 시간 삼성페이 결제 오류…이유는?,IT
"미군 이란 공습에 AI 투입…팔란티어 CTO ""현대 전쟁 전환점""",IT
"디지털자산법 지연에… 野 ""과세 폐지"" 학계 ""지분규제 위헌""",IT
"""플레이할수록 재미있는 걸작""… 붉은사막 300만장 팔렸다",IT
"'붉은사막' 300만장 돌파 효과…펄어비스, 하루만에 주가 23% '급등'",IT
'게임 사업'서 한발 물러난 카카오… AI·플랫폼에 힘 쏟는다,IT
"넷마블, 넷마블네오 상장 대신 '완전자회사' 택했다",IT
"넷마블, 핵심 개발사 넷마블네오 상장 철회…100% 자회사로 편입",IT
"美 앤두릴·팔란티어, ‘골든 돔’ 방공망 SW 개발 착수",IT
"SK하이닉스, 25년만에 해외 증시 문 다시 두드린다...반도체로 ‘금의환향’",IT
은퇴과학자 10만명 시대...‘연구자 예비군’ 만들어 글로벌 패권 잡자,IT
"[DD퇴근길] 게임 덜어내는 카카오, 라인야후 협력 물꼬 텄다",IT
"[단독] “임원이 이렇게 많을 필요 있나”…새 대표체제, 최대 20명 줄인다는 KT",IT
AI 올인하는 카카오…카카오게임즈 라인야후에 매각[팩플],IT
2034년 3조원 시장 열린다…우주잔해 제거기술 선점 경쟁,IT
‘전력 직접거래’ 특례 담은 AI 데이터센터 특별법 국회 법안소위 통과… 비수도권 분산 물꼬 트나,IT
떠도는 폐위성·파편 수만개…재사용 가능한 ‘우주 청소부’ 만든다,IT
'나혼렙' 넷마블네오 상장 철회…넷마블 완전자회사 편입,IT
“벌써 23% ‘급등’…샀어야 했다” 300만장 돌파한 ‘이 게임’ 때문에 난리라는데,IT
1g만 소멸해도 핵폭탄급 에너지 뿜는 '반물질' 트럭으로 옮겼다,IT
"8년새 매출 70배…마키나락스, 코스닥 상장 신호탄",IT
적자회사 카겜 파격인수 왜? 속내는 '라인게임즈' 구하기,IT
"""점심시간 결제량 몰려서""…삼성월렛 오류, 원인은 '트래픽 증가'(종합)",IT
"“시총 9조달러 되면 스톡옵션 쏜다”…저커버그, 경영진에 ‘파격 보상’ 내걸어",IT
"[앱마켓 수수료 인하]⑤ 4213억 내는 크래프톤, '인도'가 승부수",IT
"넷마블, 자회사 '넷마블네오' 100% 편입…중복 상장 우려 차단",IT
"‘자회사 상장 불가능’…넷마블, 넷마블네오 자회사로 편입",IT
"""고려아연, 적대적M&A 방어 가치훼손 단정 안 돼""...류영재, 연기금·사모펀드 협공에 일침",IT
"이영진 전 헌법재판관 ""가상자산 거래소 지분제한, 민주적 기본질서에 반해""",IT
"네이버·두나무 합병 본격화…""대주주 지분 제한 위헌 소지""",IT
[유미's 픽] 'AI G3' 외치지만 실무 인력 태부족…인력난 해결 '절실',IT
[카카오게임즈 새판]③ 3000억 실탄 확보…재편 이후 전략은,IT
"권영식 이끄는 넷마블네오, IPO 추진 중단…넷마블 완전자회사로",IT
창업 5전5승 비결은 '짠물경영'이죠,IT
"1조원 투입해 주가 부양… 크래프톤, ‘김창한 3기’ 닻 올렸다",IT
"팔란티어 CTO ""이란 전쟁은 최초의 ‘AI 전쟁’…걸프전 때 6개월 걸리던 일 2주 만에""",IT
"K-바이오, 내달 암학회서 항암제 연구 성과 공개...기술이전 기대",IT
"NASA, '루나 게이트웨이' 건설 멈춘다…'달 표면 기지' 우선",IT
"한미반도체, 세미콘 차이나서 2.5D TC 본더 첫 전시",IT
"성장세 이어간 IT서비스 대기업들, AX 시장 선점 나서",IT
"스타링크 공공 도입 빨라진다…어선은 본격화, 산불망은 제도 숙제",IT
"[르포]최신폰 갤S26이 60만원? ""출시 한달만에 지원금 50만원으로 껑충""",IT
"BPS, 갤럭시 S26 울트라 충전기 양산…'60W 초고속·초저전력'",IT
"당정 기본법 지연되자…야권 ‘과세 폐지’, 학계 ‘지분 규제 위헌 경고’ [크립토브리핑]",IT
"웹젠, 배당·자사주 소각 900억 주주환원…시총 20% 수준",IT
"[주총 포커스]SK스퀘어 김정규 ""하이닉스 美 상장, 재평가 기회""",IT
"10년의 동행, 40분만에 이별…주인 바뀐 카카오게임즈 운명은",IT
넥슨 '메이플 주역' 강원기 본부장 퇴사…확률 논란 책임,IT
"""5년 내 시총 6배 올려라""…'역대급 보상' 승부수",IT
"""붉며든다""…펄어비스 ‘붉은사막’ 순항에 주가 상한가 근접 ‘반전’",IT
[카카오게임즈 새판]② 왜 지금 바뀌나…부진한 실적이 남긴 과제,IT
"성균관대 연구팀, 양자컴퓨터 핵심부품 TWPA 독자개발 성공",IT
갤S26 출시 2주만 이통사 지원금 15만→50만원,IT
"코리아세븐, '외부수혈'로 적자 탈출 시동…신동빈 승부수 통할까",IT
"펄어비스 붉은사막, 논란 딛고 '300만장' 돌파...손익분기점 넘어",IT
"""와, 10조원"" 역대 최대 규모 AI 전환 사업… 정부 설명회 ‘인산인해’",IT
"게임도 떼낸 카카오... '조직 슬림화' 박차, 정신아 대표 승부수",IT
"""코인 담보로 대여 가능""… 업비트, 코인빌리기 서비스 대수술",IT
"""이 시간에 이러면 밥먹지 말란거냐""…점심 시간대 삼성월렛 결제 오류 발생",IT
"셀트리온, 고바이오랩과 장 질환 치료제 라이선스 인 체결",IT
"팔란티어 CTO “이란 전쟁, AI가 주도한 첫 대규모 전투”",IT
"""역시 아이돌 폰"" BTS콘서트 현장에서 빛난 갤S26의 '이 기능'",IT
"한미반도체 곽동신 ""연매출 40% 성장 예상""",IT
"SK하이닉스 ""순현금 100조 목표""...주주들 ""배당 확대"" 요구(종합)",IT
벌써 300만장 팔린 ‘붉은사막’…“미친 그래픽” vs “조작감 별로”,IT
"Arm, AGI CPU 시연 ""저전력·고성능으로 효율 극대화""",IT
"54년 만에 달 궤도 가는 美, 우주정거장 대신 달에 직접 기지 짓는다",IT
BTS공연이 아쉬웠다고…하이브가 정립한 엔터 성공방정식,IT
"콜레스테롤 단백질, 세포사멸 조절 外 [과학게시판]",IT
"[현장] ""AI 제품, 1~2년 내 시장 투입""…정부, AX 스프린트로 AI 상용화 속도전",IT
AI에이전트발 ‘데이터 빅웨이브’ 대비…GPUaaS 필수시대 온다,IT
[모바일어플라이언스 줌인]② 메자닌 반복 조달…재무 부담 지속,IT
"[현장] AI 스타트업이 MS 인프라 택한 이유…""빠른 사업 확장 도와""",IT
삼쩜삼 다음은 토스?…세무플랫폼 겨냥한 ‘도장깨기’,IT
"번호이동 대란, '찻잔 속 태풍'이었네…SKT 40% 회복 또 불발",IT
美 폴더블 시장서 삼성 점유율 51%로 하락... 모토로라 44% 맹추격,IT
SK스퀘어 “내년초까지 3100억원 주주환원”,IT
"카카오게임즈, 신작 부진에 日라인야후 품에서 ‘새 길’",IT
"이통3사, 갤럭시 S26 지원금 2배 인상…공통 지원금 50만원 선",IT
"SK스퀘어 김정규號 출항…""올해 AI·반도체 중심 사업 재편""",IT
日 라인야후로 주인 바뀐 카카오게임즈… 글로벌 확장 기대 속 시너지 효과 미지수,IT
"드리미, 韓 로봇청소기 1위·종합가전사 표방했지만…모바와 차별화 숙제",IT
"반도체 설계도 제공하던 ‘ARM’, 첫 자체 칩 출시",IT
"“왜 안되지…” 삼성페이, 점심시간 일부 결제 오류 발생",IT
"SK스퀘어, AI·반도체 중심 재편 속도… 김정규 신임 대표 선임",IT
"SK스퀘어 ""3년간 배당수입 30% 이상 환원""…내년 초까지 3100억 쏟는다",IT
IPO 앞두고 곁가지 정리하는 오픈AI..AI 영상 도구 ‘소라’ 접고 사업 재편,IT
"""20주년 아이폰, 풀스크린폰 어렵다""",IT
브로드컴 “TSMC 생산 능력 한계”… 삼성 파운드리 수혜 여부 ‘촉각’,IT
AI 데이터센터 특별법 첫 관문 통과…'전력직거래' 이견은 여전,IT
"모토로라, 북미 폴더블폰 점유율 44%…쫓기는 1위 삼성",IT
"정부 ""러시아산 원유·나프타 도입 가능""…석화 숨통 트이나",IT
"갤S26, 60만원대로 '뚝'…역대급 기록 세우더니 지원금 '쑥'",IT
1700만명 유심 교체하는데…홈피 공지만?,IT
콜레스테롤 조절 단백질의 변심… 세포 생존·죽음도 조절,IT
"셀트리온, 신약 개발 속도낸다…고바이오랩과 장 질환 치료제 라이선스 인 체결",IT
"셀트리온, 고바이오랩과 2000억 규모 장질환 치료제 기술 도입",IT
"정신아式 거버넌스 재편…카카오, 게임 덜어내고 AI 올인",IT
제미나이 주사용자는 챗GPT에서 온 ‘이민자’…3명 중 2명 꼴,IT
넷플릭스도 제쳤다…한국인들 돈 내고 쓰는 '국민 앱' 뭐길래,IT
"SK하이닉스, '순현금 100조' 실탄 마련한다…곽노정 ""AI 생태계 투자 확대""",IT
"셀트리온, 고바이오랩과 장 질환 치료제 라이선스 인 체결...“마이크로바이옴 후보물질 확보”",IT
"애플, 지난달 국내 모바일 시장 점유율 2년 내 최대 30.42%",IT
"""실력은 판매량이 증명한다""…'붉은사막' 300만장 돌파에 펄어비스 주가 급등",IT
"이재용 “깊은 위로와 감사”… 삼성, 중동 체류 임직원에 500만원 상당 선물",IT
"""검색은 네이버, 비서는 카카오""…AI 수익화 누가 먼저 웃나",IT
세계가 주목한 K탈모 리더 리필드… ‘cADPR’이 뭐길래,IT
"삼천당제약, 2500억원 규모 최대주주 지분 매도 공시…주가 18% 상승",IT
“인간이 병목 돼버렸다”…AI에 휘둘리는 ‘클로드 블루’ 확산[김현지의 with AI],IT
"국민의힘, 가상자산 과세 폐지 추진…""이중과세·형평성 문제""",IT
"넥슨 ‘낙원: 파라다이스’, K-좀비 게임 성공 가능성 입증…27만명 몰렸다",IT
주인 바뀌는 카카오게임즈…中 이어 韓 게임사 눈독 들이는 日 자본,IT
"""중국산 통로 막아야""…피지컬AI 국산화 외친 기업들",IT
"한국 달 착륙선, 중위도 지역 내릴 가능성 큰 까닭은",IT
"""더블오·W에 47연 무료 가챠""…'SD건담 지 제네레이션 이터널' 1주년 혜택 쏟아진다",IT
"""게임 내려놓고 AI 올인""…카카오, 라인야후 손 잡은 속사정은",IT
2032년 K-달 착륙선이 내릴 곳은?…위도 50∼70도 후보지 공개,IT
"헬기 6대 싣고 화성으로…NASA, 원자력 우주선 첫 도전 [우주로 간다]",IT
달 탐사선 착륙 후보지 30곳 압축…올해 말 최종 확정,IT
2년 만에 ‘소라’ 접는 오픈AI···지금 중요한 건 수익화? 빅테크들의 ‘선택과 집중’,IT
‘붉은사막’ 300만장 판매에 펄어비스 상한가 근접,IT
"카카오게임즈, 日라인야후 품으로... 3000억원 수혈 글로벌 승부수",IT
카카오 대신 라인…카카오게임즈 글로벌 게임 사업 순항할까,IT
"韓 의결권 자문사 '서스틴베스트', KT 주총 안건에 모두 '찬성'",IT
"[단독] 공정위 ‘NXT의 기술탈취’ 조사 착수...금융위, 조각투자 본인가 심사 중단",IT
"모토로라, 북미 폴더블 점유율 44%…삼성전자 맹추격",IT
카카오에서 '다음'도 '게임'도 나간다…정신아호의 'AI 올인',IT
출시 한 달 만에 ‘갤럭시S26′ 지원금 50만원까지 두 배 증가,IT
차세대 리튬-황 전지 대량생산 해법 찾았다…제조단가 2.1배 줄여,IT
2032년 한국 달 착륙선 후보지 윤곽… 위도 40~70도로 압축,IT
아직도 ‘핵 어뢰’가 바다에…1989년 침몰한 소련 핵잠수함 여전히 방사능 유출 [핵잼 사이언스],IT
"Arm, 실리콘 칩 직접 만든다…인텔·AMD와 경쟁구도",IT
성병·마약·독감도 '자가 검사' 시대 열린다,IT
곽노정 SK하이닉스 대표 “HBM4 고객사 일정에 따라 공급 중”,IT
"우주청 ""2032년 달 착륙선 보낸다""…3단계 로드맵 공개",IT
"中 드리미, 정수기·공기청정기·선풍기 내달 출시",IT
"Arm, 첫 자체 칩 공개… AI 데이터센터 시장 공략",IT
"""스트레스 순삭""…내놓자마자 품절 된 다이소 제품 뭐길래",IT
"SK하이닉스 주주들, 배당 확대 요구…곽노정 ""추가 환원 검토""",IT
"스테이블코인 규제 우려→헥토파이낸셜 '유탄'…""오히려 몸값 높아져""",IT
"그래핀 항균 칫솔, 1000만 개 팔린 이유?… ‘산화그래핀’ 항균작용 규명",IT
"""해킹 속도 8시간→22초""…AI 해커, 기업 시스템 장악 속도 '충격'",IT
"NASA, 달 궤도정거장 접고 30조원 규모 달 기지 건설로 전환",IT
"곽노정 SK하이닉스 ""순현금 100조 확보할 것…하반기 중 美 ADR 상장 추진""",IT
AI가 쇼핑하는 ‘에이전트 커머스’ 시대…결제사고 책임 규정은 숙제,IT
2032년 달 어디에 내릴까… 우주항공청 '북위 40~70도' 주목,IT
"우주청, 2032년 쏠 달탐사선 착륙지 30여 곳 검토…올해 말 확정",IT
"韓 달 착륙선, 2032년 발사…연내 월면 착륙 후보지 정한다",IT
2032년 예정 한국 최초 '달 착륙선' 후보지 추려졌다,IT
"미, 2028년 화성에 첫 원자력 추진 우주선 발사",IT
[서울데이터랩]3월 25일 암호화폐 시총 상위종목 동향,IT
"에픽게임즈, 1000명 넘게 대규모 감원…“포트나이트 이용자 감소 탓”",IT
"일본 라인야후-카카오게임즈 동맹, 게임 사업 시너지 낼까",IT
"NASA, 달 기지 짓고 핵추진 우주선으로 화성 탐사",IT
"카카오, 카카오게임즈 경영권 라인야후로 넘긴 이유",IT
"이란전쟁, 기후위기 키웠다…""2주만에 아이슬란드 1년 탄소 배출""",IT
"삼성SDI도 러브콜…허제홍 엘앤에프 ""LFP K양극재, 우리가 유일""",IT
"필옵틱스 ""이르면 올해 HBM 장비 성과 나올 것""",IT
"공정위, 업비트 거래수수료율 표시광고 위반에 시정명령",IT
"허제홍 엘앤에프 복귀 후 첫 언론 소통…""LFP 가동률 오르면 NCM급 수익""",IT
"NASA, 달 궤도 우주정거장 접고 ‘달 표면 기지 건설’로 선회",IT
"정부, 소버린 AI 모델 8월 오픈소스로 푼다…'모두의 AI' 본격화",IT
"웹젠, 주주가치 제고 박차...2026년 주주환원 규모 900억",IT
"드래곤플라이, 상장폐지 사유 해소…'스페셜포스 리마스터'로 거래재개 정조준",IT
[카카오게임즈 새판]① 카카오서 라인야후로…복잡한 재편 방정식,IT
“AI 인프라 규모 크면 끝?…AIDC 투자 성공 여부는 ‘운영’에 달렸다”,IT
"[주총] ""주주환원 확대"" 약속하더니…SK스퀘어, 사전질의 답 없이 17분 만 '뚝딱'",IT
‘데이터센터 인허가 150일 내 끝낸다’… AI 인프라 구축 ‘하이패스’ 열린다,IT
첫 산 넘은 AIDC 특별법…AI 태울 '방주' 기틀 만든다,IT
“채용·승진·합병도 노조와 합의하라”…삼성바이오 13번 교섭결렬 이유가,IT
"펄어비스, 하한가 딛고 27% 반등…K-AAA '붉은사막'이 증명했다",IT
1억 이상 가상자산 계정 17만개…시장 위축에도 대기자금·이용자수는 늘었다,IT
"""부러진 데 또 부러진다""…골다공증 앓는 고령층 여성 '초비상'",IT
"스페이스X, 빠르면 이번 주 기업공개 신청",IT
갤S26 지원금 '2배 상향'…57만원 싸게 산다,IT
"SK스퀘어, 하이닉스 중심 포폴 강화…美 상장에 “가치 재평가 기대”",IT
"숙박료 유지하면 '수수료 폭탄', 에어비앤비 한국 수수료 체계 바꾼다",IT
"""x86 점유율 뺏는다""…Arm, 3나노 AGI CPU로 SK·삼성 연합군 결성",IT
곽노정 사장 “AI 생태계 주도”… SK하이닉스 ’100조 확보’ 美·청주 투자 확대,IT
"모건스탠리 “중국, 2030년에 AI GPU 자급률 76%”",IT
"'WBC 슈퍼캐치' 이정후 나올까…넷플릭스, MLB 개막전 생중계",IT
라인야후 품에 안긴 카카오게임즈…시너지 날까,IT
"곽노정 ""순현금 100조 확보 목표""…SK하이닉스, 중장기 투자 체제",IT
"네이버 크림, 몽클레르 등 '無라벨' 상품 퇴출…5개월 만에 정책 철회",IT
10년 난제 양자 붕괴 비밀 세계 최초 규명,IT
"위메이드맥스, 개발 전략 재정비…‘매드엔진’ 역할 확대",IT
카카오게임즈 ‘라인야후’ 업고 글로벌 진출,IT
"갈매기 공세 비상…""가짜 눈 그려 넣었더니 안 오네""",IT
"Arm, IP 기업 넘어 '실리콘 기업' 선언… ""적군도, 아군도 없다, 오직 확장뿐""",IT
"오픈AI, 동영상 생성 앱 ‘소라’ 서비스 종료…“로보틱스에 집중”",IT
"BMS 반도체 국산화 속도낸다…아나배틱세미, 150억 후속 투자유치",IT
"곽노정 SK하이닉스 ""美 ADR 상장 추진…글로벌 가치 재평가""",IT
"기업용 AI에 집중…오픈AI, 동영상 생성 도구 ‘소라’ 접는다",IT
"넥슨, ‘낙원’ CAT 최고 동접 3만7천 기록…개선된 전투경험 ‘만족’",IT
가계 통신비 내려가나…최적 요금제 주기적 고지 의무화,IT
"SK하이닉스 ""100조원 이상 순현금 확보 목표…재무 체력 강화""",IT
AI 논란에도 멈추지 않았다…붉은사막 300만장 돌파,IT
"[인터뷰] 김승겸 KAIST 교수 “도시 재생, 녹지 접근성 중요… 집에서 5분 내 갈 수 있어야”",IT
"'조직 슬림화' 카카오, 핵심 계열사 '게임'까지 떼냈다(종합)",IT
갤럭시Z폴드8 랜더링 공개…이렇게 생겼다,IT
"[주총] 김정규 SK스퀘어 사장 ""SK하이닉스 美 상장, 기업가치 재평가 기회""",IT
1000만 개 팔린 그래핀 칫솔…세균만 골라 죽이는 원리 밝혀,IT
아바코·야스·알박… 中 CSOT 8.6세대 OLED 뚫었다,IT
"금호석화·포스코퓨처엠·BEI, 무음극 리튬메탈 배터리 삼각동맹",IT
"카카오, 카카오게임즈 지분 매각한 까닭은",IT
"통신3사, 갤럭시 S26 공통지원금 '15만원→50만원'…'젠지세대' 수요 잡기 총력",IT
"SK하이닉스, 美 ADR 상장 절차 착수…글로벌 투자 기반 확대",IT
"수천개 나뭇잎 흔들릴 때, 뇌 정보 요약→""저쪽으로 부는구나"" [지금은 과학]",IT
"씨이랩, 엔비디아 '베라 루빈' 시대 정조준…'아스트라고' 고도화 착수",IT
"갤S26, 출시 한달 만에 지원금 2배…최대 57만5천원 할인",IT
"[현장] 김정관 산업부 장관 ""제조업 AI 전환, 협력이 곧 경쟁력""",IT
"구글, 애자일로봇 파트너십 체결…AI 로봇 생태계 선점 가속",IT
"""AI 한계는 없다"" 1조달러 시장 '풍덩'…Arm, 차세대 AGI CPU 2·3 세대별 로드맵 확정",IT
양자컴퓨터 기반 ‘K-퀀텀 체인’ 공개… 블록체인 보안 패러다임 바꾼다,IT
"전영현 삼성전자 부회장 ""에이전틱 AI 전력 장벽, 삼성 메모리 기술로 넘을 것""",IT
"곽노정 SK하이닉스 사장 ""AI 인프라 핵심은 메모리… Arm AGI CPU 중요 이정표""",IT
"르네 하스 Arm CEO ""IP·CSS에 새 선택지인 AGI CPU 추가""",IT
카카오가 '오딘 신화' 쓴 카카오게임즈 경영권 내려놓는 이유,IT
"SK하이닉스, 미국 ADR 상장 추진...글로벌 기업 발돋움에 주가 더 상승하나",IT
"한명진 '비우고' 김정규 '채운다'...SK스퀘어 ""AI·반도체 투자 속도""",IT
지난해 '단말기 교체' 특수 누린 이통 3사…갤S26 지원금 두배 늘렸다,IT
"고등어, ‘금등어’ 된다…더 작고, 비싸진 이유는",IT
CDPR 사이버펑크 TCG 펀딩 190억원 돌파…글로벌 카드 게임 시장 '들썩',IT
스테이블코인 간 교환은 곧 외환거래…효율적 시스템 갖추려면,IT
"""스테이블코인도 배달 앱 쓰듯 쉽게 환전할 수 있어야""",IT
"카카오, 카카오게임즈 경영권 매각…새 주인 라인야후",IT
"애플, ‘시리’ 확 바꾼다…""AI 전략 대대적 개편""",IT
"모바일 시대 '숨은 제왕' Arm, 데이터센터 CPU 출사표",IT
"""오늘 쓰는 AI가 평생 최악의 모델""…오픈AI, Arm AGI CPU 선택",IT
"오픈AI, 영상 생성AI ‘소라’ 접는다",IT
"""전력 아껴 35억명 AI 지능 높인다""…메타 Arm AGI CPU 선택, 왜?",IT
"""20대는 클로드, 40대는 그록AI""…한국인 절반은 생성형AI 쓴다",IT
"[100세건강] 환자 95%는 흡연자…담배가 부른 소세포폐암, 치명적",IT
7년 개발 펄어비스 '붉은사막'…호평과 비판 엇갈린다,IT
"""창사 이례 최초 자체 설계 CPU""…르네 하스 Arm CEO, 'Arm AGI CPU' 손에 '번쩍'",IT
"""전세계 1840만명이 봤다""...숫자로 보는 넷플릭스 BTS 공연 진기록",IT
K-게임 신기원 쓴 '붉은사막'…전세계가 '붉며든다',IT
"르네 하스 Arm CEO, 에이전틱 AI 발 데이터센터 CPU 수요 4배 폭증 경고",IT
"MS, 엑스박스 게임패스 요금 낮출까…가격 구조 개편 검토",IT
카카오게임즈 최대주주 라인야후측으로 변경...실탄 확보 '총력'(종합),IT
"SK텔레콤 ""Arm AGI CPU 활용 AI 데이터센터 사업 확장""",IT
"JTBC재차 호소 ""월드컵 중계권, 3월말 지나면 '재판매 불가'""",IT
"LG헬로비전, 자본조달비율 96%…재무 경고등",IT
꿈도 안 꿔야 ‘꿀잠’ 잔다는 건 착각… 생생한 꿈이 숙면 이끈다,IT
"""완벽한 고립은 없다""…DGIST, 10년 난제 '양자 붕괴' 비밀 풀었다[과학을읽다]",IT
복잡한 장면도 한번에 ‘읽어내는’ 뇌의 전략 밝혀졌다,IT
"테라젠바이오, 작년 매출 105억원·영업이익 23.8% 개선…해외 진출 노린다",IT
"외계 생명체, 40광년 너머 네 행성 거기 있을까",IT
"[바이오스냅] 삼성바이오로직스, 미 '디캣 위크 2026'서 수주 활동",IT
"[앱마켓 수수료 인하]④ 3809억 수수료 내는 엔씨, '3중 절감' 시동",IT
"SK하이닉스, 美 증시 상장 시동…'AI 반도체' 패권 잡는다",IT
"DGIST, 10년 난제 ‘양자 붕괴’ 비밀 세계 최초 규명",IT
"동화일렉트로라이트, 3세 경영+기술…승지용·김종훈 투톱 선임",IT
"中 밀크티 체인 미쉐, 가격전쟁에도 순이익 33% 급증",IT
"“1시간 이내에 생사 가르는 돌연사, 남성이 여성보다 4배 위험”",IT
"카카오게임즈, 최대주주 카카오→라인야후…3000억 자금 확보(종합)",IT
"아마존, ‘파우나’ 인수로 로봇 시장 진출",IT
"주인 바뀌는 카카오게임즈, 3000억 규모 지분 매각·유증 공시",IT
"맥 배터리 충전 제한부터 신규 이모지까지…애플, 맥OS 26.4 업데이트 실시",IT
애플 아이폰20 올스크린 구현 난항…디스플레이 밑 기술 확보 관건,IT
"""한달에 67번 쓴다""…일상 된 생성형 AI, 한국인 절반 써",IT
"카카오게임즈 주인, 라인야후로 바뀐다…3000억 수혈(종합)",IT
"[종합] 카카오게임즈, 최대 주주 라인야후로…실탄 3000억원 챙겼다",IT
"위메이드맥스, 손면석 체제 개발 전략 재정비…‘매드엔진’ 역할 확대",IT
"이리듐 80% 줄이고도 1000시간 버텼다…GIST, 그린수소 '가격 장벽' 깼다[과학을읽다]",IT
'시신경' 부작용 피하려다…수막종 자라나 시력 잃고 생존율도 '뚝',IT
"카카오게임즈, 대주주 '라인야후'로 바뀐다…지분 재편으로 3000억 '실탄' 확보",IT
"Arm ""에이전틱 AI 시대, CPU 중요성 더 커진다""",IT
"""이미경 부회장, K컬처 글로벌 확산 이끈 핵심 인물""",IT
"에이피알, 장원영과 함께한 '부스터 프로 X2' 새 광고 공개",IT
사전흥행에도 힘 빠진 갤S26…출시 한 달 만에 지원금 2배 인상,IT
"애플, iOS26.4 출시…""애플뮤직 개선·키보드 정확도 높였다""",IT
"카카오게임즈, 라인야후로 최대주주 변경",IT
“1천만개 완판 대박 터트린” ‘그래핀 칫솔’…성공비결 뭔가 봤더니,IT
"아마존, 휴머노이드 로봇 스타트업 '파우나로보틱스' 인수",IT
[카드뉴스] 외국인 집주인 10만 명 시대,IT
"큐알티, 유럽 방산시장 진출…RF 반도체 시험장비 첫 공급",IT
"ARM, 창립 35년만에 자체 AI칩 판매 나선다[글로벌AI브리핑]",IT
"'챗봇' 입은 시리 출격…애플, iOS 27 통해 역대급 AI 혁신 예고",IT
"카카오게임즈, 최대주주 카카오→라인야후로…3000억 자금 확보",IT
엇갈리는 글로벌 실적⋯'두 자릿수 증가' 네이버 vs '숨 고르기' 카카오,IT
"[사이언스샷] NASA, 2년 뒤 화성에 원자력 추진선 발사",IT
"[속보] 카카오, 카카오게임즈 매각…2대 주주로 물러난다",IT
"카카오, 카카오게임즈 지분 라인야후에 매각…2대 주주로 물러난다",IT
"엑셀세라퓨틱스, 노벨상 수상자가 이끄는 中 샹야와 ‘엑소좀 배지’ 공급 계약 체결",IT
대박 친 'KAIST 칫솔' 기술 원리 규명...그래핀이 슈퍼박테리아까지 억제,IT
자율주행 기업 한국으로 ‘집결’…왜?,IT
"헥토데이터, 올해는 나아질까…""이커머스 공략""",IT
"MS, 오픈AI·오라클 포기한 텍사스주 '스타게이트' 데이터센터 확보",IT
비만 합병증 끊는 열쇠 찾나…천연물질 발굴,IT
"브로드컴 ""TSMC 생산능력 병목 구간""…삼성 반사이익 주목",IT
일상 돕는 똑똑한 AI 비서⋯네이버가 자신하는 3가지 경쟁력,IT
"반도체 설계 1위 Arm, 35년만에 자체 칩 판매 공식화 'AI용 CPU 공급'",IT
하루 1000보 더 걸을 때마다 사망 위험 10%씩 감소,IT
"""軍장성·탈북민 주소 담은 쿠팡 정보 北이 탐내""",IT
[1분건강] 봄철 미세먼지·건조한 공기 속 ‘각막’ 손상 주의,IT
"“집도 당근에서 보나요?”…이사철 전월세 찾기, ‘동네 앱’으로 몰린다[1일IT템]",IT
네오위즈 주주환원 강화 배경은…팬덤 중심 성장 자신감,IT
"""동면 상태서 빛의 속도로 우주여행""…영화 '헤일메리' 어디까지 진짜?",IT
"Arm, 서버용 CPU 공급 나선다...에이전틱 AI 겨냥 'AGI CPU' 공개",IT
판 커지는 액티브 ETF…수출·전략산업 담는다,IT
사모펀드 공들이는 오픈AI…‘17.5% 수익보장’ 내걸어,IT
아마존 AI 자동화 보도에 소프트웨어주 급락…ETF 4%↓,IT
"""연봉 6억에 모셔요"" 무기 전문가 뽑는 빅테크…AI 윤리 방어선 구축",IT
"한 장씩 넘길 시간도 없다…""웹툰을 릴스처럼"" 압도적 인기 이유",IT
[정옥재의 스마트 라이프] ‘AI 더한 핑크감성'…폰4a 써보니,IT
"""말 다리가 3개"" AI 사용 미고지 사과한 붉은사막…환불사태 우려",IT
"“프리미엄에 또 프리미엄”… 삼성전자·SK하이닉스, 서버용 D램 영업이익률 80% 넘긴다",IT
[비즈톡톡] IMSI 보안 논란에 1700만 가입자 유심 교체 추진하는 LG유플러스… “신규가입 중단 제재는 어려워”,IT
집단소송제 추진에…단체소송서 ‘개인정보 손배’ 포함 논의 올스톱,IT
"[뉴테크] 이슬보다 가벼운 칩, 날아가는 벌 추적한다",IT
"""BTS 효과, 100억 투자한 이 업체가 초대박 쳤네""[1일IT템]",IT
난치성 유방암 표적 항암 신약 후보물질 개발,IT
"英 스타트업 낫싱의 조명 철학, '점'→'선'…실용성 입은 '폰 (4a)' 써보니",IT
"'26주 적금 신화' 고정희, 이번엔 'K-엔터' 설계한다",IT
드라마 '미혼남녀' 인기에 원작 웹툰 역주행,IT
'젊음을 되찾아주는 신물질'… 줄기세포의 '노화 스위치'를 껐다 [언박싱 연구실],IT
"성장성 입증 필요한 위메이드, 미래 먹거리 확보 고심",IT
"아이폰 해킹 도구, 온라인에 공개됐다…“수억대 보안 위협”",IT
“AI 에이전트 열풍에 美까지”... 카카오·네이버 후원나선 ‘랄프톤’,IT
[스타트업 리포트]아시아인 위한 데이트 앱 만든 문경신 큐릴레이션 대표,IT
배터리 오래가요? ‘전성비’ 전성시대,IT
"20년간 생쥐 복제했더니 58세대만에 실패…""포유류 무한정 복제 불가능""",IT
"서버 대신 뉴런, 뇌세포 컴퓨터의 탄생",IT
"[사이테크+] 눈파리가 눈 속에 사는 비결은…""체내 발열과 항동결 단백질""",IT
[마켓인]롯데이노베이트 자회사 줄적자…신사업·해외 거점 손실 눈덩이,IT
여유로운 'AI기사님' 강남의 밤 누볐다,IT
"한화세미텍-삼성전자, SMT 특허 공동출원 9건으로 증가",IT
SF 영화 속 생명체 복제… 현실에선 DNA 변이로 무한 반복 어려워,IT
“불확실한 과제에 돈 낭비? 연구자 호기심이 난제 푼다”,IT
"AI로 병상 모니터링, 망막 진단… K제약사 새 먹거리로",IT
"영업이익 85억인데 시총 21조원… 삼천당제약, 주가 300% 뛴 까닭은",IT
“AI·하드웨어 함께 설계… 에너지 효율 1000배로”,IT
서정진 회장 “송도 캠퍼스에 1조 투입… 2030년까지 4·5공장 단계적 증설”,IT
"SK하이닉스, 12조 규모 반도체 제조 ‘EUV 장비’ 구매",IT
"지란지교시큐리티, 자사주 40만주 전량 소각한다",IT
"“피지컬 AI, 갈 길 멀다”… 로봇 국산화·데이터 확보·규제 장벽 해소 시급",IT
"셀트리온, 송도에 18만 리터 규모 4·5공장 증설…1조2천억원 투자",IT
"“20만→ 5만원, 완전 망했다” 대박 날 줄 알았는데…유명 대기업 충격 ‘반전’",IT
“1200만명 ‘우르르’ 몰렸다” 요즘 20대 ‘열풍’ 완전 꽂혔다더니…무슨 일이,IT
카카오 'AI 돛' 활짝… 지역 AX기업 키운다,IT
“호빵 두 개 붙인 줄 알았다” 전 세계 조롱받더니…‘80만원’ 너무 심하다 ‘아우성’,IT
자율주행 기업 한국으로 ‘집결’…왜?,IT
"""홍삼 위상이 예전만 못하네""…이 와중에 유일하게 대박난 제품 [키워드랩]",IT
"최윤범, 고려아연 경영권 사수…표 처리 방식 법정공방 불씨 남아",IT
"빗썸, 영업정지 처분 취소소송…집행정지도 함께 신청",IT
"한화비전 ""세미텍 매출 20% 성장 전망...TC본더 입지 다질 것""",IT
"셀트리온, 국내외 생산기지 증설에 2조 투자",IT
투자기업에 GPU·AI SW 제공…'엔비디아 제국' 지배력 굳혀,IT
"문턱 낮춘 125兆 美시밀러 시장… K바이오, 선점 총공세",IT
"""여기가 샌프란시스코인가요?""… 한밤 강남거리 자율주행 '이상무'",IT
"집중투표 한다는 크래프톤, 정작 이사수 제한에 국민연금 반발",IT
"[리뷰] 3250만 화소와 7K 촬영 두 날개 달았다, 캐논 EOS R6 Mark III",IT
코스닥 1000시대 소외된 HR업계…주주 가치 제고 ‘특명’,IT
"美 나스닥 이어 NYSE도 간다…지드래곤 소속사, 글로벌 자본시장 정조준",IT
"1년간 124개 기업에 베팅…'엔비디아 생태계'로 가둔다""",IT
"""생산능력 세계3위로…매분기 실적 도약""",IT
"미국 정부, 인터넷 공유기 수입 전면금지…“보안 우려""",IT
식품값 줄줄이 내리지만…원가 부담에 ‘반짝 효과’ 우려,IT
"유라시아 누빈 네안데르탈인, 생존은 늘 위태로웠다",IT
韓 흥행 타고 美로…후원사까지 늘린 ‘랄프톤’,IT
"[DD퇴근길] ""맥북 프로 싹 바뀐다""…애플 리디자인 통할까",IT
LGU+ IMSI 논란 국회 도마 위…정부 “위법 아냐” vs 의원들 “보안 취약”,IT
"사람 10만명 모여도, 사진 243만장 터져도…통신강국 이름값 이것으로 증명",IT
"[현장] ""1만 3천명 공채를 3주 만에""… 마이다스인, 'AI 채용 에이전트'로 HR 혁신 제시",IT
외국인 비대면 계좌 개설 추진…부처간 ‘떠넘기기’에 가로막혀,IT
"배경훈 부총리 “LGU+ IMSI 문제, 법 위반 아니지만 보안 대응 철저”",IT
"LG CNS 현신균 연임 확정…""로봇·M&A로 성장동력 확대""",IT
"과기부, 엔비디아 칩 1.5만장 확보",IT
성인물 플랫폼 '온리팬스' 소유한 억만장자…암 투병 끝 사망,IT
"""숨긴 사진, 가상자산 지갑 앱까지 털린다""... 구형 아이폰 해킹 비상",IT
쇼핑부터 법률상담까지 中 AI에이전트 굴기,IT
편의점 성장 멈추자 전략도 갈렸다…확산형 vs 랜드마크,IT
"펄어비스 ‘붉은사막’, 서구권서 호평…스팀 접속자 수도 경신",IT
"AI 상장사 줄줄이 고전하는데…코난테크, 지난해 창사 최대 실적낸 비결은?",IT
"[주총 포커스] DBO 본격 진출 LGU+…홍범식 ""그룹 역량 총집결""",IT
삼성전자 노사 교섭 재개…총파업 위기 해결 실마리 찾나,IT
2000억 규모 클라우드 DR 사업 본격화…ISP 수주전 점화,IT
"[과학기술이 미래다] 〈184·끝〉'개혁중의 개혁' 금융실명제, 전격 닻 올렸다",IT
"비에이치, IT에서 로보틱스·전장으로 PCB 사업 확장",IT
김태호 노타 창업자 “최적·경량화 기술로 AI 보편화에 기여”,IT
"IBM 연구진, 양자컴퓨터로 복잡한 분자 속 전자 해독",IT
"정부 ""법적 문제 없다"" vs 국회 ""인지하고 무시""…LGU+ IMSI 공방",IT
"""발레코어룩 보여달랬더니 뚝딱""…젠지 홀린 '네이버 쇼핑 에이전트' 뭐길래",IT
"삼성전자 노사, 일단 갈등 봉합 국면… “교섭 재개”",IT
"""호르무즈 6월까지 봉쇄 땐 두바이유 179달러까지 뛸 수도""",IT
"넷마블, 하이브·코웨이 공정가치 2.9조…1년 새 9072억 증가",IT
“올해 스마트폰 칩 60%가 첨단 공정… 삼성 2나노 주도”,IT
"삼성바이오 노조, 제약바이오 최초로 주 4.5일 도입 요구…파업 찬반투표 시작",IT
남극의 300만년 전 얼음 속 측정…이산화탄소 농도 훨씬 낮았다,IT
"LGU+ 가입자식별번호 허점에…야당, 신규가입 중단 요청",IT
"[거버넌스 리빌딩]권봉석 후임에 남형두…LGU+, 사외이사 의장 체제",IT
"[주총 포커스] ""주가는 왜?""…해명에 진땀 뺀 크래프톤 김창한",IT
‘태양전지 딜레마’ 해결… 수명·효율 두마리 토끼 잡아,IT
중동불안·사이버공격·노후설비…산업계 덮친 '가동중단' 부담,IT
"AI 시대, 조직 효율화의 답은 ‘감원’일까",IT
"래리 핑크 블랙록 회장 ""AI, 이미 자리 잡았다… 구경만 하다간 도태""",IT
"'300만원' 애플 폴더블폰, '화면주름' 없앤 혁신 디스플레이 적용하나",IT
지구상 최고 인프라의 역설 … 해킹 타깃된 한국,IT
"고려제강, 랜섬웨어 피해…해커 ""128GB 내부 데이터 탈취""",IT
"티맵의 진화 … ""유저 간 경험을 연결하는 이동 소셜 플랫폼 될것""",IT
"""식탁 뒤엎고 안 멈춰요""… 휴머노이드 로봇 '비상멈춤' 골머리",IT
따로 하던 암 검사 한번에 … 동시검출 기술로 환자 부담 덜어드리죠,IT
내 손안의 망원경 … 63빌딩 옥상까지 또렷,IT
LG유플러스 콘텐츠제작 '드림팀' 뜨자 … MWC2026 영상 조회수 300만회 돌파,IT
"젠슨 황 ""인간 수준 AGI, 이미 달성했다""",IT
"SK텔레콤, 호주 게임사 ‘아이캔디 인터랙티브’ 사실상 정리 수순… 보유 지분 2년간 40% 처분",IT
가벼워서 눈길 간다 … 미니 감성 제대로네,IT
"11년 만에 주총 의장 선 서정진 ""세계 경기 영향 안 받는다""",IT
"AI 코딩 시대 …""개발자 대신 콘텍스트 엔지니어 키워야""",IT
"미국 정부, 보안 이유로 인터넷 공유기 수입 전면금지",IT
"AI인프라 경쟁, 공간으로 확장 … '우주 클라우드 코리아팀' 전략 필요 [기고]",IT
"상장 앞둔 오픈AI의 승부수, 광고 베테랑 뽑고 '기업용 AI' 정조준 [팩플]",IT
"메타 '안경형 AR' 완성할 마지막 퍼즐, 한국 연구진이 맞춘다",IT
[국방 AX 골든타임]〈중〉“알고리즘이 표적 결정”…AI戰 윤리 '레드라인' 어디까지,IT
1400만원대 바디프랜드 733 등장…잘 팔릴까,IT
"[르포]강남의 밤, 핸들에서 손을 뗐다…'AI 기사님' 택시 타보니",IT
"곽도연 바디프랜드 대표 ""20살 기술 집약한 733, 글로벌 스탠다드 도약""",IT
TSMC 86% 독주 속 삼성 2nm 선제 도입…첨단 공정 60% 시대 개막,IT
"KAIST 교수협도 총장 후보 선출 본격화···27일 접수, 다음달 2일 합동토론회",IT
"배경훈 ""LGU+ IMSI 문제, 위법 아냐…보안 대응은 철저히""",IT
"엔씨, 1분기 영업익 900억대 ‘반등’ 전망… 아이온2·리니지 클래식 쌍끌이 본격화",IT
AI 비서로 주식·코인 자동매매?…“잘못하면 해커에 통째로 털립니다”,IT
"옴디아, SKT AI 인프라 전략 주목…“수익화 해법 제시”",IT
"이해민 ""LGU+, IMSI 노출 인지하고도 무시""...배경훈 ""철저 대응""",IT
"롯데홈쇼핑-태광 갈등↑…""정상 경영"" vs ""계열사 밀어주기""",IT
"K제약바이오, 美 시밀러 규제 완화 수혜 ""125조 시장 정조준""",IT
"“스팸으로 번 돈, 이젠 전부 환수한다”",IT
"""모범생 실적에도 주가는 왜?""…날선 질문에 크래프톤 ""성과로 증명하겠다""",IT
"고려아연-영풍·MBK, 주총 신경전…감사위원 1→2인 확대 부결",IT
"“양극화 해법, 부동층 설득보다 강성층 중립 유도가 더 효과적”",IT
"7년 만의 신작 '붉은사막', AI 논란 속 200만장 팔고도 저평점·하한가",IT
"[단독] 640억 쏟은 칼리버스 존폐기로…롯데, 메타버스 사업 두고 골머리",IT
양초 파라핀으로 만든 '혁신 배터리' 3~5년 내 상용화 가능,IT
"[챗ICT]네이버 CFO '10년 만에' 이사회 합류, 주목하는 이유",IT
"올릭스, 비만 타깃 ‘ALK7’ 최대 84% 억제…영장류 데이터 공개",IT
"[주총] SK스퀘어, AI·반도체 중심 포트폴리오 재편...""AI 퍼스트로 격차 벌린다""",IT
5000대 전기차를 묶어 ‘하나의 배터리’처럼 활용…전력시장 거래까지,IT
"셀트리온, 국내외 증설에 2조 투입..""밸류업 가속화""",IT
"더 얇고 강력하게…갤럭시Z폴드8, 확 바뀐다",IT
"영업이익 85억 삼천당제약, 1년 새 주가 300% 급등한 이유는",IT
SK하이닉스 미국 설립 AI컴퍼니 뉴욕에 거점,IT
"“TSMC 인재 빼간다”… 대만, 테슬라發 반도체 인재 러브콜에 ‘우려’",IT
'제우스: 오만의 신' 출격 예고…컴투스 MMORPG 승부수,IT
"SK하이닉스, EUV 장비에 12조원 투자…차세대 D램·HBM 양산 준비",IT
"필즈상, 대통령 표창 받은 과학자는 공항에서 줄 안 선다",IT
"기후부, 공공 차량 5부제 시행…재택근무 검토 가능성도 시사",IT
"홍콩·대만서 A형 간염 확산…""국민 절반은 면역 공백""",IT
"""2030년 제약바이오 수출 30조""…정부, 바이오벤처에 1조원 성장사다리",IT
"중기부·복지부, 후보물질 발굴→임상→수출까지 ‘이어달리기 지원’ 나선다",IT
"국내 5G 가입자, 정말 3860만명일까? [IT클로즈업]",IT
AIDC 특별법 법안소위 통과…비수도권 전력계통영향평가 면제 길 열리나,IT
"해킹 조사 자료 제출 안 한 기업, ‘이행강제금’ 낸다",IT
"""스마트폰 올해 더 커진다""…아이폰이 쏘아올린 '신호탄'",IT
"""LGU+ 1100만명 IMSI 노출"" 김장겸, 과기정통부에 '신규 가입 중단' 검토 촉구",IT
"컴투스, 김대훤 MMORPG 신작 타이틀 '제우스: 오만의 신' 확정",IT
컴투스 블록버스터 신작 MMORPG 타이틀명 '제우스: 오만의 신' 확정,IT
"한화비전 ""올해 한화세미텍 매출 20% 성장 전망""",IT
"DB하이텍 주총, '위장 계열사' 논란에 소액주주 연대와 정면충돌",IT
"“반복 사고에 과징금 철퇴”…정부, 9월 침해사고 규제 강화",IT
‘AI 건망증’ 없앴다… 멀티모달 AI 정확도 2배 ↑,IT
김창한 크래프톤 대표 3연임 성공… 주가 부진 속 ‘포스트 배틀그라운드’ 찾기 과제,IT
"정부, 해킹 사고 정황 확인되면 '기업 신고' 없어도 현장 조사",IT
대포폰 개통 방치하면 영업정지…9월부터 통신사 '관리 책임' 묻는다,IT
"""싼 인력 찾던 시대 끝""…스타트업, 해외서 고급 인재 모셔온다",IT
"바디프랜드, 헬스케어로봇 '733' 출시…“판매량 5000대·매출 500억원 목표”",IT
"LG유플러스, AIDC로 체질 전환 속도…2028년까지 매출 2조원 목표",IT
[기고] 우리는 AI의 신분증을 확인했나,IT
"아이폰17 에어, 美서 16플러스보다 더 팔렸다…한국은?",IT
난치성 유방암 표적 항암 신약 후보물질 外 [과학게시판],IT
"SK하이닉스, ASML EUV 12조원 규모 추가 도입",IT
"SK하이닉스, 12조 규모 EUV 장비 도입…첨단 공정 대응 강화",IT
"""맘스터치·깐부치킨도 써요""…출시 3년 만에 3만곳 '싹쓸이'",IT
연임 성공한 현신균 LG CNS 대표…생존전략 'AX' 방점,IT
"컴투스, 신작 MMORPG '제우스: 오만의 신' 타이틀 확정 및 BI 공개",IT
여권 보여줬더니 “당장 통과시켜”...‘역대급 특혜’ 출입국 프리패스 직업은,IT
"11년만에 주총 의사봉 잡은 서정진…""세후이익 3분의 1 배당""",IT
‘새 리더십-AI 확산 총력전’…통신사 ‘새 분기점’,IT
중국 추격 맞서 ‘특허 장벽’ 세우는 한국 디스플레이,IT
AI·로보틱스 청사진 꺼낸 크래프톤…주주들은 “주가부터 답하라”,IT
"'LFP 첫 계약' 엘앤에프, K-배터리 3사·미국 車로 판도 넓힌다 [배터리레이다]",IT
"크래프톤, 김창한 대표 재선임…""새 임기 내 전략 성과 나올 것""",IT
"셀트리온, 1.7조 규모 자사주 소각 결의…총 발행주식 4% 규모",IT
‘손톱→스타일러스펜'으로 변신…환상의 매니큐어 나왔다,IT
유방암 방사선 치료 후 피부염…엑소좀 크림으로 완화 가능,IT
"SK하이닉스, EUV 장비에 12조 투자…차세대 D램 전환 가속",IT
"조인철 의원 ""극장 관람 기준, '연 나이'로 통일해야""",IT
"“TV·쇼츠, 1시간씩만 덜 봐도...”우울증 위험 최대 43% 낮아진다",IT
카톡에서 AI로 올리브영 쇼핑…AI 에이전트 본격 시동 네카오,IT
"SK하이닉스, 12조 규모 EUV 장비 도입…차세대 공정 양산 대응",IT
"[혼돈의 출연연] 3년 묵은 항우연 성과급 갈등 마침내 합의…""보수체계 근본 개편해야""",IT
"李대통령 ""추경, 빨라야 효과…현금 살포는 정치적 선동""",IT
"“주무르기만 하던 시대는 끝났다”…안마의자, ‘피지컬 AI’ 로봇으로 진화",IT
"서정진 “셀트리온, 4세대 비만약 개발중…내년 임상 진입”",IT
[서울데이터랩]3월 24일 암호화폐 시총 상위종목 동향,IT
통신사 최적요금제 고지 의무화…사용량 분석해 적합한 요금 알려야,IT
"[주총] 주가 부진에 주주들 날선 질의...크래프톤 김창한, 성장 증명 과제 안았다",IT
"서정진, 3년 만에 주총 '깜짝 등판'…""투자·배당 모두 늘리겠다""",IT
"""90대 심혈관 환자 가슴 가르지 않고 '이 시술'로 치료 가능""",IT
“재난안전망 이어 한국은행 ITO 2기도 유찰”…대형 공공사업 ‘안갯속’,IT
"서정진 셀트리온그룹 회장, “올해 자사주 소각 대신 현금 배당 확대”",IT
"미래에셋증권, 주주환원 6347억 결정…역대 최대 규모",IT
"애플, 6월 WWDC서 AI 반격 승부수 띄운다",IT
"서정진 ""올해 셀트리온 영업이익 1조8000억원 넘어설 것""",IT
"""SKT, AI 수익화의 해법""…美옴디아 집중 조명",IT
"호르무즈 여파에 '나프타' 비상…정부, 수출 제한 검토",IT
"""스팸으로 번 돈, 1원도 못 챙긴다""… 매출 6% 과징금에 부당이익 몰수·추징",IT
10만 명 모여도 거뜬…AI로 통신 트래픽 ‘분산’,IT
"업스테이지, 가성비 대형 LLM ‘솔라 프로3’ 공개",IT
"통신3사 주총, 새 리더십·AI 확산 총력전",IT
"[AX 지금, 현장에선] JP모건의 200억달러 투자가 한국 금융에 던지는 질문",IT
"컴투스, 김대훤 대표 MMORPG 타이틀명 '제우스: 오만의 신' 확정",IT
"고려아연 주총 3시간 지연 끝 개최…""소액 주주 위임장 확인 때문""",IT
"인애이블퓨전, 450억 규모 핵융합 핵심설비 수주",IT
"장인화 포스코 회장 ""올해 실질적 성과 창출하는 변곡점""",IT
"옴디아 ""SKT, 2030년 데이터센터 매출 1조…글로벌 수익화 모범사례""",IT
새 지식 배워도 옛 지식 안 잊는 '건망증 없는 AI',IT
"""AI 수익화 고민 해법될 것""…옴디아, SKT AI 인프라 전략 분석",IT
면역세포 공격 피하는 암세포 잡는다…이중 표적 mRNA 암 백신 개발,IT
"서정진 셀트리온 회장 ""4세대 비만치료제 내년 1상 진입 계획""",IT
"1분마다 1대 팔린 '트롬 워시타워', 4월에 새 모델 나온다",IT
"사우디 새비게임즈, 60억 달러에 '모바일 레전드' 개발사 문톤 인수",IT
"DB하이텍 주총, 주가 급등에도 소액주주 공세…왜?",IT
[AI픽] 제미나이 사용자 3명 중 2명은 '챗GPT서 갈아탔다',IT
“챗GPT 쓰다가 갈아탔어요”…제미나이 주이용자 65%는 ‘챗GPT 이민자’,IT
[어바웃 C] 위메이드맥스 손면석 단독체제…과제는 '선택과 집중',IT
"SKT, 'AI로 돈 버는 법' 증명했다… 글로벌 시장이 주목한 수익 모델",IT
건강보험 약품비 27조7천억원…제네릭이 44% 차지,IT
"셀트리온, 송도에 원료의약품 생산시설 증설...1.2조원 규모",IT
"LGU+ ""AI 데이터센터 신규 먹거리로…보안·안전도 최우선"" (종합)",IT
"[현장] LG CNS, 현신균 대표 연임…""M&A 폭넓게 검토""",IT
"“당장 업데이트 하세요”…구형 아이폰 해킹 도구, 온라인에 공개돼 ‘우려’",IT
"""변압기 두께 11→2.65mm""…TI, 70% 줄인 전원 모듈로 AI 전력망 정조준",IT
태양전지 난제 해결…25% 고효율·고수명 동시확보,IT
"제미나이 이용자 3명 중 2명, 챗GPT서 갈아탔다",IT
"SK이노, SK온 매각설 선 그어…""배터리 사업 의지 변함 없어""",IT
애플 특수 탄 LG디스플레이 상반기 흑자 굳히기…P-OLED 앞세워 로봇 정조준,IT
"안건영 박사가 밝힌, 닥터지 '레드 블레미쉬'가 10년 넘게 사랑받는 이유",IT
"텐센트 게임즈 에이스, GDC 2026서 첨단 모바일 게임 보안 기술 최초 공개",IT
"삼성SDI, 엘앤에프 LFP ESS 양극재 조달…1.6조 규모",IT
"""AI 수익화 모델 해법""…옴디아, SKT 'AI 인프라 전략' 조명",IT
"엔비디아 올라탄 두산, 올해 CCL 투자 2배 이상 확대",IT
"LGU+ 홍범식 ""AIDC로 차별화된 성장…27년 노하우 결집""",IT
"미국으로 떠난 'K-시큐리티', 공동·개별 부스로 각개전투 총력",IT
"""전기차=이동형 배터리""…수천 대 묶어 전력시장에 활용",IT
"크래프톤, 김창한 대표 재선임…""프랜차이즈 IP 기업으로 성장""",IT
[인터뷰] 크리스 패트릭 퀄컴 수석부사장 “삼성전자와 ‘퍼스널 AI’ 진화시킬 것”,IT
"이재명 ""원유·가스 수급 불안 비상 대응 체계 선제 가동""",IT
"갤럭시·아이폰 파일 공유 “이제 된다”…삼성, S26 시리즈 ‘에어드롭’ 지원",IT
"""'PET-CT 검사' 한번으로 암환자 수술 후 합병증 위험 예측""",IT
"폐쇄망 속 챗GPT·클로드 쓴다…NHN두레이, 1년 만에 금융사 20곳 접수한 비결은?",IT
"현신균 LG CNS 대표 ""자사주 매입·소각 계획 아직""[주총 포커스]",IT
"국내 클라우드 매출 9조원 돌파…""AI 시대 핵심 인프라""",IT
"메가존클라우드, 日 아비타와 피지컬 AI 비즈니스 모델 공동개발 협력",IT
"LG유플러스, 유심 업데이트·무상 교체 안내 본격화",IT
터보퀀트[검색폭발 이슈키워드],IT
"한국 게임사, 日 애니메이션 IP 기반 신작 개발 잇따라",IT
석학 연구자 40명 연구지원…정년후 R&D 단절 막는다,IT
"취임 100일, 김종철 방미통위원장 '기반 형성' 자평…향후 키워드는?",IT
"더존비즈온, 이강수·지용구 공동대표 체제로…새 경영체제 출범",IT
"선임 다음날 ""나가라""… KT스카이라이프, 초유의 리더십 잔혹사",IT
"월드컵도 지상파에서 못보나…방미통위 ""시청권은 공적 책임""(종합)",IT
"[AI픽] 터보퀀트 충격…KAIST 교수 ""SW가 AI 판 바꿨다""",IT
글로벌 반도체 시장 뒤흔든 '터보퀀트' 뒤엔 92년생 한국인 있었다,IT
"마이크론, GDDR도 쌓는다…AI 메모리 수요 다변화 대응",IT
"[유미's 픽] ""GPU만 사오면 끝?""…정부, 1.5만장 구축 사업서 '설계 능력' 보는 까닭",IT
"역재생 속 ""흥미로운 발표""...알고 보니 '백악관 앱 홍보' [앵커리포트]",IT
"김종철 방미통위원장 ""청소년 SNS 문제, 계정삭제 규제만으로 해결 못해""",IT
"韓 은퇴 과학자, ‘중국행’ 막는다…5년간 2억5천 연구비 지원",IT
넥슨은 왜 블리자드와 손잡았나…'오버워치'로 외연 넓힌다,IT
"‘제자리걸음’ 북중미 월드컵 중계권 논란, 핵심은 ‘디지털재판매’",IT
"'터보퀀트' 참여한 카이스트 교수 ""터보퀀트와 메모리는 함께 가는 기술""",IT
플랫폼 판 흔드는 크리에이터…‘확보전’ 치열,IT
"국방부, 국방 AX 닻 올린다…'AI 데이터센터' 구축 사업 첫발",IT
"리벨리온, 차세대 AI칩 '리벨 100'으로 명칭 변경...왜?",IT
한미반도체 TC본더 수출 V자 회복…대만행 물량 주목,IT
"[김영욱의 게임 후벼파기] 소규모·기술주의자 패트릭 쇠더룬드, 그가 가져올 넥슨의 변화는",IT
"K 통신, 경쟁 42년...AI인프라 기반 다졌다",IT
"2009년 금융위기보다 200원 높은 원·달러 환율…""펀더멘털 변화도 영향""",IT
"美압박에 '입법 난관' 온플법… ""차라리 '1% 디지털세' 걷자""",IT
"""샤오미, 폴더블폰 다시 꺼낸다""…갤Z폴드8과 경쟁하나",IT
[단독] 나무위키 본사 가보니 '텅 빈 가정집'…유령회사 논란,IT
[코스닥 액티브픽] 메자닌 한도 5배 확대…공격투자 기반 마련 I 비나텍②,IT
네이버·라인야후 6년의 동맹 ‘마침표’ 찍은 이유,IT
"한미반도체 곽동신 회장, 30억원 자사주 추가 매입",IT
주객이 전도되는 AI와 인간,IT
"""메모리 시장 '터보퀀트 쇼크', AI 시대 소프트웨어 중요성 보인 사례""",IT
"유방암 환자, 임신으로 약 끊어도 안심…""재발·사망 위험 차이 없어""",IT
"""신장이식 먼저 했더니 재생불량성 빈혈과 말기 신부전 모두 개선""",IT
"포스코스틸리온, 액면분할…천시열 대표 장내 매수",IT
"일라이릴리, AI 신약 개발 업체 인실리코에 4조원 투자",IT
북중미 월드컵 코앞인데…지상파·JTBC 중계권 협상 ‘제자리’,IT
LGU+ '유심 교체' 한다는데…매장 꼭 가야 하나요? [Q&A],IT
“쌓아두기만 했던 의료데이터”…AI로 ‘바로 쓰는 시대’ 열린다,IT
"UNIST, 특정 단어에 돌변하는 AI 해결법으로 세계 대회 2위",IT
흔들리는 ‘챗GPT’ 독주… 점유율 20%p 급락·140억달러 적자 경고,IT
"美·이란전은 드론전쟁…""저가 드론, 전투 방식 바꾼다""",IT
"삼성D·LGD, 애플 아이맥 OLED 대응체제 돌입",IT
가트너 “2030년 LLM 추론 비용 90% 하락…기업 부담은 지속”,IT
"""알에서 에어리언 나오는 것 같다""… 美 최고령 우주비행사가 깜짝 공개한 물체",IT
"머스크에 불만 컸나…xAI 세운 공동창업자 11명, 모두 그만뒀다",IT
"작년 국토 면적, 여의도 4.3개 만큼 늘었다…‘2026년 지적 통계’",IT
"'포스코퓨처엠 합작' 씨앤피신소재, 착공 임박…美 PFE 뚫을까 [배터리레이다]",IT
24년간 ‘만년 3등’ LG유플러스 기세에... 통신 3사 지각변동 이뤄질까,IT
"해킹 사고 숨기면 처벌…김장겸, ‘침해사고 축소·은폐 방지법’ 발의",IT
"“PCR 없이도” 20분 진단 끝…GIST, 범용 유전자 검출 기술 개발",IT
"""700병상 AI병원 동탄에""…고대의료원, 2035년 개원 목표",IT
"박윤영號 KT, 기존 조직장 대거 물갈이",IT
"딥엑스, 양산 7개월 만에 8개국서 27건 수주",IT
"LS전선, AI 전력망 수요 확대에 지난해 역대 최대 실적",IT
"""뭐 어때"" 뻔뻔한 사이버 폭력...어른들이 더 '죄책감' 없었다",IT
정부 6G 상용화 시동…통신 3사 AX '사활',IT
"CJ ENM, 왓챠까지 품나… 티빙·웨이브 합병 이어 인수 타진",IT
"김석환 넷마블엔투 PD ""스톤에이지 키우기 흥행 비결, 익숙함-새로움 조화""",IT
"컴투스, 日 ‘A랭크 파티를 이탈한 나는, 전 제자들과 미궁 심부를 목표로 한다’ 게임화",IT
"고려대의료원, 동탄에 4번째 고대병원 짓는다…2035년 개원",IT
삼성전자 “업계 최고 보상 제안에도 노사 협상 중단”… 노조 협상안 거부 ‘논란’,IT
"레인보우로보틱스, 대표 재선임 통과…삼성 체제 속 경영 연속성 유지",IT
중동 전쟁 한 달…'중동판 CES' 연기에 보안 전시회 개최도 불투명,IT
"로킷헬스케어, 韓·日 이어 미국 특허 등록 결정",IT
"LG유플러스, 전 고객 대상 유심 업데이트·무상교체 문자 안내 시작",IT
"""해킹 나도 원인 못 밝히는 일 막아야"" 조인철, ‘로그기록 의무화’ 법안 발의",IT
"AI 폭주시대, 인간은 어떻게 중심을 잡아야 할까",IT
"""IMSI 보안 강화""…LGU+, 내달 8일부터 유심교체 예약 시작",IT
"中 시야테크 상장으로 8.5조원 시총 확보…K장비 업계, 올레도스 수혜 기대감",IT
소비자연맹 “KT 위약금 면제 부실 안내…신청 못한 사례 많아”,IT
"박윤영號 KT, 미디어부문을 본부급으로…조직개편 윤곽",IT
올해 벚꽃 열흘 빨리 핀다...벚꽃 조기 개화 영향은,IT
"국내 클라우드 매출 9조원 돌파…""AI 시대 핵심 인프라""",IT
업계 전체가 등 돌려도 퀄컴은 포기 안했다...CDMA가 세계 표준이 된 사연,IT
돼지 정액이 난치성 암 치료에 특효? [달콤한 사이언스],IT
"LG유플러스, 유심 업데이트·무상 교체 안내 본격화",IT
"""이영호 돌아오고 이제동 나선다""…SOOP, 'ASL 시즌21' 2주차 개막",IT
"KT알파, 20년 만의 배당에도 주총서 '불통' 논란… ""주주의견 귀 기울이겠다""",IT
토탈영업 해체·올드보이 귀환…'박윤영號 KT' 인사 향방은,IT
원인불명 소아 신경발달장애 실마리 풀렸다…유전자 변이 확인,IT
"LG이노텍 카메라 모듈 단 자율주행 시험차량, 미국·유럽·일본 도로 달린다",IT
프로게이머 '부친 명의 주식거래' 세금 분쟁…과세 정당 판단,IT
[취재수첩] 구글 '터보퀀트' 쇼크?…K반도체 '격' 높일 기회다,IT
딱 3일 남았다…아르테미스 2호 발사 관건은 ‘바람 세기’,IT
“디지털자산기본법 상반기도 어렵다”…논의 삽조차 못 뜨는 국내 [크립토브리핑],IT
"화웨이, 애플 견제 속도낸다…""가로형 폴더블폰 준비""",IT
분자 길이 바꾸자 빛의 길도 달라졌다…차세대 태양전지 단서 찾았다[과학을읽다],IT
규모 커지는 미국 국방 '피지컬 AI' 시장…한국 제조 역량이 진출 열쇠,IT
"""메타, 시력교정 스마트 안경 곧 출시…AI 안경 대중화 속도""",IT
"'IMSI 결함' LG유플러스, 무상 교체 안내 시작…내달 8일부터 사전예약",IT
"국내 연구진, 원인불명 소아 신경발달장애 규명 실마리 풀어",IT
"곽동신 한미반도체 회장, 30억원 규모 자사주 추가 취득",IT
"코카콜라·월마트 CEO 잇따라 사임…""AI 시대, 새로운 혁신 이끌 리더십 필요""",IT
"AI가 만든 코드, AI가 검사한다…SW 테스팅, ‘지능형 QA’로 전환",IT
"정신건강의사들 ""운전금지 약물 지정 우려…치료중단이 더 위험""",IT
은퇴 석학 40명 선발해 최대 5년간 연구비 지원,IT
AI 수요 타고 클라우드 9조원 돌파…SaaS·CMS 동반 질주,IT
“은퇴 석학 다시 연구실로”…연 2.5억·최대 5년 지원,IT
"한국 클라우드 시장, 10조원 돌파할까…""지난해 사상 최대""",IT
[미래 여는 AI·ICT R&D 우수성과]〈3〉ETRI 6G 기술력 세계에 뽐내...정부·IITP 지원으로 한국 위상 높여,IT
"정년 앞둔 석학, 중국행 막는다…40명에 연간 2.5억·5년 지원",IT
[AI픽] 국내 클라우드 매출 9조원 돌파…AI가 키웠다,IT
"""정년이 연구의 끝은 아니다""…정부, 석학 20명에 5년간 최대 12.5억 지원",IT
"정부, 60대 석학급 연구자 40명 연 2.5억 연구비 지원…최대 5년",IT
"곽동신 한미반도체 회장, 30억원 규모 자사주 추가 취득",IT
"'EQT' 더존비즈온, 공동대표 체제로 새 출발…상장폐지도 초읽기",IT
"AI 배우 쓰려면 인간만큼 비용 내라…할리우드 노조, '틸리세' 부과 추진",IT
'산부인과 의사'인데…'산부인과' 간판 뗀 의원 10곳 중 4곳,IT
"넷마블, 콘솔시장 '정조준'…글로벌 영토 넓힌다",IT
전문직·IT 업종 20·30세대 때린 AI…일자리 대체 우려 확산,IT
"KT, 구조조정 인원 2300명 복귀 시킨다",IT
"보조금 경쟁 42년 '끝'…통신3사, AI로 ‘각자의 길’ 간다",IT
IT·전문직 ‘2030’ 취업자 13만명 감소,IT
"스포티파이·넷플, 'K-수혈'로 이용자 수 급증",IT
"앱클론-종근당, 이중항체 기반 난치성 고형암 치료제 공동개발 착수",IT
"“신규 이용자 월광 10명 확정!” 에픽세븐, 4월 업데이트로 확 달라진다",IT
“종이맛이라도 용서가 되네”…이틀 먹었더니 ‘나쁜 콜레스트롤’ 실종,IT
[검색폭발 이슈키워드] 터보퀀트,IT
"워너브라더스, 내달 23일 파라마운트 합병 주주 투표",IT
"세계 수학자 1700명, 실명 걸고 “미국서 열리는 필즈상 거부”",IT
"""지아이텍, ESS 타고 실적 반등…연 매출 430억 전망""",IT
유튜브 쇼핑 문턱 낮아진다…가입 요건 '구독자 500명' 완화,IT
"환자 80%가 ""증상? 없었어요""…65세 이상은 매년 결핵 검진해야",IT
"""월회비 2900원으로 최대 7만원 적립""…지마켓, '꼭' 멤버십 공개",IT
"GIST, 20분 만에 암·감염병 잡는 유전자 진단 기술 개발…PCR급 정확도[과학을읽다]",IT
“값비싼 귀금속대신 니켈” 원하는 효능 합성…부작용 없는 신약개발 청신호,IT
"HLB, 담관암 신약 美 FDA 우선심사 지정…""9월 내 승인 결정""",IT
"[IT카페]""SKT와 달라야 하는데…"" 유심 교체 앞 분주한 LG유플러스",IT
“2030년까지 LLM 추론비용 90%↓...기업 비용부담은 지속”,IT
"붉은사막, 스토리 대신 탐험으로 증명한 ‘주객전도의 묘미’[해봤어요]",IT
"김한근 강릉시장 예비후보 ""AI데이터센터 사업은 제2 대왕고래""",IT
"청소년 10명 중 4명 사이버폭력 경험… ""모르는 사람이 더 무섭다""",IT
"""여기는 달로 가는 우주선입니다"" [지금은 우주]",IT
"""유인 달 탐사 준비완료""…아르테미스 2호, 4월 1일 발사 [우주로 간다]",IT
"박윤영號, 7광역본부 해체·물갈이…'김영섭 지우기' 본격화",IT
뽑아도 또 자라는 불법웹툰…보안기술·공식번역 '속도전',IT
"[리뷰] 니콘 대표 표준 줌 렌즈, '더 편한 렌즈'로 재탄생",IT
"""나도 모르게 붉며 들었다""…'붉은사막'에 27만 명 동시에 몰렸다",IT
"한국인, 연간 보름꼴로 미세먼지·오존 등 4중 대기오염에 동시 노출",IT
"AI 토큰값 90% 폭락해도 기업 부담 커진다는데, 왜?",IT
구독자 500명 유튜버도 돈번다…유튜브 쇼핑 제휴 요건 완화,IT
"한국인, 연 15일 ‘복합 대기오염’ 노출… 4개 물질 동시 초과",IT
온라인에 밀린 퇴물이라더니…‘10대 틱톡’ 덕에 부활한 미국 쇼핑몰,IT
"엠아이큐브솔루션, 中 위에다 그룹과 스마트팩토리 현지화",IT
안철수 비판에 이사진 매입까지…한화솔루션 유증 후폭풍,IT
"'MSP 강자' 메가존클라우드, 日 아바타 선도기업 손잡고 '피지컬 AI' 본격 공략",IT
"LG이노텍, 자율주행 SW 업체 '어플라이드 인튜이션'과 협력",IT
35년간 7000대 팔았다…현대차 '판매신화' 쓴 영업왕 주인공은?,IT
삼성전자 '인피니트 AI 와인 냉장고' 출시…'AI 와인 매니저' 첫 탑재,IT
"파두, 中 CFMS 참가…Gen6 SSD 컨트롤러 하반기 납품",IT
"xAI, 창업 3년 만에 공동창업자 전원 이탈…일론 머스크 '전면 재편' 승부수",IT
KAIST 교수협 추천 총장 후보 3인에 류석영·배충식·조용훈,IT
"LG이노텍, 어플라이드 인튜이션과 자율주행 소프트웨어 협력",IT
"LG화학, 반도체·전장 소재 매출 키운다…2030년 2조원 달성 목표",IT
"델, 기업용 ‘델 프로’ PC·모니터·주변기기 신제품 10종 공개",IT
"[전문가기고] 데이터 보안과 업무 혁신 사이 딜레마, 합성데이터로 정면 돌파",IT
"에스원 ""무인매장 절도 민원 2배↑…AI CCTV 대안으로""",IT
"감염병, 20분이면 PCR 수준 진단…""임상 가능성도 입증""",IT
"29일 서울 벚꽃 개화…지난해보다 6일, 평년보다 10일 빨라",IT
"LS전선, 수주잔고 7.6조원…업황 호조에 실적도 신기록",IT
“우리도 식이섬유가 필요해” 기생충도 식이섬유 좋아한다? [핵잼 사이언스],IT
"네이버시리즈 '최강신작', 장기 흥행 견인…신작 다운로드 5배 '쑥'",IT
중동전쟁·AI발 '칩쇼크'에 소니 PS5 가격 또 올린다…기본형 100만원 육박,IT
삼성전자 ‘특별 보상’ 제시… 노조 “파업 참여 안하면 불이익”,IT
"""K-문샷 신약 개발 AI도 연산 한계…양자기술이 돌파구""",IT
"AI 에이전트, 아첨하고 확증편향 키우고 통제 벗어나",IT
"키움운용, '미국 대형 성장주' 담은 ETF 31일 상장",IT
가트너 “AI 토큰 단가 하락에도 기업 AI 비용 부담 지속”,IT
[인터뷰] 베트남-한국 AI 시너지: FPT가 이끄는 'AI-퍼스트' 미래 전략,IT
네이버시리즈 ‘최강신작’ 장기 흥행 견인…프로모션 끝나도 독자 남아,IT
[CIO 보안 투자 노트]기업 '데이터 관리' 낙제점…파수의 처방은,IT
명상은 ‘비우는 휴식’ 아닌 뇌를 ‘최적의 지점’ 데려가,IT
"삼성전자, 인피니트 AI 와인 냉장고 신제품 출시",IT
"OCI, 말레이 자회사 1900억원 투자 유치…반도체 소재 설비 투입",IT
"삼성전자서비스, 4월 1일부터 전국 169개 센터 '예약 서비스' 확대",IT
'충주맨 김선태' 대박 행진…BBQ 회장도 나서더니 '돌풍',IT
AI발 청년 일자리 위기 현실화…IT·전문직 ‘2030’ 취업자 13만명 감소,IT
"아이폰18 프로, '언더 디스플레이 페이스 ID' 탑재설 재점화",IT
"넥슨, 블리자드 '오버워치' 품었다…연내 韓 특화 서비스 시작",IT
"""삼성·인텔 따돌린다""… TSMC, 1.4나노 'A14' 공정 로드맵 공식화",IT
54년만에 다시 달 향하는 인류… 생명유지·우주통신 ‘안전한 왕복’ 검증[Science],IT
에어리언 알 부화?…‘보라색 촉수 괴물체’의 반전 정체,IT
"위생백·지퍼백 반값…롯데마트, ‘메가통큰’ 2주차 돌입",IT
"""수율 논란 끝"" 엔비디아, '블랙웰 울트라' 양산 가속… 전력 효율 30% 개선",IT
삼성전자 '갤럭시 링2' 개발 착수… '비침습 혈당 측정' 탑재,IT
20년간 한국서 나눔 베푼 중국인 김용길 씨…뇌사 후 4명 살리고 하늘로,IT
"CCTV만 믿다간 '낭패'…무인점포 털이범, AI가 실시간으로 잡는다",IT
"""폴더블에도 티타늄 바람""… 갤럭시Z 폴드8, '와이드' 전용 컬러 입는다",IT
“AI의 창의성은 환상”... 이미지 창작 대결서 일반인에게밀렸다,IT
"삼성바이오로직스 노조 95.52%, 파업 ‘찬성’",IT
"세브란스병원, “LDL 콜레스테롤 목표치 낮추니, 심혈관 사건 30% 감소”",IT
AI 토큰값 90% 떨어져도 기업 부담은 더 커진다,IT
'맞느냐'보다 '풀 수 있나' 먼저 묻는 애피어 '에이전틱 AI' 전략,IT
[코스닥 액티브픽] AI 전력 수요 수혜…턴어라운드 본격화 I 비나텍①,IT
"[인터뷰] 김석환 넷마블엔투 PD ""'스톤에이지 키우기', 숨은 '꿀펫' 찾는 재미 살렸다""",IT
"1년 중 15일, WHO 권고 기준 초과…“한국인 대기오염 ‘4중고’ 동시 노출”",IT
"삼성전자서비스, ‘휴대전화 예약 서비스’ 전국 서비스센터 확대",IT
"2030년 LLM 추론 비용 90% 감소…""그래도 AI 총비용은 오른다""",IT
"유니클로, 오타니 효과 노린다…LA다저스 손잡고 미국 공략",IT
"셀트리온, ‘정부 에너지 절약’ 동참…차량 10부제·전력 절감",IT
"LG이노텍, 美 자율주행 SW 기업과 협력… ‘피지컬 AI’ 공략 속도",IT
"LG화학 김동춘, 체질 개선 선포…""전자소재 매출 2조 목표""",IT
"골드만삭스 ""비트코인 바닥 도달... 3개월 뒤 진짜 상승장""",IT
"KAIST, 서로 다른 두 촉매 결합…화학 합성의 오랜 난제 해결",IT
"“LDL 콜레스테롤 55mgdL 미만 목표 치료, 심혈관 사건 감소 입증”",IT
"""챗GPT 기록, 제미나이서 그대로 본다""…구글, 외부 챗봇 정보 연동",IT
"아이지에이웍스, 인적분할로 광고대행 사업 분리…""AI 데이터 기업 전환""",IT
"[영상] ""날 따라 해봐""…사람 동작 따라 하는 中 휴머노이드 로봇",IT
"'갤럭시 쓰는 남친 싫다’던 유튜버, 삼성폰으로 셀카…“비하 아닌 취향” 사과",IT
[미장브리핑] 美 3월 고용지표·4월 韓 채권 WBGI 편입 시작,IT
"비트코인 '롱포지션' 3년 만에 최고치…""위험 신호""",IT
"GIST, 다양한 질환 20분내 진단하는 범용 유전자 검출 기술 개발",IT
루닛·뷰노 등 K-의료AI기업 차별화 전략은[빅테크 의료AI 잠식위기 下],IT
"햇빛·공기만으로 ‘의약품’ 만든다…KAIST, 화학합성 난제 해결",IT
0.001초를 위한 또 다른 레이스…속도 올림픽 'F1' 뒤에서 벌어지는 IT 기술 전쟁,IT
"폴더블 아이폰이 온다…""아이폰 역사상 가장 큰 변화""",IT
"파두, 중국·아시아 공략 속도…CFMS 2026서 AI 데이터센터용 SSD 전면에",IT
숨겨진 RNA 수혜주?…에이프릴바이오·삼양바이오팜·파미셀 '주목',IT
"""동물약부터 태양광까지""…신약 연구 실탄 마련 위해 신사업 나서는 제약사",IT
"AI 신약 개발 성과 가시화…인실리코 메디신, 일라이 릴리와 4조원 계약",IT
인공지능 로봇들의 ‘무인 공장’…K-팩토리 ‘카이로스’,IT
"KT스카이라이프, 가입자 줄었는데 망 사용료는 '껑충'",IT
[주간 클라우드 동향/3월⑤] AI 시대 손 맞잡는 클라우드 업계…국내외 협업 잇따라,IT
"취임 앞둔 ‘KT맨’ 박윤영, ‘임원 물갈이’로 인적 쇄신 예고",IT
"""AI시대 발맞춰 주4.5일제""…노조로 뭉친 '판교맨' 달라졌다 [김대영의 노무스쿨]",IT
"[1분건강] 밤마다 심해지는 ‘마른기침’, 호흡기 건강의 위험신호",IT
"넷마블, ‘콘솔’ 시장 진격…글로벌 출시 속도",IT
한물 간 줄 알았더니…'감성 미쳤다' 인기 폭발한 '핫템' 정체,IT
"카카오모빌리티, 분당서울대병원에 '택시 대신 불러주기' 지원",IT
"""검색 왕좌 지켰다"" 네이버 AI 브리핑 검색 점유율 64%",IT
ETRI 인센티브 갈등 장기화…연구·행정 간 격차 쟁점,IT
“남은 건 머스크뿐” xAI 창립 멤버 3년 만에 모두 짐 쌌다,IT
트럼프 AI 정책 지지 '1억 불' 단체 등장… 美 중간선거 판도 흔든다,IT
[AI돋보기] 인간 상담원은 어디로…AI 콜센터 혁신일까,IT
"""새술은 새부대에""…KT 키 잡는 박윤영, 임원 물갈이 초읽기",IT
‘찬물이 더 가벼운 이유’ 韓 연구진이 밝혔다,IT
금리 급등에 회사채 발행 24% 급감…기업 자금조달 ‘빨간불’,IT
‘AI 통행세’ 짭짤한 애플… 구조조정·기술력 올인하는 오픈AI,IT
메모리 넘어 비메모리까지… 반도체 가격 전방위로 오른다,IT
전쟁이 키운 방산 스타트업…AI·드론 투자 급증,IT
[PLAY IT] 아트뮤 Qi2.2 무선 보조배터리 'QB610'…안전 무선충전 25W 대중화,IT
6년 후 한국도 달 밟는다…2032년 착륙·2040년 기지 구축 목표,IT
'돈 되는 AI' 올인하는 네카오…'나만의 비서' 에이전트에 총력,IT
LCK 다음달 막 올린다...10팀 중 9팀이 꼽은 최강후보는 [1일IT템],IT
“애플의 시간은 거꾸로 간다”…10년 전보다 싸진 보급형 기기들,IT
체온으로 전기 만드는 '내 몸 배터리' 시대… 두께는 300배 늘리고 공정은 10초로 줄였다 [언박싱 연구실],IT
구글 ‘터보퀀트’ 반도체 저승사자냐 시장 키울 촉진제냐,IT
"마음이 약해질때, AI가 건넨 위로에 속지 맙시다",IT
면역 최강 117세 초장수 女…놀라운 '3주 식단'의 비밀,IT
“특정 냄새만 못 맡으면 치매 전조 증상 의심… 조기 검진을”,IT
"KT 박윤영 체제 내일 출범… 첫 칼날, 조직 슬림화 향한다",IT
[김범준 기자의 모던보이]'시키는 AI' 넘어 '스스로 하는 AI'…에이전틱 AI 시대 온다,IT
"TSMC, 2028년까지 반도체 물량 완판… 삼성 파운드리 ‘대안 공급처’ 기회 잡나",IT
HBM 높이 규격 완화되나… 장비업체 셈법 복잡,IT
칩플레이션 직격탄… 소니 ‘플스5’ 가격 인상,IT
AI 인재 패권 역전… “2명 중 1명이 中 출신”,IT
“AI도 못 푸는 질병… 답은 양자컴퓨터”,IT
AI의 ‘아부’와 ‘방종’을 경계하라,IT
"낫싱, 실용성 강조한 무선 헤드폰 ‘a’ 출시… 배터리 효율과 뛰어난 가성비",IT
“모바일 기기 과열 막는다”…열 성능 예측 향상,IT
"“시청률 대박 믿었다가, 날벼락” 완전 망했다…충격적 손실 사태",IT
"어둠 속 ‘떠돌이 행성’ 위성이, 태양도 없이 바다를 만든다?",IT
‘50kg 포탄’ 든 우크라 노병에 착용만으로 ‘힘’ 되는 AI 전우,IT
"반도체 시장의 미래, 터보퀀트가 흔든다?",IT
"삼성바이오, 창사 이래 첫 파업 위기…""노조 찬성률 95.5%""",IT
반세기 만의 '달 유인 비행' 카운트다운…아르테미스 2호 주역들도 발사대 집결,IT
"""경주 얼굴무늬 수막새 그려줘"" 챗GPT에 요청했더니…",IT
"“대기업 건물까지 순식간에 ‘깜깜’” 한국서 초유의 정전 사태…반전 이유, 알고 보니 [지구, 뭐래?]",IT
"'TFT' 17번째 세트 '우주의 신들' 공개…""나를 숭배하라""",IT
[DD 주간브리핑] LCK 개막부터 AI 서밋까지…산업 판 흔든다,IT
"상승세 탄 앤스로픽, 10년 복수 이룰까",IT
"24조원 손실에 ‘꿈의 전기차’ 포기…혼다, 소니 손 놨다",IT
"인간 흉내낸 AI, 1500억 가치 인정받았다…시장분석·예측 판바꾼 이 회사",IT
구글 터보퀀트 HBM 영향 제한적...AI 문턱 낮춰 생태계 키울 기회,IT
삼바 창립 후 첫 파업 위기... 노조 찬성률 95% 넘었다,IT
"‘시민의 선택’ “기후위기 파급력, 온실가스 감축 속도에 달려”",IT
'박윤영호' KT 고강도 쇄신… AI 사업 키우고 조직 정예화,IT
"KT, 박윤영호 출범 직후 대규모 임원 교체 예고",IT
"가상자산거래소 규제, 가장 센 칼부터 꺼내선 안 된다[김현아의 IT세상읽기]",IT
[가상자산 나침반] 비트코인 7만 찍고 6만달러대로… 중동 불안에 상승세 꺾이나,IT
"""AI가 스타트업 판 바꿔…기존 틀 깨려면 美 창업이 유리""",IT
유가 급등에 친환경 중고차 수요 급증…테슬라·아이오닉 '품귀 조짐',IT
중동 전쟁으로 헬륨 생산 3분의 1 중단…韓 반도체 산업 위협,IT
AI 챗봇에 “중립적으로 답해”라고 했더니…응답 10개 중 7개는 “이것”,IT
환자들 챗GPT에 심층상담 받는데 … 병원은 AI 활용에 소극적,IT
"[단독] AI 활용해 진단서만 작성해줘도 빅5병원, 하루 2000명 환자 더 본다",IT
"""매일 2~3시간 진료 대신 행정업무""…AX로 의사 부담 줄여야",IT
로봇·드론이 탱크 이기는 시대…존재감 커지는 방산 스타트업,IT
"스마일게이트 에픽세븐, 8.3 대규모 업데이트 예고...장비-영웅 육성 구조 개편",IT
"“누구나 ‘60만원’ 공돈 준다” 쏠쏠한 용돈벌이에 난리더니…결국, 특단의 대책?",IT
AI·IP에 6000억 베팅…게임업계 뜨거운 R&D 경쟁,IT
"유니콘 넘보는 망고부스트, AIDC 인프라 사업 도전장",IT
"英 옴디아, SKT ‘AI 전략’ 집중 조명 “SKT는 글로벌 AI 인프라 전환 이끄는 선두주자”",IT
"가속도 붙은 中 신약개발…""K바이오 전략 수정 필요""",IT
"셀트리온, 日 공략 강화…알러지·안과 치료제 출시",IT
"""임상 1단계만 더 하자 … 팔지말고 끌고가야""",IT
K바이오에 '봄바람'… 뚝심의 기업가정신으로 끝까지 가보자,IT
"""요금 올리면 고객 절반 이탈"" AI가 예측한다",IT
"피부암을 점 빼는 레이저로 지졌다?…피부진료 '오진' 급증, 왜",IT
"美 AI기업, 인재 찾아 실리콘밸리로 집결",IT
반도체 주가 뒤흔드는 구글 ‘터보퀀트’···게임체인저냐 아니냐 갑론을박,IT
"세미파이브, R&D 2배 '베팅'…선단 기술 선점 승부수",IT
"삼성 中 시안 공장, 236단 8세대 낸드 전환 완료…9세대도 올해 가동",IT
AI 인재 패권의 역전… “최상위 연구자 2명 중 1명은 中 출신”,IT
"티빙, KBO 개막 맞춰 '야구 특화 콘텐츠' 쏟아낸다",IT
"한국인, WHO 기준보다 1.6배 짜게 먹어…전문가 ""감칠맛 찾자""(종합)",IT
HBM 표준 ‘높이 규격’ 완화 논의에 셈법 복잡해진 장비 업계,IT
10명 안팎 도전장… 달아오른 ‘과기계 기관장 공모’ 5월 중 속속 윤곽,IT
"[강민성의 헬스토리] 당분뿐이 아니다… 당뇨환자, 굽거나 튀긴 음식도 절제해야",IT
"54년 만에 유인 달 탐사, 아르테미스 미션… 사고 철저 대비한 나사",IT
"크기에서 효율로… OLED, AI 시대 디스플레이 핵심 부상",IT
닻올리는 KT 박윤영호…AI 경쟁력 강화·조직 슬림화 드라이브,IT
[김남석의 개미생활] 넷마블의 ‘특정주주’ 가치 제고 계획?,IT
특수 분야 반도체 국산화 준비 완료…4인치 웨이퍼 수율 95% 달성,IT
"쿠쿠, 밥솥 시장 독주체제 굳혔다",IT
[1분건강] 아침에 일어났더니 발목이 안 올라가요,IT
"넷플릭스, 북미서 요금 인상…한국은 변화 없을 듯",IT
"TSMC 2년치 물량 완판, 삼성전자 파운드리 기회될까",IT
"위메이드, ‘레전드 오브 이미르’ 스팀서 서비스… 플랫폼 확대 전략",IT
"10년 굳어진 '임원 100명'…KT 박윤영호, 첫 칼 어디로",IT
"월드컵 이후도 독점중계?...""보편적 시청권 재설계 필요""",IT
‘무조건 내 편’ AI 챗봇의 치명적 부작용…갈등 해결 능력 망친다 [사이언스라운지],IT
호주 이어 인도네시아도 ‘청소년 소셜미디어서 아웃’...7000만명 영향 받는다,IT
"딥엑스, 양산 7개월 만에 8개국·27건 구매 주문 확보",IT
"‘배그’만으론 부족...크래프톤, 영업이익 1조에도 깊어지는 고민",IT
"[ZD브리핑] KT 주총, 박윤영 대표 선임안 논의…현대車 북미라인업 공개",IT
[AI 고속도로] 정부가 점찍은 '베라루빈'…국내 안착 가능할까,IT
"박윤영號 KT, 첫 CR실장에 한형민 전 문체부 차관보 내정[only 이데일리]",IT
'세계 최대' 中 스마트폰 시장 4% 뒷걸음질 쳤는데…애플은 23% 성장,IT
"MLB 스트라이크 판정, 5G 특화망으로 풀었다",IT
스타링크 공세에 밀린 韓 통신사…리셀러 됐지만 실속은 없었다,IT
"롯데케미칼, HD현대와 대산 통합법인 설립…사업재편 본격화",IT
"프리스마크 ""日닛토보 T-글래스 공급부족 갈수록 커진다""",IT
"“병원서 택시 대신 불러준다”…카카오모빌리티, 고령층 이동 지원",IT
"최민희, 올림픽·월드컵 방송 사전승인제 도입법 발의",IT
"소니, PS5 전 제품군 가격 인상…최대 150달러",IT
크래프톤 배그 9주년 행사 '인산인해'…e스포츠선수와 1대1 대결 눈길,IT
"징둥닷컴, 독일 전자제품 유통사 '세코노미' 인수 제동",IT
KT 박윤영호 31일 출범…AI 수뇌부 대거 물갈이 예고,IT
"셰브론·쉘 등 글로벌 에너지 CEO ""석유 공급 부족 시장 관측보다 더 커""",IT
0.00009와트 초저전력으로 풀 컬러 해상도 구현… 다양한 색 표현에 초고해상도까지,IT
"KAIST, 배터리 부담없이 초고해상도 AR·VR 구현 가능성 제시",IT
"1세대 AI 기업, 수익화 본궤도",IT
"라이엇게임즈 TFT 세트 17 '우주의 신들' 공개…""신의 은총 콘셉트""",IT
"투비유니콘, ETRI와 손잡고 미션크리티컬 AI 시장 ""정조준""",IT
“전력사용 거의 없이도” 초고해상도 AR·VR 구현…차세대 ‘디스플레이’ 개봉박두,IT
1인치에 화소 1만6900개…저전력·초고해상도 모노픽셀 디스플레이,IT
"정부, 전국 5G 단독모드 전환 추진…2030년 6G 상용화 목표",IT
"""미키가 왜 여기서 나와?""…네이버웹툰, 글로벌 IP 몰리며 ‘덕후 플랫폼’ 진화",IT
"""내 일자리 뺏길라""…기업 AI 도입 발목잡는 '직원 불안'",IT
"“트럼프, 호르무즈 해협 개명 검토” 美 언론…연설선 ‘트럼프 해협’ 말실수도",IT
"정부, 부당한 가격인상 주유소 ‘무관용 원칙’ 대응",IT
"카카오게임즈, 라인야후 품으로…다음 '뉴스 댓글' 부활[뉴스잇(IT)쥬]",IT
"유가 상승 여파, 디스플레이 광학필름으로 확산...편광판 가격 오른다",IT
[챗ICT]롤 독주 체제 끝나나…크래프톤 도전장,IT
"‘1984’도 금서?…영국 학교, AI가 고른 도서 200권 철거 논란",IT
"가상자산 거래소, 작년 하반기 매출 ‘급감’…주총서 실적 공개",IT
동남아 최초 '이곳' 16세 미만 아동 SNS 규제한다,IT
[1분건강] 양치질 열심히 해도 봄철 유독 심해지는 입냄새,IT
한국인 인공지능 사용 “한 달에 2시간”…지난해보다 39분 늘어,IT
'온라인 주민번호' CI 잇단 유출 악용 우려...개선 논의는 '지지부진',IT
李대통령 “전기 절약” 주문에…통신 3사도 긴급 ‘저전력 모드’,IT
"갤럭시 S26 출시 한 달 만에 가격 '뚝'…이통3사, 공통지원금 2배↑",IT
[뉴스줌인] '평생 가는 CI' 개선하려면…CI2 전환·유효기간제 등 대안,IT
전력계통평가 발묶인 수도권 AIDC…신속 공급 타이밍 놓칠 우려도,IT
잡는 택시마다 ‘앱 예약’ 허탈한 노인들…이제 병원에서 불러드려요,IT
"셀트리온, 일본서 옴리클로·아이덴젤트 품목허가 획득",IT
"카카오모빌, 분당서울대병원에 택시 대신 불러준다…고령층 이동 지원",IT
"카카오모빌리티, 분당서울대병원에 ‘택시 대신 호출’ 도입",IT
"""내 삼전·닉스 갑자기 왜 떨어진 거야?"" 구글이 쏘아올린 작은 공[AI 아틀라스]",IT
서울대 캠퍼스에 송병준 의장 뜬다... 창업 선배가 내놓을 조언은?,IT
"[100세건강]""기침 오래간다 했더니""…스펀지 같던 폐가 굳는 '이 병'",IT
창립기념일은 '다시 듣는 날'…취임 직후 고객부터 찾은 정재헌,IT
"병원에서 '카카오T 택시' 대신 불러준다…""고령 환자 편의성↑""",IT
"정부, 의정 갈등 기간 중증진료 유지 병원에 1兆 지급",IT
"""잘못하면 번호 정지됩니다""…KT, 악성 사이트 통한 스미싱 경고",IT
예멘 후티 반군 이스라엘에 미사일 공격…국제유가·운송 부담↑,IT
"전공의단체, 의협 산하 벗어나 독립 법인 추진",IT
"카카오모빌리티, 분당서울대병원에 ‘택시 대신 불러주기’ 도입",IT
"뉴립스, 뒤늦은 정정에도…AI 학술교류, 미중 갈등에 휘말렸다",IT
“韓 대학생들 일냈다”…국제 AI 게임대회 우승,IT
"소니, 日 시장서 CF익스프레스·SD 카드 수주 중단",IT
"“병원서 택시 잡아드려요” 카카오모빌리티, 분당서울대병원과 이동 약자 지원",IT
MS 엑스박스 '파트너 프리뷰' 성료…신작 19종 대거 공개,IT
"""AI 시대에도 답은 고객""...정재헌 대표, 첫 행보는 시니어 고객과 소통",IT
"스테이크 40% 할인·와인 반값…신세계그룹, '랜쇼페' 1일 개막",IT
"""달리면 생수""...CU, 포켓CU 앱에 ‘러닝 멤버스’ 도입",IT
"BTS 월드 투어, 갤럭시 S26 울트라로 즐긴다…삼성전자, 하이브와 글로벌 파트너십",IT
"복지부 ""담뱃값 인상과 주류 부담금 부과 논의 안해…향후 검토""",IT
"[위클리배터리] 삼성SDI-엘앤에프, LFP 양극재 '빅딜'…피노 투자로 듀얼벤더 구축",IT
칠흑같이 어두운데 기온은 따뜻?…기이한 천체에 외계 생명체 있을까,IT
"""AI 도입 막는 건 기술이 아니다""…직원 '감정 리스크'가 최대 변수 [AI브리핑]",IT
'모텔 살인' 김소영 뽀샵에 9900원 결제…40대 男기자도 놀랐다,IT
"포털 다음, 3년 만에 '뉴스 댓글' 도입 ⋯실시간 트렌드도 다시 재개",IT
"""전화 받기 무섭다"" 어르신들 위해… 포천 달려간 정재헌 SKT 대표",IT
"[르포]""10주년 벌써 기대돼요""…4천명 몰린 '배틀그라운드' 팬 축제",IT
"[AI는 지금] AI 인력 부족, '미스매치'가 원인…""개발자 중심 직무 체계 벗어나야""",IT
‘KV 캐시’ 6분의 1로 압축…구글 터보퀀트에 반도체 시장 출렁,IT
쿠팡 사태로 '예스24' 랜섬웨어 뒷전...조사만 9개월째,IT
"우려되는 난카이 해곡 대지진, 한반도는 안전한가",IT
"우크라이나군, 병사들에 근력 보조 ‘외골격 기기’ 첫 보급…전투력 유지 총력",IT
"""검색의 종말? 천만에""…오히려 판 키운 생성형 AI",IT
"[써보니] 아이폰 17e...""용량은 두 배 가격은 그대로""",IT
구글판 '딥시크 모멘트'…터보퀀트가 바꾼 AI 판,IT
"""BTS 라이브에 자극받았나""…티빙, 글로벌 진출 전담팀 꾸린다",IT
"'음이온' 낸다며 방사성물질 담은 팔찌, 해외직구로 들어온다",IT
"""갤럭시S26, 출시 한 달 만에 반값""…삼성 '파격 승부수'",IT
아르테미스 2호 이번주 카운트다운…화성 탐사 발판 구축,IT
30년 KT맨 박윤영의 귀환… '외부 수혈' 시대 막 내린다,IT
[KISTI의 과학향기] 고대 로마 의사들은 똥을 약으로 썼다?,IT
[유가 파장] ① 통신3사·핀테크까지…IT업계 절전 모드 돌입,IT
카카오 살린 네이버...'카겜 인수'는 라인야후의 독립 선언,IT
"[과학을읽다] 위성은 왜 떨어지는가…'공기와 싸우는 우주', 초저궤도 전쟁",IT
"KT ""불법 스트리밍 악성행위 탐지""…삭제 권고·이용자 주의 당부",IT
'거버넌스'에서 'AI 신뢰성'으로…국내 1세대 데이터관리 시장 구도 '격변',IT
"코난테크놀로지, ""창사 이래 최대 매출 했지만""…실적 지속성이 숙제",IT
네이버도 못 살린 우버택시… 카카오T에 막혀 ‘반짝 반등’ 시들,IT
"신세계百, ‘시코르 AK수원점’ 정식 개점",IT
GPU 잡는 NPU 한국에 있다…AI반도체 2세대 승부사들,IT
붉은사막 다음은 ‘K-포켓몬’… 올해 베일 벗는 펄어비스 차기작 ‘도깨비’,IT
"""암 환자 30만 시대…서울 안 가도 되는 '지역완결 치료' 목표""",IT
"""삼성전자·하이닉스 끝났다?"" 구글 ‘터보퀀트’의 역설...""결국 AI가 모든 것 휩쓴다""",IT
“서명을 위조했다고? 네 잘못 아냐”…‘아첨꾼 AI’ 말만 듣다 왕따될라,IT
[실제 써보니] 독특한 시스템으로 돌아온 TFT 세트 17 '우주의 신들',IT
[터보퀀트 쇼크] ③ 단순 용량 경쟁 끝나나…K반도체 생존 열쇠는 '맞춤형 메모리',IT
“딱 하나 부족했다고 이럴수가”…눈 떨림·수면장애·만성피로 막아주는 한알 [MK약국x약들약],IT
"'가나에서 인육 팔아 150억 원 벌었다?' 말도 안 되는 기사, 왜 나왔을까",IT
"데이터스트림즈 ""AI한계 데이터 아케텍처와 거버넌스로 해결""",IT
“25만원에 샀다” “난 29만원이다” 100만원 간다고 난리더니 ‘충격적 추락’…국민 포털 무슨 일이,IT
"""女신입이 자꾸 제 몸을 만져요""…선 넘은 장난? 친분 탓?",IT
"""5g짜리 센서 붙이면""…내 시계가 스마트워치로 변신",IT
‘개발자’가 ‘기발자’로…대전환기에 필요한 건? [AI:너머],IT
갤럭시 부러웠나…아이폰 '2억화소' 카메라 탑재 시험?,IT
"김태현 디렉터 ""배틀그라운드, 이중가챠 없앨 것""",IT
"[AI는 지금] 수요 급증 속 클로드 장애 반복…앤트로픽, 정책·인프라 시험대",IT
“결국 완전 망했습니다” 대박 날 줄 알았더니…충격적 ‘퇴장’ 무슨 일이,IT
치매로 이어지는 ‘파킨슨병’…‘이 기능’ 먼저 떨어지면 더 위험,IT
'메모리 6배 압축' 삼전닉스 주가 박살낸 신기술...한국인 교수가 만들었다 [지금이뉴스],IT
"크래프톤 ‘배틀그라운드’, 9주년 축제…팬들 참여 열기 ‘후끈’",IT
"“생전 처음 봐, 이게 예쁜가?” 요즘 20대 이걸 30만원 주고 산다…뭔가 했더니",IT
"화면 밖으로 나온 '배그', 9주년 축제에 4000명 운집",IT
"유명 IT 팁스터 ""아이폰 18, 다이내믹 아일랜드 작아진다""",IT
"“AI 확산=보안 수요 폭증”…美 투자사, 보안 시장 2배 성장 예측",IT
"""한 사람이 드론 100대 조종""…中 드론 군집 기술 어디까지",IT
"""인스타 그만해""…아시아 최초 SNS 금지한 나라",IT
엔비디아도 못 구한다는데…'2인자' 삼성에 온 반격 기회,IT
7000만명 ‘SNS 셧다운’…극한 처방 나선 이 나라,IT
배틀그라운드 9주년…화정체육관서 축하 이벤트 개최,IT
"[르포] ""배틀그라운드는 내 인생""…9주년 축제에 4000명 모였다",IT
"AI는 빨라졌는데 교실은 그대로?…유은혜, 경기교육 업그레이드 착수",IT
'고집 꺾은 애플'… 아이폰도 2억 화소 시대 열리나,IT
[위클리반도체] 구글 '터보퀀트' 파장에 엇갈린 전망… SK하이닉스 100조원 실탄 확보 나서,IT
KT '박윤영 체제' 출범 임박…조직 슬림화 속도,IT
"숏츠 중독 못 끊는 진짜 이유, 알고 보니…[달콤한 사이언스]",IT
얼굴 없어도 75조 번다…'버튜버' 춘추전국시대,IT
"위메이드 '레전드 오브 이미르', 스팀·동남아 쌍끌이 흥행 정조준",IT
"인류, 반세기 만에 다시 달로 향한다···우주비행사 4인, 발사장 집결",IT
"""올해 OLED 모니터 출하 51% 상승"" 트렌드포스",IT
"‘피지컬 AI’ 엔진 얹은 카카오모빌, 자율주행·로봇 시대 정조준 [빛이 나는 비즈]",IT
"""AI로 누구나 3D 애니 감독""…네이버가 투자한 韓스타트업 어디",IT
"[사이언스샷] 토성 향한 두 시선, 진면목 드러내다",IT
"정부, 우승상금 5억 상향 '올해의 K-스타트업' 시행",IT
달 탐사에 첫 여성·유색인종 참여…NASA ‘아르테미스Ⅱ’ D-5,IT
"국내기업 45% ""정보보호 예산 없어""...65%는 ""조직 없어""",IT
美 특허청 “中 정부 기업 특허무효심판 제기 불가”에 韓 첨단기술 방어권↑,IT
"메모리 과부하 줄이는 구글 '터보퀀트', 오히려 메모리 기업에 이득 가져올 것",IT
AI 에이전트發 '사스포칼립스'는 기우…SaaS 넘어 'SaS(소프트웨어형 서비스)'로 간다,IT
'아이폰' 깨물던 지드래곤도 '좋아요'…애플 '야심작' 뭐길래 [테크로그],IT
"갤럭시S27 울트라, 최초 'LPDDR6·스냅드래곤 8 엘리트 6 프로' 탑재",IT
"""아이폰 폴드 보고 있나""… 삼성, 화면비율 바꾼 'Z 폴드 8 와이드' 포착",IT
"구글의 ‘검색 진화’ 어디까지…서치 라이브, 한국서도 쓴다",IT
중국시장 여전히 미련 남은 현대차 …‘3축 전략’으로 체질 전환,IT
"[게임위드인] 데브시스터즈의 대전 게임 도전, '쿠키런 오븐스매시'",IT
"""시리 심폐소생술 나선다""…애플, 구글 출신 릴리안 린콘 영입",IT
"""M자 탈모의 완벽한 진화?""… 아이폰18, 화면 가림 줄인 새 디자인",IT
"[겜별사] ""돌아온 전설의 쿠팡맨""…'데스 스트랜딩2: 온 더 비치'",IT
"[단독] KT 박윤영, 구조조정 인원 ‘2300명’ 원상 복귀",IT
눈부신 고리…허블과 웹이 본 ‘태양계 가장 아름다운 행성’,IT
VR 헤드셋으로 가상 세계 냄새를 맡는다,IT
게임스컴 2026 입장권 판매 개시... 얼리버드 31일 마감,IT
“소프트웨어 호러 닥쳤다”…‘월 1억회 다운’ 오픈소스 AI 도구에 악성코드,IT
"'맥북병', 99만원이면 완치?…직장인 '서브 노트북' 정석 될까",IT
“인생의 황혼 앞에서 멈춰 서다”... 허광호 산문집 '오후 5시 쉼표 하나'[신간],IT
"""메이드 인 USA 아이폰 가속화""… 애플, 美 부품망에 4억 달러 추가 투입",IT
"이란 연계 해커, 미국 FBI 국장 개인정보 털었다",IT
"""엔비디아 없어도 된다""… 바이트댄스·알리바바, 화웨이 신형 AI 칩에 '베팅'",IT
"中 SMIC, 이란 군부에 반도체 장비 수출 의혹… 트럼프 행정부 ""1년 전부터 지속""",IT
비트코인 6.6만달러도 ‘위태’…중동전 장기화에 ‘외통수’,IT
취업 준비하고 영화 봤을 뿐인데…줄줄이 새는 개인정보,IT
"[네카오는 지금] ""실적 좋은데 주가는 왜""…속 타는 주주들",IT
나프타 쇼크에 포장재 비상…파우치 배터리는 괜찮나,IT
“가파른 곳도 ‘쑥~’” 배 농장 어르신들 팬덤 만든 ‘로봇’[잇:써봐],IT
"지구 온난화, 항생제 내성 박테리아 확산 부른다",IT
"""허블＋웹이 함께 찍었다""…토성 역대급 사진 공개 [우주로 간다]",IT
갤럭시로 담는 BTS 월드투어 ‘아리랑’...삼성전자·하이브 협업,IT
[카드뉴스] AI가 똑똑해지면 메모리가 필요없어질까,IT
"메쥬, 상장 첫날 공모가 대비 81% 급등…코오롱티슈진·메디포스트도 '들썩'[바이오맥짚기]",IT
[사이언스영상] 챗GPT로 반려견 암 치료했다 ,IT
"美, 반도체 공급망 위한 '팍스 실리카' 펀드 출범…3700억원 투입",IT
"식물원인 줄 알았는데 병원, 건축이 기후위기에 맞서는 법",IT
"칩 보안법, 美하원 외교위 통과...엔비디아·AMD에 '밀수방지' 의무화",IT
"입에서 불나는데 계속 먹는다, 캡사이신의 비밀",IT
"[AI는 지금] ""규제보다 실행""… 트럼프, 'AI 연합군' 앞세워 반도체·전력망 병목 뚫는다",IT
우주서 1년 보내자 뇌 위치가 바뀌었다…기간 길수록 변화 커,IT
AX에 보안 중요성 ‘껑충’… “우수 인력으로 양자내성암호 전환 선도”,IT
"[바이오사이언스] '오운완' 2040이 젤라틴 챙기는 이유…""99% 순수 단백질""",IT
"'1500% 폭증' 클로드 서비스, 챗GPT 추월…AI 영원한 승자는 없다",IT
"이통3사, 에너지 위기 대응 총력…차량 통제·전력 절감 '전사적 확대'",IT
"갤럭시 S26 울트라로 담는 BTS의 감동, 삼성전자-하이브 전격 협업",IT
국장 신상 탈탈 털린 FBI…‘이란 해커’에 1000만달러 현상금 걸었다,IT
"[지금, 명의] “눈앞 날파리 갑자기 수천 개…망막박리 ‘즉시 검사’ 하세요”",IT
[테크톡노트] 딥시크 데자뷔…구글 '터보퀀트'의 등장,IT
수장 연임 확정한 카카오 그룹…'수익화·글로벌 확장' 힘 준다,IT
"[지금, 명의] “발바닥이 찌릿·먹먹하면 신경 문제…빨리 치료 받아야”",IT
"오늘 KBO 시즌 개막…'중계 3년차' 티빙, 야구 열기 달궜다",IT
"'허블'이 밝혀낸 '게 성운', '허블'이 25년 만에 다시 바라보다[코스모스토리]",IT
"엔씨, 2030년까지 매출 5조원…증권가도 '불가능한 목표 아냐""",IT
"꽉꽉 눌러 담은 99만원 아이폰…""이것 참 아쉽네""[테크로그]",IT
[AI세계속으로]성인모드 보류·소라 철수…솎아내기 나선 오픈AI,IT
"""월드컵은 공짜, BTS는 유료?""…'안테나' 시대에 갇힌 방송법[보편시청권 논란 上]",IT
"넷플릭스, 1년 만에 또 가격 인상한다",IT
'콜 차단 의혹' 카카오모빌리티 첫 재판서 전면 부인,IT
[AI돋보기] 송유관 대신 데이터센터…'전쟁 표적' 된 AI 인프라,IT
[주말엔게임]'아크' 이어 '데이브'·'붉은사막'까지…K콘솔 흥행가도,IT
선택과 집중 넘어 AI 무한확장 시대…맞춤형 메모리 빅뱅 온다,IT
[금주 신작·업뎃] 300만의 기대작 '쿠키런: 오븐스매시' 출시…'컴프야2026' KBO 개막 업데이트,IT
[인터뷰] 갤럭시S26에 위성 연결 기능 구현한 美 스카일로… 파스 트리베디 CEO “기업·소비자에 끊김 없는 네트워크 경험 제공”,IT
[ET시선] '오픈소스전환(OX)' 이젠 생존전략,IT
“AI 정책이 너무 많아 혼란”…엇박자 막아낼 임문영 AI 전략위 ‘시험대’ [IT클로즈업],IT
[알아BIO] 코스닥 주도주 된 제약바이오…마냥 웃을 수는 없다?,IT
당차게 ‘즉시 결제’ 선보였다 금방 접은 챗GPT···‘AI 쇼핑’ 야심과 현실 사이[산업이지],IT
"""AI 답변 비용 최대 6배 낮춘다?""…구글 '터보퀀트' 뭐길래 [터보퀀트 쇼크 ①]",IT
"4월부터 약물 운전 단속, 처벌 강화…""이 약 먹었다면 자제하자""",IT
외국인 51조 던졌다…코스피 ‘반도체 집중 매도’,IT
"AI 수요 늘었지만 수익성 부담…LS전선, STO로 1조 조달 추진",IT
[터보퀀트 쇼크] ② 오히려 'AI 고도화' 촉발…데이터센터·엣지 혁신 '기대감',IT
"NHN, '벅스' 매각 무산…""인수자 잔금 미납으로 계약 해지""",IT
中 AI 기업 3조원에 인수한 메타에 중국 정부 조사 착수…‘싱가포르 워싱’ 모델 제동,IT
"이란 전쟁 장기화 우려↑, 美 뉴욕증시 꽁꽁…나스닥, 이틀째 2%대 급락",IT
“유튜브·인스타 때문에 우울증 걸려”…구글·메타에 90억 배상 평결 나왔다,IT
[ET톡] 붉은사막에 거는 기대,IT
"농민 10명 중 8명, 근골격계 질환 호소",IT
"펄어비스 '붉은사막' 출시 1주일 '순항'…""판매량 500만장 해볼 만하다""",IT
머스크가 보낸 억대 '러브콜'... 고민 깊어지는 삼성·SK하이닉스 엔지니어들,IT
메모리 6분의 1만 쓰는 ‘터보퀀트’… 반도체 시장 요동,IT
엔비디아·딥시크·화웨이도 ‘메모리 효율화’ 경쟁,IT
내달 구형폰 '카카오톡' 막힌다…공공알림 못 받는 이용자만 100만명?,IT
BTS 월드투어 '갤S26 울트라'가 담는다…삼성전자·하이브 맞손,IT
"""또 올랐다"" 넷플릭스 美구독료 최대 2달러 인상…한국도 '비상'",IT
"“이걸 누가 사나 했더니” 순식간에 600명 몰렸다…놀라운 이유, 알고 보니",IT
"뷰노, 이사 보수 한도 안건 '부결'…정족수 확보 '빨간불'",IT
"삼성전자, 노사 임금협상 다시 중단",IT
'노쇼'로 347억 딜 '수포'…NHN벅스 매각 결국 무산,IT
"""3년에 한 번은 우주 실험해야""…반복 실험·설계·규제 손봐야",IT
"""누구 얼굴 베낀거냐""…미녀 여배우 등장에 '발칵' [이슈+]",IT
"“사람, 장소만 바뀐다” “너무 식상하다” 욕먹던 나영석 예능…넷플릭스 가더니, 순식간에 ‘1위’",IT
"""한국 우주비행사와 함께하길""…2040년 달·화성 민간시대 여는 액시엄 스페이스",IT
박윤영 체제 앞두고…AI리더십 개편 속도내는 KT,IT
"[주총] 1시간 주주 달랜 위메이드 박관호…""비용 효율화 작업 지속""",IT
"SK텔레콤, SK브로드밴드 100% 편입 절차 돌입…5월 완료",IT
"[단독] 금융권도 Ai Native가속 … 신한, AI비서 1000개 만든다",IT
"NHN, 벅스 매각 무산…""인수자 잔금 미납에 계약 해제""",IT
"[단독] AI 반도체 기업 소테리아, 기술·경영 부문 각자 대표 체제 전환해 IPO 시동",IT
"'콜 차단' 혐의 카카오모빌리티, 첫 재판서 혐의 전면 부인",IT
"넷플릭스, 美 구독료 인상… 1년 만에 월 최대 2달러↑",IT
AI 비서가 입찰공고 분석해 제안서 작성 … M&A 타당성 분석도,IT
"'재선임' 손은진號 메가스터디, '역성장'은 숙제로",IT
"SKT, SK브로드밴드 100% 자회사 만든다…5월 주식교환 완료",IT
아이폰서 구글 제미나이 호출한다,IT
"“앤트로픽, 이르면 올해 10월 상장”…오픈AI와 IPO 경쟁",IT
"당근, 역대 최대 실적…광고·알바·모임 다 터졌다",IT
"줄기세포 3D 배양 난제, 우주에서 푼다…""비용 문제 넘어야""",IT
"[DD퇴근길] 구글 '터보퀀트' 등장, 반도체 생태계 흔들",IT
"애플, '맥 프로' 단종⋯전문가용 데스크톱 역사 속으로",IT
"태양 먹는 미생물, 현실에선 가능할까… 영화 ‘프로젝트 헤일메리’ 속 과학",IT
"SKB, 완전히 SKT 품으로...유선 통신 시너지 기대",IT
"위메이드 박관호 대표, 주총장 성토에 직접 주주 달래기",IT
"""여행 AI솔루션 수출기업으로 변신했죠""",IT
교체보다 유지 택한 게임업계…주총 키워드는 '리더십 안정',IT
"“보안 내재화 원칙 미준수”…LGU+, 이용자 ‘보안공백 방어’ 과제로",IT
"증권사, 국장 복귀 개미들 잡아라…불붙은 RIA 이벤트 경쟁",IT
"샌디스크 경영진 ""터보퀀트? 낸드 수요 더 키울 것""",IT
"[인터뷰] 블룸테크놀로지 ""블록체인 경쟁력 자신⋯韓 기술로 글로벌 도전""",IT
"美 “SMIC, 이란 군부에 반도체 기술 지원”… 미중 갈등 변수 부상",IT
정체된 게임섹터…주주환원으로 투자심리 회복 총력,IT
"“광고 매출 반토막”…머스크, X 광고 보이콧 소송도 패소",IT
"""삼전닉스 큰일"" '터보퀀트'에 주가 휘청이는데…과학자 대답 '반전'",IT
변화 대신 안정 택한 게임업계…수장 재선임 통해 '위기 돌파' 채비,IT
"영화 'her' 현실로?…구글, AI 기반 음성검색 서비스 ‘서치라이브’ 글로벌 출시 [팩플]",IT
[비즈톡톡] 구글 ‘메모리 절감 기술’에 흔들린 반도체株… “수요 꺾임 아닌 확대 신호”,IT
메모리시장 충격 준 터보퀀트…“AI 반도체 수요 고도화”,IT
"EQT, 더존비즈온, 2차 공개매수 돌입…상장폐지·완전자회사화 속도",IT
"[AI는 지금] ""이미지도 자체 기술로""…脫 오픈AI 노린 MS, 멀티모달 경쟁 본격화",IT
[비즈톡톡] 반도체 시장 흔든 ‘터보퀀트’… 구글의 속내는 ‘AI 검색 최적화+메모리 병목 해소’,IT
"'터보퀀트' 참여 KAIST 교수 ""AI 반도체 수요 고도화""",IT
이틀째 메모리주 끌어내린 구글 ‘터보퀀트’ 뭐길래,IT
"유증에 뿔난 주주 달래는 김동관, 자사주 30억원치 매입",IT
"AI 메모리 병목 뚫었다…KAIST 참여 ‘터보퀀트’, 최대 6배 압축",IT
유통 빅3 전략 갈렸다…롯데 ‘수익성’ 신세계·현대 ‘성장’,IT
AI 메모리 병목 뚫었다…KAIST 참여 ‘터보퀀트’ “최대 6배 압축”,IT
진라면 꾸미고 칼국수 면 뽑고…'라면박람회' 가보니,IT
우주에서 찍힌 ‘바다 속 그림’…정체는 북극 한파 [우주서 본 지구],IT
메모리 1/6로 줄인다고?…구글 터보퀀트 쇼크의 치명적 착각,IT
"한화솔루션 기습 유증에 소액주주 반기…""절차 투명했나""",IT
구글 ‘터보퀀트’에 반도체 시장 술렁…“수요 줄어” vs “아직 논문단계”,IT
[코스닥은 처음이시죠] 헥토파이낸셜 미래 변수 '스테이블코인',IT
KAIST 교수협 오늘 총장 후보자 접수 마감···류석영·배충식·이승섭 등 물망,IT
"붉은사막 초반 흥행 속 ""'도깨비' 개발 박차…연내 배당 검토""",IT
"[터보퀀트 쇼크] ① ""메모리 6분의 1만?""…구글 다이어트 'K반도체' 흔들다",IT
"미 법원, 앤트로픽 '공급망 위험' 지정 효력 중단…""수정헌법 1조 위반""",IT
"""TV사업 악재 어떻게 넘을까""…삼성·LG, 독자 OS로 中 추격 돌파구",IT
"AI와 카메라로 비친 모습 보며 대화···구글, ‘서치라이브’ 전세계 출시",IT
넷플릭스 美 요금 인상…한국도 오르나 '촉각',IT
8.6세대·폴더블 OLED 나란히 ‘순항’… 삼성디스플레이 제조 협력사 웃는다,IT
"선익시스템, 마이크로 OLED 증착장비 추가 수주…올레도스 투자 확대 훈풍",IT
"""한국 의료 AI 기술력 세계 최고 수준…지원 확대돼야""(종합)",IT
"애플, '시리' 외부 AI 챗봇 연동…제미나이·클로드 개방",IT
"[주총 포커스] 넥슨게임즈 박용현 ""신작 지연이 주가 하락 원인""",IT
시행 두 달만 재정비 나선 AI기본법…배포자·딥페이크·안전성 등 '수술대',IT
AI인프라 전쟁…반도체까지 국가 경쟁력 이슈로[AI 7대 트렌드⑦],IT
"잇따른 삼성월렛 결제 오류 왜?...""카드사 시스템 장애"" 지적",IT
"[단독] KT, 오승필 CTO 사임…기술혁신·AI 조직 개편 폭 가장 클 듯",IT
"휴머노이드 로봇도 외모로 승부?…""감정표현 능력 중요""",IT
"에프엔에스테크 ""빅테크 폴더블 생산 따른 마스크 세정 기대""",IT
"‘띠링~’ 폰 알림 올 때마다 확인하면, 디지털 스트레스 더 받는다",IT
"""7일 걸리던 해킹, 7분이면 끝""…초광속 AI 해커의 공습",IT
400만장 돌파 기대 ‘붉은사막’… 혹평 뒤집고 흥행 반전,IT
"""모바일만 한다고?"" 넷마블, 프랑스 스팀 1위 '대이변'",IT
"사고 나면 누구 책임?… AI 보안 위협 '빛의 속도', 법제는 '거북이걸음'",IT
"아기 돌잔치 즈음, 아빠가 무너진다 [사이언스 브런치]",IT
"죽은 세포, ‘좀비’로 살아나다...합성생물학 판도 바꿀까",IT
"""아들아, 챗GPT가 뭐니?""…취약계층 AI 경험률, 일반인 절반 그쳐",IT
"미국 넷플릭스 가격 또 올랐다, 최대 2달러…한국도 같이 오르나",IT
"""1년에 1000만원 올랐대"" 연봉 1억 찍었다…은행·대기업 뺨치는 '이 회사'",IT
우주에선 임신 어렵다…정자 움직임 ‘뚝’ 떨어져 [우주로 간다],IT
135만명 우르르…'BTS 광화문 공연' 누가 봤나 분석했더니,IT
[인터뷰] 장일수 한국오픈소스협회장 “확산 넘어 ‘안전한 관리’로 전환”,IT
"SK텔레콤, SK브로드밴드 완전 자회사로 편입 추진",IT
"KT 박윤영호, 조직 슬림화로 효율 제고…임원 감축·AI 전략 정비",IT
"정부, 리벨리온에 2500억 직접 투자…AI 반도체 승부수",IT
"금리 급등에 5조 바이백…정부, 국고채 긴급 매입",IT
"[사이언스샷] 향고래 출산, 이모들이 지킨다",IT
"[유미's 픽] ""연산보다 메모리""…구글 '터보퀀트' 등장에 엔비디아도 '긴장'",IT
"""해킹 위협 커지는데 '예산'은 쥐꼬리""…돈 쓰는 기업, 절반에 그쳐",IT
최원준 삼성전자 사장 “멀티모달 인터페이스 대세 될 것… 스마트 안경은 스마트폰 대체 아니라 보완 역할”,IT
"‘뇌의 철옹성’ 뚫었다…美 FDA, BBB 통과 신약 최초 승인",IT
물 영상 4도에서 가장 무거운 이유…세계 첫 규명,IT
"[주총 포커스]펄어비스 허진영, 붉은사막 흥행 강조…약한 스토리는 숙제",IT
"BTS 광화문 공연, 135만명 움직였다…아이지에이웍스 “팬덤은 곧 소비력”",IT
“머스크도 이건 몰랐을걸”…화성이민 떠난 인류 ‘불임’ 된다,IT
"펄어비스 허진영 ""붉은사막 아쉬움 공감…500만장 판매 목표""",IT
"SKT, SKB 완전 자회사 편입…‘T+B’ 시너지 강화",IT
만성 적자에 휘청이는 ‘한국원자력의학원’,IT
광화문에 16만명 모였다…중년으로 확장되는 BTS 팬덤,IT
"펄어비스 ""붉은사막 곧 500만 장… 차기작 '도깨비' 빠르게 선보이겠다""",IT
"[이슈진단+] 삼성·SK HBM, 올해도 잘 팔린다...양사 도합 300억Gb 달할 듯",IT
"[AI는 지금] ""실험 대신 시뮬레이션""…메타, 뇌 기반 'AI 월드모델' 경쟁 본격화",IT
中 상하이 맥도날드 ‘로봇 직원’ 등장…알고 봤더니,IT
“코인 보내면 빚 깎아준다”…대부업체 해킹 악용한 ‘코인 피싱’ 주의보,IT
"알뜰주유소 ""기름값 낮추려면 카드 수수료 내려야""",IT
"[단독] 뒤늦은 IMSI 개편…LGU+, 257대 장비 ‘망 전체’ 뜯는다",IT
"쉴드AI, 투자 추가 유지…기업가치 127억 달러",IT
27일 주총 게임사들…초점은 '체제 안정·주주 환원',IT
앤트로픽 손 들어준 美 법원… 트럼프 ‘공급망 위험’ 기업 지정 효력 중단,IT
폰카로 풍경 비추면 답변 줄줄…‘제미나이’ 영상·음성 검색 한국 출시,IT
"장현국 넥써쓰 대표 ""웹4 시대, AI 에이전트가 게임의 새 축""",IT
"오픈AI, 챗GPT 광고 두 달 만에 1억 달러 돌파…새 수익모델 만드나",IT
"삼성SDI, 엘앤에프-씨앤피신소재 ‘LFP 2중대’ 구축…美 공략 본격화 [배터리레이다]",IT
민주주의는 완성품이 아니다…시민의 관심을 먹고 자란다,IT
소설 ‘모비딕’ 속 고래 박치기 사실이었다 [달콤한 사이언스],IT
방미통위 표류 언제까지…1분기 정상화 사실상 무산,IT
"삼성 하만, 헝가리에 2300억원 투자…유럽 전장 확대",IT
"5년 적자 끊었다…김승언 남양유업 사장 ""성장 궤도 진입 신호탄""",IT
"검색창 두드리던 시대 끝나나…구글 검색, 이젠 '대화'로",IT
“치매가 너무 빨리 왔습니다”...성인 2만여명 추적했더니 문제는 ‘이 행동’,IT
구글 터보퀀트가 쏘아 올린 공…메모리 반도체는 정말 위기일까,IT
"대성파인텍, ‘DSM’으로 사명 변경하고 5대1 주식병합",IT
"엑스, ‘광고 보이콧 소송’서 패소…""반독점 피해 입증 못해""",IT
"도쿄 포켓몬 센터 흉기 난동으로 2명 사망…포켓몬 컴퍼니 ""임시 휴업""",IT
"논란의 '성인용 AI' 출시된다더니…""인간에 도움 안 돼"" 전격 중단",IT
애플 '빗장' 열리나…iOS27서 '시리' 개방 가능성,IT
"물이 4℃에서 가장 무거운 이유, 韓 과학자 10년 '뚝심' 연구로 풀었다",IT
"반려견, 1만4200년 전부터 인간 곁에 살았다",IT
넷플릭스 美 구독료 전격 인상…韓 가격 조정은 언제쯤,IT
"""나흘 만에 300만장 판매"" 돌풍…대작 게임 흥행에도 '신중'",IT
"'우주 임신' 영화선 되던데...실제론 ""수정률 감소""",IT
"DXVX, 바이오유럽에서 ‘먹는 비만약’ 알리기 총력",IT
"""메모리 6분의 1로 줄인다""…구글 터보퀀트에 반도체주 휘청",IT
"LG유플러스, ‘익시오’ 넘어 로봇까지…피지컬 AI로 확장",IT
"산일전기, 2대주주 지분 9.98% 블록딜 완료…""유동성 확보 목적""",IT
아첨하는 AI…‘나 잘난’ 인간 부추긴다,IT
"현대차·SK온, 美 배터리 JV 사명 'HSBMA' 확정",IT
"펄어비스 CEO ""붉은사막 스토리 아쉬움 공감…계속 업데이트""(종합)",IT
"물이 4도에서 가장 무거운 이유, 드디어 밝혀졌다 [지금이뉴스]",IT
유가 급등에 미소 짓는 BYD…해외 판매 호조에 주가 탄력,IT
구글판 ‘딥시크’ 충격…구글 AI 압축 기술 ‘터보퀸트’ 뭐길래 [세모금],IT
"우버, 포니 AI 손잡고 크로아티아서 로보택시 출시 추진",IT
"""챗봇 쓰면 지출 4.7배↑""…메이시스 데이터 공개",IT
"""수상한 이메일 한 통""… 엔비디아·슈퍼마이크로, 태국 경유 AI 칩 밀수 작전 꺾었다",IT
국내 연구진 ‘물의 비밀’ 풀었다…‘액체-액체 임계점’ 최초 관측,IT
"구글, 반도체 수요 줄이는 AI기술 '터보퀀트' 공개[글로벌AI브리핑]",IT
"‘T-B’ 시너지 강화…SKT, SKB 완전 자회사 편입 ‘지분 100%’",IT
"실리콘랩스, AI 가속기 품은 '시리즈 3' 4대 핵심 시장 맞춤형 공략",IT
"""제2의 조니 아이브 안돼""… 애플, 인재 가로채는 오픈AI에 '돈 보따리' 응수",IT
맥 프로 단종…애플 최고 데스크톱 역사 속으로,IT
"셀트리온, 일본서 옴리클로·아이덴젤트 품목허가…퍼스트무버 지위 확보",IT
"미 법원, 앤트로픽 가처분 인용…공급망 위험 지정한 트럼프 행정부 조치 제동",IT
"포항공대, '물이 4도에서 가장 무거운 이유' 증명…사이언스지 발표",IT
"앱클론, CAR-T·항체 치료제 다음 수 준비…자금 여력 확보 '포석'",IT
"에이티센스, 동물 심전도 사업 본격화…내달 동물 전용 판독센터 연다",IT
"애플, '맥 프로' 전격 단종… 20년 워크스테이션 역사 마침표",IT
"""시리야, 클로드 불러줘""… 애플, 독점 깨고 'AI 허브'로 변신한다",IT
"""폴더블 아이폰, 아이폰18 프로보다 늦게 나온다""",IT
유튜브 점령한 가짜 이국종?…100만명 속인 AI 딥페이크,IT
"빅테크, 영상AI 진단 정확도 의사 넘었다...위기론 나오는 까닭[빅테크 의료AI 잠식위기 上]",IT
올트먼 고집도 꺾였다...논란 끝에 '무기한 연기',IT
트래픽 급증에도 설비투자 6년새 40% 뚝,IT
삼성 '갤럭시S27 울트라'에 퀄컴 차세대 칩셋 탑재...스펙 보니 [1일IT템],IT
"[1분건강] 갑자기 몸에 튀어나온 ‘혹’, 혹시 지방종일까",IT
"""PC·스마트폰 버금가는 충격 온다""…실리콘랩스, 1조 달러 시장 정조준",IT
코스피 랠리가 바꾼 증권사 IT 투자…차세대보다 대외계 증설,IT
메모리사용량 6분의 1…삼전닉스 충격준 ‘터보퀀트’ 뭐길래,IT
'봄나들이' 엄마 발목 잡는 관절염…나빠지지 않게 관리 최선,IT
"“그 논문 좀 팔아주세요”...340년 된 英박물관, 韓교수에 눈독들인 이유는",IT
“평생 약 먹으란 것도 우울한데”…복제약값 부담 14년만에 줄인다,IT
"엔비디아·테슬라 ‘추풍낙엽’…막판 ‘트럼프 타코’, 삼전·SK하닉 살릴까",IT
"中, 8세대 OLED 디스플레이 설비투자 속도… 韓·日서 장비 발주 본격화",IT
게임업계 ‘보릿고개’에도 연봉 1억 눈앞… 대기업 수준 육박,IT
"SK하이닉스, ‘AI 제조 혁신’ 목표로 전액 출자… 가우스랩스 382억원 손상",IT
"영하60도 액체 임계점 첫 관찰…""과학 교과서 다시 써야""",IT
"[PLAY IT] 전용 스냅드래곤8 엘리트 5세대, '갤럭시S26 울트라'에 끼친 영향",IT
"""짠물 배당은 옛말""… K-게임, 자사주 수천억 원 태우며 '주주 모시기'",IT
고리2호기 재가동 임박…임계 전 시험 막바지 단계,IT
세스코 지하의 그 실험실은…‘숙적’ 생존 본능 해체의 최전선이었다,IT
"""물은 왜 위부터 얼까""…영하 70도서 수십년 미스터리 풀렸다 [팩플]",IT
물이 무거워지는 ‘4도 미스터리’ 한국이 풀었다,IT
희소 유전병 극복한 아기처럼... 단 한 명을 위한 치료제 시대 열린다,IT
[취재수첩] ‘격차’ 지킬 수 있을까… LG 올레드 TV가 마주한 시험대,IT
영하 60도에서 물의 비밀 풀었다… 세계 최초로 ‘액체-액체 임계점’ 관측,IT
영하 60도서 포착된 '물의 두 얼굴'…액체-액체 임계점 세계 첫 관측,IT
"포항공대, 기초과학 난제 해결…‘물의 임계점’ 세계 최초 관측",IT
“교과서 바꿀 획기적 발견” 韓 연구진…수백년 난제 ‘물’ 비밀 풀었다,IT
"POSTECH, 물 ‘액체-액체 임계점’ 존재 세계 최초로 증명",IT
"국내 연구진, 물의 미스터리 깼다… 세계 첫 ‘액체-액체 임계점’ 관측",IT
한강이 위부터 어는 데는 이유가 있다… 10년 연구가 밝힌 물의 두 얼굴,IT
영하 60도에서 두 가지 물 하나로→교과서 바꿀 발견 [지금은 과학],IT
"“영하 60도서 물의 비밀 풀렸다”…韓 연구진, 10년 만에 ‘결정적 증거’",IT
영하 60도에서 드러난 물의 두 얼굴… 두 종류서 단일 액체로 변해,IT
차가울수록 왜 가벼워지지?…'물의 비밀' 韓 연구진이 풀었다,IT
"세계적 난제, 한국팀이 풀었다…영하 60도서 밝혀낸 '물의 미스터리'",IT
물은 왜 4도에서 가장 무거울까…국내 연구진 10년 만에 풀었다,IT
우주에서 길 잃는 정자… 달 기지선 아이 못 낳나,IT
"10m 한지 두루마리 논문, 세계 最古 대학 박물관에",IT
우주 산업 빠르게 성장… 美서 관련 기업 주가 ‘신바람’,IT
"‘중복 상장 금지’ 규제에… 넷마블네오, IPO 철회",IT
"LG, TV 투트랙 전략… OLED 더 싸게, LCD는 고급화",IT
"청소년 SNS 중독 범인, 구글·메타로 결론",IT
"“한국 살면, 1년에 담배 300개비 강제 흡연” 놀라운 분석…끔찍한 미세먼지 탓 [지구, 뭐래?]",IT
"우주 경제 시대, 비상을 꿈꾼다… ‘K-라드큐브’ 아르테미스 탑승[내일은 유니콘]",IT
트럼프 옆 100만 팔로워 금발 女미군 정체,IT
빚더민데 신기술 투자? 한화솔루션 유증에 시장 반응 ‘싸늘’,IT
27일부터 2차 석유 최고가격…휘발유 1934원·경유 1923원·등유 1530원,IT
월드컵도 독점 중계?...‘시장 자율’ 한계에 정부 등판론 확산,IT
"삼성SDI, 피노 지분 투자…'포스코퓨처엠 JV' LFP 양극재 공급권 확보 [배터리레이다]",IT
"영풍, 고려아연선 반대 자사선 통과…감사위원 확대 두고 엇갈린 행보",IT
[단독] 박윤영호 KT 첫 행보는 '지방 구조조정'…7개 광역본부 4개로 통합,IT
“4시간 하면 300만원” “한달 4억도 벌었다” 한 때 BJ 난리였는데…뜻밖의 ‘결단’ 무슨 일?,IT
소라2 돌연 철수에 ‘당혹’…“내 영상은 어떻게?”,IT
이상일 용인시장 “전북표 얻으려는 팹 이전론 그만하라”,IT
가처분 무시한 방사청의 KDDX 직진…추가 공방 불씨,IT
"구글 터보퀀트에 반도체 급락…""과도한 우려"" 분석 늘어(종합)",IT
"청소년 SNS 중독 범인 된 메타·구글…""90억 배상하라"" 첫 평결 [팩플]",IT
글로벌 AI 시장 흔든 '에이전트'…국내도 1100만 돌파,IT
구글 신기술 '터보퀀트' 뭐길래…삼전·하닉 주가 털썩,IT
"쿠팡Inc, 대만에 4번째 풀필먼트센터 짓는다",IT
"복제약 가격, 오리지널의 53%→45%... 업계 반발에 인하 폭 축소",IT
"더존비즈온, 김용우 창업주 퇴진…EQT 지분 90% 확보에 상장폐지 가시화",IT
용인 반도체 산단 이전 논란…시민대책위 “원안 사수” 강력 선언,IT
"SK텔레콤, SK브로드밴드 완전자회사 편입 마무리 절차 돌입",IT
"더존비즈온, 창업주 퇴진… 이강수·지용구 공동대표체제 전환",IT
"코넥티브, AI진단부터 휴머노이드 수술 로봇까지 '새 판 짜기'…정형외과 표준 노린다",IT
메모리 대란에 꺾인 PC 출하량… 올해 마이너스 성장 예상,IT
"[현장+]게임즈 매각 카카오…정신아 ""파트너 시너지 구축""",IT
고혈압·당뇨 환자 약값 연 2만1000원↓…14년만에 약가개편 확정(종합),IT
"정재헌 SKT 대표 ""통신 점유율 40% 되찾고 주주환원 강화""",IT
"복제약, 53.55%→45%로 인하…14년 만에 약가제도 개편",IT
당뇨·혈압약 싸진다 … 年 몇만원씩 덜 낼듯,IT
"메타, 리얼리티랩스 또 감원…메타버스 줄이고 AI 올인",IT
[약가개편]혁신? 위협? 제약·바이오업계 의견 분분…외자사는 '방긋',IT
"[주총] ""시프트업 주가 저조"" 주주 지적에…""연내 스블2 정보 공개""",IT
구글판 ‘딥시크’?…삼전·닉스 주가 뒤흔든 구글 新기술 뭐길래,IT
"""암환자 수액 주머니도 걱정"" … 나프타 부족에 의료계 긴장",IT
"[약가개편] 고혈압·고지혈증·당뇨 복합환자, 年 2만1000원 아낀다",IT
희귀질환 치료제 100일 내 건보 등재…접근성 확대 속 재정 부담 논란,IT
"[주총 포커스]""빅테크와 경쟁은?주가는?""…카카오 주주들 '송곳 질문'",IT
"여기어때 ""판촉수단"" vs 공정위 ""업체 비용""…'쿠폰 과징금' 소송전",IT
KT 쇄신 본격화…임원 줄여 군살 뺀다,IT
"정재헌 ""올해 실적 회복할 것…AI 풀스택으로 기업가치 증명""",IT
“학력·경력 안 봅니다”…불붙은 AX인재 확보전,IT
“579억 또 빌린다” 만성적자 휘청…대형 국립병원에 대체 무슨일,IT
"국방 위성 텔레샛 손잡을까, 독자망 갈까…정부, 저궤도 위성통신 TF 띄웠다",IT
"엔씨, 사명서 '소프트' 뗐다…박병무 대표 ""게임 넘어 플랫폼·IT 확장""",IT
세계로 뻗는 K통신장비…광통신 앞세워 2조 수출 노린다,IT
"10년 복무 지역의사제, 비필수과 선택 시 수련기간 미반영",IT
첨단 해킹보다 무서운 '관리 부실'…2383건 보안 사고가 남긴 뼈아픈 교훈,IT
"""메모리 가격 상승에 올해 PC 출하량 5% 감소 전망""",IT
"에코프로 ""배터리 생애 주기 관리 신사업 추진""",IT
340년된 英박물관이 사들인 韓교수 논문,IT
구글판 '딥시크' 쇼크…삼성전자 개미들 '비명' 터진 까닭,IT
"급식도 ‘프리미엄 시대’…식품업계, 맛·AI로 차별화 승부",IT
"넷마블, 방준혁 의장 재선임…""게임 서비스 효율 극대화 할 것""",IT
학생부터 70대까지 '모두의 AI' 도전…전국민 대회 막 올라,IT
"""AI 때문에 실직하면 월 150만원""…美서 첫 시범 운영",IT
"국민성장펀드, 리벨리온에 2500억 지분투자 의결…민간 자금 포함 6000억 자본 조달 성공",IT
"금융보안원, ASM 공급 확대…보안 스타트업 타격 현실화",IT
트럼프 'AI 어벤저스' 꾸렸다...젠슨 황·저커버그 등 '민관 기술동맹' 참여,IT
"제이스텍 ""올해 배터리 장비 공장 2배로 증설 계획""",IT
"SKT, SKB 100% 완전자회사 편입 추진",IT
"""메모리 부족으로 올해 PC 출하량 5%↓…AI PC가 변수""",IT
"엔씨소프트, ‘소프트’ 떼고 ‘NC’로 새출발…이미지 쇄신할까",IT
"[AI는 지금] ""메모리 병목 뚫었다""…구글, '터보퀀트'로 AI 인프라 판 바꿀까",IT
[비즈톡톡] 설계만 하던 ARM… 왜 직접 ‘칩’까지 만들까,IT
"이부진 호텔신라 대표, 200억원 자사주 매입",IT
"MS, 한국 AI시장 본격 '태동'...""매년 30% 성장...2032년 75조 규모 전망""",IT
카카오 CA협의체 '헤드' 중심 슬림화…'정신아 2기' AI 대전환[only이데일리],IT
"토큰증권 인프라, 1티어 구조+프라이빗 블록체인 방식으로 간다",IT
"""AI 해커에겐 일주일도 길다""…인간만 뒤처진 '보안 전쟁' 현주소",IT
"가비아, 주총서 이사회 변화…얼라인 주주제안 가결",IT
'로드쇼의 해' 선언한 LCK…유력 우승 후보는 '젠지',IT
"[주총] 넷마블 김병규 ""주주가치 위해 네오 상장 철회…상법 개정안 때문 아냐""",IT
[모바일어플라이언스 줌인]③ 항공우주·ICT 확장…체질개선 시험대,IT
"'2기 체제' 맞는 정신아 카카오 대표, 주식 매입 강조한 이유",IT
"KT, 국내 최초 아이폰 ‘5G 단독모드’ 상용화...아이폰 17 시리즈 적용",IT
"넷마블, 방준혁 사내이사 재선임…경영 안정 속 AI 전환 '속도'",IT
"정신아 카카오 대표 연임…""올해 매출 10% 성장·이익률 10% 목표""",IT
"[주총 포커스] SKT 정재헌 ""실적·주주 친화 정책 회복할 것""",IT
"LG유플러스, 8월까지 유심 1370만장 확보…IMSI 허점 대책 연내 마무리 [only 이데일리]",IT
"""AI 낯설었던 70대도 어느새 유튜버""…모두의 AI 첫발 뗐다",IT
"파두 ""SSD 컨트롤러로 매출 확대…흑자 전환 가시권""",IT
"현대오토에버, 모빌리티 테크 고도화…대외 B2B 영토 확장 ‘초읽기’",IT
"휴머노이드 로봇, 백악관 가다…멜라니아와 포즈",IT
[디지털라이프] SK인텔릭스 '나무엑스' 생산 기지 가보니…“에이전틱 AI 고도화”,IT
"지능형 홈 확산, 3년째 제자리걸음",IT
"이노와이어리스, 'LIG아큐버' 새 출발…통신 넘어 AI·방산 사업 확장",IT
"[홈&테크]필터 비닐 안 벗기니 TVOC급증…LG전자, AI 공기청정기 M7이 보낸 '정직한' 경고",IT
"LG유플러스, 유심 교체 물량 확보…8월까지 전 가입자 대응 목표",IT
"SK텔레콤, 정재헌호 출항… 통신사서 AI컴퍼니로",IT
"""삼성 300조 반도체 초격차 사수""…용인 반도체 산단사수 대책위, 원안 추진 촉구",IT
"SKT, 흔들린 1위 위상 회복한다…AI풀스택·점유율40% 목표(종합)",IT
"정부, 27일 석유 최고가격제 상향조정…유류세 인하",IT
"카카오 '정신아 2기'... ""계열사 줄이기 마무리, 카톡 AI 서비스 집중""",IT
AI 전력난 구원투수 등판 LG엔솔…북미 ESS 생태계 주도권 굳힌다,IT
"신성이엔지, 주주가치 제고 강화…액면병합 결의⋅이사 보수 삭감",IT
"고려아연 외인·기관·소액주주 표심, 현 경영진에 무게 실어",IT
"""K뷰티·기념품 없는 게 없네""...올리브영 ‘센트럴 명동 타운’ 가보니",IT
"구글 '터보퀀트' 뭐길래...삼전닉스 위기? ""오히려 수요 커진다"" 시각도",IT
LCK 정규시즌 임박…9팀이 꼽은 우승후보는 '젠지',IT
SKT 정재헌 체제 출범…가입자 순증·점유율 40% 회복 총력,IT
"OLED 더 싸게, LCD 더 좋게...LG전자, TV 수익성 극대화 나선다",IT
"日 라인야후로 주인 바뀌는 카카오게임즈…""신작 출시 일정은 계획대로""",IT
"스웨덴 스톡홀름까지 날아간 최수연 네이버 대표, 왜? [아이티라떼]",IT
"MS “AI 도입은 끝, 이제 ‘프런티어’ 재설계 시대… 운영 방식 바꿔라”",IT
"10m 한지 두루마리에 쓴 박사논문, 세계 최고 박물관에 전시",IT
"SKT, 1.7조 비과세 배당재원 확보…“올해 회복이 우선”",IT
"SKT ""글로벌 AI 기업과 협력 지속...사외이사도 AI 전문가로""(종합)",IT
캐시카우는 탄탄한데 주가는 횡보…시프트업 “올해 신작 정보 공개”,IT
"엔씨소프트→엔씨 사명변경 완료… 박병무 ""약속이 성과로 실현될 것""",IT
"한화솔루션, 2.4조 유증 추진…""재무 개선·신기술 선점 위해 불가피""",IT
"""네이버 버리고 카카오 잡았다""…라인야후, 카카오게임즈 인수 배경은?",IT
한국인이 쓴 ‘10m 한지 두루마리’ 박사 논문… 英 대학 박물관 영구 소장,IT
구글의 ‘터보 퀀트’가 뭐길래... 삼성전자·하이닉스 주가 폭락,IT
"삼성전자, '삼성 브라우저' PC 버전 정식 출시…""에이전틱 AI 탑재""",IT
‘AI 콘텐츠 팜’ 3006개가 ‘찌꺼기’ 쏟아내며 인터넷 오염... 인간이 만든 콘텐츠에 ‘프리미엄’ 붙는다,IT
사측은 ‘성장’ 노조는 “꼬리 자르기”…카카오 주총 안팎 온도차 ‘극명’,IT
미국·이란 전쟁 시작은 2월 28일이 아니다,IT
헬리코박터 제균치료 받으면 끝?…이 생활하면 위암 발생률↑,IT
"카카오게임즈, 라인야후 품으로…""신작 출시·기존 경영체계 유지""",IT
"“SNS 많이 한 14세, 또래보다 단어 뜻 몰랐다”…SNS 할수록 어휘력·집중력 향상 늦어",IT
"스페이스X 상장 앞두고, 美 우주 기업 주식 급등",IT
"LG CNS, 하드웨어부터 RFM·맞춤 훈련까지…일 잘하는 로봇 만든다",IT
"SKT, 주주 달래기 나섰다... 1.7조원 비과세 배당 재원 마련",IT
"송호준 에코프로 대표 ""헝가리 공장, 고객사 수주 논의 중…LFP 투자는 신중""",IT
"[단독] 오픈AI, 韓 은퇴 세대 품는다…어버이날 '깜짝 행사'",IT
"넷마블, 넷마블네오 완전자회사 편입…“중복상장 논란 선제 차단”",IT
"엔씨소프트, ‘엔씨’로 사명 변경… 박병무 대표 “체질 개선 성과 실현 단계 진입”",IT
"[혁신기업] MMO 개발 명가 라이온하트 스튜디오, 글로벌 겨냥한 신작 쏟아낸다",IT
"[AI는 지금] 삼성 브라우저 올라탄 퍼플렉시티, AI 검색 주도권 잡을까",IT
"AI 인프라 허브로 부상한 인도…재벌 아다니, 메타·구글과 협력 모색",IT
"[현장] MS 부사장 ""챗봇 도입이 능사 아냐…조직 운영부터 AI 중심 설계해야""",IT
나스미디어 “OTT 이용자 10명 중 6명은 광고형 요금제 구독”,IT
"'엔씨(NC)'로 사명 바꾼 엔씨소프트, 브랜드 리뉴얼 마무리",IT
"'연구소 회동'한 배터리 3社 CEO…""해답 찾으러""",IT
"'정신아 2기' 카카오, AI 중심 사업재편 속도전(종합)",IT
"조원우 한국MS 대표 ""AX 실험 단계는 끝…성과로 연결해야""",IT
"SK바이오팜, 중국서 뇌전증 신약 ‘세노바메이트’ 공식 출시",IT
"SKT 최근 주가 강세에… 정재헌 ""앤트로픽 기대, AI 사업 다방면 검토""",IT
"김형태 시프트업 대표 ""연내 '스텔라 블레이드2' 정보 공개…기대감 키울 것""",IT
"세탁건조기가 1순위…삼성전자, 신혼가전시장 판 바꾼다",IT
"'재선임' 정신아 카카오 대표 ""주가 부진, 막중한 책임감 느껴""",IT
"SKT, 무선 점유율 40% 회복 목표…주주환원도 강화",IT
"LS, “투자여력 충분…중복상장은 정부 지침 이행”",IT
한상우 카카오게임즈 대표 “라인야후와 큰 전략적 방향 협의 마쳐…올해까지 현 체제 유지”,IT
"SKC, 김종우 체제 출범…1조 실탄 들고 유리기판 승부수",IT
카카오 정신아 2기 개막···“올해 AI·카톡으로 매출 10% 키울 것”,IT
"전력·인허가에 묶인 AI 인프라…데이터센터 특별법, 규제 완화 속도낸다",IT
"[주총]라인야후에 넘어간 카카오게임즈…한상우 ""전략적 방향성 합의 마쳐""",IT
"국내 게임 업계 돈줄 마른다... 넷마블네오, 정부 ‘중복 상장 금지 압박’ 이후 게임 업계 첫 IPO 포기",IT
"시프트업, 최대 실적에도 주가 부진…김형태 대표 ""차기작으로 반등""",IT
갤럭시 버즈4 판매 10만대 돌파…갤S26와 동반 흥행 몰이,IT
"배송 로봇, 도심 한복판서 ‘충돌’…반복 사고에 안전성 논란",IT
"SK하이닉스 ""올해도 HBM 출하량 견조…HBM4E 샘플 연내 개발""",IT
“호르몬 문제 아니다”…여성이 남성보다 성욕 낮은 이유,IT
"나라스페이스, ‘K-초소형 군집위성 시대’ 개막 정조준[내일은 유니콘]",IT
"구광모 ""AI 전환, 경영진 주도로 작은 거라도 빠르게 실행을""",IT
"[주총] 카카오에 97분간 쏟아진 주주 질타…정신아 ""카톡·AI로 정면 돌파""(종합)",IT
"감액배당 실탄 채운 SKT…정재헌 ""실적 회복해 주주환원 추진""",IT
"갤럭시폰 넘어 PC로...삼성 브라우저, PC 버전 공식 출시",IT
"“69분 만에 세탁·건조 끝”… 삼성전자, 세탁건조기 신제품 출시",IT
"'정신아호 2기' AI·카카오톡 박차…""수익화 모델로 주가 부양""(종합)",IT
"""이 글 이재용 회장님 보셨으면""…BTS 공연, 삼성 갤S26 울트라 '콘서트폰' 입증 [영상]",IT
홍합 접착단백질 활용해 3시간만에 방사성 물질 95% 제거,IT
"MS ""韓 AI 시장 규모 2032년 500억 달러…글로벌 허브될 것""",IT
'구매 전환율 28%' 파격… 현대백화점 AI ‘헤이디’가 바꾼 쇼핑 풍경,IT
"SK바이오팜, 자체 개발 뇌전증 치료제 중국 시장서 첫 처방 개시",IT
"엔켐, CATL 중국향 물량 본격 공급 준비",IT
"올인원 세탁건조기 ‘압도적 1위’ 자부…삼성, 웨딩 스토어·구독으로 신혼시장 락인",IT
"SK바이오팜, 뇌전증 신약 ‘세노바메이트’ 중국 출시",IT
"넷마블 김병규 대표 ""넷마블네오 편입, 주주 이익 고려해 결정""",IT
"파두 ""올해 반드시 흑자 전환…유상증자 계획 없어""",IT
"‘한국, AI 모멘텀 강력’...MS, AI 투어 서울 개최하고 고객사 유치 나서",IT
"SKT 정재헌 CEO ""시장 점유율 40% 회복…AI 야심차게 추진""(종합)",IT
"정재헌 SKT ""가입자 순증·점유율 40% 회복 목표""",IT
"뉴섬, 머스크 작심 비판 ""이 시대 에디슨이자 가장 실망스러운 인물""",IT
행성끼리 ‘꽝’…우주 충돌 사고 포착 [우주를 보다],IT
"[주총] ""예전의 카카오 아니야""…정신아 ""카나나·챗GPT로 AI 수익화""",IT
"세탁건조기, 신혼가전 ‘1순위’로…임성택 삼성 “비스포크 AI 콤보, 시장 바꿨다”",IT
"""하이닉스 잘되는데 왜""…SK 소액주주, 주총서 주가 저평가 성토",IT
"명노현 LS ""중복상장 없이도 항후 3년 투자금 조달 가능""",IT
"[주총] ""삼성은 칭찬받는데..."" 주주 질타에 카카오 정신아 ""임기 내 주식 매도 없다""",IT
"MS, 한국 AI 시장 75조원 전망…""실험 넘어 '프론티어 전환'""",IT
“강철보다 강도 2배” 무게는 1/4 불과…거미줄 닮은 초강력섬유 나왔다,IT
"“부장님이 보내셨나?”…수상한 ‘업무통지’ 메일, 클릭했다 큰코",IT
"카카오 정신아 연임 ""'카나나 연구소' 오픈…피드백 수용 창구""",IT
"[주총]엔씨, '소프트' 떼고 새출발…박병무 대표 ""고성장 국면 진입""",IT
"엔씨소프트→엔씨로 사명 변경…박병무 대표 ""게임 개발만 하지 않겠다""",IT
"[현장]SKT 정재헌 사장 ""시장 평가 달라졌다… AI 풀스택 기대감이 주가 견인""",IT
"""1등의 편안함 버렸다"" 정재헌 SKT 대표 ""가입자 순증 목표""(종합)",IT
"카카오, 정신아 체제 연장…게임 내려놓고 '선택과 집중' 강화",IT
"""카카오 주가는 언제 회복할까요""…카카오 주총장에서 주가 부양 요구",IT
"민형배·주철현, 정책 연대 선언…""전남 동부권 산업 대전환""",IT
"넷마블, 네오 상장 접고 100% 자회사로…""주주가치 고려""",IT
"카카오 정신아호 2기 출범…""올해 AI·카톡으로 10% 성장 목표""",IT
"정재헌 SKT 사장 ""올해 핵심 목표는 '회복'…무선시장 점유율 40% 복구 노력""",IT
KT 핵심임원 다 바꾼다…‘박윤영호’ 인적 쇄신,IT
"대웅 ""우루사 UDCA, 위암 수술 후 담석 위험 최대 67% 낮춰""",IT
"라인야후로 최대주주 바뀌는 카카오게임즈…""기존 기조 유지가 최우선""",IT
"""사명 '엔씨'로 변경""…엔씨소프트, 주총서 확정",IT
10m한지 두루마리 논문…英박물관이 영구 소장,IT
"SKT 정재헌 ""신뢰 확보하겠다…올해 고객 순증 목표""",IT
"SK텔레콤, 업계 첫 비과세배당 실시…""신뢰 회복·주주친화 집중""",IT
카카오 정신아 대표 연임 확정…'AI사업 속도전' 강조,IT
강남에 18층 빌딩 올리는 KT…부지 확보에만 1800억 투자,IT
"[주총] ﻿주주환원 효과 제고⋯SKT, 비과세 배당 안건 승인",IT
"고위 경영진에 ‘대규모 보상’ 내건 메타, 메타버스 사업부는 추가 감원",IT
"""AI 성능 4배 점프"" 인텔, 차세대 비즈니스 PC용 코어 울트라 시리즈 3 출격",IT
"최수연 네이버 대표, 스포티파이 경영진 만났다",IT
"SK텔레콤, 비과세 배당 ‘1조7000억’ 마련",IT
구글 '터보퀀트' 기술 공개로 메모리 수요 향방 논쟁 '활활',IT
스페이스X IPO 기대감에 미국 우주항공주 급등,IT
"'정신아 2기' 카카오 출범…""에이전틱 AI로 카톡 체류시간 20%↑""",IT
"감기약 옆에 웬 위장약?…복지부-의협 ""관행적 세트 처방 막기로""",IT
"'선택과 집중' 강화하는 정신아號 카카오 ""매출 10% 성장 목표""",IT
"""방향성 협의 마쳤다""…라인야후 체제 앞둔 카카오게임즈, 경영 변화는 '신중' 모드",IT
"[주총 포커스] 넷마블 김병규 ""네오 상장보다 일원화가 주주에 이익""",IT
"한상우 카겜 대표 ""라인야후, 사업기조 크게 흔들진 않을 것""",IT
"엔씨소프트, ‘엔씨’로 새출발…정기 주주총회 개최",IT
"신입도 사장님도 ""이건 배워야돼""…기업교육 시장 '확 달라졌다' [인터뷰]",IT
"'1주년' 네이버 AI 브리핑, 올해만 9번 업데이트…'관련질문' 클릭 6배↑",IT
"SKT 정재헌 CEO ""고객 신뢰 확보로 올해 순증 목표""",IT
"[주총] 정재헌 체제 SKT, '글로벌 AI 컴퍼니' 실행력 높인다(종합)",IT
"엔씨소프트, 주총서 사명 '엔씨'로 변경 확정",IT
"유종상 툴젠 대표 “크리스퍼 카스9 특허전, 하반기 본게임…3자합의 압박 커질 것”",IT
"24시간→3시간, 홍합 모사 코팅제…‘방사성 세슘’ 신속 제거",IT
전장에서 황금알을 낳는 팔란티어 AI [AI와 함께하는 세상],IT
'오늘 삼전닉스 왜 이래'…'구글' 신기술 등장에 '급락',IT
“SKT 핵심 과제는 점유율 40% 탈환”,IT
‘AI 에이전트’ 전면에 내세우는 네이버·카카오,IT
"큐렉소, 인공관절 수술로봇 美 FDA 승인 획득 ... 미국 진출 본격화",IT
투썸플레이스 ‘생크림 커피’ 2주 만에 30만 잔 팔려,IT
"""내 번호 어떻게 알았지?""…선거문자 출처 숨긴 후보자 처벌 대상",IT
"감액배당 결정 SK텔레콤, '세금 없는 주주환원' 시동",IT
"""화성에 루비·사파이어 숨겨져 있을 수도"" [우주로 간다]",IT
"10미터 한지 두루마리 박사논문, 340년 된 英 박물관 영구 소장품으로",IT
"""안드로이드 비싸질 때 동결로 버텼다""… 애플, 中 아이폰17 앞세워 역습 성공",IT
"시프트업, 실적 우상향에도 주가는 반토막… “기다려달라” 원론적 답변에 주주들 한숨",IT
"""덩치는 10분의 1, 성능은 더 강력""… 애플, 온디바이스 AI '모바일 클립' 발표",IT
"[주총 포커스]카카오게임즈 한상우 ""대주주 변경, 큰 틀 협의 마쳤다""",IT
"애플, '비전 프로' 기밀 유출 전직 엔지니어와 합의…기술 방어 총력",IT
'공중제비 로봇은 필요 없다'… 리비안 CEO의 로봇 공습에 5억달러 유치,IT
"중증 대동맥판막협착증, 증상 없어도 빨리 수술해야 오래 산다",IT
"‘10년 OLED 임상 데이터’가 격차…LG전자, 소니-TCL·삼성 공세에도 자신감",IT
"SKT, 비과세 배당 ‘1조7000억’ 마련…올해 말부터 활용",IT
'50% 점유율' 사수 나선 LG전자…“넥스트 OLED로 세대 교체”,IT
"삼성, 차차세대 엑시노스 '뱅가드' 연내 설계 목표…2나노 고도화 지속",IT
"류석문 현대오토에버 대표 “로봇 SI 사업, 대외영역까지 계획 중”",IT
라인야후 품에 안긴 카카오게임즈…한상우 “올해 론칭까지 현 체제 유지”,IT
"'엔씨'로 새 출발…박병무 대표 ""성장, 결과로 말씀드리겠다""",IT
인텔·AMD CPU 수요 폭증에 공급 지연…PC 가격 '인상' 공급 '깜깜',IT
"KLA, 4년 후 매출 2배 성장 제시…“첨단 반도체 검사·계측 수요 확대”",IT
"MS “韓, 글로벌 AI 허브…지능형 에이전트 설루션으로 국내 기업 AI 혁신 도울 것”",IT
왜 트럼프는 뉴욕증시 개장 시간에 중요 소식 발표하나,IT
오픈AI '소라' 중단되자 머스크 '꿈틀'…AI 영상에 승부수 띄웠다,IT
"카카오게임즈 CEO ""최대주주 변경에도 신작 출시·경영 전략 변화 없다""(종합)",IT
"[단독] ""나프타 끊기면 수술·항암도 차질""… 정부·수액 3사 '수급 비상' 대응",IT
"글로벌 IB ""실적↑ 목표가 36만원""…크래프톤, 2% 상승 [핫종목]",IT
"LS전선·에코에너지, 세계 희토류 2위 라이너스와 동맹 …탈중국 공급망 구축",IT
"""TV로 유튜브·OTT 보는 10~40대""…실시간 채널 시청보다 앞섰다",IT
NHN 정우진 4연임…결제·클라우드 웃었지만 게임은 숙제,IT
"[현장] 국민은행 ""올해 AI 에이전트 100여개 도입…고객 경험·서비스 강화""",IT
"대웅제약 ""우루사 성분, 위암수술 후 담석위험 최대 67% 낮춰""",IT
한상우 카카오게임즈 대표 “신작 성공이 최우선”... 지배구조 변화 속 '체제 유지',IT
"뼈 건강의 핵심은 ‘균형’…약해진 뼈대, 세심하게 수선하고 관리해야",IT
뉴스 댓글 되살린 다음…AI 기반 '3중 검증'으로 좌표찍기 막는다,IT
"“여보, 로망스다리 안 가도 되겠어”…데이터가 찾은 우리 동네 ‘핑크빛 낙원’",IT
"LG전자 ""1분기 TV 사업, 전년비 개선 전망""",IT
"올레드 대중화·LCD 고급화… LG전자, 올해 TV 사업 수익성 개선 ‘사활’",IT
"LG 올레드 TV, 무게 절반 줄이고 AI로 더 똑똑해졌다",IT
공기 속 이산화탄소로 만든 맥주 나왔다,IT
"'라인야후에 인수' 카카오게임즈 CEO ""전략적 방향 협의 마쳐""(종합)",IT
"'옥스퍼드 만점' 한국인이 쓴 10m 한지 논문, 英박물관이 영구 소장",IT
KT 핵심 임원 다 바꾼다…‘박윤영호’ 인적 쇄신,IT
"[AI 리더스] ""범용 AI 한계 넘는다""...월드모델 노린 이홍락, LG '엑사원'으로 산업 판 흔들까",IT
"GIST, 빛으로 유해가스 감지하는 고감도 센서 개발",IT
"삼성디스플레이, 모니터용 저반사·고강도 필름 ‘퀀텀 블랙’ 개발",IT
"AI에 수백조 쏟는 메타, 직원 수백 명 자른다",IT
"GIST, 눈에 보이는 빛으로 유해가스 감지…고감도 센서 개발",IT
"삼성, 에이전틱 AI 더한 '삼성 브라우저' PC버전 정식 출시",IT
"LG유플러스, 전 사업장 차량 10부제 도입",IT
"애플, 구글 두뇌 빌려 '나만의 시리' 만든다…제미나이 '완전 접근권' 확보",IT
배경훈 부총리 재산 43억7141만원…채무 줄어 2억 늘어,IT
전쟁 끝나나…미·이란 협상 기대감에 금값 들썩,IT
‘대기업·플랫폼 해킹→피싱’ 연결 고리 데이터로 나왔다,IT
[2026 재산공개] 배경훈 부총리 재산 43억 신고… 구혁채 1차관 과기부 장차관 중 유일 다주택자,IT
러시아판 스타링크 ‘라스베트’ 뜬다…위성 16기 첫 발사,IT
"메타·구글, ‘SNS 중독’ 소송서 패소… 약 90억원 배상 평결",IT
"빛 반사 잡고 내구성 높였다…삼성디스플레이, QD-OLED 모니터용 퀀텀블랙 개발",IT
"'통합 AI 에이전트' 강조한 네이버…""'챗GPT 흉내' 대신 플랫폼 전환""",IT
넥슨 ‘낙원’ 닷새간 28만 명 누볐다…글로벌 비율 58%,IT
[주총] 게임업계 주총 시즌 돌입…임기 이어가는 경영진들,IT
AI 시대의 '석유'…토큰이 뭐길래,IT
"삼성전자, ‘삼성 브라우저’ PC 버전 출시…퍼플렉시티 손잡고 AI 진화",IT
아이폰도 ‘진짜 5G’…KT 국내 최초 아이폰 5G SA 상용화,IT
"MS, AI 전환 속도전…다양성 책임자 퇴사로 조직 재편 가속",IT
"넷마블, 넷마블네오 상장 중단…‘100%’ 자회사 편입",IT
[미장브리핑] 미국-이란 고위급 회담 추진…증시 상승 마감,IT
[오리진] 개는 농업 탄생 전부터 같이 있었다,IT
"트럼프, 빅테크 수장들에 AI정책 자문받는다[글로벌AI브리핑]",IT
"'재주는 게임사, 돈은 구글·애플'…K게임의 그림자",IT
"이게 '접는 아이폰' 대항마…갤럭시Z 와이드 폴드, 렌더링 공개",IT
"네이버·두나무 합병 '지분 제한' 움직임에 학계선 ""위헌 소지""",IT
"""한국, AI 핵심국""…SKT '다크호스'로 지목",IT
"LGU+, 유심 초기물량 577만장 확보…8월 교체 마무리 목표",IT
RNA·바이오시밀러·ADC…모멘텀 살아난 K바이오[바이오맥짚기],IT
[1분건강] 봄이면 유독 졸린 이유…가벼운 유산소 운동 도움,IT
"카카오모빌리티, 로봇 생태계 확장…가동률 8배 개선해 상용화 박차",IT
"팀 쿡 CEO ""아이폰 덜 쓰라""…애플 지도엔 광고 도입 추진[모닝폰]",IT
[주총] 넥슨 이정헌 대표 연임…쇠더룬드와 '투톱 체제' 본격화,IT
"“SNS 중독되게 설계” 메타·구글, 44억원 배상 평결",IT
환율·국채금리 동반 상승…중동 불확실성 고조에 금융시장 긴장,IT
"AI 기업 마키나락스, 코스닥 IPO 절차 돌입",IT
"""한국, AI 핵심국""…SKT 다크호스 급부상",IT
"하반기 출격 '갤럭시Z폴드 8', 충전 시간 확 줄인다 [1일IT템]",IT
이미 완성형이었던 갤폴드7…후속작 '갤폴드8'은 어떨까,IT
"IBK기업은행, 디지털뱅킹 리빌딩 1단계 착수…유닉스 벗고 리눅스·AI 플랫폼 전환",IT
"LGU+, 유심 교체 초기물량 577만장 확보…8월 마무리 목표",IT
"[AI 비서 시대]①카카오툴즈, 대화로 추천까지 OK…결제까지 원스톱은 NO",IT
"""배차 성공률 공공 개방"" 법 시동…업계 ""영업기밀 노출우려""",IT
"[인터뷰] ""이젠 SW가 아닌 '일'을 판다""…노션, AI 시대 전략 제시",IT
"넥써쓰, 게임사 틀 깨고 블록체인 공룡으로 도약",IT
"“10명 중 7명 울트라”…갤럭시 S26, 퀄컴이 판 갈랐다",IT
美 AT&T 5년간 373조 쏟아붓는데... 통신 3사 AI ‘부업’ 집중하다가 통신 ‘본업’ 놓친다,IT
롤렉스 15년 장인 경험에 AI 결합…중고시계 시장 판 흔든다,IT
"""수십조 매출인데, 해킹 증거 인멸 벌금 5000만원 무서울까?""",IT
"""개발은 AI가, 인간은 설계만""…네카오·오픈AI도 주목한 '랄프톤' 뭐길래",IT
"사탕무 한 스푼의 마법, '골칫덩이' 폐천막을 황금 자원으로 [언박싱 연구실]",IT
"‘5타석 5홈런’ KAIST 창업왕…“키울땐 짠물경영, 키우면 전문경영이 비결”",IT
"카카오, 카카오게임즈 지분 팔았다…AI 재편 속 '라인야후' 변수 커져",IT
'방송만? 통신까지?' 최민희·김현 진흥원 법안 발의…협단체 셈법 복잡,IT
"동물원 펭귄, 야생보다 오래 살지만 ‘가속 노화’…남 얘기 아니네!",IT
"[단독] 공정위, ‘NXT의 스타트업 기술 탈취 의혹’ 조사",IT
"한국IBM “금융 AI, 속도보다 신뢰…거버넌스가 AX 성패 가른다”",IT
번호이동 대란 '찻잔 속 태풍'… 이통3사 점유율 변화 미미,IT
다 보이던 BTS 멤버가 하얀 점으로...800m 거리서 찍은 폰 영상 '깜짝',IT
“이젠 안 쓰는 사람이 소수”…설치율 87% 찍은 ‘이 앱’ 대체 뭐길래,IT
[리뷰]낫싱 ‘폰 4a’… 스마트폰 본질만 남기고 가격 거품 뺀 매력적인 중급기,IT
카메라에 힘 준 신작… ‘디카’에 스마트폰 넣은 줄,IT
음성 대신 뇌파·입 모양으로… AI에 명령 내린다,IT
"반도체 설계 IP기업 ARM, 자체 칩 판매 나선다",IT
"25년 만에 해외 증시 재도전… SK하이닉스, 美 상장 착수",IT
"‘AI 집중’ 카카오, 카카오게임즈까지 판다",IT
[재산공개] 오유경 식약처장 96억 신고…주식 수익 등으로 12억 증가,IT
[재산공개]배경훈 부총리 재산 43억…NIA 원장은 65억,IT
[재산공개]100억대 주식부자 DGIST 총장…총 재산 209억,IT
배경훈 과기정통부 장관 재산 43억원…똘똘한 한 채 보유,IT
[재산공개] 정은경 장관 57억 신고…오유경 식약처장은 96억,IT
"NASA, 달 기지로 전략 전환…게이트웨이 접고 '속도전·민간 경쟁' 체제",IT
"마키나락스, 5월 코스닥 상장…“피지컬 AI 글로벌 리더 목표”",IT
자본잠식 ‘라인게임즈’ 구하기…카겜 합병하면 우회상장 효과,IT
"“하루 1대도 안 팔려” 망한 줄 알았는데 대반전, 갑자기 무슨 일이…삼성까지 위협",IT
"'낸드 3총사' 키옥시아·샌디스크·솔리다임, 난야에 공동 투자",IT
"""美스포츠는 이미 'AI 실시간 활용'…완전히 달라졌다"" [인터뷰]",IT
[카드뉴스] 손바닥만 한 고등어와 비싸진 가격의 비밀,IT
"그들은 왜 AI 버블 붕괴를 확신하나... ""공포 조장 아니라 논리이자 역사 패턴"" [이영태의 초점]",IT
"인텔리빅스, 코스닥 예심 청구…흑자 기반 일반상장 승부수",IT
"“커다란 눈, 높은 코, 갸름한 턱… 비현실적 외모” 식상하다 했더니 ‘충격’ 반전",IT
카카오게임즈 경영권 매각…새 주인은 라인야후,IT
해킹공포 커진 AI 시대…양자컴도 못 뚫는 ‘양자내성암호’ [테크언커버드],IT
"[거버넌스 리빌딩] 유영상 전진배치 SK스퀘어, AI·반도체 투자 가속",IT
"카카오가 내려놓은 카카오게임즈, 라인야후가 집은 이유",IT
"넷마블, 넷마블네오 상장 철회…100% 자회사로 편입",IT
"AI 스타트업 마누스, '탈중국' 전략 실패하나...""임원 출국 제한""",IT
"넷마블, 넷마블네오 상장 중단…완전자회사 편입",IT
“밥값 계산해야 하는데” 점심 시간 삼성페이 결제 오류…이유는?,IT
"미군 이란 공습에 AI 투입…팔란티어 CTO ""현대 전쟁 전환점""",IT
"디지털자산법 지연에… 野 ""과세 폐지"" 학계 ""지분규제 위헌""",IT
"""플레이할수록 재미있는 걸작""… 붉은사막 300만장 팔렸다",IT
"'붉은사막' 300만장 돌파 효과…펄어비스, 하루만에 주가 23% '급등'",IT
'게임 사업'서 한발 물러난 카카오… AI·플랫폼에 힘 쏟는다,IT
"넷마블, 넷마블네오 상장 대신 '완전자회사' 택했다",IT
"넷마블, 핵심 개발사 넷마블네오 상장 철회…100% 자회사로 편입",IT
"美 앤두릴·팔란티어, ‘골든 돔’ 방공망 SW 개발 착수",IT
"SK하이닉스, 25년만에 해외 증시 문 다시 두드린다...반도체로 ‘금의환향’",IT
은퇴과학자 10만명 시대...‘연구자 예비군’ 만들어 글로벌 패권 잡자,IT
"[DD퇴근길] 게임 덜어내는 카카오, 라인야후 협력 물꼬 텄다",IT
"[단독] “임원이 이렇게 많을 필요 있나”…새 대표체제, 최대 20명 줄인다는 KT",IT
AI 올인하는 카카오…카카오게임즈 라인야후에 매각[팩플],IT
2034년 3조원 시장 열린다…우주잔해 제거기술 선점 경쟁,IT
‘전력 직접거래’ 특례 담은 AI 데이터센터 특별법 국회 법안소위 통과… 비수도권 분산 물꼬 트나,IT
떠도는 폐위성·파편 수만개…재사용 가능한 ‘우주 청소부’ 만든다,IT
'나혼렙' 넷마블네오 상장 철회…넷마블 완전자회사 편입,IT
“벌써 23% ‘급등’…샀어야 했다” 300만장 돌파한 ‘이 게임’ 때문에 난리라는데,IT
1g만 소멸해도 핵폭탄급 에너지 뿜는 '반물질' 트럭으로 옮겼다,IT
"8년새 매출 70배…마키나락스, 코스닥 상장 신호탄",IT
적자회사 카겜 파격인수 왜? 속내는 '라인게임즈' 구하기,IT
"""점심시간 결제량 몰려서""…삼성월렛 오류, 원인은 '트래픽 증가'(종합)",IT
"“시총 9조달러 되면 스톡옵션 쏜다”…저커버그, 경영진에 ‘파격 보상’ 내걸어",IT
"[앱마켓 수수료 인하]⑤ 4213억 내는 크래프톤, '인도'가 승부수",IT
"넷마블, 자회사 '넷마블네오' 100% 편입…중복 상장 우려 차단",IT
"‘자회사 상장 불가능’…넷마블, 넷마블네오 자회사로 편입",IT
"""고려아연, 적대적M&A 방어 가치훼손 단정 안 돼""...류영재, 연기금·사모펀드 협공에 일침",IT
"이영진 전 헌법재판관 ""가상자산 거래소 지분제한, 민주적 기본질서에 반해""",IT
"네이버·두나무 합병 본격화…""대주주 지분 제한 위헌 소지""",IT
[유미's 픽] 'AI G3' 외치지만 실무 인력 태부족…인력난 해결 '절실',IT
[카카오게임즈 새판]③ 3000억 실탄 확보…재편 이후 전략은,IT
"권영식 이끄는 넷마블네오, IPO 추진 중단…넷마블 완전자회사로",IT
창업 5전5승 비결은 '짠물경영'이죠,IT
"1조원 투입해 주가 부양… 크래프톤, ‘김창한 3기’ 닻 올렸다",IT
"팔란티어 CTO ""이란 전쟁은 최초의 ‘AI 전쟁’…걸프전 때 6개월 걸리던 일 2주 만에""",IT
"K-바이오, 내달 암학회서 항암제 연구 성과 공개...기술이전 기대",IT
"NASA, '루나 게이트웨이' 건설 멈춘다…'달 표면 기지' 우선",IT
"한미반도체, 세미콘 차이나서 2.5D TC 본더 첫 전시",IT
"성장세 이어간 IT서비스 대기업들, AX 시장 선점 나서",IT
"스타링크 공공 도입 빨라진다…어선은 본격화, 산불망은 제도 숙제",IT
"[르포]최신폰 갤S26이 60만원? ""출시 한달만에 지원금 50만원으로 껑충""",IT
"BPS, 갤럭시 S26 울트라 충전기 양산…'60W 초고속·초저전력'",IT
"당정 기본법 지연되자…야권 ‘과세 폐지’, 학계 ‘지분 규제 위헌 경고’ [크립토브리핑]",IT
"웹젠, 배당·자사주 소각 900억 주주환원…시총 20% 수준",IT
"[주총 포커스]SK스퀘어 김정규 ""하이닉스 美 상장, 재평가 기회""",IT
"10년의 동행, 40분만에 이별…주인 바뀐 카카오게임즈 운명은",IT
넥슨 '메이플 주역' 강원기 본부장 퇴사…확률 논란 책임,IT
"""5년 내 시총 6배 올려라""…'역대급 보상' 승부수",IT
"""붉며든다""…펄어비스 ‘붉은사막’ 순항에 주가 상한가 근접 ‘반전’",IT
[카카오게임즈 새판]② 왜 지금 바뀌나…부진한 실적이 남긴 과제,IT
"성균관대 연구팀, 양자컴퓨터 핵심부품 TWPA 독자개발 성공",IT
갤S26 출시 2주만 이통사 지원금 15만→50만원,IT
"코리아세븐, '외부수혈'로 적자 탈출 시동…신동빈 승부수 통할까",IT
"펄어비스 붉은사막, 논란 딛고 '300만장' 돌파...손익분기점 넘어",IT
"""와, 10조원"" 역대 최대 규모 AI 전환 사업… 정부 설명회 ‘인산인해’",IT
"게임도 떼낸 카카오... '조직 슬림화' 박차, 정신아 대표 승부수",IT
"""코인 담보로 대여 가능""… 업비트, 코인빌리기 서비스 대수술",IT
"""이 시간에 이러면 밥먹지 말란거냐""…점심 시간대 삼성월렛 결제 오류 발생",IT
"셀트리온, 고바이오랩과 장 질환 치료제 라이선스 인 체결",IT
"팔란티어 CTO “이란 전쟁, AI가 주도한 첫 대규모 전투”",IT
"""역시 아이돌 폰"" BTS콘서트 현장에서 빛난 갤S26의 '이 기능'",IT
"한미반도체 곽동신 ""연매출 40% 성장 예상""",IT
벌써 300만장 팔린 ‘붉은사막’…“미친 그래픽” vs “조작감 별로”,IT
"SK하이닉스 ""순현금 100조 목표""...주주들 ""배당 확대"" 요구(종합)",IT
"54년 만에 달 궤도 가는 美, 우주정거장 대신 달에 직접 기지 짓는다",IT
"Arm, AGI CPU 시연 ""저전력·고성능으로 효율 극대화""",IT
BTS공연이 아쉬웠다고…하이브가 정립한 엔터 성공방정식,IT
"콜레스테롤 단백질, 세포사멸 조절 外 [과학게시판]",IT
"[현장] ""AI 제품, 1~2년 내 시장 투입""…정부, AX 스프린트로 AI 상용화 속도전",IT
AI에이전트발 ‘데이터 빅웨이브’ 대비…GPUaaS 필수시대 온다,IT
[모바일어플라이언스 줌인]② 메자닌 반복 조달…재무 부담 지속,IT
"[현장] AI 스타트업이 MS 인프라 택한 이유…""빠른 사업 확장 도와""",IT
삼쩜삼 다음은 토스?…세무플랫폼 겨냥한 ‘도장깨기’,IT
"번호이동 대란, '찻잔 속 태풍'이었네…SKT 40% 회복 또 불발",IT
美 폴더블 시장서 삼성 점유율 51%로 하락... 모토로라 44% 맹추격,IT
SK스퀘어 “내년초까지 3100억원 주주환원”,IT
"카카오게임즈, 신작 부진에 日라인야후 품에서 ‘새 길’",IT
"이통3사, 갤럭시 S26 지원금 2배 인상…공통 지원금 50만원 선",IT
"SK스퀘어 김정규號 출항…""올해 AI·반도체 중심 사업 재편""",IT
日 라인야후로 주인 바뀐 카카오게임즈… 글로벌 확장 기대 속 시너지 효과 미지수,IT
"드리미, 韓 로봇청소기 1위·종합가전사 표방했지만…모바와 차별화 숙제",IT
"반도체 설계도 제공하던 ‘ARM’, 첫 자체 칩 출시",IT
"“왜 안되지…” 삼성페이, 점심시간 일부 결제 오류 발생",IT
"SK스퀘어, AI·반도체 중심 재편 속도… 김정규 신임 대표 선임",IT
"SK스퀘어 ""3년간 배당수입 30% 이상 환원""…내년 초까지 3100억 쏟는다",IT
IPO 앞두고 곁가지 정리하는 오픈AI..AI 영상 도구 ‘소라’ 접고 사업 재편,IT
"""20주년 아이폰, 풀스크린폰 어렵다""",IT
브로드컴 “TSMC 생산 능력 한계”… 삼성 파운드리 수혜 여부 ‘촉각’,IT
AI 데이터센터 특별법 첫 관문 통과…'전력직거래' 이견은 여전,IT
"모토로라, 북미 폴더블폰 점유율 44%…쫓기는 1위 삼성",IT
"정부 ""러시아산 원유·나프타 도입 가능""…석화 숨통 트이나",IT
"갤S26, 60만원대로 '뚝'…역대급 기록 세우더니 지원금 '쑥'",IT
1700만명 유심 교체하는데…홈피 공지만?,IT
콜레스테롤 조절 단백질의 변심… 세포 생존·죽음도 조절,IT
"셀트리온, 신약 개발 속도낸다…고바이오랩과 장 질환 치료제 라이선스 인 체결",IT
"셀트리온, 고바이오랩과 2000억 규모 장질환 치료제 기술 도입",IT
"정신아式 거버넌스 재편…카카오, 게임 덜어내고 AI 올인",IT
제미나이 주사용자는 챗GPT에서 온 ‘이민자’…3명 중 2명 꼴,IT
넷플릭스도 제쳤다…한국인들 돈 내고 쓰는 '국민 앱' 뭐길래,IT
"SK하이닉스, '순현금 100조' 실탄 마련한다…곽노정 ""AI 생태계 투자 확대""",IT
"셀트리온, 고바이오랩과 장 질환 치료제 라이선스 인 체결...“마이크로바이옴 후보물질 확보”",IT
"애플, 지난달 국내 모바일 시장 점유율 2년 내 최대 30.42%",IT
"""실력은 판매량이 증명한다""…'붉은사막' 300만장 돌파에 펄어비스 주가 급등",IT
"이재용 “깊은 위로와 감사”… 삼성, 중동 체류 임직원에 500만원 상당 선물",IT
"""검색은 네이버, 비서는 카카오""…AI 수익화 누가 먼저 웃나",IT
세계가 주목한 K탈모 리더 리필드… ‘cADPR’이 뭐길래,IT
"삼천당제약, 2500억원 규모 최대주주 지분 매도 공시…주가 18% 상승",IT
“인간이 병목 돼버렸다”…AI에 휘둘리는 ‘클로드 블루’ 확산[김현지의 with AI],IT
"국민의힘, 가상자산 과세 폐지 추진…""이중과세·형평성 문제""",IT
"넥슨 ‘낙원: 파라다이스’, K-좀비 게임 성공 가능성 입증…27만명 몰렸다",IT
주인 바뀌는 카카오게임즈…中 이어 韓 게임사 눈독 들이는 日 자본,IT
"""중국산 통로 막아야""…피지컬AI 국산화 외친 기업들",IT
"한국 달 착륙선, 중위도 지역 내릴 가능성 큰 까닭은",IT
"""더블오·W에 47연 무료 가챠""…'SD건담 지 제네레이션 이터널' 1주년 혜택 쏟아진다",IT
"""게임 내려놓고 AI 올인""…카카오, 라인야후 손 잡은 속사정은",IT
2032년 K-달 착륙선이 내릴 곳은?…위도 50∼70도 후보지 공개,IT
"헬기 6대 싣고 화성으로…NASA, 원자력 우주선 첫 도전 [우주로 간다]",IT
달 탐사선 착륙 후보지 30곳 압축…올해 말 최종 확정,IT
2년 만에 ‘소라’ 접는 오픈AI···지금 중요한 건 수익화? 빅테크들의 ‘선택과 집중’,IT
‘붉은사막’ 300만장 판매에 펄어비스 상한가 근접,IT
"카카오게임즈, 日라인야후 품으로... 3000억원 수혈 글로벌 승부수",IT
카카오 대신 라인…카카오게임즈 글로벌 게임 사업 순항할까,IT
"韓 의결권 자문사 '서스틴베스트', KT 주총 안건에 모두 '찬성'",IT
"[단독] 공정위 ‘NXT의 기술탈취’ 조사 착수...금융위, 조각투자 본인가 심사 중단",IT
"모토로라, 북미 폴더블 점유율 44%…삼성전자 맹추격",IT
카카오에서 '다음'도 '게임'도 나간다…정신아호의 'AI 올인',IT
출시 한 달 만에 ‘갤럭시S26′ 지원금 50만원까지 두 배 증가,IT
차세대 리튬-황 전지 대량생산 해법 찾았다…제조단가 2.1배 줄여,IT
2032년 한국 달 착륙선 후보지 윤곽… 위도 40~70도로 압축,IT
아직도 ‘핵 어뢰’가 바다에…1989년 침몰한 소련 핵잠수함 여전히 방사능 유출 [핵잼 사이언스],IT
"Arm, 실리콘 칩 직접 만든다…인텔·AMD와 경쟁구도",IT
성병·마약·독감도 '자가 검사' 시대 열린다,IT
곽노정 SK하이닉스 대표 “HBM4 고객사 일정에 따라 공급 중”,IT
"우주청 ""2032년 달 착륙선 보낸다""…3단계 로드맵 공개",IT
"中 드리미, 정수기·공기청정기·선풍기 내달 출시",IT
"Arm, 첫 자체 칩 공개… AI 데이터센터 시장 공략",IT
"""스트레스 순삭""…내놓자마자 품절 된 다이소 제품 뭐길래",IT
"SK하이닉스 주주들, 배당 확대 요구…곽노정 ""추가 환원 검토""",IT
"스테이블코인 규제 우려→헥토파이낸셜 '유탄'…""오히려 몸값 높아져""",IT
"그래핀 항균 칫솔, 1000만 개 팔린 이유?… ‘산화그래핀’ 항균작용 규명",IT
"""해킹 속도 8시간→22초""…AI 해커, 기업 시스템 장악 속도 '충격'",IT
"NASA, 달 궤도정거장 접고 30조원 규모 달 기지 건설로 전환",IT
"곽노정 SK하이닉스 ""순현금 100조 확보할 것…하반기 중 美 ADR 상장 추진""",IT
AI가 쇼핑하는 ‘에이전트 커머스’ 시대…결제사고 책임 규정은 숙제,IT
2032년 달 어디에 내릴까… 우주항공청 '북위 40~70도' 주목,IT
"우주청, 2032년 쏠 달탐사선 착륙지 30여 곳 검토…올해 말 확정",IT
"韓 달 착륙선, 2032년 발사…연내 월면 착륙 후보지 정한다",IT
2032년 예정 한국 최초 '달 착륙선' 후보지 추려졌다,IT
"미, 2028년 화성에 첫 원자력 추진 우주선 발사",IT
[서울데이터랩]3월 25일 암호화폐 시총 상위종목 동향,IT
"에픽게임즈, 1000명 넘게 대규모 감원…“포트나이트 이용자 감소 탓”",IT
"일본 라인야후-카카오게임즈 동맹, 게임 사업 시너지 낼까",IT
"NASA, 달 기지 짓고 핵추진 우주선으로 화성 탐사",IT
"카카오, 카카오게임즈 경영권 라인야후로 넘긴 이유",IT
"이란전쟁, 기후위기 키웠다…""2주만에 아이슬란드 1년 탄소 배출""",IT
"삼성SDI도 러브콜…허제홍 엘앤에프 ""LFP K양극재, 우리가 유일""",IT
"필옵틱스 ""이르면 올해 HBM 장비 성과 나올 것""",IT
"공정위, 업비트 거래수수료율 표시광고 위반에 시정명령",IT
"허제홍 엘앤에프 복귀 후 첫 언론 소통…""LFP 가동률 오르면 NCM급 수익""",IT
"NASA, 달 궤도 우주정거장 접고 ‘달 표면 기지 건설’로 선회",IT
"정부, 소버린 AI 모델 8월 오픈소스로 푼다…'모두의 AI' 본격화",IT
"웹젠, 주주가치 제고 박차...2026년 주주환원 규모 900억",IT
"드래곤플라이, 상장폐지 사유 해소…'스페셜포스 리마스터'로 거래재개 정조준",IT
[카카오게임즈 새판]① 카카오서 라인야후로…복잡한 재편 방정식,IT
“AI 인프라 규모 크면 끝?…AIDC 투자 성공 여부는 ‘운영’에 달렸다”,IT
"[주총] ""주주환원 확대"" 약속하더니…SK스퀘어, 사전질의 답 없이 17분 만 '뚝딱'",IT
‘데이터센터 인허가 150일 내 끝낸다’… AI 인프라 구축 ‘하이패스’ 열린다,IT
첫 산 넘은 AIDC 특별법…AI 태울 '방주' 기틀 만든다,IT
“채용·승진·합병도 노조와 합의하라”…삼성바이오 13번 교섭결렬 이유가,IT
"펄어비스, 하한가 딛고 27% 반등…K-AAA '붉은사막'이 증명했다",IT
1억 이상 가상자산 계정 17만개…시장 위축에도 대기자금·이용자수는 늘었다,IT
"""부러진 데 또 부러진다""…골다공증 앓는 고령층 여성 '초비상'",IT
"스페이스X, 빠르면 이번 주 기업공개 신청",IT
갤S26 지원금 '2배 상향'…57만원 싸게 산다,IT
"SK스퀘어, 하이닉스 중심 포폴 강화…美 상장에 “가치 재평가 기대”",IT
"숙박료 유지하면 '수수료 폭탄', 에어비앤비 한국 수수료 체계 바꾼다",IT
"""x86 점유율 뺏는다""…Arm, 3나노 AGI CPU로 SK·삼성 연합군 결성",IT
곽노정 사장 “AI 생태계 주도”… SK하이닉스 ’100조 확보’ 美·청주 투자 확대,IT
"모건스탠리 “중국, 2030년에 AI GPU 자급률 76%”",IT
"'WBC 슈퍼캐치' 이정후 나올까…넷플릭스, MLB 개막전 생중계",IT
라인야후 품에 안긴 카카오게임즈…시너지 날까,IT
"곽노정 ""순현금 100조 확보 목표""…SK하이닉스, 중장기 투자 체제",IT
"네이버 크림, 몽클레르 등 '無라벨' 상품 퇴출…5개월 만에 정책 철회",IT
10년 난제 양자 붕괴 비밀 세계 최초 규명,IT
"위메이드맥스, 개발 전략 재정비…‘매드엔진’ 역할 확대",IT
카카오게임즈 ‘라인야후’ 업고 글로벌 진출,IT
"갈매기 공세 비상…""가짜 눈 그려 넣었더니 안 오네""",IT
"Arm, IP 기업 넘어 '실리콘 기업' 선언… ""적군도, 아군도 없다, 오직 확장뿐""",IT
"오픈AI, 동영상 생성 앱 ‘소라’ 서비스 종료…“로보틱스에 집중”",IT
"BMS 반도체 국산화 속도낸다…아나배틱세미, 150억 후속 투자유치",IT
"곽노정 SK하이닉스 ""美 ADR 상장 추진…글로벌 가치 재평가""",IT
"기업용 AI에 집중…오픈AI, 동영상 생성 도구 ‘소라’ 접는다",IT
"넥슨, ‘낙원’ CAT 최고 동접 3만7천 기록…개선된 전투경험 ‘만족’",IT
가계 통신비 내려가나…최적 요금제 주기적 고지 의무화,IT
"SK하이닉스 ""100조원 이상 순현금 확보 목표…재무 체력 강화""",IT
AI 논란에도 멈추지 않았다…붉은사막 300만장 돌파,IT
"[인터뷰] 김승겸 KAIST 교수 “도시 재생, 녹지 접근성 중요… 집에서 5분 내 갈 수 있어야”",IT
"'조직 슬림화' 카카오, 핵심 계열사 '게임'까지 떼냈다(종합)",IT
갤럭시Z폴드8 랜더링 공개…이렇게 생겼다,IT
"[주총] 김정규 SK스퀘어 사장 ""SK하이닉스 美 상장, 기업가치 재평가 기회""",IT
1000만 개 팔린 그래핀 칫솔…세균만 골라 죽이는 원리 밝혀,IT
아바코·야스·알박… 中 CSOT 8.6세대 OLED 뚫었다,IT
"금호석화·포스코퓨처엠·BEI, 무음극 리튬메탈 배터리 삼각동맹",IT
"카카오, 카카오게임즈 지분 매각한 까닭은",IT
"통신3사, 갤럭시 S26 공통지원금 '15만원→50만원'…'젠지세대' 수요 잡기 총력",IT
"SK하이닉스, 美 ADR 상장 절차 착수…글로벌 투자 기반 확대",IT
"수천개 나뭇잎 흔들릴 때, 뇌 정보 요약→""저쪽으로 부는구나"" [지금은 과학]",IT
"씨이랩, 엔비디아 '베라 루빈' 시대 정조준…'아스트라고' 고도화 착수",IT
"갤S26, 출시 한달 만에 지원금 2배…최대 57만5천원 할인",IT
"[현장] 김정관 산업부 장관 ""제조업 AI 전환, 협력이 곧 경쟁력""",IT
"구글, 애자일로봇 파트너십 체결…AI 로봇 생태계 선점 가속",IT
"""AI 한계는 없다"" 1조달러 시장 '풍덩'…Arm, 차세대 AGI CPU 2·3 세대별 로드맵 확정",IT
양자컴퓨터 기반 ‘K-퀀텀 체인’ 공개… 블록체인 보안 패러다임 바꾼다,IT
"전영현 삼성전자 부회장 ""에이전틱 AI 전력 장벽, 삼성 메모리 기술로 넘을 것""",IT
"곽노정 SK하이닉스 사장 ""AI 인프라 핵심은 메모리… Arm AGI CPU 중요 이정표""",IT
"르네 하스 Arm CEO ""IP·CSS에 새 선택지인 AGI CPU 추가""",IT
카카오가 '오딘 신화' 쓴 카카오게임즈 경영권 내려놓는 이유,IT
"SK하이닉스, 미국 ADR 상장 추진...글로벌 기업 발돋움에 주가 더 상승하나",IT
"한명진 '비우고' 김정규 '채운다'...SK스퀘어 ""AI·반도체 투자 속도""",IT
지난해 '단말기 교체' 특수 누린 이통 3사…갤S26 지원금 두배 늘렸다,IT
"고등어, ‘금등어’ 된다…더 작고, 비싸진 이유는",IT
CDPR 사이버펑크 TCG 펀딩 190억원 돌파…글로벌 카드 게임 시장 '들썩',IT
스테이블코인 간 교환은 곧 외환거래…효율적 시스템 갖추려면,IT
"""스테이블코인도 배달 앱 쓰듯 쉽게 환전할 수 있어야""",IT
"카카오, 카카오게임즈 경영권 매각…새 주인 라인야후",IT
"애플, ‘시리’ 확 바꾼다…""AI 전략 대대적 개편""",IT
"모바일 시대 '숨은 제왕' Arm, 데이터센터 CPU 출사표",IT
"""오늘 쓰는 AI가 평생 최악의 모델""…오픈AI, Arm AGI CPU 선택",IT
"오픈AI, 영상 생성AI ‘소라’ 접는다",IT
"""전력 아껴 35억명 AI 지능 높인다""…메타 Arm AGI CPU 선택, 왜?",IT
"""20대는 클로드, 40대는 그록AI""…한국인 절반은 생성형AI 쓴다",IT
"[100세건강] 환자 95%는 흡연자…담배가 부른 소세포폐암, 치명적",IT
7년 개발 펄어비스 '붉은사막'…호평과 비판 엇갈린다,IT
"""창사 이례 최초 자체 설계 CPU""…르네 하스 Arm CEO, 'Arm AGI CPU' 손에 '번쩍'",IT
"""전세계 1840만명이 봤다""...숫자로 보는 넷플릭스 BTS 공연 진기록",IT
K-게임 신기원 쓴 '붉은사막'…전세계가 '붉며든다',IT
"르네 하스 Arm CEO, 에이전틱 AI 발 데이터센터 CPU 수요 4배 폭증 경고",IT
"MS, 엑스박스 게임패스 요금 낮출까…가격 구조 개편 검토",IT
카카오게임즈 최대주주 라인야후측으로 변경...실탄 확보 '총력'(종합),IT
"SK텔레콤 ""Arm AGI CPU 활용 AI 데이터센터 사업 확장""",IT
"JTBC재차 호소 ""월드컵 중계권, 3월말 지나면 '재판매 불가'""",IT
"LG헬로비전, 자본조달비율 96%…재무 경고등",IT
꿈도 안 꿔야 ‘꿀잠’ 잔다는 건 착각… 생생한 꿈이 숙면 이끈다,IT
"""완벽한 고립은 없다""…DGIST, 10년 난제 '양자 붕괴' 비밀 풀었다[과학을읽다]",IT
복잡한 장면도 한번에 ‘읽어내는’ 뇌의 전략 밝혀졌다,IT
"테라젠바이오, 작년 매출 105억원·영업이익 23.8% 개선…해외 진출 노린다",IT
"외계 생명체, 40광년 너머 네 행성 거기 있을까",IT
"[바이오스냅] 삼성바이오로직스, 미 '디캣 위크 2026'서 수주 활동",IT
"[앱마켓 수수료 인하]④ 3809억 수수료 내는 엔씨, '3중 절감' 시동",IT
"SK하이닉스, 美 증시 상장 시동…'AI 반도체' 패권 잡는다",IT
"DGIST, 10년 난제 ‘양자 붕괴’ 비밀 세계 최초 규명",IT
"동화일렉트로라이트, 3세 경영+기술…승지용·김종훈 투톱 선임",IT
"中 밀크티 체인 미쉐, 가격전쟁에도 순이익 33% 급증",IT
"“1시간 이내에 생사 가르는 돌연사, 남성이 여성보다 4배 위험”",IT
"카카오게임즈, 최대주주 카카오→라인야후…3000억 자금 확보(종합)",IT
"아마존, ‘파우나’ 인수로 로봇 시장 진출",IT
"주인 바뀌는 카카오게임즈, 3000억 규모 지분 매각·유증 공시",IT
"맥 배터리 충전 제한부터 신규 이모지까지…애플, 맥OS 26.4 업데이트 실시",IT
애플 아이폰20 올스크린 구현 난항…디스플레이 밑 기술 확보 관건,IT
"""한달에 67번 쓴다""…일상 된 생성형 AI, 한국인 절반 써",IT
"카카오게임즈 주인, 라인야후로 바뀐다…3000억 수혈(종합)",IT
"[종합] 카카오게임즈, 최대 주주 라인야후로…실탄 3000억원 챙겼다",IT
"위메이드맥스, 손면석 체제 개발 전략 재정비…‘매드엔진’ 역할 확대",IT
"이리듐 80% 줄이고도 1000시간 버텼다…GIST, 그린수소 '가격 장벽' 깼다[과학을읽다]",IT
'시신경' 부작용 피하려다…수막종 자라나 시력 잃고 생존율도 '뚝',IT
"카카오게임즈, 대주주 '라인야후'로 바뀐다…지분 재편으로 3000억 '실탄' 확보",IT
"Arm ""에이전틱 AI 시대, CPU 중요성 더 커진다""",IT
"""이미경 부회장, K컬처 글로벌 확산 이끈 핵심 인물""",IT
"에이피알, 장원영과 함께한 '부스터 프로 X2' 새 광고 공개",IT
사전흥행에도 힘 빠진 갤S26…출시 한 달 만에 지원금 2배 인상,IT
"애플, iOS26.4 출시…""애플뮤직 개선·키보드 정확도 높였다""",IT
"카카오게임즈, 라인야후로 최대주주 변경",IT
“1천만개 완판 대박 터트린” ‘그래핀 칫솔’…성공비결 뭔가 봤더니,IT
"아마존, 휴머노이드 로봇 스타트업 '파우나로보틱스' 인수",IT
[카드뉴스] 외국인 집주인 10만 명 시대,IT
"큐알티, 유럽 방산시장 진출…RF 반도체 시험장비 첫 공급",IT
"ARM, 창립 35년만에 자체 AI칩 판매 나선다[글로벌AI브리핑]",IT
"'챗봇' 입은 시리 출격…애플, iOS 27 통해 역대급 AI 혁신 예고",IT
"카카오게임즈, 최대주주 카카오→라인야후로…3000억 자금 확보",IT
엇갈리는 글로벌 실적⋯'두 자릿수 증가' 네이버 vs '숨 고르기' 카카오,IT
"[사이언스샷] NASA, 2년 뒤 화성에 원자력 추진선 발사",IT
"[속보] 카카오, 카카오게임즈 매각…2대 주주로 물러난다",IT
"카카오, 카카오게임즈 지분 라인야후에 매각…2대 주주로 물러난다",IT
"엑셀세라퓨틱스, 노벨상 수상자가 이끄는 中 샹야와 ‘엑소좀 배지’ 공급 계약 체결",IT
대박 친 'KAIST 칫솔' 기술 원리 규명...그래핀이 슈퍼박테리아까지 억제,IT
자율주행 기업 한국으로 ‘집결’…왜?,IT
"헥토데이터, 올해는 나아질까…""이커머스 공략""",IT
"MS, 오픈AI·오라클 포기한 텍사스주 '스타게이트' 데이터센터 확보",IT
비만 합병증 끊는 열쇠 찾나…천연물질 발굴,IT
"브로드컴 ""TSMC 생산능력 병목 구간""…삼성 반사이익 주목",IT
일상 돕는 똑똑한 AI 비서⋯네이버가 자신하는 3가지 경쟁력,IT
"반도체 설계 1위 Arm, 35년만에 자체 칩 판매 공식화 'AI용 CPU 공급'",IT
하루 1000보 더 걸을 때마다 사망 위험 10%씩 감소,IT
"""軍장성·탈북민 주소 담은 쿠팡 정보 北이 탐내""",IT
[1분건강] 봄철 미세먼지·건조한 공기 속 ‘각막’ 손상 주의,IT
"“집도 당근에서 보나요?”…이사철 전월세 찾기, ‘동네 앱’으로 몰린다[1일IT템]",IT
네오위즈 주주환원 강화 배경은…팬덤 중심 성장 자신감,IT
"""동면 상태서 빛의 속도로 우주여행""…영화 '헤일메리' 어디까지 진짜?",IT
"Arm, 서버용 CPU 공급 나선다...에이전틱 AI 겨냥 'AGI CPU' 공개",IT
판 커지는 액티브 ETF…수출·전략산업 담는다,IT
사모펀드 공들이는 오픈AI…‘17.5% 수익보장’ 내걸어,IT
아마존 AI 자동화 보도에 소프트웨어주 급락…ETF 4%↓,IT
"""연봉 6억에 모셔요"" 무기 전문가 뽑는 빅테크…AI 윤리 방어선 구축",IT
"한 장씩 넘길 시간도 없다…""웹툰을 릴스처럼"" 압도적 인기 이유",IT
[정옥재의 스마트 라이프] ‘AI 더한 핑크감성'…폰4a 써보니,IT
"""말 다리가 3개"" AI 사용 미고지 사과한 붉은사막…환불사태 우려",IT
"“프리미엄에 또 프리미엄”… 삼성전자·SK하이닉스, 서버용 D램 영업이익률 80% 넘긴다",IT
[비즈톡톡] IMSI 보안 논란에 1700만 가입자 유심 교체 추진하는 LG유플러스… “신규가입 중단 제재는 어려워”,IT
집단소송제 추진에…단체소송서 ‘개인정보 손배’ 포함 논의 올스톱,IT
"[뉴테크] 이슬보다 가벼운 칩, 날아가는 벌 추적한다",IT
"""BTS 효과, 100억 투자한 이 업체가 초대박 쳤네""[1일IT템]",IT
난치성 유방암 표적 항암 신약 후보물질 개발,IT
"英 스타트업 낫싱의 조명 철학, '점'→'선'…실용성 입은 '폰 (4a)' 써보니",IT
"'26주 적금 신화' 고정희, 이번엔 'K-엔터' 설계한다",IT
드라마 '미혼남녀' 인기에 원작 웹툰 역주행,IT
'젊음을 되찾아주는 신물질'… 줄기세포의 '노화 스위치'를 껐다 [언박싱 연구실],IT
"성장성 입증 필요한 위메이드, 미래 먹거리 확보 고심",IT
"아이폰 해킹 도구, 온라인에 공개됐다…“수억대 보안 위협”",IT
“AI 에이전트 열풍에 美까지”... 카카오·네이버 후원나선 ‘랄프톤’,IT
[스타트업 리포트]아시아인 위한 데이트 앱 만든 문경신 큐릴레이션 대표,IT
배터리 오래가요? ‘전성비’ 전성시대,IT
"20년간 생쥐 복제했더니 58세대만에 실패…""포유류 무한정 복제 불가능""",IT
"서버 대신 뉴런, 뇌세포 컴퓨터의 탄생",IT
"[사이테크+] 눈파리가 눈 속에 사는 비결은…""체내 발열과 항동결 단백질""",IT
[마켓인]롯데이노베이트 자회사 줄적자…신사업·해외 거점 손실 눈덩이,IT
여유로운 'AI기사님' 강남의 밤 누볐다,IT
"한화세미텍-삼성전자, SMT 특허 공동출원 9건으로 증가",IT
SF 영화 속 생명체 복제… 현실에선 DNA 변이로 무한 반복 어려워,IT
“불확실한 과제에 돈 낭비? 연구자 호기심이 난제 푼다”,IT
"AI로 병상 모니터링, 망막 진단… K제약사 새 먹거리로",IT
"영업이익 85억인데 시총 21조원… 삼천당제약, 주가 300% 뛴 까닭은",IT
“AI·하드웨어 함께 설계… 에너지 효율 1000배로”,IT
서정진 회장 “송도 캠퍼스에 1조 투입… 2030년까지 4·5공장 단계적 증설”,IT
"SK하이닉스, 12조 규모 반도체 제조 ‘EUV 장비’ 구매",IT
"지란지교시큐리티, 자사주 40만주 전량 소각한다",IT
"“피지컬 AI, 갈 길 멀다”… 로봇 국산화·데이터 확보·규제 장벽 해소 시급",IT
"셀트리온, 송도에 18만 리터 규모 4·5공장 증설…1조2천억원 투자",IT
"“20만→ 5만원, 완전 망했다” 대박 날 줄 알았는데…유명 대기업 충격 ‘반전’",IT
“1200만명 ‘우르르’ 몰렸다” 요즘 20대 ‘열풍’ 완전 꽂혔다더니…무슨 일이,IT
카카오 'AI 돛' 활짝… 지역 AX기업 키운다,IT
“호빵 두 개 붙인 줄 알았다” 전 세계 조롱받더니…‘80만원’ 너무 심하다 ‘아우성’,IT
자율주행 기업 한국으로 ‘집결’…왜?,IT
"""홍삼 위상이 예전만 못하네""…이 와중에 유일하게 대박난 제품 [키워드랩]",IT
"최윤범, 고려아연 경영권 사수…표 처리 방식 법정공방 불씨 남아",IT
"빗썸, 영업정지 처분 취소소송…집행정지도 함께 신청",IT
"한화비전 ""세미텍 매출 20% 성장 전망...TC본더 입지 다질 것""",IT
"셀트리온, 국내외 생산기지 증설에 2조 투자",IT
투자기업에 GPU·AI SW 제공…'엔비디아 제국' 지배력 굳혀,IT
"문턱 낮춘 125兆 美시밀러 시장… K바이오, 선점 총공세",IT
"""여기가 샌프란시스코인가요?""… 한밤 강남거리 자율주행 '이상무'",IT
"집중투표 한다는 크래프톤, 정작 이사수 제한에 국민연금 반발",IT
"[리뷰] 3250만 화소와 7K 촬영 두 날개 달았다, 캐논 EOS R6 Mark III",IT
코스닥 1000시대 소외된 HR업계…주주 가치 제고 ‘특명’,IT
"美 나스닥 이어 NYSE도 간다…지드래곤 소속사, 글로벌 자본시장 정조준",IT
"1년간 124개 기업에 베팅…'엔비디아 생태계'로 가둔다""",IT
"""생산능력 세계3위로…매분기 실적 도약""",IT
"미국 정부, 인터넷 공유기 수입 전면금지…“보안 우려""",IT
식품값 줄줄이 내리지만…원가 부담에 ‘반짝 효과’ 우려,IT
"유라시아 누빈 네안데르탈인, 생존은 늘 위태로웠다",IT
韓 흥행 타고 美로…후원사까지 늘린 ‘랄프톤’,IT
"[DD퇴근길] ""맥북 프로 싹 바뀐다""…애플 리디자인 통할까",IT
LGU+ IMSI 논란 국회 도마 위…정부 “위법 아냐” vs 의원들 “보안 취약”,IT
"사람 10만명 모여도, 사진 243만장 터져도…통신강국 이름값 이것으로 증명",IT
"[현장] ""1만 3천명 공채를 3주 만에""… 마이다스인, 'AI 채용 에이전트'로 HR 혁신 제시",IT
외국인 비대면 계좌 개설 추진…부처간 ‘떠넘기기’에 가로막혀,IT
"배경훈 부총리 “LGU+ IMSI 문제, 법 위반 아니지만 보안 대응 철저”",IT
"LG CNS 현신균 연임 확정…""로봇·M&A로 성장동력 확대""",IT
"과기부, 엔비디아 칩 1.5만장 확보",IT
성인물 플랫폼 '온리팬스' 소유한 억만장자…암 투병 끝 사망,IT
"""숨긴 사진, 가상자산 지갑 앱까지 털린다""... 구형 아이폰 해킹 비상",IT
쇼핑부터 법률상담까지 中 AI에이전트 굴기,IT
편의점 성장 멈추자 전략도 갈렸다…확산형 vs 랜드마크,IT
"펄어비스 ‘붉은사막’, 서구권서 호평…스팀 접속자 수도 경신",IT
"AI 상장사 줄줄이 고전하는데…코난테크, 지난해 창사 최대 실적낸 비결은?",IT
"[주총 포커스] DBO 본격 진출 LGU+…홍범식 ""그룹 역량 총집결""",IT
삼성전자 노사 교섭 재개…총파업 위기 해결 실마리 찾나,IT
2000억 규모 클라우드 DR 사업 본격화…ISP 수주전 점화,IT
"[과학기술이 미래다] 〈184·끝〉'개혁중의 개혁' 금융실명제, 전격 닻 올렸다",IT
"비에이치, IT에서 로보틱스·전장으로 PCB 사업 확장",IT
김태호 노타 창업자 “최적·경량화 기술로 AI 보편화에 기여”,IT
"IBM 연구진, 양자컴퓨터로 복잡한 분자 속 전자 해독",IT
"정부 ""법적 문제 없다"" vs 국회 ""인지하고 무시""…LGU+ IMSI 공방",IT
"""발레코어룩 보여달랬더니 뚝딱""…젠지 홀린 '네이버 쇼핑 에이전트' 뭐길래",IT
"삼성전자 노사, 일단 갈등 봉합 국면… “교섭 재개”",IT
"""호르무즈 6월까지 봉쇄 땐 두바이유 179달러까지 뛸 수도""",IT
"넷마블, 하이브·코웨이 공정가치 2.9조…1년 새 9072억 증가",IT
“올해 스마트폰 칩 60%가 첨단 공정… 삼성 2나노 주도”,IT
"삼성바이오 노조, 제약바이오 최초로 주 4.5일 도입 요구…파업 찬반투표 시작",IT
남극의 300만년 전 얼음 속 측정…이산화탄소 농도 훨씬 낮았다,IT
"LGU+ 가입자식별번호 허점에…야당, 신규가입 중단 요청",IT
"[거버넌스 리빌딩]권봉석 후임에 남형두…LGU+, 사외이사 의장 체제",IT
"[주총 포커스] ""주가는 왜?""…해명에 진땀 뺀 크래프톤 김창한",IT
‘태양전지 딜레마’ 해결… 수명·효율 두마리 토끼 잡아,IT
중동불안·사이버공격·노후설비…산업계 덮친 '가동중단' 부담,IT
"AI 시대, 조직 효율화의 답은 ‘감원’일까",IT
"래리 핑크 블랙록 회장 ""AI, 이미 자리 잡았다… 구경만 하다간 도태""",IT
"'300만원' 애플 폴더블폰, '화면주름' 없앤 혁신 디스플레이 적용하나",IT
지구상 최고 인프라의 역설 … 해킹 타깃된 한국,IT
"고려제강, 랜섬웨어 피해…해커 ""128GB 내부 데이터 탈취""",IT
"티맵의 진화 … ""유저 간 경험을 연결하는 이동 소셜 플랫폼 될것""",IT
"""식탁 뒤엎고 안 멈춰요""… 휴머노이드 로봇 '비상멈춤' 골머리",IT
따로 하던 암 검사 한번에 … 동시검출 기술로 환자 부담 덜어드리죠,IT
내 손안의 망원경 … 63빌딩 옥상까지 또렷,IT
LG유플러스 콘텐츠제작 '드림팀' 뜨자 … MWC2026 영상 조회수 300만회 돌파,IT
"젠슨 황 ""인간 수준 AGI, 이미 달성했다""",IT
"SK텔레콤, 호주 게임사 ‘아이캔디 인터랙티브’ 사실상 정리 수순… 보유 지분 2년간 40% 처분",IT
가벼워서 눈길 간다 … 미니 감성 제대로네,IT
"11년 만에 주총 의장 선 서정진 ""세계 경기 영향 안 받는다""",IT
"AI 코딩 시대 …""개발자 대신 콘텍스트 엔지니어 키워야""",IT
"미국 정부, 보안 이유로 인터넷 공유기 수입 전면금지",IT
"AI인프라 경쟁, 공간으로 확장 … '우주 클라우드 코리아팀' 전략 필요 [기고]",IT
"상장 앞둔 오픈AI의 승부수, 광고 베테랑 뽑고 '기업용 AI' 정조준 [팩플]",IT
"메타 '안경형 AR' 완성할 마지막 퍼즐, 한국 연구진이 맞춘다",IT
[국방 AX 골든타임]〈중〉“알고리즘이 표적 결정”…AI戰 윤리 '레드라인' 어디까지,IT
1400만원대 바디프랜드 733 등장…잘 팔릴까,IT
"[르포]강남의 밤, 핸들에서 손을 뗐다…'AI 기사님' 택시 타보니",IT
"곽도연 바디프랜드 대표 ""20살 기술 집약한 733, 글로벌 스탠다드 도약""",IT
TSMC 86% 독주 속 삼성 2nm 선제 도입…첨단 공정 60% 시대 개막,IT
"KAIST 교수협도 총장 후보 선출 본격화···27일 접수, 다음달 2일 합동토론회",IT
"배경훈 ""LGU+ IMSI 문제, 위법 아냐…보안 대응은 철저히""",IT
"엔씨, 1분기 영업익 900억대 ‘반등’ 전망… 아이온2·리니지 클래식 쌍끌이 본격화",IT
AI 비서로 주식·코인 자동매매?…“잘못하면 해커에 통째로 털립니다”,IT
"옴디아, SKT AI 인프라 전략 주목…“수익화 해법 제시”",IT
"이해민 ""LGU+, IMSI 노출 인지하고도 무시""...배경훈 ""철저 대응""",IT
"롯데홈쇼핑-태광 갈등↑…""정상 경영"" vs ""계열사 밀어주기""",IT
"K제약바이오, 美 시밀러 규제 완화 수혜 ""125조 시장 정조준""",IT
"“스팸으로 번 돈, 이젠 전부 환수한다”",IT
"""모범생 실적에도 주가는 왜?""…날선 질문에 크래프톤 ""성과로 증명하겠다""",IT
"고려아연-영풍·MBK, 주총 신경전…감사위원 1→2인 확대 부결",IT
"“양극화 해법, 부동층 설득보다 강성층 중립 유도가 더 효과적”",IT
"7년 만의 신작 '붉은사막', AI 논란 속 200만장 팔고도 저평점·하한가",IT
"[단독] 640억 쏟은 칼리버스 존폐기로…롯데, 메타버스 사업 두고 골머리",IT
양초 파라핀으로 만든 '혁신 배터리' 3~5년 내 상용화 가능,IT
"[챗ICT]네이버 CFO '10년 만에' 이사회 합류, 주목하는 이유",IT
"올릭스, 비만 타깃 ‘ALK7’ 최대 84% 억제…영장류 데이터 공개",IT
"[주총] SK스퀘어, AI·반도체 중심 포트폴리오 재편...""AI 퍼스트로 격차 벌린다""",IT
5000대 전기차를 묶어 ‘하나의 배터리’처럼 활용…전력시장 거래까지,IT
"셀트리온, 국내외 증설에 2조 투입..""밸류업 가속화""",IT
"더 얇고 강력하게…갤럭시Z폴드8, 확 바뀐다",IT
"영업이익 85억 삼천당제약, 1년 새 주가 300% 급등한 이유는",IT
SK하이닉스 미국 설립 AI컴퍼니 뉴욕에 거점,IT
"“TSMC 인재 빼간다”… 대만, 테슬라發 반도체 인재 러브콜에 ‘우려’",IT
'제우스: 오만의 신' 출격 예고…컴투스 MMORPG 승부수,IT
"SK하이닉스, EUV 장비에 12조원 투자…차세대 D램·HBM 양산 준비",IT
"필즈상, 대통령 표창 받은 과학자는 공항에서 줄 안 선다",IT
"기후부, 공공 차량 5부제 시행…재택근무 검토 가능성도 시사",IT
"홍콩·대만서 A형 간염 확산…""국민 절반은 면역 공백""",IT
"""2030년 제약바이오 수출 30조""…정부, 바이오벤처에 1조원 성장사다리",IT
"중기부·복지부, 후보물질 발굴→임상→수출까지 ‘이어달리기 지원’ 나선다",IT
"국내 5G 가입자, 정말 3860만명일까? [IT클로즈업]",IT
AIDC 특별법 법안소위 통과…비수도권 전력계통영향평가 면제 길 열리나,IT
"해킹 조사 자료 제출 안 한 기업, ‘이행강제금’ 낸다",IT
"""스마트폰 올해 더 커진다""…아이폰이 쏘아올린 '신호탄'",IT
"""LGU+ 1100만명 IMSI 노출"" 김장겸, 과기정통부에 '신규 가입 중단' 검토 촉구",IT
"컴투스, 김대훤 MMORPG 신작 타이틀 '제우스: 오만의 신' 확정",IT
컴투스 블록버스터 신작 MMORPG 타이틀명 '제우스: 오만의 신' 확정,IT
"한화비전 ""올해 한화세미텍 매출 20% 성장 전망""",IT
"DB하이텍 주총, '위장 계열사' 논란에 소액주주 연대와 정면충돌",IT
"“반복 사고에 과징금 철퇴”…정부, 9월 침해사고 규제 강화",IT
‘AI 건망증’ 없앴다… 멀티모달 AI 정확도 2배 ↑,IT
김창한 크래프톤 대표 3연임 성공… 주가 부진 속 ‘포스트 배틀그라운드’ 찾기 과제,IT
"정부, 해킹 사고 정황 확인되면 '기업 신고' 없어도 현장 조사",IT
대포폰 개통 방치하면 영업정지…9월부터 통신사 '관리 책임' 묻는다,IT
"""싼 인력 찾던 시대 끝""…스타트업, 해외서 고급 인재 모셔온다",IT
"바디프랜드, 헬스케어로봇 '733' 출시…“판매량 5000대·매출 500억원 목표”",IT
"LG유플러스, AIDC로 체질 전환 속도…2028년까지 매출 2조원 목표",IT
[기고] 우리는 AI의 신분증을 확인했나,IT
"아이폰17 에어, 美서 16플러스보다 더 팔렸다…한국은?",IT
난치성 유방암 표적 항암 신약 후보물질 外 [과학게시판],IT
"SK하이닉스, ASML EUV 12조원 규모 추가 도입",IT
"SK하이닉스, 12조 규모 EUV 장비 도입…첨단 공정 대응 강화",IT
"""맘스터치·깐부치킨도 써요""…출시 3년 만에 3만곳 '싹쓸이'",IT
연임 성공한 현신균 LG CNS 대표…생존전략 'AX' 방점,IT
"컴투스, 신작 MMORPG '제우스: 오만의 신' 타이틀 확정 및 BI 공개",IT
여권 보여줬더니 “당장 통과시켜”...‘역대급 특혜’ 출입국 프리패스 직업은,IT
"11년만에 주총 의사봉 잡은 서정진…""세후이익 3분의 1 배당""",IT
‘새 리더십-AI 확산 총력전’…통신사 ‘새 분기점’,IT
중국 추격 맞서 ‘특허 장벽’ 세우는 한국 디스플레이,IT
AI·로보틱스 청사진 꺼낸 크래프톤…주주들은 “주가부터 답하라”,IT
"'LFP 첫 계약' 엘앤에프, K-배터리 3사·미국 車로 판도 넓힌다 [배터리레이다]",IT
"크래프톤, 김창한 대표 재선임…""새 임기 내 전략 성과 나올 것""",IT
"셀트리온, 1.7조 규모 자사주 소각 결의…총 발행주식 4% 규모",IT
‘손톱→스타일러스펜'으로 변신…환상의 매니큐어 나왔다,IT
유방암 방사선 치료 후 피부염…엑소좀 크림으로 완화 가능,IT
"SK하이닉스, EUV 장비에 12조 투자…차세대 D램 전환 가속",IT
"조인철 의원 ""극장 관람 기준, '연 나이'로 통일해야""",IT
"“TV·쇼츠, 1시간씩만 덜 봐도...”우울증 위험 최대 43% 낮아진다",IT
카톡에서 AI로 올리브영 쇼핑…AI 에이전트 본격 시동 네카오,IT
"SK하이닉스, 12조 규모 EUV 장비 도입…차세대 공정 양산 대응",IT
"[혼돈의 출연연] 3년 묵은 항우연 성과급 갈등 마침내 합의…""보수체계 근본 개편해야""",IT
"李대통령 ""추경, 빨라야 효과…현금 살포는 정치적 선동""",IT
"“주무르기만 하던 시대는 끝났다”…안마의자, ‘피지컬 AI’ 로봇으로 진화",IT
"서정진 “셀트리온, 4세대 비만약 개발중…내년 임상 진입”",IT
[서울데이터랩]3월 24일 암호화폐 시총 상위종목 동향,IT
통신사 최적요금제 고지 의무화…사용량 분석해 적합한 요금 알려야,IT
"[주총] 주가 부진에 주주들 날선 질의...크래프톤 김창한, 성장 증명 과제 안았다",IT
"서정진, 3년 만에 주총 '깜짝 등판'…""투자·배당 모두 늘리겠다""",IT
"""90대 심혈관 환자 가슴 가르지 않고 '이 시술'로 치료 가능""",IT
“재난안전망 이어 한국은행 ITO 2기도 유찰”…대형 공공사업 ‘안갯속’,IT
"서정진 셀트리온그룹 회장, “올해 자사주 소각 대신 현금 배당 확대”",IT
"미래에셋증권, 주주환원 6347억 결정…역대 최대 규모",IT
"애플, 6월 WWDC서 AI 반격 승부수 띄운다",IT
"서정진 ""올해 셀트리온 영업이익 1조8000억원 넘어설 것""",IT
"""SKT, AI 수익화의 해법""…美옴디아 집중 조명",IT
"호르무즈 여파에 '나프타' 비상…정부, 수출 제한 검토",IT
"""스팸으로 번 돈, 1원도 못 챙긴다""… 매출 6% 과징금에 부당이익 몰수·추징",IT
10만 명 모여도 거뜬…AI로 통신 트래픽 ‘분산’,IT
"업스테이지, 가성비 대형 LLM ‘솔라 프로3’ 공개",IT
"통신3사 주총, 새 리더십·AI 확산 총력전",IT
"[AX 지금, 현장에선] JP모건의 200억달러 투자가 한국 금융에 던지는 질문",IT
"컴투스, 김대훤 대표 MMORPG 타이틀명 '제우스: 오만의 신' 확정",IT
"고려아연 주총 3시간 지연 끝 개최…""소액 주주 위임장 확인 때문""",IT
"인애이블퓨전, 450억 규모 핵융합 핵심설비 수주",IT
"장인화 포스코 회장 ""올해 실질적 성과 창출하는 변곡점""",IT
"옴디아 ""SKT, 2030년 데이터센터 매출 1조…글로벌 수익화 모범사례""",IT
새 지식 배워도 옛 지식 안 잊는 '건망증 없는 AI',IT
"""AI 수익화 고민 해법될 것""…옴디아, SKT AI 인프라 전략 분석",IT
면역세포 공격 피하는 암세포 잡는다…이중 표적 mRNA 암 백신 개발,IT
"서정진 셀트리온 회장 ""4세대 비만치료제 내년 1상 진입 계획""",IT
"1분마다 1대 팔린 '트롬 워시타워', 4월에 새 모델 나온다",IT
"사우디 새비게임즈, 60억 달러에 '모바일 레전드' 개발사 문톤 인수",IT
"DB하이텍 주총, 주가 급등에도 소액주주 공세…왜?",IT
[AI픽] 제미나이 사용자 3명 중 2명은 '챗GPT서 갈아탔다',IT
[어바웃 C] 위메이드맥스 손면석 단독체제…과제는 '선택과 집중',IT
“챗GPT 쓰다가 갈아탔어요”…제미나이 주이용자 65%는 ‘챗GPT 이민자’,IT
"SKT, 'AI로 돈 버는 법' 증명했다… 글로벌 시장이 주목한 수익 모델",IT
건강보험 약품비 27조7천억원…제네릭이 44% 차지,IT
"셀트리온, 송도에 원료의약품 생산시설 증설...1.2조원 규모",IT
"LGU+ ""AI 데이터센터 신규 먹거리로…보안·안전도 최우선"" (종합)",IT
"[현장] LG CNS, 현신균 대표 연임…""M&A 폭넓게 검토""",IT
"“당장 업데이트 하세요”…구형 아이폰 해킹 도구, 온라인에 공개돼 ‘우려’",IT
"""변압기 두께 11→2.65mm""…TI, 70% 줄인 전원 모듈로 AI 전력망 정조준",IT
태양전지 난제 해결…25% 고효율·고수명 동시확보,IT
"제미나이 이용자 3명 중 2명, 챗GPT서 갈아탔다",IT
"SK이노, SK온 매각설 선 그어…""배터리 사업 의지 변함 없어""",IT
애플 특수 탄 LG디스플레이 상반기 흑자 굳히기…P-OLED 앞세워 로봇 정조준,IT
"안건영 박사가 밝힌, 닥터지 '레드 블레미쉬'가 10년 넘게 사랑받는 이유",IT
"텐센트 게임즈 에이스, GDC 2026서 첨단 모바일 게임 보안 기술 최초 공개",IT
"삼성SDI, 엘앤에프 LFP ESS 양극재 조달…1.6조 규모",IT
"""AI 수익화 모델 해법""…옴디아, SKT 'AI 인프라 전략' 조명",IT
"엔비디아 올라탄 두산, 올해 CCL 투자 2배 이상 확대",IT
"LGU+ 홍범식 ""AIDC로 차별화된 성장…27년 노하우 결집""",IT
"미국으로 떠난 'K-시큐리티', 공동·개별 부스로 각개전투 총력",IT
"""전기차=이동형 배터리""…수천 대 묶어 전력시장에 활용",IT
"크래프톤, 김창한 대표 재선임…""프랜차이즈 IP 기업으로 성장""",IT
[인터뷰] 크리스 패트릭 퀄컴 수석부사장 “삼성전자와 ‘퍼스널 AI’ 진화시킬 것”,IT
"이재명 ""원유·가스 수급 불안 비상 대응 체계 선제 가동""",IT
"갤럭시·아이폰 파일 공유 “이제 된다”…삼성, S26 시리즈 ‘에어드롭’ 지원",IT
"""'PET-CT 검사' 한번으로 암환자 수술 후 합병증 위험 예측""",IT
"폐쇄망 속 챗GPT·클로드 쓴다…NHN두레이, 1년 만에 금융사 20곳 접수한 비결은?",IT
"현신균 LG CNS 대표 ""자사주 매입·소각 계획 아직""[주총 포커스]",IT
"위메이드맥스, 손면석 단독 대표 체제 전환",IT
"[뉴스페이스 오딧세이] 코스닥 안착 나라스페이스, 우주방산도 넘본다",IT
"홍범식 유플러스 대표 ""AIDC는 '원 LG' 역량 총집결""",IT
"""AIDC 경쟁력 있냐"" 주주 질문에…홍범식 LGU+ ""ONE LG 시너지""(종합)",IT
“전기차 수천 대 묶었더니” 전력절감 14.9%…‘가상 배터리’ 기술 상용화 청신호,IT
'배우라' 새긴 납탄 발견…고대 로마 전장의 숨겨진 이야기,IT
"LG유플, AI 데이터센터 사업 본격화...“수익 구조 혁신할 것”",IT
"삼성디스플레이 노사, 임금협약 체결…5년 연속 무분규",IT
"'AI가 저장공간 잡아먹는다'…아이폰17 시리즈, 256GB 기본 안착",IT
“구형 아이폰 노린 해킹 도구 공개…수억대 기기 보안 ‘비상’”,IT
'주름' 잡고 '내구성' 키웠다…애플 아이폰 폴드 '자가치유·이중강화',IT
"""그룹 시너지가 AIDC 경쟁력""…홍범식, AI 중심 전환 강조",IT
"칸에스티엔·아이로보틱스·해성에어로보틱스, '국산 로봇감속기 연합' 본격 가동",IT
"'플러스' 가고 '에어' 왔다…아이폰17 에어, 한국 점유율 11.2% 돌파",IT
[AI는 지금] 앤트로픽 제재에 반기든 美 기업…실리콘밸리 움직임에 전쟁부 '난감',IT
"[AI픽] 소버린 AI, 돈 되는 모델로…SKT 사례 부각",IT
최영우號 SOOP 1년…체질 개선했지만 MAU 1위 탈환은 '숙제',IT
"‘외국인 집주인’ 10만 명 돌파, 규제와 개방 사이의 딜레마",IT
"“똑바로 해, 이 XX야” 잡도리만 1시간째…‘AI 건망증’ 없어진다",IT
"LG유플러스, 정기주총서 정관 변경 등 6개 안건 승인… 연간 배당 660원 확정",IT
BTS 컴백공연 생중계 당일 넷플릭스에 국내서만 557만명 몰렸다,IT
"오픈AI, 핵융합 스타트업 ‘헬리온’과 전략구매 협상",IT
"[주총] 'LG유플' 홍범식 ""파주 AIDC는 LG그룹 역량 결집체""(종합)",IT
"LGU+, 데이터센터 승부수 던졌다…사업판 바꾼다",IT
"연구실 사고에도 용기 낸 카이스트 학생, “끝까지 지원” 약속한 배경훈 부총리",IT
"[이기자의 게임픽] 펄어비스 '붉은사막', 장기 흥행 기대↑...조작감 개선 긍정",IT
"효율↑ 수명 길고, 가격↓ 오염 없는 전지·배터리 [지금은 과학]",IT
"KAIST, 태양전지 딜레마 해결…25% 이상 효율·수명 동시 확보",IT
"ETRI, ‘건망증 없는 AI’기술 개발…새 지식 배워도 잊지 않는 AI",IT
"위메이드맥스, 손면석 단독 대표 체제 전환",IT
"애플, 2026년형 맥북 프로 리디자인 단행…OLED·초슬림화 예고",IT
"고정희 대표식 '팬덤 비즈니스', 카카오엔터 혁신 이끌까",IT
"정용진 신세계 회장, 스타필드 청라 찾아 ""세계 최고 품질 갖춰라""",IT
아이폰 해킹도구 깃허브 공개돼… 악용 확산 우려,IT
"""사진 카톡으로 보내줘"" 안해도 된다…갤럭시도 '에어드롭' OK",IT
"美 FCC, 외국산 라우터 신규 수입·승인 전격 금지…'티피링크·에이수스' 직격타",IT
멀티모달 AI '망각 현상' 외부저장법으로 해결했다…성능도 2배 개선,IT
"NASA 초음속기, 2차 비행 중 결함…이륙 9분 만에 조기 착륙",IT
"고려아연 노조 ""MBK, 국가기간산업서 철수하라""…주총장 앞 피켓 시위",IT
"英 옴디아, SKT ‘AI 전략’에 “글로벌 AI 인프라 전환 선두주자” 평가",IT
"LG전자, 유럽 냉난방 공조 시장 공략 강화",IT
태양은 우주의 ‘이주민’…탄생 직후 ‘변두리’로 1만광년 밀려났다,IT
"에스비비테크, 지난해 매출 71억 거둬…사업 구조 전환 가속",IT
수장룡을 물어뜯은 중생대 최강 육식어류 [다이노+],IT
애플도 결국 구글과 같이…지도 앱에 검색 광고 뜬다,IT
"에스티로더, 스페인 푸이그 인수 협상",IT
"""게이머가 틀린 게 아니었다"" 젠슨 황, DLSS 5 '불쾌한 골짜기' 비판에 결국 백기",IT
"[AI픽] 업스테이지, 에이전트 AI 특화 '솔라 프로 3' 공개",IT
긴 손톱으로도 스마트폰 ‘톡톡’... 화면 터치되는 투명 매니큐어 나왔다,IT
"AI로 1조? 허황 아니다…英 옴디아 ""SKT 수익모델 윤곽""",IT
"물량 2배·가격 반값…롯데마트, ‘메가통큰’ 행사 개최",IT
[써보고서] 코드 한 줄 몰라도 되네…문과 출신 기자의 바이브 코딩 도전기,IT
"KAIST·화학연, 태양전지 25% 효율·안정성 모두 잡았다",IT
"지란지교시큐리티, 자사주 40만주 소각…주주환원 팔 걷었다",IT
"""하늘로 배달""…구글 드론 배송 '윙', 美 베이 지역으로 확대",IT
"셀트리온, 1.2조 투자해 송도내 신규 원료의약품 생산시설 증설",IT
"""16세 미만은 안돼"" 핀터레스트 CEO도 목소리 높인 이유는[1일IT템]",IT
"'제미나이' 사용자 3명 중 2명은 '챗GPT'서 갈아타…""기능 다양성 때문""",IT
"""담배 끊었는데""…출산 2년 전 흡연도 자녀 자폐·지적장애·ADHD 위험",IT
"“암 ‘도망길’ 막고, 기능 되살린다”… 한미, 이중저해·mRNA로 항암 승부수",IT
"Arm, 데이터센터용 CPU 등 제품·기술 로드맵 공개",IT
"갤럭시Z폴드8, 충전 속도 25W→45W로 개선 전망",IT
"트럼프 ""이란 공격 5일간 중단"" 발언에…비트코인 7만 달러 회복",IT
"업스테이지, 대형 LLM ‘솔라 프로3’ 공개…‘성능·비용’ 둘 다 잡았다",IT
"“수 천대 전기차를 하나의 전력 자원으로”…GIST, V2G 상용화 앞당길 '가상 배터리' 개발",IT
"펄어비스, ‘붉은사막’ 초반 흥행 질주… 서구권서 통했다",IT
“다들 나빼고 낄낄” 에어드롭 왕따 없어진다…갤럭시26부터 호환시작,IT
"주말마다 사찰 봉사…온정 나누던 70대 여성 뇌사, 3명 살리고 하늘로",IT
"‘페로브스카이트’ 태양전지, 난제 해결…25% 고효율·고수명 동시 확보 성공",IT
[카드뉴스] 쓰레기봉투가 사라진다?,IT
이통3사 주총 개막…AI 전환 속 '주주환원·거버넌스·보안' 쟁점 부상,IT
"셀트리온, 송도내 신규 원료의약품 생산시설 증설…1.2조 투자",IT
업스테이지 ‘솔라 프로 3’ 공개… 체급 3배 키우고 비용·속도는 그대로,IT
"삼천당제약, 코스닥 시총 1위 등극…바이오 랠리 기대감 '꿈틀'[바이오 맥짚기]",IT
"비만 부르는 '엔도트로핀' 잡았다…UNIST, 천연물로 대사질환 개선 단서[과학을읽다]",IT
AI 없인 미래도 없다…정관·이사회에 AI 넣는 기업들[주총 권력재편⑥],IT
‘AI 3강’ 길목에 선 한국…“AI 확산속도는 영국·싱가포르보다 더뎌”,IT
포트폴리오 재편 나선 SKT…앤트로픽 '잭팟' 재현할까,IT
"""11조원 시장에 글로벌 기업은 달리는데…'기술규제' 발목 잡힌 K-톡신""",IT
"네이버, 전 서비스 ‘AI 에이전트’ 도입 선언",IT
금값 7일 연속 하락…RIA계좌 첫날 8300개 개설,IT
"""6G 조기 상용화 유력...포스트 스마트폰 'AI글래스' 경쟁""",IT
뇌 속 ‘지방 대사’ 조절해 파킨슨병 완화…새 치료 전략 나왔다,IT
"BTS 공연 관객 4만명?...""외국인 싹 빠졌다"" 통계의 맹점",IT
통신 3사 주총 시즌 개막…키워드는 '지배구조·AI·보안',IT
"VHL, 희귀하나 희귀하지 않은 병…月 2261만원 약값에 환자들 '한숨'",IT
"연임되는 카카오게임즈 한상우 대표, 체질개선 시험대",IT
냉동장치 없는 콤팩트형 양자컴…‘1만 큐비트’ 시대 연다,IT
[비즈톡톡] AI 칩 다음은 ‘가상 공장’… 삼성·SK·현대차·LG가 꽂힌 엔비디아 옴니버스,IT
"[뉴테크] 흙에서 태어나 물로 돌아간다, 英 ‘물 화장’ 첫 승인",IT
AI 거물들 “메모리가 최대 병목...메모리 중심 구조로 AI 효율화”,IT
"“쇼핑·SNS 어렵네”… 오픈AI, 앤트로픽 추격에 신사업 접고 기업용 AI ‘올인’",IT
"""말 뒷다리가 3개네""...펄어비스, '붉은사막' AI 사용 미고지로 곤혹 [1일IT템]",IT
"[PLAY IT] 벨킨 ‘커넥트 USB-C 11-in-1 프로 GaN 독 150W’ 써보니…""벽돌전원 잘가""",IT
"“이번엔 진짜 간다”… 아르테미스 2호, 수차례 연기 끝에 ‘출격 준비’",IT
"‘로톡사태’ 진통 겪은 K-리걸테크, 클로드 코워크에 또 '흔들' [팩플]",IT
‘양자 소부장’은 이미 상용화 물꼬…“산업 연결고리 절실”[코어파워 KOREA],IT
양자팹 깔고 퀀텀칩 1위 노리는 韓… “2세대 양자컴으로 승부 본다”,IT
"애플, 6월 8일 WWDC 개최…‘시리 챗봇’ 앞세워 AI 반격 나선다",IT
헬륨·브롬 재고 비축했지만... 전쟁 때문에 K반도체 '조마조마',IT
"""재주는 K팝이 부렸는데…"" 넷플릭스 독점의 씁쓸한 청구서",IT
"암 유전자 정체 밝힌 노벨상 수상자, 세상 떠나",IT
美 보란듯… 中화웨이 ‘엔비디아 H20’ 대체품 공개,IT
"네이버 ""두나무 합병 계획대로…웹3 사업 확장""",IT
“아빠는 1년 뒤에 운다”... 출산 1년 후 남성 산후 우울증 30% 급증,IT
"""경영 잘하면 뭐해"" 뿔난 알테오젠 개미들",IT
"[기자의 시각] ‘초격차’는 환상, 중국이 앞서간다",IT
"CSOT, 삼성디스플레이 상대 특허소송 제기...OLED 특허 3건 침해 주장",IT
"“되팔아도 100만원 번다” 5분만에 완판…한국서 못 사는 ‘삼성폰’, 어디서 파나 봤더니",IT
10만 명 모여도 거뜬…AI로 통신 트래픽 ‘분산’,IT
"KAIST, 중부권·3특에 글로벌 메가밸리 육성",IT
"“이걸 먹는다고?” 산 채로 다리만 잘라 ‘내동댕이’…끔찍한 식문화, 지구에 민폐까지 [지구, 뭐래?]",IT
"갤럭시 이젠 ‘왕따 폰’ 아니네…아이폰만 되던 ‘에어드롭’, 삼성폰도 가능해진다",IT
"LG화학, 여수 NCC 2공장 생산 중단…중동 전쟁 여파",IT
"[현장+]""역대급 실적에 주가 왜 이래""…네이버 주총서 나온 주주 우려",IT
"갤럭시·아이폰 장벽 드디어 열린다…삼성, ‘에어드롭’ 호환 기능 도입",IT
"JTBC “월드컵 중계권료 1억 2500만 달러, 지상파 부담액은 16.7%”",IT
"""81억→2000억"" 25배 키웠다…우주청, 'K-우주 펀드' 승부수",IT
"""인력이냐 사업이냐""…국내 AI 상장사, 극과 극 갈린 생존 전략",IT
‘토큰’ IT 업계 화두…젠슨 황 “엔지니어에 기본급 일부 토큰으로 제공하는 방안 검토중”,IT
공장 뇌부터 근육까지 우리기술로… 피지컬 AI 국산화 시동,IT
"네이버 ""모든 서비스 AI에이전트 도입… 웹3 확장""",IT
"""가상자산은 디지털 상품"" 규정한 美... 韓 ‘2단계법’으로 제도화 가속 붙나",IT
"""공격 마케팅 통했다""… 코인원, 점유율 2.7% → 7.8% ‘약진’",IT
[연봉공개]통신 3사 연봉킹은…34억 받은 유영상 SKT 전 대표,IT
소행성에 위성 충돌시켜 지구 구하기…행성방어 독자 기술 실증 제안,IT
"독성 가스 '황화수소', 치료 도구로 거듭나 外 [과학게시판]",IT
"이통3사 '연봉킹' 정재헌 SKT CEO, 지난해 20.8억 수령",IT
"LG이노텍 ""반도체 기판 생산능력 두 배 확대... 상반기 공장 부지 확정""",IT
양자컴 쓰는데 1분에 100弗…실험실 갇힌 韓 [코어파워 KOREA],IT
"우주항공청, 스케일업 투자 겨냥 2000억원 펀드 확대",IT
25배 키운 우주펀드…'뉴스페이스 4호' 2000억 풀린다,IT
손끝 대신 손톱으로 ‘톡’… 스마트폰 터치 돕는 네일 기술 등장,IT
“연내 나스닥 상장으로 글로벌 도약…서울 R&D 센터에 양자컴 도입” [코어파워 KOREA],IT
토종 피지컬AI 기술로 제조 경쟁력 확대...수출까지 넘본다,IT
극저온 난제 풀었다…게임체인저 된 佛 양자컴 [코어파워 KOREA],IT
"선익시스템, 168억원규모 CB 취득 후 전량 소각…오버행 선제 차단",IT
9개월이면 양자컴 1대 제조…‘1만 큐비트’ 시대 연다[코어파워 KOREA],IT
"몸값 44조 美유망 스타트업, '中모델' 사용 숨겼다가 들통",IT
스마트시티에 국산 AI칩 심는다…NPU 실증 본격화,IT
4만 vs 10만…BTS 광화문 공연 고무줄 관객 수 논란 왜?,IT
[DD퇴근길] 막 오른 주총 시즌…기업별 관전 포인트는,IT
'붉은사막' 서구권 평가 반등…초반 혹평 넘어 '대체로 긍정적',IT
"대만 시놀로지 ""韓 매출 3년 내 2배 성장 목표""…한국 영업 '별동대' 신설",IT
"'AI 3강' 길목에 선 韓 … 다시, 앞길을 밝히자",IT
"'제2 딥마인드' 키우는 英 …""슈퍼컴 마음껏 써라"" 스타트업에 개방",IT
"[앱마켓 수수료 인하]③ 697억 내는 카카오게임즈, 제한적 수혜",IT
각국 앞다퉈 바이오시밀러 규제완화…셀트리온·삼성에피스 “파이프라인 확대해 적극 대응”,IT
AI가 공장 로봇공 지휘…카이스트 '피지컬 AI 실증랩' 가보니,IT
"""책상 위 슈퍼컴으로 AI 돌린다""…델, GB300 탑재 워크스테이션 공개",IT
"백종원 대표, 지난해 더본코리아서 8억2200만원 수령",IT
"LS에코에너지, 非중국 첫 방산용 희토류 금속 양산",Economic
"2월 산업생산 2.5%↑, 5년 8개월 만에 최대 폭…중동 사태 미반영",Economic
"동국제강그룹, 노봉법 혼란 속 쟁의 ‘무풍지대’...그 비결은 [biz-플러스]",Economic
중동 긴장에 '또'…전국 휘발유 1900원 재돌파 '눈앞',Economic
"더본코리아 백종원 ""잃어버린 1년…올해 해외진출·공격적 M&A""",Economic
[단독]다음달 6일부터 공공부문 차량 2부제 시행 검토…비축유 스와프 운용,Economic
"서울시, 공공주택 13만호 공급·30조 투입",Economic
기존 강자 vs 신생 브랜드…뷰티 디바이스 전쟁 시작됐다,Economic
"착공 늘긴 했는데, 입주는 언제…서울 2월 착공 2602호 [부동산360]",Economic
2월 사업체 종사자 17.3만명↑…건설업 21개월 연속 감소,Economic
‘인천공항공사 통폐합 반대 결의안’ 인천시의회 통과...민주당 3명은 ‘반대’,Economic
대체원유 찾으면 정부가 바꿔준다…'비축유 스와프' 시행,Economic
고물가 시대 생존 지도…가성비 식당 모은 ‘거지맵’ 인기,Economic
"“주담대 月25만원 뛰었는데, 더 오른다”…내일부터 2.5억 고액대출자 어쩌나",Economic
입사 하루 만에 출산해도 ‘1억’…퇴사해도 안 뺏는다,Economic
"""순익 줄었는데 보수 역대급""…두나무 직원 평균 2.5억·송치형 60억 '연봉 잔치'",Economic
삼성바이오로직스 노조 '파업 찬성 95%'…무결점 공급망 흔들리나,Economic
"오세훈 ""다주택 규제 효과 한시적…토지임대부 분양 경쟁률 높을 것""(종합)",Economic
"디엠에스 이석화 대표 ""반도체 유리기판 장비 성과 예상""",Economic
"급성장 TDF, ‘미국 쏠림’ 제동 걸린다…금감원, 투자비중 80%로 제한",Economic
가구당 월평균 293만원 의식주에 쓴다..소득불평등은 커져,Economic
"LG화학 주총서 팰리서 주주제안 부결…""운영상 불확실성 커""(종합)",Economic
40억 조직사기까지 등장…보험사기 ‘대형화’ 현실 됐다,Economic
"""비트코인, 올해 신고점 경신은 어렵다""…6.8만달러 일시 회복[코인브리핑]",Economic
반도체주 직격탄 시총 840조 증발… 전쟁에 검게 덮인 금융시장,Economic
"국민 10명 중 8명 ""보수·진보 갈등 심각""…해외여행 비율 최고",Economic
"""은퇴하면 뭐 먹고 사나""…중요성 커진 '생애주기펀드' 운용",Economic
"8년 만에 18배 큰 TDF, 美 쏠림 막는다…투자한도 80% 적용",Economic
"뉴 KT, 출발부터 내홍?… 신구대표 ‘기싸움’[백브리핑]",Economic
"'황제주 사일천하' 삼천당제약 주가 폭락…“美 독점계약 실망""",Economic
"대웅 우루사, 작년 최대 매출…비만약 광풍에 웃었다",Economic
"[현장] 김동춘 LG화학 사장 ""나프타 수급 불안…러시아산 추가도 어려워""",Economic
"한미약품, 신임 대표에 황상연 선임…첫 외부 출신 CEO",Economic
비축유 '스왑' 전격 시행…“수액팩 등 의료용품 최우선 보호”,Economic
"트럼프, 이란전쟁 끝내나?…'낙폭 축소' 닛케이 0.13%↓[Asia오전]",Economic
홈플 익스프레스 새 주인은?…유진·GS·롯데 3파전?,Economic
"한미약품, 53년만에 첫 외부전문가 수장 임용… 내홍 일단 매듭",Economic
"공정위 제동, 빗썸 불똥…네이버·두나무 첩첩산중",Economic
"백종원 ""오너리스크 사라질 것…유튜브로 한식조리법 알려""(종합)",Economic
'나프타 대란'에...건설 현장 레미콘·페인트 수급 우려,Economic
"지방선거 이후 보유세 강화?…진성준 ""7월 개편 가능성""",Economic
'비축유 맞교환' 전격 시행…정유4사 2000만 배럴 신청,Economic
"러시아 나프타 2.7만톤 수혈…""쓰레기, 일반봉투 허용""",Economic
"김동춘 LG화학 사장 ""나프타 추가 확보 어렵다""…러시아산 도입에도 수급 불안 지속 [주총]",Economic
"전세는 줄고, 월세가 대세…월세 비중 68.3% '5년來 최고'",Economic
"환율 1,530원 육박…코스피 5,200선 공방",Economic
"티웨이항공 사명 바꾼다…""주총에서 가결"" 새 이름 보니",Economic
'고유가 직격탄' 대한항공 비상경영 돌입…티웨이·아시아나 이어 세번째,Economic
"노후 새 주거 옵션 ‘실버타운’, 부자들만의 선택일까 [이보소]",Economic
"원-달러 환율 한때 1,528원...신현송 ""달러 유동성 양호""",Economic
"트럼프 ""합의 안 되면 하르그섬 폭파""…이란 의회, 통행료 징수 승인",Economic
배양세포 전량 폐기 위기…삼바 노조의 무리한 파업 결의,Economic
파격보상안 걷어찬 삼성전자 노조…“황금알 거위 배 가르자는 생떼”,Economic
WM 강화 팔걷은 정상혁 “스마트혁신점포 100개로 확대”,Economic
"두나무, 지분 규제에도 '네이버 딜' 원안대로 추진…해외 사업 확대(종합)",Economic
"LIG넥스원, ‘LIG D&A’로 사명 변경…“종합방산 도약”",Economic
"김동춘 LG화학 CEO ""나프타 추가 구입 어려워…사업재편 속도""",Economic
신현송 “환율 높지만 달러 유동성 양호”,Economic
"환율, 출구 없는 이란 전쟁에 1528원 넘었다",Economic
"美연준 파월, 금리 셈법 ‘신중’...“중동전쟁 지켜봐야”",Economic
"“망하더라도 함께하면 성장 확신” 10년전 약속, 밀리의 ‘심장’ 되다",Economic
정부 “테슬라 FSD ‘탈옥’ 하면 불법”,Economic
"한화 필리조선소, 첫 美해군사업 수주",Economic
"LG화학, 팰리서 주주제안 줄줄이 부결…LG엔솔 유동화 확대도 무산 [주총]",Economic
"호황의 역설…삼성, '영업익 40조' 잔칫날 앞두고 노사 갈등 격화",Economic
“지금이 우량주 최고 매수 타이밍… 약세론자 말 무시하라”,Economic
"전기차 캐즘에…GM, 디트로이트 공장 가동중단 연장",Economic
"코스피, 5100 내줬다 5200선 회복…WIT 4년만에 100달러 돌파",Economic
"한화솔루션, '2.4조 유증' 정면돌파...주가 반등 '기지개'",Economic
티웨이 '트리니티항공'으로 바뀐다…주총서 확정,Economic
"“계약금 20% 내면 바로내집”… 서울시, 공공주택 13만호 공급",Economic
"'종량제 봉투 대란'에 재생원료 의무화…기후부 ""검토 중""",Economic
주병기 “전속고발권 폐지…국민·사업자 직접 고발 허용”,Economic
1인당 생산성 45% ↓…현대차 ‘수익성 역전’,Economic
"대한항공, 4월 비상경영 돌입…""중동 전쟁 장기화 여파""",Economic
"“RFHIC, 방산·통신 쌍끌이로 이익 증가 전망”",Economic
대체유 도입하면 비축유 먼저 준다…“4~5월 2000만 배럴 이상 확보”,Economic
기관 매수에 낙폭 줄인 코스피…5100선 회복,Economic
"삼성전기, FC-BGA 판매가격 인상…올해 영업익 185% 성장",Economic
"롯데, 핵심 기술·인프라 다진다…질적 성장 가속",Economic
"서울시, 전월세시장 불안에 2031년까지 공공주택 13만호 공급(종합)",Economic
"신현송 ""환율 1530원에 얽매일 필요 없어…달러 유동성 오히려 양호"" [HK영상]",Economic
대체원유 찾으면 바꿔준다… 정부 ‘비축유 스왑’ 도입,Economic
급락해도 믿음의 ‘삼전·닉스’…초고수 순매수 1·2위 [주식 초고수는 지금],Economic
"정부, 4월부터 정유사에 비축유 빌려준다… 대체 원유 들어오면 다시 채우는 ‘스와프’ 시행",Economic
"삼성물산, 반포푸르지오 우선협상자 선정…리모델링 시장 본격 진출",Economic
강남권 첫 오티에르…‘오티에르 반포’ 사이버 견본주택 개관,Economic
"정부, '비축유 스와프' 전격 시행…원유 수급 차질 대응",Economic
"산업부, 비축유 SWAP 제도 운영…""6월까지 원유 수급 이상無""",Economic
"국민성장펀드가 찜한 리벨리온, 6400억 프리IPO 투자유치",Economic
"정부, 비축유 스와프 제도 가동…정유사 원유 수입 공백 메운다",Economic
"티웨이항공, 사명 '트리니티항공' 변경 확정…주총서 가결",Economic
"삼성전기, 반도체 기판 가격 인상…올 영업이익 185%↑ 전망",Economic
"""귀신 보다 월세가 더 무서워요""…'아파트 유골방' 확산 [차이나 워치]",Economic
마지막 보루 대한항공까지 '비상경영'... 중동發 위기 확산,Economic
스테이블코인법 지연에 금융위 질타…여야 “정부안 나와야”,Economic
터보퀀트 여진 오래가네…삼전닉스 연일 하락세,Economic
"비트코인 투입 연산량, 6년 만에 분기 하락…약세장·채굴자 이탈 동반 악재",Economic
"신현송 “환율 수준, 큰 의미부여 안해…추경, 필요한 상황”(상보)",Economic
"신현송 ""현 환율 큰 우려 없어…달러 유동성 양호""(종합)",Economic
"""오늘 안에 안 사면 손해"" 우르르…3배 더 오른다",Economic
[속보] 대한항공 비상경영 선포…티웨이·아시아나 이어 세번째,Economic
오경석 두나무 대표 “네이버파이낸셜 합병 원안대로…마무리되면 바로 상장”,Economic
"한화, '마스가 첫 수주'… 美 해군 차세대 군수지원함 사업 참여",Economic
"""지금이 기회다, 사라""…애크먼·버리 동시에 매수 추천한 주식",Economic
환율 우려 차단한 신현송 “달러 유동성 양호” [종합],Economic
저가 커피 또 가격인상…아메리카노 2000원 ‘뉴노멀’,Economic
“한 달 이자만 70만원 더 내게 생겼네”…7% 뚫어버린 주담대에 영끌족 ‘피눈물’,Economic
“더위 빨리 온다”…뜨거워지는 아이스크림 시장,Economic
홈플러스 회생 핵심… 익스프레스 매수의향서 오늘 마감,Economic
"강남 알짜 상가빌딩, 리츠 ‘날개’ 달고 재탄생 눈길",Economic
"한화, 美 해군 함정 시장 '첫 발'…조선·방산 현지 확장 신호탄",Economic
"대한항공, 고유가 직격탄에 비상경영…항공업계 ‘전면 긴축’",Economic
외국인 ‘매물 폭탄’에 파업 리스크까지…‘17만전자’도 무너졌다 [투자360],Economic
"""2년 이하의 징역 살 수도""...테슬라 차주에 주의 준 국토부 [지금이뉴스]",Economic
"코스피, 장중 낙폭 줄여 5,200선 회복…코스닥도 하락폭 축소",Economic
항공유 폭등에…대한항공 마저 비상경영 돌입,Economic
"한은총재 후보자 ""현 환율 큰 우려 없어…달러 유동성 양호""",Economic
6월 GTX-A 전구간 개통! 강남 30분 생활권 날개 단 '운정 아이파크 포레스트',Economic
"전월세난에 놀란 서울시, 무주택자 대책 발표",Economic
"'이민우 결혼식도 불참' 신혜성, 60억 논현동 건물 매물로...""시세차익 별로 없다""",Economic
할머니 따라 샀는데 ‘하한가’ 날벼락…‘황제주’ 붕괴에 개미들 비명 터졌다,Economic
[틈새유통] 지금 온라인은 ‘쇼핑 축제’... 초대형 할인 경쟁 막 올랐다,Economic
“아파트 대안 통했다”…‘청라 피크원 푸르지오’ 완판에 2차 기대감,Economic
증시·부동산 활황에 국세수입 전년比 3.8조 늘었다(종합),Economic
유가 상승 ‘항공 물류’도 차질…화물 유류할증료 최대 4배 오를 듯[에너지 쇼크 현실화],Economic
국토부 “테슬라 FSD 무단 활성화는 불법”…중국산 테슬라 사용못해,Economic
"""공장 짓고 싶어도 못지어""…美, AI투자 과열에 인력난 심화",Economic
"은행·디지털자산 수탁사, 웹3 사업 손잡다",Economic
“10명 중 7명 해외행”… MZ 결국 ‘일본으로 몰린다’,Economic
공정위원장 “전속고발권 폐지 추진…국민·사업자 고발권 확대 검토”,Economic
가격 동결하고 차량 줄이고…유통업계 ‘정부발 긴축’에 동참,Economic
"신현송 한국은행 총재 후보자 ""현 환율 큰 우려 없어‥달러 유동성 양호""",Economic
중동발 원자재 수급난에 악성 미분양↑…건설업계 겹악재,Economic
"""좌석 두 개 사라?""…美 항공사 '체격 기준' 논란 확산",Economic
"리벨리온, 6400억원 프리IPO 투자 유치…기업가치 3.4조",Economic
"하나운용, 국내 최초 은현물 ETF ‘1Q 은액티브’ 신규 상장",Economic
코스피 공매도 잔고 첫 16조 돌파…하락 베팅 늘었다,Economic
"김동춘 LG화학 사장 ""러시아산 나프타 추가 구입 어려운 상황""",Economic
고환율 직격탄 맞은 은행권 작년말 건전성 지표 0.12%P↓,Economic
"원·달러 환율, 1520원대 후반까지 급등…코스피는 장초반 5000선 위협 [HK영상]",Economic
“붉은사막 30시간 해봤습니다” 이색 리포트 등장…펄어비스 주가 급등,Economic
G20 중 유독 韓만 혹독…성장률·증시 동반 추락에 구조적 취약 노출,Economic
"코스피, 5200선 회복…삼전 17만원대 재진입",Economic
전쟁 외풍에도 잘 버틴 중소형주…반도체 대형주보다 낙폭 작아,Economic
한미사이언스 이사회 진입한 라데팡스...김남규 대표 진입,Economic
"삼성전기, FC-BGA 수요 급증에 가격 인상…수익성 개선 기대",Economic
"KAI, 차세대중형위성 2호에 50명 소원 담아 우주로 발사",Economic
"신현송 ""매파·비둘기파 이분법 바람직하지 않아… 유연하게 대처"" [뉴시스Pic]",Economic
"두나무 ""합병완료 즉시 IPO 추진""…빗썸 ""2028년 이후""",Economic
이재명 대통령의 믿을맨? 이찬진 금감원장 상한가,Economic
“韓 주춤할 때 美는 벌써” 원화코인 ‘파생상품’ 나온다,Economic
"신현송 ""환율 큰 우려 없다…달러 유동성 양호""",Economic
"주식시장 패닉인데…""주가 10배 간다"" 리틀 버핏이 픽한 종목",Economic
"이재명 대통령 중동사태 관련 ""긴급재정명령 활용도···쓰레기봉투 충분한데 과장""",Economic
반포 트리플 역세권…‘오티에르 반포’ 출격,Economic
한미사이언스 “약가 인하 충격 R&D·헬스케어 사업으로 대응”…이사회에 라데팡스 대표 합류,Economic
"한화오션, K-해양방산 미래 이끌어 갈 주력 함정 선보인다",Economic
"사면초가 위기 속 5,000선 위협받은 코스피…고개 드는 신중론",Economic
"삼성전자, 14조5806억원 자사주 전량 소각 결정",Economic
대한항공도 4월부터 비상경영... 이란전쟁으로 고유가 충격,Economic
"한화필리조선소, 美해군사업 첫 수주… 차세대 군수지원함 설계 참여",Economic
"'코스닥 시총 1위' 삼천당제약 주총 이후 25% 급락, 왜?",Economic
"미래에셋, ‘TIGER 기술이전바이오액티브 ETF’ 순자산 1000억원 돌파",Economic
'5000선 위협' 코스피 어디로…반도체 실적·환율 변수,Economic
“대출 없어서 안전하다?” 전세사기의 치명적 착각 [한경부동산밸류업센터],Economic
"커지는 변동성에 증권사 실적 기대감↑…""전쟁發 조정은 증권株 기회?""",Economic
"삼미금속, 두산에너빌리티와 108억 규모 원전 터빈 블레이드 공급계약",Economic
"[클릭 e종목]""라온시큐어, 올해 최대 실적 전망…에이전틱AI 보안 자동화 플랫폼 도약""",Economic
"""반도체 고점 지났나""…글로벌 증시 흔드는 'AI 기대 균열'",Economic
"빗썸 ""내부통제 강화+기업가치 제고 후 IPO""…2028년 이후로 늦출 듯",Economic
"주병기 ""국민 300명·사업자 30개 이상 고발하면 공소 제기…전속고발제 폐지""",Economic
증시 호황에 2월 국세 18.1조…전년比 3.8조 늘었다,Economic
백종원 “억지 민원·고발로 잃어버린 1년…이제 ‘공격적 M&A’ 나설 것”,Economic
"삼성전자 떠나는 외국인…증권가는 여전히 ""위기 아닌 기회?""",Economic
"비만치료제도 넘보는 AI 신약…인실리코 메디슨, 릴리 4조 기술이전의 의미",Economic
"비트코인, 저가매수세 유입되며 6만7000달러선 회복 [크립토브리핑]",Economic
"한은총재 후보자 ""환율 수준 자체는 큰 의미 없어…달러 유동성 양호""",Economic
"신현송 한은 총재 후보 ""환율 큰 우려 없어…추경 물가압력 제한적""",Economic
홈플러스익스프레스 매수의향서 오늘 마감…'홈플 생존 분수령',Economic
"""SK하이닉스 지금이 매수적기"" 170만원 목표가 유지…RFHIC, 삼성전자 수주 기대에 목표가 50%↑ [株토피아]",Economic
"삼성전자, '진짜 비서' 만들었다…가정용 동반자 정체 '깜짝'",Economic
'주식열풍' 증권거래세 1.2조원 급증... 2월 누계 국세 71조원,Economic
첫 출근길 나선 신현송 “환율 레벨보다 달러 유동성 여건 중요”,Economic
“나왔다 하면 흥행”…서울 주택시장 ‘귀한 몸’ 된 청년안심주택,Economic
"'중동발' 유가 상승·달러 강세에 환율, 이틀째 장중 1,522원…코스피, 장 초반 2%대 내려 5,130대",Economic
"리센스메디컬, 코스닥 상장 첫날 ‘트리플’ 달성 [Why 바이오]",Economic
"[단독] 세븐일레븐, 내달 PB 의류 가격 최대 26% 인상",Economic
"'증시 호조' 덕분에…2월 국세 18.1조, 작년보다 3.8조 더 걷혀",Economic
2월 국세 18.1조 걷혔다…증시·부동산 활황에 전년比 3.8조원↑,Economic
2월 국세 전년 대비 3.8조↑…증시호황에 거래세·농특세 1.9조 늘어,Economic
"심혈관질환 예측 의료AI 메디웨일, 시리즈C 투자 200억 유치",Economic
"금감원, ‘신세계푸드, 이마트 완전자회사’ 추진 제동",Economic
서부산행정복합타운 시공사 태영건설 선정…동서 균형발전 시동,Economic
코스피 한때 5100선 내줘…원-달러 환율 1524원 돌파,Economic
중국 26층 아파트 돼지사육장…공급 넘쳐나 8년 來 최저가,Economic
"대한항공, 중동발 에너지 위기에 비상경영…""전사 비용 효율화""",Economic
"동문건설, ‘용인 고림 동문 디 이스트’ 공급 … 신흥주거타운 고림 가장 앞 ‘코어 입지’",Economic
한화솔루션 유상증자 후폭풍…고려아연 지분 매각론 부상,Economic
"농협은행, RWA관리 전면 손질…규제 수렴한 '미래 성장' 좌표는",Economic
홈플러스 운명 가른다…‘익스프레스 매각’ 마감 분기점,Economic
"국민연금, 하이브·KT·두산 자사주 처분 반대⋯""개정 상법 역행""",Economic
내달 ‘의무보유등록 해제 폭탄’ 주의…50개사 3억6300만주 풀린다,Economic
"두나무, '업비트 글로벌' 자회사 편입할까…8년 간의 '거리두기' 마침표",Economic
김동춘 LG화학 사장 “구조조정 및 고부가 전환 가속”,Economic
"두나무 ""네이버파이낸셜과 합병 원안대로…합병 후 곧바로 IPO 추진""",Economic
"LS에코에너지, '방산용' 희토류 연내 양산…비중국 최초",Economic
"“완판 다음은 판가 점프 기대”…증권가, 삼성전기 목표가 상향",Economic
"[주총]현대지에프홀딩스 장호진 ""지배구조 일원화로 책임 경영""",Economic
삼성물산 '넥스트 리모델링' 첫 단지는 반포푸르지오…우협 선정,Economic
삼성전자 AI 가전 더 똑똑해진다… 업그레이드 '빅스비' 적용,Economic
"“직접투자와 AI 자동운용 한번에”...핀트, 하나증권과 AI 투자일임 서비스 ‘자율주행’ 출시",Economic
"[단독] 성수4지구, 4월 1일 시공자 선정 재공고…대우건설 참여 변수",Economic
강남 3구 아파트 '증여 러시'…세제 개편 앞두고 절세 전략 변화,Economic
"삼성전자, 14.6조 자사주 소각에도 주가 약세",Economic
"“봉투는 있는데 왜 못 사나”… 정부, ‘가격 인상 없다·일반봉투 허용’까지 꺼냈다",Economic
K팹리스의 골든타임…'중국 공습'을 넘어 '맞춤형 온디바이스 AI'로,Economic
환율 1530원 턱밑…전쟁 리스크에 증시도 '휘청',Economic
"산업장관 ""석유 90만 배럴 北반출설 '가짜뉴스'…형사고발 등 엄정 대처""",Economic
"""잃어버린 1년 끝""…백종원, 다시 기지개",Economic
"삼성전기, FC-BGA 판매가 인상…올해 영업익 185% 성장 전망도",Economic
"“에스티팜, 올해 수주 급증 본격화…RNA 치료제 시장 확대 수혜 [Why 바이오]",Economic
걸프 공장 이란 공습 피해에 알루미늄 가격 4년만에 최고치,Economic
두나무 직원 평균 연봉 2.5억원… 송치형 회장은 60억원,Economic
중동 긴장에 전국 휘발유 ‘1900원 재돌파 초읽기 …오늘 1889원,Economic
한화오션 '차세대 구축함' 공개.. AI 기반 '해양방산' 고지 선점,Economic
"바이오 사상 최대 펀드 출범…블랙스톤, 63억달러로 최종 조달",Economic
“이란전쟁으로 걸프 6개국 성장률 4.4%→-0.2%”-옥스포드 이코노믹스,Economic
"다주택 뉴시니어, 두번째 집 대신 두번째 라이프 선택",Economic
"기아 EV9, 글로벌 평가 싹쓸이…전기 SUV 경쟁력 입증",Economic
내년 가동 앞둔 ‘용인 원삼 하이닉스’ 1순위 배후주거지 꼽히는 동탄신도시 들썩,Economic
"삼성·SK하이닉스, 분기 영업익 '70조 시대' 연다",Economic
이란 공습에 알루미늄 가격 급등…4년 來 최고,Economic
5월 뉴욕 항공권 끊어놨는데 유류할증료만 100만원?…대폭 인상 전망,Economic
"LIG넥스원→'LIG D&A'..""글로벌 종합방산기업 도약""",Economic
파격보상안 걷어찬 삼성전자 노조…“황금알 낳는 거위 배 가르자는 생떼”,Economic
전쟁 추경서 빠진 서민금융…소상공인 지원 후순위 밀렸다[only이데일리],Economic
[단독] 작년 적발된 가품 ‘18만점+α’…통관 인력은 300명 불과 [짝퉁과의 전쟁 ②],Economic
'반도체 힘' 2월 생산 5년8개월내 최대 증가…중동리스크 우려(종합2보),Economic
삼성전자 14.5조 규모 자사주 소각한다... 지난해 취득분,Economic
6G로 연결되는 '빅사이클' 수혜…통신장비 업종 성장 본격화,Economic
"오세훈 ""전세물량 3분의1 급감…정부 규제에 주택시장 흔들""",Economic
"KB국민카드, 카드 한장으로 '스테이블코인' 결제 구현",Economic
"국민연금, HD현대重 이상균·두산에너빌 박지원 이사 선임 제동",Economic
[사장님 대출 환승시대]③ 수혜 범위 제한적…한계 차주는 '그림의 떡',Economic
"한은총재 후보자 ""현 환율 큰 우려 없어…달러 유동성 양호""(종합)",Economic
건설경기 ‘감기’ 후방산업 ‘독감’…줄줄이 실적악화 ‘비명’ 들렸다 [중기+],Economic
"LS에코에너지, 비중국 희토류 금속 연내 양산",Economic
"""전쟁 장기화 땐 車 생산 차질""…현대차, 시총 한 계단 '뚝'",Economic
이란 전쟁發 에너지 충격에…亞 탈석탄 시계 '거꾸로',Economic
"GS칼텍스, 차입 감축·자산유동화 '재무관리' 고삐",Economic
'반도체 호황'에 산업생산 2.5%↑…투자도 '역대급' 상승(종합),Economic
"[증권사도 유가 리스크]② 한국투자증권, 분산 구조의 방어력 검증",Economic
'웨딩플레이션'에 예비부부들 달라졌네…셀프 웨딩 상품 수요 최대 19배↑,Economic
LG화학 주총서 '행동주의 펀드' 팰리서 주주제안 부결,Economic
‘1갑에 4500원 너무 싸다’…담배값 1만원으로 인상설 솔솔,Economic
"'황제주' 삼천당제약, 거품 경고 현실로…하루 만에 20% '뚝'",Economic
"""안정성·효율 높인 전고체전지, 전기차 넘어 로봇·우주로 뻗는다""[K산업, 미래설계자들]",Economic
"알지노믹스, 4월 AACR 학회서 RNA 기술 입증 기대[Why 바이오]",Economic
"[IPO챗] 1분기 신규상장 9곳뿐…""상장 타이밍 보수적 접근 확대""",Economic
신현송 “매파·비둘기파 이분법 바람직 안해…상황따라 유연히 대처”,Economic
"반도체 28% 급등에...2월 산업생산 2.5%↑, 5년 8개월 만에 최대폭",Economic
"주주 권익 보호한다더니… 솔루엠 이사회, 전자투표 도입 반대",Economic
"챔피언스시티개발, 금융비용 우려 속 '우미건설' 등판론",Economic
4년 만에 최고치 폭등…'이 시장' 중국이 쥐락펴락할 판,Economic
"한화, 미 해군 차세대 군수지원함 사업 참여",Economic
"신현송 ""달러 상당히 풍부…환율 큰 우려 없다""",Economic
"애경케미칼, 8% 상승…아라미드 소재 국산화 부각",Economic
500대 기업 직원 작년에 5000명 감소…SK하이닉스는 2159명 늘어,Economic
WON 두산그룹포커스 ETF 상장…원전·첨단로봇 등 투자,Economic
한국 역사상 초유의 사태 벌어지나...항공사들 연쇄 '셧다운' 우려 [지금이뉴스],Economic
“하이닉스보다 더 줄게”…‘업계 최고 대우’ 거절한 삼성 노조,Economic
"‘오천피’도 위태…코스피, 중동전쟁에 나흘째 하락세",Economic
"[석유화학 자산 리셋]효성화학, 납사 대신 '프로판' 호르무즈 무풍",Economic
"“전쟁도 버거운데 터보퀀트 악재까지”…외국인, 한달 새 삼전닉스 23조 던졌다",Economic
"한화, 美해군 차세대 군수지원함 사업 첫 참여",Economic
"환율 1,520원 돌파…코스피 장중 4%대 하락",Economic
"신현송 후보자 ""현 환율 큰 우려 없어…달러 유동성 양호""",Economic
"'음주 논란 후 두문불출' 신혜성, 논현동 건물 내놨다 [집코노미-핫!부동산]",Economic
“서울 전세 없어요”…하남·구리·김포 등 경기도行,Economic
“노량진 분양가로 반포 간다” 분상제 역설에 강남 청약 불붙나 [부동산360],Economic
신현송 “달러 유동성 양호…추경으로 중동 어려움 완화 필요”,Economic
"알루미늄 가격도 '한숨'…""2022년 이후 최고 수준""",Economic
"블랙스톤, 생명과학 투자 ‘라이프사이언스 6호 펀드’ 63억달러 규모 조성완료",Economic
시흥·안산 1.6만 가구 주거벨트 조성…'대방 엘리움 더 루체' 선착순 공급,Economic
"[현장]백종원, 더본코리아 주총서 ""올해 더 큰 도약""…공격적 M&A 공표",Economic
서울 이어 경기·충북·충남·제주까지 휘발유 1900원 돌파,Economic
[단독]내달 6일부터 공공부문 차량 2부제 시행 검토…24년 만에 부활,Economic
"'역대급' 반도체 28% 급증, 2월 산업 생산 2.5%↑…중동 사태 미반영(종합)",Economic
"DL이앤씨, 4000억원 규모 코리안리 신사옥 건설 우선협 선정",Economic
2월 산업생산 5년8개월 만에 최대 증가…'중동 반영' 4월부터 본격(종합2보),Economic
"신현송, 첫 출근길 ""중동 사태, 단기 최대 리스크…환율 레벨 자체엔 큰 의미 없어""",Economic
"청라 피크원 푸르지오, 주거형 오피스텔 분양 마감",Economic
반포 트리플 역세권…포스코이앤씨 '오티에르 반포' 출격,Economic
"삼성물산, 반포푸르지오 리모델링 우협 선정",Economic
"삼성전자, '14조 5800억 규모' 자사주 소각 결정…""주주가치 제고""",Economic
"젬백스, 손해배상소송 2심 일부 패소…바이오빌에 175억원 지급",Economic
"중동발 충격에 환율 1,530원 육박·코스피 5,100 하회",Economic
"대신운용, ‘월배당·절세’ DAISHIN343 오피스리츠플러스 ETF 상장",Economic
"프로게이머 '룰러' 박재혁, 세금 회피 의혹…""심려 끼쳐 죄송""",Economic
"빗썸, 이재원 대표이사 체제 유지",Economic
우리 동네 '공무원 인건비' 적절하게 늘었을까 [추적+],Economic
"바스프, 중국에 초대형 화학기지 완공…글로벌 공급망 재편 가속",Economic
"인항회 ""공항 공기업 통합, 인천공항 경쟁력 약화 초래""... 정부에 재검토 촉구",Economic
"전쟁 장기화에 생산 차질 우려…현대차, 시총 4위로 하락",Economic
"금값, 언제 다시 오를까 [시장 엿보기]",Economic
"이젠 로봇도 렌탈?…코웨이, 미래 먹거리 선점",Economic
‘30년 KT맨’ 박윤영 호 공식 출범…고강도 인적 쇄신·AI 정면돌파,Economic
알루미늄 가격 4년 만에 최고치…남선·조일·삼아알미늄 급등 [줍줍 리포트],Economic
"한화디펜스·필리조선소, 美 해군 첫 수주⋯차세대 군수지원함 설계 참여",Economic
"""3월 월급도 절반만"" 벼랑 끝 홈플...'익스프레스' 분리매각 성공할까",Economic
"“붉은사막, 30시간 직접 해봤다” 해보니까 달라?…목표주가 대폭 상향한 연구원 [투자360]",Economic
"신현송 ""환율 큰 우려 없어…매·비둘기 이분법 바람직하지 않아"" [심성미의 BOK 워치]",Economic
"李대통령 ""수급 불안 과감 대응…긴급재정명령 활용할 수도""",Economic
"한국경제TV 안인기, <원펀치 투자법> “지수보다 강한 종목이 기회다”",Economic
"TKG태광, TKG애강 공개매수 실시…상장폐지 추진",Economic
“영어로 하시죠” 바빠서 모국어 못배웠다는 CEO…결국 잘렸다,Economic
"[주총 포커스]빗썸 주주들, 이재원 연임 찬성…악재 수습·책임경영 방점",Economic
"'첫 출근' 신현송 ""환율 높지만 큰 우려 없어…달러 유동성 양호""",Economic
"대성하이텍, AI 데이터센터 냉각부품 생산 장비 102대 수주",Economic
"""무조건 벼텨, 나가면 길바닥이야""...전세대란에 눌러앉는 세입자들, 강남은 55%",Economic
"삼현, 이라크 수출용 '천궁-Ⅱ' 구동 모듈 수주",Economic
[하우머니] 구글 ‘터보퀀트’ 충격…한국 반도체 득될까 실될까,Economic
"'경제 전시 상황' 선포한 이재명 정부, 26조 추경안으로 정면돌파",Economic
서울시민 2명 중 1명 세입자…'13만 공공주택' 짓는다,Economic
"코스피 5100선 붕괴, 환율 1528원…중동전쟁에 금융 비명",Economic
"""환율 쇼크 현실화""…1520원 돌파에 외인 '엑소더스', 코스피 하방 압력 확대",Economic
"환헤지부터 헤지펀드까지…증권사, 투자 라인업 확대",Economic
“남는 게 없어요” 올해만 치킨·호프집 857곳 문닫았다 [언박싱],Economic
"K배터리 3사 총출동…SNE리서치, 글로벌 배터리 컨퍼런스 개최",Economic
"삼성전자, 14조 5806억원 규모 자사주 소각 결정",Economic
'악성 미분양' 3만가구 돌파…지방 주택시장 경고등,Economic
"전쟁 장기화에 공급망 우려…현대차, 시총 4위로 하락",Economic
"이란 전쟁에 환율 1,530원 육박에도…한은총재 후보자 ""큰 우려 없어""",Economic
"코스피, 5000선마저 무너지나…외국인·기관 매도세 이어저",Economic
"LS에코에너지, 비중국 최초 방산용 희토류 금속 연내 양산",Economic
"우리자산운용, 두산그룹포커스 ETF 상장",Economic
증시 불장에 몸값 높아진 ‘이곳’…‘경쟁 과열’ 백화점·마트는 브랜드 가치↓,Economic
"[단독] '실패한 유니콘' 리디, 일본 거래소 러브콜 받았다 [넘버스]",Economic
"""반도체 쇼크 덮쳤다""…'16만전자·80만닉스'까지 추락",Economic
전세의 월세화 빨라진다…서울 월세 비중 70% 돌파,Economic
중동 전쟁에 증시 '비명'…3월 한달 간 시총 840조 증발,Economic
"코스닥 시총 1위 올랐던 삼천당제약, 27% 급락해 '황제주' 반납",Economic
"이차전지 ETF, 증시 파란불 뚫고 반등…ESS 모멘텀 수혜(종합)",Economic
"삼성SDI, 합작사 스타플러스 대여금 연장…환율 상승에 1.6조 확대",Economic
“이제 5000선도 위태롭다” 5100 깨진 코스피…외국인 ‘셀 코리아’에 4거래일 연속 하락 [투자360],Economic
"코스피, 외국인 순매도에 장중 2%대 하락",Economic
'반도체 급등' 2월 산업 생산 2.5%↑…5년 8개월 만에 최대(종합2보),Economic
부자 아빠 “전쟁 안 끝날 것…주식·채권 멀리해야”,Economic
"신현송 한은 총재 후보 ""환율 레벨 큰 의미 없어...달러 유동성 양호""",Economic
중동전쟁 '코스피에 직격탄'…5000피 붕괴 우려,Economic
"삼천당제약, 26%↓…호재 발표 후 차익실현 매물",Economic
美휘발유 평균가 갤런당 4달러 넘었다…2022년 8월 후 최고,Economic
"'코스닥 1위' 삼천당제약, 23% 급락에 황제주 반납",Economic
"서울시민 절반이 임차세대...오세훈 ""공공주택 공급, 전월세 대출지원""",Economic
미국 반도체 한파 직격탄…한때 '17만전자' 붕괴,Economic
"치솟는 국제유가, 천장 뚫은 원·달러 환율에도 상승하는 게임株",Economic
"국토부 ""테슬라 FSD 무단 활성화는 불법…2년 이하 징역""",Economic
"삼성물산, 반포푸르지오 리모델링 우선협상대상자 선정…“넥스트 리모델링 사업 본격화”",Economic
"롯데, ‘기술 체질’로 방향 틀었다…성장 공식 자체 바꾼다",Economic
‘포장재 대란’ 직격탄 맞은 소상공인들 “4월이 더 문제”,Economic
"[토크ON] ② 정부의 ‘자본시장 체질 개선 방안 2단계’, 실효성은?",Economic
"삼현, 이라크향 '천궁-Ⅱ' 핵심 구동 모듈 수주",Economic
[속보]환율 1528원 터치…한은총재 후보 “큰 우려 없어”,Economic
"현대차, 시총 4위로 한 단계 하락…전쟁 따른 생산 차질 우려 탓",Economic
네이버파이낸셜·두나무 합병 연기,Economic
“계약금 20% 내면 내집”…바로내집 등 공공주택 13만호 공급,Economic
9년째 행정지도로 막힌 해외 코인 투자… 국민연금은 오히려 늘려,Economic
"‘경영권 매각 불발’ NHN벅스, 다시 매물로 나올까… “관심 보이는 상장사는 있어”",Economic
"서울시, ‘바로내집’ 등 공공주택 13만호 공급…무주택 주거안정 5년간 30조 쓴다",Economic
청년·신혼 이어 '중장년층'도 월세 지원…'목돈마련 매칭통장' 도입,Economic
"‘안심전세’ 무이자 대출, 보증금의 40%로 확대…중장년층도 지원 대상으로",Economic
“‘삼전닉스’ 왜 샀을까” 한 달 만에 370조 증발…중동전쟁·구글 쇼크에 개미들 ‘패닉’,Economic
공공주택 13만호·20년간 잔금상환 '바로내집' 공급…서울시 무주택 시민 지원,Economic
[비즈톡톡] 잘 나가던 한강 유람선… 좌초 사고에 이랜드그룹 이크루즈 실적 ‘촉각’,Economic
신현송 한은 총재 후보자 첫 발언에…환율·금리 소폭 하락,Economic
"20%만 내고 나머지는 20년간 갚으세요…서울시, 바로내집 등 주거안정대책 발표",Economic
"서울시, 마포·강서·노원서 ‘반값 아파트’ 토지임대부 6천 가구 공급",Economic
"'R&D 5조' 현대차, 고속도로 '주행보조 플러스' 상용화하나",Economic
"신현송 ""현 환율 큰 우려 없어… 매파·비둘기파 이분법 바람직 않아""",Economic
"하나자산운용, 국내 최초 은현물 추종 ETF 출시",Economic
"‘뉴노멀’ 1500대 환율부터 ‘쓰봉 대란’, 트럼프 의혹까지 [영상]",Economic
"""분양가 20%만 내면 집 산다""…서울시 '바로내집' 도입",Economic
"서울시 ""초기 자금부담 낮춘 '바로내집' 2031년까지 6500가구 공급""",Economic
"마스오토, 美 대륙 3379㎞ 횡단…'세계 최장' 자율주행 화물 운송 성공",Economic
"전세난에 '금융 지원' 확대…서울시, 보증금 40% 무이자 대출",Economic
"""공공주택 13만가구·전월세 무이자 대출 확대""…서울시, 주거안정대책 발표",Economic
중동 불안에 코스피 급락...장중 5100 무너져,Economic
“점장이 발주 실수…못 팔면 큰일나” 알고보니 만우절 이벤트,Economic
"“말 한마디면 척척”…삼성 AI 가전, 맥락 이해하는 ‘빅스비’ 적용",Economic
"반도체 생산, 38년만에 대기록 세웠는데 하필 전쟁…충격파 덮쳐온다",Economic
"삼성전자, 14조5800억 규모 자사주 소각 결정",Economic
"한화필리조선소, 美 해군 사업 첫 수주…차세대 군수지원함 개념설계 참여",Economic
"롯데, 핵심 기술·인프라 경쟁력 강화...‘질적 성장’ 가속",Economic
항공화물 덮친 유가 상승 도미노…유류할증료 ‘4배’ 폭등하나,Economic
"대한조선, 수에즈막스급 원유운반선 2척 추가 수주… 창사 이래 최고 선가",Economic
신현송 한은 총재 후보자 “현재 환율 큰 우려 없어”,Economic
해상운임 상승세 지속…韓 가전·TV 수익성 악화 우려 고조,Economic
"LS에코에너지, 非중국 기업 최초 방산용 희토류 연내 양산",Economic
"알루미늄주 상한가, 남선알미늄 29%↑…중동 공급 차질 우려",Economic
"“지어도 안 팔린다”… 악성 미분양 3만, 지방부터 무너지는 집값",Economic
중동 알루미늄 공급 비상…삼아·남선알미늄 신고가 [매경 자이앤트],Economic
[속보] 삼성전자 4.5%·SK하이닉스 7.1%↓…미국발 반도체 한파 여파,Economic
수도권 전월세난 속 주거 안정성 높은 ‘힐스테이트 안양펠루스’ 4월 분양,Economic
"삼성물산, 반포푸르지오서 '넥스트 리모델링' 첫선",Economic
반도체·전기차에 2월 생산·투자 급등…'중동 반영' 3월부터(종합),Economic
월가 큰손 “저점 매수기회”라는데…코인주 올들어 최악 약세,Economic
[속보] 신현송 “현 환율 큰 우려 없어…달러 유동성 양호”,Economic
"[주총 포커스] 두나무 오경석 ""네이버 딜 절차로 지연""…상장 재확인",Economic
"[뉴스1 PICK]코스피, 중동전쟁으로 5,100선 붕괴",Economic
"[단독]DL이앤씨, '도심 랜드마크' 코리안리 신사옥 짓는다",Economic
'강남 첫 오티에르' 오티에르 반포 사이버 견본주택 개관,Economic
'중동 리스크'에 동남아 상장기업 시총 한달 새 10% 증발,Economic
케이뱅크 IPO에 주식발행 3배 급증…회사채는 두 달째 순상환,Economic
"“고점 왔나”…20% 급락한 삼천당제약, 황제주 반납 [이런국장 저런주식]",Economic
"코스피, 전쟁 이후 장중 최저치…원·달러 환율 1520원대 위협",Economic
"대신자산운용, '월배당·절세' 대신343 오피스리츠플러스 ETF 상장",Economic
"평택 부동산 시장, 삼성·AMD AI 반도체 협력 확대에 신축 단지 회복 기대",Economic
고유가·고환율에 짓눌린 항공주…티웨이항공 16%↓,Economic
"날마다 20원씩 널뛴 환율, 전문가들 “추경 등 국내 정책도 환율 악재” 경고",Economic
"KAI, 차세대중형위성 2호에 국민 소원 담는다…대국민 이벤트",Economic
"국민연금, LG화학 주총서 팰리서 주주제안 '줄반대'",Economic
다음달 3억6300만주 풀린다…코스닥 46곳 '오버행' 주의보,Economic
"日증시, 하락 출발…유가 급등·반도체 약세 '이중 악재'",Economic
"국토부 ""테슬라 FSD 무단 활성화, 불법…車관리법 위반""",Economic
"LS에코에너지, ‘방산용 희토류’ 양산 체제 구축…中 기업 외 최초",Economic
"“핵심 원료 국산화 시동”…애경케미칼 TPC, 공급망 재편 신호탄",Economic
"삼성물산, ‘넥스트 리모델링’ 반포푸르지오 첫 적용",Economic
"시노펙스, KOREA CHEM 전시서 '제약·바이오 산업용 필터' 선보여",Economic
국제유가 100달러 넘어서자…항공주 일제히 하락,Economic
삼전·하이닉스 '급락'…코스피 5000선까지 밀려,Economic
"우리자산운용, 두산그룹 포커스 ETF 신규 상장",Economic
'반도체 쇼크' 코스피 5100선 붕괴…삼성전자·SK하이닉스 낙폭 확대,Economic
"“최애 음료가 돌아왔다”...스타벅스, ‘차이 티 라떼’ 깜짝 재출시",Economic
신현송 한은 총재 후보자 “한국 경제 가장 큰 리스크는 중동 사태”,Economic
"[현장영상+] ""한국 경제 가장 큰 리스크, 단기적으로 중동 사태""",Economic
울산·여수 2호 산단 석유화학 재편 '삐걱'…기업 간 이견에 발목,Economic
"미래에셋, 'TIGER 기술이전바이오액티브 ETF' 순자산 1천억 돌파",Economic
"코스피, 장 초반 2%대로 하락 5130대까지 밀려…코스닥도↓",Economic
메모리값 상승세 둔화 우려에…삼전·하이닉스 동반 급락,Economic
"'조선 중심지' 경남도, 2030년 글로벌 함정 MRO 시장 선점한다",Economic
중동 알루미늄 공장 피격에 치솟은 가격…남선알미늄 '上',Economic
치솟는 ‘원-달러 환율’ 1520원도 넘어가…금융위기 이후 최고치,Economic
전쟁 장기화에 경기 둔화 우려…달러·원 1528원까지 치솟아,Economic
"‘급속 냉각 기술’ 리센스메디컬, 코스닥 입성 첫날 200% 뛰었다 [줍줍 리포트]",Economic
주가 쭉쭉 빠지는데… ‘SK하이닉스’ 더 사라는 증권가,Economic
“분양가 상한제보다 싸다” 파격 금융혜택 앞세운 ‘사우역지엔하임’,Economic
美·이란 확전 우려에 코스피 3%대 하락…5100선 붕괴,Economic
"""항공권, 오늘 발권해야 싸다""…4월 유류할증료 최대 3배",Economic
결국 ‘17만전자’도 깨졌다…美 반도체 한파에 삼성전자·하이닉스 동반 급락 [종목Pick],Economic
"두나무, 지분 규제 영향에도…""네이버파이낸셜 주식교환, 원안 추진""",Economic
"""방산용 희토류 찍는다""...LS에코에너지, 연내 양산 돌입",Economic
"삼성전자, '터보퀀트 우려'에도 증권가 낙관론... 금일 주가는 하락 [주가동향]",Economic
강남 접근성이 청약 성패 가른다… 상반기 주목해볼 만한 ‘영통역 우미 린’,Economic
나프타 대란에 건설 현장도 '직격탄'...레미콘·페인트 수급 우려,Economic
"한화, 필리조선소 인수 이후 첫 美 해군 프로젝트 참여",Economic
삼천당제약 25% 급락…90만원대 붕괴,Economic
"금융위기 이후 17년만에…원·달러 환율, 장중 1520원 뚫었다(상보)",Economic
"세닉스바이오테크, 125억원 투자유치…""나노자임 신약개발 가속""",Economic
"KAI ""위성에 꿈 실어 우주로""... 메시지 전송 이벤트",Economic
"기아 EV9, 북미·유럽서 수상 휩쓸어…美·英·獨·캐나다서 호평",Economic
"2차 석유 최고가격제 닷새째...서울 휘발유 1,941원",Economic
"삼성전자, 자사주 14조 소각에도…‘터보퀀트’ 후폭풍에 주가 뚝",Economic
"“IPO는 2028년 이후로”…빗썸 이재원 대표 연임, 배당 요구엔 ‘신중’",Economic
알루미늄株 급등…중동 생산 공장 타격 여진,Economic
중동 긴장에 기름값 '들썩'…전국 휘발유 1천900원 재돌파 눈앞,Economic
[서울데이터랩]‘리센스메디컬’ 238.18% 폭등…실시간 상승률 1위,Economic
[서울데이터랩]‘애경케미칼’ 21.46% 폭등…실시간 상승률 1위,Economic
“다 지었는데 찾는 사람이 없어요”…‘불 꺼진 준공 아파트’ 3만 가구 돌파,Economic
[서울데이터랩]개장 직후 인기 검색 종목 20選,Economic
"미래에셋 ‘TIGER 기술이전바이오액티브 ETF’, 순자산 1000억 돌파",Economic
외국인 50조 팔고 고유가까지…'1500원대'에 갇힌 환율,Economic
“당분간 포장비 500원도 받을게요”…나프타 대란에 식당도 소비자도 ‘울상’,Economic
반도체 호황에 2월 산업생산 2.5%↑…5년8개월만에 최대폭(종합),Economic
"""보이는 대로 집어가더라"" 전쟁 장기화 조짐에 다이소도 난리…품절대란 난 '이것' 정체",Economic
'5년 연속 배당 기업' 담는다더니…'상장 3년차' 담은 ETF [수상한액티브②],Economic
"'인스타 스토리 몰래보고 노출시간 연장'…메타, 인스타그램 유료 서비스 시범 운영",Economic
"한화, 美 해군 차세대 군수지원함 설계 참여…'필리조선소' 인수 후 첫 수주",Economic
“우리 집 좀 제발 팔아주세요”…6억이나 떨어졌는데도 아무도 안 산다,Economic
"“하루에만 수백조 왔다갔다, 잠도 못잔다” 시총 840조원 증발…중동 사태를 어쩌나",Economic
`1경8300조원` 美퇴직연금 빗장 풀린다…가상자산 편입 허용,Economic
CATL의 역대급 영업이익률이 말해주는 것 [중국과 글로벌 투자],Economic
“이러다 5천피도 위태”…코스피 4%대 급락 5100선 붕괴,Economic
"김정관 ""'상도' 임상옥 떠올렸다…신뢰 저버린 주유소 결단 촉구"" (종합)",Economic
"코스피, 중동 불안 지속에 4% 급락해 5,000대…코스닥도 3% 하락(종합)",Economic
"하나운용, ‘1Q 은액티브 ETF’ 신규 상장…업계 최초",Economic
호르무즈 해협 봉쇄에 재생에너지 부상…SK이터닉스 '급등',Economic
"서울 전세 거래, 82개월만 최저...경기도로 쏠리는 눈",Economic
"“어? 또 오르네?”...‘17% 폭락’ 요동치는 금값, 사야 하나 말아야 하나",Economic
"“코스닥 핵심”…TIGER 기술이전바이오액티브, 순자산 1000억 돌파",Economic
"“AI 병목 해결사 ‘광통신’에 투자” 삼성운용, ‘KODEX 미국AI광통신네트워크’ ETF 신규 상장",Economic
"헥토파이낸셜, '관광객 선불 결제 사업' 진출",Economic
"대성산업, 제 16기 정기주주총회 개최 “저평가된 기업가치 해소할 것”",Economic
'악성 미분양' 14년 만에 3만 가구 넘어…86.3%가 지방,Economic
코스피 5100선 붕괴 나흘째 하락…삼전도 '17만전자' 붕괴,Economic
"[단독] 성수3지구, 삼성물산 무혈 입성하나…1·3지구 ‘단독’ 2·4지구 ‘경쟁’ 구도 가닥",Economic
평행선 달리는 삼성 노사…'영업익 10% 연동'의 득실,Economic
"삼성 AI 가전, 업그레이드 '빅스비' 적용 …""퍼블렉시티 지원""",Economic
"한화디펜스-필리조선소, 미 해군 첫 수주…군수지원함 설계",Economic
서울 중소형 아파트 평균 매매가 15억 첫 돌파,Economic
코스피 한 달만에 6300→5000…중동 전쟁·터보퀀트 쇼크 [이런국장 저런주식],Economic
"대한조선, 1분기만에 연간 수주 목표 달성",Economic
"""석화 위기 오면 한국 제조업 전반이 무너진다""",Economic
원/달러 환율 장중 1520원 돌파…금융위기 후 최고,Economic
"유가 급등·미 반도체 급락에 코스피 하락 출발…""장중 낙폭 축소 기대""",Economic
공항운영사 통합 검토?… 세계 3위 ‘인천공항’ 뒤처질 우려[전문가 시선],Economic
"코스피, 뉴욕 반도체 급락 여파로 3.07% 하락…5100선 머물러",Economic
"삼성전자, 15조원 규모 자사주 소각 결정",Economic
"한화, 美 해군 차세대 군수지원함 설계 수주… 필리조선소 인수 후 첫 성과",Economic
"[속보] 코스피, 5100선도 무너져…원달러 환율 1530원 돌파",Economic
반도체 랠리 덮친 전쟁의 불길… 4월 실적·美 금리기조가 운명 가른다[박석현의 미장 돋보기],Economic
코스피 2%대 하락… 삼성전자 17만·SK하이닉스 82만원대 간신히 턱걸이,Economic
"셀트리온, 브라질서 '옴리클로' 론칭 행사…중남미 공략 '속도'",Economic
[속보]코스피 3%대 급락 5100선 붕괴…환율 1519.9원 개장 ‘연중 최고’,Economic
"“청소 조용히 해”도 알아 듣는다…삼성, AI 가전에 더 똑똑해진 ‘빅스비’ 적용",Economic
5월부터 양도세율 최대 75%… 매물잠김땐 1주택 보유세도 ‘손질 예고’[10문10답],Economic
"원·달러 환율, 장 초 1520원대 돌파…연일 레벨 최고치 경신",Economic
미국 반도체 급락·유가 급등...삼전닉스 '휘청' 코스피 5000대 후퇴,Economic
"삼성전자, 17만원도 깨졌다…SK하이닉스 7.22%↓ [핫종목]",Economic
"한화·필리조선소, 美해군 첫 수주…마스가 청신호",Economic
"포스코 창립 58주년…장인화 회장 ""불굴의 의지로 위기 돌파""",Economic
"삼성전자 AI 가전, 더 똑똑해진다…‘진화한 빅스비’ 탑재",Economic
바이오가 대세…‘TIGER 기술이전바이오액티브’ 순자산 1000억 돌파,Economic
삼전·하이닉스 급락에 코스피 5000선까지 밀려…원·달러 환율 1519원,Economic
코스피·코스닥 하락 출발…삼전·하닉·삼천당 줄줄이 약세,Economic
[속보] 2월 산업생산 2.5% 증가…5년 8개월 만에 최대 폭,Economic
연어 이어 철갑상어에서도 추출…K뷰티 이끄는 '고농축 재생 성분' PDRN,Economic
"반도체, 역대급 호황인데…중동 전쟁 '복병'",Economic
"""삼전닉스, 일단 버텨""…마이크론 10% 폭락에 낙관론 덮은 '불안'",Economic
포카리보다 많이 팔렸다...두 달 만에 250만개 불티난 ‘이 음료’ 후속작은,Economic
"이재홍 대표, 한신평 1등 올려놓고 11년 만에 퇴임",Economic
"LS에코에너지, 올해 비중국 최초 '방산용' 희토류 금속 양산",Economic
"한화, 美 해군 차세대 군수지원함 설계 참여...HD현대는 탈락",Economic
"한국타이어, 미쉐린·피렐리 제치고 유럽서 '고성능 1위'",Economic
"코스피, 글로벌 반도체 업황 위축 우려에 5140선 약세 출발…SK하닉 6%↓",Economic
"중동 리스크 다시 고개…코스피, 5130선 후퇴",Economic
불황에 짐 싸는 대기업들…통신·석화 인력 구조조정 '칼바람',Economic
'1억 이상 할인' 현수막까지…지방 악성 미분양 14년래 최대,Economic
"환율, 유가 상승·달러 강세에 이틀째 장중 1,520원대",Economic
급락 후 반등 시도하는 금값…중동 변수에 '롤러코스터' 장세,Economic
"""로봇 둘 공간이 없어요""...비좁은 연구실에 갇힌 K-로봇의 꿈",Economic
"""중동 상황 악화시 5부제보다 더한 조치…4~5월 비축유 방출""",Economic
고려아연 최윤범 측 집중투표제 표 배분 전략 일단 승리했지만⋯,Economic
알루미늄 가격도 급등…UAE·바레인 제조업체 피격 후폭풍,Economic
"모태펀드, 1934억 '경북-포스코 펀드' GP에 키움인베 등 4곳 확정",Economic
"서울아파트 다섯 채 이상 임대업자 탈탈 턴다…국세청까지 ""집 팔아라"" 총력전",Economic
"미래에셋운용 'TIGER 기술이전바이오액티브 ETF', 순자산 1000억 돌파",Economic
"한화, 美 해군 차세대 군수지원함 사업 참여한다",Economic
지난달 ‘악성 미분양’ 3만1307가구…14년 만에 3만 가구 돌파,Economic
"TKG태광, TKG애강 상폐용 공개매수 실시",Economic
"코스피, 종전 협상 불확실에 장 초반 5100선 후퇴…삼전·SK하닉 '급락'",Economic
"삼성전자, 지난해 취득한 14조5806억원 규모 자사주 다음달 2일 소각",Economic
"우리운용, 두산그룹포커스 ETF 상장…원전·로봇·반도체 등 핵심 밸류체인 총망라",Economic
반도체 '투톱' 급락…삼전 3%·SK하닉 5%↓[핫스탁],Economic
"원·달러 환율, 4.2원 오른 1519.9원 출발",Economic
"터보퀀트, 오히려 기회라는데…""반도체주 녹는다"" 삼전·SK하닉 '뚝'",Economic
"마이런 美 연준 이사, 이란전쟁 변동성 불구 금리 인하 해야",Economic
"셀트리온, 브라질서 옴리클로 론칭...중남미 공략 속도",Economic
"“여보, 우리 큰일났어”…14억 아파트 ‘11억’에 물려받은 부부에게 무슨 일이",Economic
"""놀이공원 무료"" ""버거 47% 할인""…만우절 '역대급 혜택' 어디?",Economic
"유티아이, UTG 양산 가시화… 유리기판 사업 확장 기대감 부각",Economic
"[유상증자 모니터] 유일에너테크, 142억 조달 추진…지분 희석 감내",Economic
종전 기대·확전 우려에 3대 지수 혼조 마감 [뉴욕증시],Economic
"""초고속 AI 위한 마지막 퍼즐""…삼성 KODEX 미국AI광통신네트워크 상장",Economic
"LS에코에너지, ‘방산용’ 희토류 금속 연내 양산한다",Economic
"포장재 대란에 소상공인 '시름'…""4월이 더 문제""(종합)",Economic
"삼성물산, '넥스트 리모델링' 본격화…첫 타자 '반포푸르지오'",Economic
"세계국채지수 편입으로 밀려온 80조원, “주식 대신 채권 좀 사볼까?”",Economic
산업생산 5년 8개월 만에 최대 증가…투자도 '활활'(상보),Economic
[친절한 경제] 예비부부 숨 돌리나 했더니…결혼비 다시 2천만 원 돌파,Economic
"갤럭시아머니트리, 전국 세븐일레븐에 쿠팡 실물 기프트카드 공급",Economic
“빚 갚아주다 곳간 비나” 중기 대신 갚은 돈 2639억,Economic
"기아 EV9, 볼보 제쳤다…북미·유럽서 어워즈 '싹쓸이'",Economic
은행 자본비율 소폭 하락…배당 확대·환율 영향,Economic
"우리자산운용, 두산그룹포커스 ETF 상장…원전·로봇·반도체 총망라",Economic
"국내 최초 은현물 ETF 나왔다…하나운용, '1Q 은액티브' 신규 상장",Economic
중동전쟁 한 달…코스피·코스닥서 840조원 증발,Economic
"""차라리 경기도 집 사자""…서울 전세난에 '탈서울' 행렬 [돈앤톡]",Economic
"HMM 본사, 서울에서 부산으로…노조 총파업 예고",Economic
"KB증권 ""SK하이닉스, 중동 불안은 비중 확대 기회…목표가 유지""",Economic
"원·달러 환율, 4.2원 오른 1519.9원 개장",Economic
"원·달러 환율 17년 반만에 1520원 넘겨, 코스피 4% 급락해 5100선 내줘",Economic
"삼성전자, 다음달 2일 '14.6조 규모 자사주' 소각",Economic
"현대기술투자, CB 또 태웠다…적자 '만월경'에 수혈한 배경은",Economic
"한국앤컴퍼니, 김준현 각자대표 선임…전문경영인 체제",Economic
[대교 글로벌 기로]③ 남은 곳들도 줄줄이 손실…해외 전략 '미궁',Economic
금과 원화의 동반 추락…한국이 타격 1순위인 이유 [스프],Economic
"통신·석화 줄고 조선·바이오 늘고…대기업 직원수, 업종별 희비",Economic
'반도체의 힘' 2월 생산·건설 모두 살렸다..역대 최고치 경신,Economic
'악성 미분양' 3만 가구 넘어서…14년 만에 최대,Economic
"하나증권 ""크래프톤, PUBG 트래픽 반등…구조적 성장기 진입""",Economic
"포스코이앤씨, ‘더샵 관저아르테’ 4월 분양 예정",Economic
서울 광진구 한강벨트 새 단지 ‘광진 벨라듀’ 공급 중,Economic
청약 가점 만점도 탈락? 차라리 선착순 분양으로… ‘엘리프 한신더휴 수원’ 분양중,Economic
“합의 안되면 이란 모든 유정 초토화”…국제유가 100달러 돌파 ‘초비상’,Economic
"사재기 조짐에 진화 나선 정부 ""쓰레기봉투 부족하면 일반 봉투도 허용""",Economic
이란전쟁 한달 만에 시총 840조원 증발…코스피 '12% 폭락',Economic
"리서치알음 ""한국주강, 동전주 퇴출이 재평가 기회…목표가 3500원""",Economic
"LS에코에너지, 연내 '방산용' 희토류 금속 양산 나선다",Economic
'악성 미분양' 3만가구 넘었다…14년 만에 최대치,Economic
"삼성전자, 자사주 14조5800억 규모 소각 결정…“주주가치 제고”",Economic
"한국證 “롯데쇼핑, 내수 회복·외국인 매출 증가에 성장 기대…목표가 12만원”",Economic
"“SK가스, 원자재 공급망 불안…1분기 영업익, 전망치 상회”",Economic
"유안타證 ""종근당, 심방세동 치료제 'CKD-510' 가치 반영…목표가↑""",Economic
"제주항공, 1~2월 수송객수 'LCC 1위'…회복탄력성 입증",Economic
"삼성물산, 반포푸르지오 리모델링 우선협 선정…래미안 재탄생",Economic
"셀트리온, '옴리클로' 브라질 출시 행사 개최…중남미 시장 공략 본격화",Economic
"반도체 28% 급증…2월 산업생산 2.5%↑, 5년8개월만에 최대폭(종합)",Economic
AI 시대 '원천 IP' 가치 재조명…'PLUS 글로벌저작권핵심기업액티브' 상장,Economic
"지난해 국내은행 BIS 자본비율, 배당 확대·고환율에 소폭 하락",Economic
삼성운용 ‘KODEX 미국AI광통신네트워크’ 신규 상장,Economic
"리벨리온, 6400억 규모 프리IPO 성공…기업가치 3.4조",Economic
‘악성 미분양’ 3만 가구 넘어…14년 만 최대,Economic
[단독] 지난해 서울 아파트 '이상거래' 2배 늘었다...절반은 '편법 증여',Economic
대기업 직원 1년새 5000명↓…통신·유통·석화 구조조정 주도,Economic
산업장관 “기름값 꼼수 인상 ‘무관용’…상황 악화시 차량 5부제보다 더한 조치 가능”,Economic
17년만에 천정뚫린 환율…외인 순매도·고유가가 관건 [오늘 나온 보고서],Economic
“위스키 마실 건데 얼음 좀 만들어줘”…더 똑똑해진 삼성 가전,Economic
"""소문이 사실?"" 美 국방장관, 전쟁 전 방산주 선행매매 의혹",Economic
"“하이닉스, 오늘이 바겐세일 기회”…목표가 170만원 부른 이유가 [오늘 나온 보고서]",Economic
"""비에이치, 폴더블 아이폰 출시로 실적 성장 기대…목표가↑""-KB",Economic
"[아침밥] 유안타증권 ""종근당 심방세동 신약으로 중장기 성장 기대""",Economic
"“반도체·자동차도 생산 차질”… 중동 전쟁, 제조업 전방위 강타 우려",Economic
"한화, 美 차세대 군수함 개발 참여…‘마스가’ 이후 처음",Economic
대형원전 2기 ‘울주-영덕’·SMR은 ‘기장-경주’ 유치 신청…6월 말께 최종 선정,Economic
‘악성 미분양’ 14년 만에 3만채 넘어…86% 지방에,Economic
"""LG에너지솔루션, ESS가 전사 증익 견인""-신영",Economic
후티 참전에 국제유가 100달러 돌파…국내 휘발유 1900원 눈앞,Economic
"삼성전자, 14조5000억 규모 자사주 소각 결정…“주주가치 제고 목적”",Economic
"삼성전자, 14조원어치 자사주 소각",Economic
"""지금 나가면 집 못 구한다""…세입자 '발동동'",Economic
"거래대금 식고 예탁금 빠지고…코스피, 버블 경고한 ‘민스키 모델’ 따라가나",Economic
"KB證 “SK하이닉스, 중동·터보퀀트 불안에도 이익 성장 이어질 것…비중확대 기회""",Economic
"삼성전자, 14조 5,806억원 규모 자사주 소각 결정",Economic
"롯데, '질적 성장' 가속…친환경 에너지·AI·바이오 성장 기반 강화",Economic
"DS투자 ""미국발 LNG선 수요 급증에 보냉제 기업 실적개선 기대""",Economic
"“전쟁 한방에 840조 증발, 이게 끝이 아닐수도”…삼전닉스 시총은 372조↓",Economic
"2월 서울 아파트 전세 거래량, 6년 10개월 만에 최저",Economic
"“SK텔레콤, 배당금 정상화 기대감 탄력적 반등 기대”",Economic
“삼전 팔고 ‘이것’ 샀다”…코스피서 30조 던진 외국인이 ‘우르르’ 몰려간 4종목,Economic
"키움證 “우신시스템, 자동화 부문 실적 부진… 목표가 하향”",Economic
국가 AI데이터센터 중심…‘첨단3지구’ 대한민국 AI수도 부각,Economic
"골드만삭스 ""비트코인, 저점 근접""…거래량 회복 시 반등 신호",Economic
"[굿모닝경제] 국중박 유료화? / 절반 이상이 모바일로 카드 결제 / 결혼식, 식대·대관료가 비싸",Economic
"국세청, 임대업자 세무조사 착수",Economic
산업장관 “5부제 더한 조치도 가능…나프타 플랜 A·B·C 준비”,Economic
"""삼양식품, 1분기 영업익 기대치 웃돌듯""-키움",Economic
"반도체 생산, 38년 만에 최대 증가…생산·투자↑, 소비는 제자리(2보)",Economic
"삼성전자, 작년 취득한 14조5806억원 규모 자사주 내달 2일 소각 시행",Economic
"“여기도 전세 없대, 이 돈으로 하남 사자” 서울 전세 거래 7년 만 최저[부동산360]",Economic
"5대 금융지주·은행권, 중동 위기에 피해기업 53조+α 푼다",Economic
"“60년 공식 깨졌다”…코웨이, 시몬스·에이스 제치고 침대 1위",Economic
한국 탈출 아니다?…삼전닉스·현기차 32조 던진 외국인 속내 [분석+],Economic
"""롯데쇼핑, 1분기 어닝서프라이즈 전망…목표가↑""-한투",Economic
"유안타증권 ""종근당, 심방세동 신약 기대…목표가 상향""",Economic
"""앱도 안 켠다""…전쟁 장기화 조짐에 개미들 투자심리 '냉각'",Economic
두나무 “네이버파이낸셜 합병 직후 IPO 직행…반대매수 자금 충분”,Economic
"다올證 “LG이노텍, 기판 성장 감안하면 여전히 저평가 구간…목표가 13%↑”",Economic
‘춘래불사춘’ 중기 덮친 중동전쟁…유가·환율·물류비 ‘잔인한 4월’[중기+],Economic
"삼성전자, AI 가전에 '업그레이드' 빅스비 적용",Economic
"셀트리온, 브라질서 ‘옴리클로’ 론칭…중남미 공략 박차",Economic
"[아침밥] 키움증권 ""삼양식품 라면·원화 약세 통한 실적 개선 기대""",Economic
[어제장 오늘장] D램 가격 하락 조짐에 AI칩 쇼크…반도체주 향방은?,Economic
"마이크론 10% 폭락 ‘17만전자’ 위협…삼성전자, 14조 규모 자사주 소각 [이런국장 저런주식]",Economic
美 반도체 충격에…프리마켓서 '16만전자·82만닉스' 추락,Economic
"Today's Pick : ""없어서 못 판다""…방산 터진 RFHIC, 다음은 '반도체 쇼티지' [마켓PRO]",Economic
"한국타이어, 유럽 車 전문지 타이어 테스트서 최상위 성적 거둬",Economic
"헥토파이낸셜, 日 모리페이와 관광객 선불 결제 사업 진출",Economic
"삼성증권 ""OCI, 전 사업부 실적 동반 회복 기대…목표가 13만원""",Economic
"삼성證 ""OCI, 전 사업부 실적 동반 회복 기대""",Economic
"삼천당제약, 美세마글루타이드 ‘15조 매출’ 직접 제품 공급 계약",Economic
"[기업이슈] 이란, 주요 알루미늄 생산 시설 공격…알루미늄주 강세",Economic
"KB증권 ""비에이치, 폴더블 아이폰 출시 수혜…목표가↑""",Economic
“4월 증시 변동성 완화될 것…V자형 반등은 제한적”,Economic
"중동발 3高 리스크에 건전성 빨간불…금감원, 내달 은행권 '스트레스 테스트'",Economic
"미·이란 협상 기대에도 확전 공포…뉴욕증시, 다우 강보합·나스닥 하락",Economic
파월 금리 유지 발언에 가상자산 시장 소폭 상승...비트코인 6만6600달러,Economic
한화 '마스가' 첫 수주 성공…美 차세대 군수지원함 설계 참여,Economic
"“백화점이 살렸다”…롯데쇼핑, 1분기 ‘깜짝 실적’ 전망에 목표가↑",Economic
"‘영끌족’ 큰일났다...고액 주담대, ‘이자 폭탄’",Economic
"[오늘의 증시]유가급등에 美반도체 급락까지…코스피, 연이틀 급락 우려",Economic
"삼성전자, AI 가전에 '빅스비' 업그레이드…더 똑똑해졌다",Economic
'팔수록 손해' 서울 식당들의 비명… 1년 새 매출 ‘389억’ 증발,Economic
"모티브링크, 2700억 규모 현대모비스 'SX3' 플랫폼 수주",Economic
"""코스피 조정은 반도체 쏠림 완화...다음 주자는 원자력·바이오·금융""",Economic
'반도체 급등' 2월 산업 생산 2.5%↑…5년 8개월 만에 최대(상보),Economic
삼성·현대차·네이버 만나는 마크롱…'AI·원전' 빅딜 있을까,Economic
"네타냐후 ""전쟁 절반 이상 달성···이란 내부서 붕괴할 것""",Economic
"한화, 필리조선소 인수 후 첫 美 해군사업 수주",Economic
[단독]내년 최저임금 심의 시동…공익위원에 박귀천 이화여대 교수 제청,Economic
“위기일수록 뭉친다”…동국제강그룹 32년 연속 ‘무파업’ 대기록,Economic
"테슬라 넘은 BYD, 점유율·수익성 동반 추락…성장통인가 무리한 확장인가",Economic
"중동 확전이냐, 종전이냐…프리마켓은 2% 넘게 ‘뚝’ [이런국장 저런주식]",Economic
"터보퀀트 노이즈 잔존…美 반도체 급락에 SK하닉, 프리마켓서 5%대↓",Economic
보장성 상품판매 증가에...보험사 해약준비금 40%↑,Economic
중동 전쟁 한 달 만에 시총 840조 원 증발…'삼전닉스'만 372조 원↓,Economic
"OCI홀딩스, 미국 내 생산능력 확대…목표가 24.5만-삼성",Economic
"모티브링크, 현대모비스 차세대 전동화 플랫폼 프로젝트 수주",Economic
"LS전선, 작년 사상 최대 실적…AI·전력망 투자 수혜",Economic
"신한투자증권 ""한화엔진, 구조적 성장 진입…목표가 상향""",Economic
"스몰인사이트 ""아이엘, 피지컬AI 빅테크로 체급 전환""",Economic
"휘발윳값 2000원 눈앞…김정관 산업장관 ""불법 주유소 무관용 대응""",Economic
"[클릭 e종목]""OCI, 전 사업부 동반 회복 기대감…목표가 13만원""",Economic
"모티브링크, 현대모비스 ‘SX3’ 플랫폼 2700억 대규모 수주",Economic
"에코프로에이치엔, 대만 LNG발전소 선택적 촉매환원 설비 공급 계약…239억원 규모",Economic
"""반도체·유가 쇼크""…코스피, 오늘도 하락 출발 불가피 [오늘장 미리보기]",Economic
"엠투아이, ‘MX On’으로 사명 변경…“AI 자율제조 시대 선도 의지”",Economic
탈퇴 후에도 날아온 쿠팡 문자…개인정보 관리 논란 확산,Economic
대기업 임직원 1년새 5000명 구조조정…통신·석화 줄고 조선·방산 늘어,Economic
"[굿모닝 마켓] 뉴욕 증시, 뒤엉킨 종전 기대와 확전 우려…혼조 마감",Economic
"""다 올랐다"" 현장 아우성…건설·항공까지 덮친 '중동 쇼크'",Economic
"[굿모닝 증시]유가·환율 급등…코스피, 하락 출발 전망",Economic
"산업장관 ""중동 상황 악화시 차량 5부제보다 더한 조치 가능""",Economic
"SK네트웍스, 업스테이지에 500억 추가 투자…지분 12.9% 유지",Economic
"지놈앤컴퍼니 이중항체 ADC, 새 성장동력 기대되는 이유",Economic
탈퇴했는데도 문자 온 쿠팡…개인정보 관리 논란 확산,Economic
"SMR선박, '무탄소 게임체인저' 부상…기술 경쟁도 격화",Economic
유가 폭등에 항공권값 뛴다…해외 노선도 속속 사라져,Economic
천장 뚫린 원·달러 환율…전쟁 길어지면 더 갈수도,Economic
[마켓뷰] 이란발 위기 속 반도체까지 흔들…'사면초가' 韓증시,Economic
"하나證 “크래프톤, PUBG 구조적 성장기로 다시 진입…매수 적기”",Economic
탈퇴했는데 또 문자?…쿠팡 이용권 안내 논란,Economic
"[클릭 e종목]""삼성E&A, 삼성전자 반도체 투자 수혜""",Economic
"브렌트유, 장중 116달러...사상 최고 월간 상승 전망 [글로벌 머니플로우]",Economic
"美 증시, 종전 기대와 확전 우려 뒤엉켜 [굿모닝 글로벌 이슈]",Economic
WTI 100달러 돌파 마감…후티 참전에 국제유가 상승세 지속,Economic
“美·이란 전쟁 후 금은 새로운 크립토…비트코인과 비슷”,Economic
"[아침밥]KB증권 ""SK하이닉스 목표가 170만, 중동 불안=매수 기회""",Economic
"삼성전자, 8700만주 자사주 소각 완료…14.6조원 규모",Economic
금감원장 콕 찍은 '고위험' 사업자대출 많은 하나·농협은행 점검,Economic
기름값 뛰고 물가 올라도 백화점에선 지갑 열렸다…봄세일 매출 30% '껑충',Economic
"안전자산 위상 ‘흔들’…금값, 전쟁 이후 9.6% 급락",Economic
"지난달 반도체 생산 28% 급증, 全산업생산 2.5%↑..중동전쟁 발발 전 성적표",Economic
"뉴욕증시, 확전 우려에 혼조 마감…반도체지수 4%↓[뉴스새벽배송]",Economic
팔공산 벚꽃길 따라…장어 맛집 '대부장어' 주목,Economic
[3분증시] 뒤엉킨 종전 기대와 확전 우려…뉴욕증시 혼조 마감,Economic
"지주회사, 저PBR 역습 시작…""PBR·ROE·최대주주 나이 함께 봐야""",Economic
마이크론 주가 또 10% 급락…터보퀀트 충격 지속,Economic
"LG이노텍, 기판 성장 가속화…목표가 13%↑-다올",Economic
"中공급업체들, 유가 급등에 “美소비자 가격 인상 불가피”",Economic
"치솟은 환율·유가 '비상'…이 대통령 ""잠이 안 와, 상황 심각""",Economic
[애프터마켓 리뷰] 중동 불안에 국내 신재생에너지 관련주 동반 강세,Economic
[뉴욕증시] 트럼프 '초토화' 경고에…WTI 100달러 돌파,Economic
중동전쟁 한달 만에…韓 증시 시가총액 840조원 증발,Economic
"""원료 없으면 끝""…정유 차질에 석화공장 연쇄 '셧다운'",Economic
"""건설업 투자 패러다임 전환…글로벌 에너지 수주로 봐야""",Economic
"""2028년까지 두다리 뻗고 자겠네"" 하반기 삼성전자 등 대형수주 기대…RFHIC 목표가↑[클릭 e종목]",Economic
"OCI, 반도체 업황 회복·유가 상승 반사이익에 실적 회복 기대…목표가 13만-삼성",Economic
"비에이치, 폴더블 아이폰 출시 기대 여전…목표가↑-KB",Economic
전쟁에도 뛴 이차전지 ETF…“테슬라 등 ESS 수요 확대” [투자360],Economic
"美국무 ""나토, 전쟁 후 재검토""…미국-유럽 안보 균열 신호",Economic
"K-배터리, 글로벌 ESS 시장 재공략 나섰다",Economic
"크래프톤, PUBG 반등에 실적 성장 재개 기대-하나",Economic
"""당분간 금리 유지"" 파월 한마디에…비트코인·이더리움 등 일제 상승",Economic
"중동 대신 러시아에서 긴급 수혈…LG화학, 나프타 첫 대체 공급 뚫었다.",Economic
"""170만닉스 간다""…이란전쟁·터보퀀트 쇼크는 매수 기회",Economic
"“부동산 편법·불법에 칼 겨눈다”, 시장 질서 확립·정상화 ‘천명’",Economic
"2년새 25조→87조…코인 투자자들 ""해외로""",Economic
"""삼성E&A, 중동 리스크에도 성장성 유효…업종 '최선호주' 유지""-KB",Economic
‘협상 vs 확전’ 이란전쟁 줄다리기…뉴욕증시 혼조 마감 [투자360],Economic
은행 주담대 고정금리 7% 넘어…영끌족 비명,Economic
"대한조선, 에너지 수급 불확실성 속 핵심 수혜주…'매수'-유안타",Economic
"삼전·SK하닉 시총 한 달간 372兆 증발…중동전쟁 여파, 840조 ‘뚝’",Economic
"""ETF 투자 성공 비법은 '이것'…올해 키워드는 ○○○○""",Economic
환율 1520원 넘어…금융위기 이후 처음,Economic
삼겹살·치킨값 다 뛴다…중동발 쇼크에 밥상물가 '초비상' [중동발 나비효과①],Economic
삼전·닉스는 추락하고 있는데…증권사 87% 목표가 줄줄이 올리는 이유,Economic
'신약 찍어내는 AI'에 릴리 3.7조 베팅한 이유,Economic
"집에만 있던 60대 남편 ""여보! 나 은행 재취업""...눈물의 출근, 성과 1등",Economic
[마켓 프리뷰] 외인 매도세 받아낸 개인·기관…급락 속 하단 방어,Economic
협상 불확실에 혼조 마감…'터보퀀트 쇼크' 마이크론 10%↓ [뉴욕증시 브리핑],Economic
"""150조 국민성장펀드…중소형 M&A 장 열린다""",Economic
'삼전닉스' 고점서 20% 하락에도…증권가 실적전망 상향 이유는,Economic
"삼성전자 이어 SK하이닉스 정조준…美, K반도체 '특허침해' 트집",Economic
삼성전자 1분기 D램 영업이익만 33조…메모리 40조 시대 열린다,Economic
산업부 장관-한국노총 20년 만에 면담…“위기 앞 노사갈등 휴전” 제안,Economic
"""하루아침에 월이자 70만원 더 낼판""...7%대 뚫은 주담대, 피마르는 가장들",Economic
다주택자 양도세 중과 한달앞으로…늦어도 4월 말 전에 토지거래허가 신청해야,Economic
"에스티젠바이오, CMO 타고 효자 계열사로…동아쏘시오 내 실적 존재감↑",Economic
KF-21 양산 이어 인니 '첫 수출' 임박…UAE·태국 등 추가 수출 교두보,Economic
중동전쟁 한달 만에 시총 840조원 증발…'삼전닉스'만 372조원↓,Economic
바이오가 이끄는 코스닥…시가총액 상위권 ‘지각변동’,Economic
"HLB 담관암 신약, FDA 패스트트랙 올라",Economic
4대 은행 '깡통 대출' 4조원 눈 앞…환율 오락가락에 건전성 '비상',Economic
양도세 중과 유예 5월 9일 종료…토지거래허가 ‘4월 말’이 마지노선,Economic
"LG화학, 전자소재 매출 2030년 2조 목표…AI·반도체 소재로 체질 전환",Economic
"""코인 약세장 막바지""…`세계최대 이더리움 큰손` 비트마인, 올 들어 최대 매수",Economic
[거버넌스워치] 원일홀딩스 지주 전환 후 첫 영업적자…진원지 신사업,Economic
"미 재무부, 2조달러 사모대출 시장 점검 나선다…보험 규제당국과 회의",Economic
TSMC 28년 물량까지 완판…삼성전자 파운드리 '유일한 대안' 러브콜,Economic
"개미 증시 베팅 강해지는데…증권가 ""보수적으로 봐야""",Economic
[정비사업 현장을 가다-명일동] 학군에 교통·일자리 ‘트리플 코어’로 둔촌동과 쌍두마차 기대,Economic
"이차전지 ETF, 증시 파란불 뚫고 반등…ESS 모멘텀 수혜",Economic
환율 1520 찍고 코스피는 5200대로 하락…전황에 흔들리는 韓금융시장 [한강로 경제브리핑],Economic
"""아 옛날이여"".. 기피 부서된 세무서 '법인세과' 말말말 [지금 국세청은]",Economic
"삼성전자, 1분기 영업익 40조 눈 앞…D램값 10배 뛰고 HBM도 불티",Economic
“누구 말이 맞나요”…엇박자 커지는 서울 집값 통계,Economic
"""억울한 보험소비자 구하라""…법원 판결도 다시 들여다보는 금감원",Economic
"""품절되기 전에 몽땅 쟁여두자""…마트 갔다가 깜짝 놀랐다",Economic
[투자노트] 리스크 부각된 ‘그림자 금융’… 증권·보험株 영향은,Economic
"원자재 값 상승에 환율까지…치킨업계, 가격 인상설 '솔솔'",Economic
"""또 떨어지냐"" 외국인, '삼전·닉스' 얼마나 팔았길래…떨고 있는 개미들",Economic
외국인 몰리는 '핫플'인줄만 알았는데…오피스 거래 300% 폭증한 성수,Economic
중동 확전 우려에 귀금속 가격 요동…금값 어디로,Economic
[스타트 브리핑] 일상 덮친 전방위적 '워플레이션'...가릴 것 없이 다 오른다,Economic
'이러다 유령 나올라'…불꺼진 새 아파트 수두룩,Economic
[산업 리그테이블]②하이닉스가 다한 SK…수익성 양극화도 '역대급',Economic
"삼성 36.5조 SK하닉 31.1조, 1Q 실적 눈앞…'터보퀀트' 우려 날릴까",Economic
"이 대통령의 SNS '부동산' 메시지, 기대와 우려가 교차하는 이유 [전강수의 경세제민]",Economic
공시지가로 증여세 5700만원 냈는데…법원 “시가 기준 7000만원 더 내라”,Economic
대주주 지분 제한에 '발목'…두나무-네이버 '빅딜' 일정 3개월 연기,Economic
나프타 러시아 공급처 뚫었다…첫 대체선 발굴 속 지속은 의문,Economic
"'월가 거물' 픽에 50% 폭등...""10배는 오를 것""",Economic
"""3천억 상속세에 멈춘 33년 가업""…청호나이스, 사모펀드行 갈림길",Economic
전세금 굴리고 월세 신고는 누락…임대사업 15곳 세무조사,Economic
"""지금 주워 담아라""…주저앉은 코스피에 증권가 '반전 진단' [분석+]",Economic
"'6.6억→7.7억'…미아동 아파트, 한 달 만에 1억 뛴 이유 [돈앤톡]",Economic
분양가가 오르는데 집값이 떨어질까요? [더 머니이스트-심형석의 부동산 정석],Economic
프라이팬·냄비·비닐·옷까지 도매 물가가 뛴다,Economic
"야오 아문디 전략가 “韓, 低부채가 무기…WGBI 편입이 MSCI 승격 이끌어낼 것”",Economic
"""돌아온 퇴직 은행원, 성과급 무려 3억""...70세 넘은 베테랑도 뛴다",Economic
자고 나면 오르는 기름·재료·용깃값…소상공인 '高高高' 직격탄,Economic
“비트코인 10만달러 돌파할 것”…모건스탠리 코인 ETF 파장,Economic
"롯데시네마·메가박스, 배타적 협상기간 D-데이…연장·장기화 기로",Economic
"""247채 굴리며 세금 회피""‥임대사업자 세무조사",Economic
"""이란 전쟁에 페인트값 55%↑""⋯건설사 또 '비상등'",Economic
"""너도나도 손사래""⋯홈플 익스프레스 매각 조만간 '윤곽'",Economic
"셀트리온, 日 시밀러 공략 강화…성과는 언제쯤",Economic
"""모든 주문 취소·일시 휴업""…中企, 원료 이어 자금도 마른다",Economic
‘터보퀀트 여진?’ 마이크론 10% 폭락 … 삼전·SK하닉 더 버텨야 하나,Economic
홈플러스 회생 핵심 '익스프레스 매각' 마지막 날…인수자 나타날까,Economic
"""목·금 vs 월·화""…전쟁이 낳은 증시 '이상' 패턴",Economic
중동전쟁發 에너지위기에 '가파도 RE100 사업' 다시 조명,Economic
마이크론 주가 10% 급락…AI 공급난·이란 전쟁 '이중고',Economic
“반포자이 누른 나홀로아파트”…브랜드·대단지 제친 ‘노 브랜드’의 반격,Economic
퇴직연금 수익률이 무려 40%?…로봇이 사람보다 2배 벌었다,Economic
빨래 개고 달걀 옮기는 게 로봇 끝판왕 조건?…삼성은 독립조직 신설도,Economic
K-ESG 공시 '윤곽'…'코리아 프리미엄' 시동거나,Economic
"고유가·고환율 태풍, 피난처는 게임 조선 방산주",Economic
탄소배출권 혼조에도 조선업 상승…투자 점검 포인트는,Economic
다시 찾아온 '에너지 리얼리즘'…친환경 투자 돌파구는,Economic
"삼성전기, '만년 부품사' 넘어서 'AI·전장'으로 쌍끌이 성장",Economic
"자기주식 소각 의무화 시대, 기업의 자본정책도 달라져야",Economic
“내 노후가 녹았다” 5일간 1700조 빅테크 곡소리,Economic
"직접 운용 무섭고, 원금 보장 아쉽고…로보어드바이저에 몰리는 4050",Economic
"대구 ‘한국관’ 옆에 주상복합을?… 호반그룹, 5년간 방치된 땅 자체 개발",Economic
[비즈톡톡] 렉라자·큐레보·글리아티린…감사보고서가 찍은 제약 ‘빅3’ 주가 변수는,Economic
강남보다 비싸다… 흑석·노량진 신축 아파트 평당 분양가 8000만원,Economic
S&P 3거래일 연속 하락…유가 급등에 지수별 혼조세[뉴욕마감],Economic
"금호석화, 고부가·친환경으로 사업 전환…ROE 개선이 관건",Economic
3월 급락한 증시…4월 ‘반등’일까 ‘버티기’일까,Economic
자사주 소각 의무화에 예외조항으로 응수... 분쟁 불씨 남긴 유통업계 정기 주총,Economic
'패닉 바잉' 겨우 보내니...'노룩 전세' 왔다,Economic
"""삼성전자, 1Q 영업익 43조 전망...메모리 랠리에 실적 확대"" 키움證",Economic
사기꾼이 웃으며 한 말 “더 세게 나가세요”···은행원·경찰이 말려도 의심조차 못했다,Economic
"""18억 낮춰도 안 팔려""…세 부담에 강남 집주인들 '증여'로 선회",Economic
"외국인, 이달에만 코스피 32조 팔았는데…""더 많이 팔 수도""",Economic
중동 리스크 한 달…400조 바라보던 ETF 시장도 쪼그라들었다,Economic
"[단독]송미령 ""사상 첫 '농지 전수조사' 계획…조만간 발표""",Economic
[ETF 업&다운] 국내 '최초' 맞대결…두산 그룹주 vs AI저작권 ETF '출격',Economic
호르무즈 봉쇄 2개월 넘기면…환율 '1500원대' 6개월간 지속,Economic
“나흘째 계좌 안 열고 있습니다”­…전쟁리스크에 코스피도 원화값도 ‘뚝뚝’,Economic
"뉴욕증시, 뒤엉킨 종전 기대와 확전 우려…혼조 마감",Economic
"美 국무장관 ""이란 전쟁 끝나면 나토 재검토""",Economic
"트럼프 변덕, 외국인 변심… 원·달러 환율 17년 만에 1520원대 찍은 이유",Economic
전쟁·유가·기술주 '압박'…파월 관망 선언에도 뉴욕증시 약세[월스트리트in],Economic
스테이블코인법 언제 추진되나…오늘 금융위 입장 주목,Economic
유가 심리적 마지노선 무너졌다…엔비디아ㆍ테슬라 하락,Economic
한산한 1분기 IPO 시장…‘케이뱅크 주관’ NH투자·삼성證 상위권 [시그널],Economic
이란전쟁 한달만에 WTI도 100달러 찍었다…뉴욕증시 혼조 [월가월부],Economic
"[뉴욕증시] 다우지수만 반등…마이크론, 10% 폭락",Economic
"헤지펀드 거물 애크먼 ""우량주 매수 타이밍…약세론 무시하라""",Economic
"윤지호 “공포에 떨지 마라, 코스피 전세계 가장 강하게 반등할 것”",Economic
‘DCM 강자’ NH투자·KB證 상위권 다툼…한투·신한證도 ‘존재감’ [시그널],Economic
"중동 분쟁에 해외 수주 74% 급감…건설사, 북미·동남아로 눈 돌린다",Economic
"AI가 바꾼 M&A 판도…삼일·김앤장 1위 수성, 안진은 회계부문 깜짝 선두[시그널]",Economic
"미국 원유선물 100달러 돌파, 2022년 이후 처음…""추가 상승 리스크""(종합)",Economic
美 클래리티법 이자 지급 논쟁에…직격탄 맞은 '코인베이스',Economic
"삼성물산, 괌 태양광 '투자+시공' 결합…디벨로퍼 전환 속도",Economic
"두산에너빌리티, 2조 사우디 발전사업 수주…EPC '톱티어' 입증",Economic
[속보]기술주 급락·유가 급등에 나스닥·S&P500 하락,Economic
기름값 인상에 군소 정당 왜 한숨 쉴까…‘현수막’이 무서운 봄 [김기자와 만납시다],Economic
“마이크론 9.88% 폭락”…반도체 지수 급락 속 나스닥 0.73%↓,Economic
전 세계 사로잡은 한국 AI 기업… 코트라 ‘광폭 지원’ 빛났다,Economic
"美국무 ""우리는 협상·외교 선호하지만 실패에 대비해야",Economic
‘수도권 6만호 공급’ 1·29대책…“로또분양 막자” 3가지 선택지,Economic
"“월급 400인데 이자만 200”…7% 금리, ‘버티기 한계’ 왔다",Economic
주말만 지나면 증시 급락장… 지붕 뚫린 환율 1520원도 돌파,Economic
자재 대체품도 없다… ‘벼랑끝 K산업’,Economic
"'심장' 갈아끼우고 전력 질주, 밟기도 전에 쏘는 야수의 車",Economic
"개인용 국채, 1% 가산금리에 갈아타기 속출…중도환매 7배 늘었다",Economic
"외인이 ‘방패’, 국민연금은 힘못써…금융그룹 지배구조 도마 위",Economic
26년째 평균의 함정…해결 아닌 관리에 갇힌 소상공인 정책 [더롱뷰],Economic
서러운 2030…'김 대리'가 사라진다 [AI발 고용 충격],Economic
명품이거나 가성비거나…'K'소비에 백화점 웃고 마트 운다,Economic
'조용한 침식'이 시작됐다…개발·서비스업 신입 16% 증발 [AI발 고용 충격],Economic
"이번엔 하이닉스가 타깃…美 ‘특허괴물’ 먹잇감 된 K반도체, 왜",Economic
"""더 센 대출 규제 온다""…제도권에서 밀려나는 취약차주",Economic
길 잃고 산 '금호동' 집 10배 대박…조현아의 남다른 '은행 3시간' 재테크,Economic
"미국 유가, 4년 만에 100달러 돌파…브렌트, 사상 최대 월간 상승률",Economic
"'전쟁 비용 아랍국가들이 치르나'…백악관 ""트럼프, 비용 요청 관심""",Economic
'불붙은 유가' WTI까지 100달러 돌파…후티 참전·홍해 봉쇄 우려,Economic
브렌트유 3월 55% 폭등…역대 최대 월간 상승,Economic
[단독]“5월 발권땐 美왕복 유류할증료 100만원”… “오늘내 비행기티켓 끊어야 싸” 문의 몰려(,Economic
일상 흔드는 ‘워플레이션’… 세탁비-음료컵-인테리어 다 오른다,Economic
韓경제 급소 찌른 ‘오일패닉’… 제조업 멈추고 포장재도 말라가,Economic
"""보증금 올리고, 월세 얹어서 더 살래요""... 본격화한 전월세난",Economic
[단독] 837억→1300억 공사비 폭탄에… 방이동 공공개발 5년째 '공터',Economic
"백악관 ""트럼프, 아랍국에 이란전쟁 비용 요청 꽤 관심있을 것""",Economic
"기준금리 인상 선 그은 파월…""이란전쟁 경제영향 더 지켜볼 것""",Economic
"트럼프 ""협상 불발시 이란 발전소·하르그섬 초토화해 끝낼 것""",Economic
씁쓸한 '미장' 달콤한 'RIA'...서학개미 국장 복귀 당기나,Economic
LNG선 수주로… '중동 불안' 넘는 K조선,Economic
"""공포의 월요일, 내 계좌 녹는다""...주말마다 악재→폭락 '비명'",Economic
'삼전+닉스' 1분기 영업익 70조 육박… 'D램' 실적파티,Economic
경윳값 급등에도 '최대 183원' 유가연동보조금 한도 풀린다,Economic
자잿값 뛰고 공급난 조짐… 건설현장 '4월 위기설' 번진다,Economic
수술실 '3분 대기조'… 일당백 보조로봇,Economic
美 관세 파고 뛰어넘은 韓 타이어 3사…올해 역대급 실적 예고,Economic
대왕고래 프로젝트에 자원 메이저가 뛰어드는 이유,Economic
"학생 줄어도 더 받고, 중산층 노인도 다 받고… ""더이상 없도록""",Economic
미 걸프 연안 LNG 설비 가동…가스 공급 차질 숨통 트일까,Economic
"트럼프의 사모대출 위기 해법은 ""연기금 투입""…규제 완화 첫 삽",Economic
"알루미늄 가격, 4년여 만에 최고 수준…중동 제련소 공격 여파",Economic
"'전쟁도 버거운데'…트럼프, 이번주 소송·예산 등 정치적 부담 산적",Economic
중동발 경제 한파를 극복하려면,Economic
"파월, 인내에 방점…""에너지 공급 충격, 대개 단기에 끝나""",Economic
"트럼프 ""이란과 곧 합의 안 되면 하르그섬 파괴""…유가 또 급등",Economic
페인트·단열재에 레미콘까지…중동 전쟁이 부른 공사비 폭탄,Economic
"대형 원전 2기는 울주·영덕, SMR은 경주·기장 유치 신청",Economic
“홍해도 막힐라” 정유업계 또다시 비명,Economic
‘국평 이하’ 작은 집 몰리는 서울 청약 수요,Economic
독불장군 머스크에 지쳤나… xAI 공동창업자 11명 모두 짐쌌다,Economic
‘샤힌’ 매달리는 에쓰오일… 울산 석화 구조조정 쳇바퀴,Economic
“하이닉스보다 더 준다” 제안도 뿌리친 삼성 노조,Economic
"美 국무장관 ""우리는 협상선호…지상군 투입은 실패 대비용""",Economic
"美사모대출 흔들리는데…트럼프 행정부, 퇴직연금 문호 개방",Economic
"“반도체 상승장, 실제 기업 이익과 기초 체력이 뒷받침”",Economic
“상승장에서 탐욕은 더 위험… 지금은 방어운전하듯 투자해야”,Economic
"“한국 증시, 기업 이익 감안하면 금융위기 수준 저평가”",Economic
‘이사회 의장’을 보면 4대 그룹 스타일이 보인다,Economic
"美의회, 정부내 中로봇 사용 금지 법안 발의… “한국엔 기회”",Economic
‘입맛’ 잃은 미국인들… 비만치료제가 美소비 지형 바꿨다,Economic
[애널리스트의 마켓뷰]중동전쟁에 따른 유종별 차별화에 주목해야,Economic
"""김치찌개 3천원에 먹으려면 여기""…고물가 시대 '거지맵' 떴다",Economic
아파트 200채 굴리며 임대수익 8억 숨기고 세금 혜택 챙겨… 세무조사 철퇴,Economic
데이터센터 개발·리츠 상장 보류… 부동산 금융시장 중동전쟁 유탄,Economic
외국업체에 KRX금시장 개방… 국내 제련업계 “역차별” 반발,Economic
석유화학 일단 숨통 텄다… 러시아산 나프타 2.7만t 확보,Economic
30년 현장 누빈 KT맨의 귀환… 임원 최대 30% 축소 ‘조직 슬림화’ 예고,Economic
"하이브리드차, 친환경 맞나… 차량 5부제가 또 불붙인 논쟁",Economic
사라지는 집앞 은행… 디지털 약자 어쩌나,Economic
‘석유에 지쳤다’…태양광·풍력 신재생에너지株 주가 급등 [마켓시그널],Economic
"포탄 떨어진 건 중동인데, 한국 CDS 프리미엄이 올랐다",Economic
공모가 깨진 케이뱅크…IPO '완주'로 최우형 웃었지만 주가는 울상,Economic
엔비디아 PER 19.6배…2019년 이후 최저,Economic
"트럼프, 궤멸적타격 경고로 막판압박…일방적 종전선포 가능성도",Economic
[뉴욕증시]개장 전 트럼프 SNS에 상승 출발…브렌트유 115달러 돌파,Economic
"뉴욕증시, 저가 매수에 상승 출발",Economic
"'강남3구·한강벨트' 등 다주택 임대업자 15곳 세무조사...""탈세혐의 지속 검증""",Economic
서울 기름값 2천 원 코앞...'기습 인상' 주유소 단속,Economic
'우회로' 홍해도 막히나...원유 수송·수출길 '비상',Economic
중동발 원료난에 ‘러시아산’ 나프타 2.7만t 도착… LG화학 대산단지행,Economic
"“아들, 군대 가면 안 될까?”...자녀 유학보냈다가 ‘환율’ 때문에 한숨 나오는 부모님들",Economic
"트럼프, 핵시설 장악 軍투입 만지작…이란 “상어 먹잇감 될 것”",Economic
"사우디아람코, 5월 선적분 역대급 폭등…아시아 정유사 '비상'",Economic
워플레이션 현실화 [뉴스A CITY LIVE],Economic
일주일 새 20%↑…비닐값 급등에 농민 ‘울상’,Economic
우선주 11.5% 배당에 ‘돈가뭄’…스트래티지 1년 만에 비트코인 매입 중단,Economic
“치킨값 지금도 3만원인데” 또 오르겠네...닭고기 공급가 줄인상에 ‘비상’,Economic
"골드만삭스 ""비트코인 저점 근접…3개월 후 반등 가능성""",Economic
정부 “울산 비축유 90만 배럴 북한 유입? 가짜뉴스… 엄정 대응”,Economic
"‘폐기’ 음료 3잔 가져간 카페 알바, “횡령”이라며 고소한 점주···송치 놓고 ‘시끌’",Economic
"""치킨값 3만원 가나""…닭고기 급등에 외식물가 '비상'",Economic
[따져보니] IMF급 환율 상승…주담대 금리 상승 어디까지?,Economic
"트럼프 ""이란, 즉각 합의 안 하면 모든 발전소와 하르그섬 파괴""",Economic
"호르무즈 이어 홍해도 봉쇄 위기···UAE 푸자이라항·오만, 각국 원유 대체 수입지로",Economic
"""출발 코앞인데 취소 통보""…기름값 폭등에 항공편 줄줄이 '스톱'",Economic
강남아파트 등 247채 굴리며 탈세한 임대업자,Economic
정유사 재고 15일 남았다…원유 '우회로'도 차단 위기,Economic
유가 상승이 부른 ‘코스피 거품론’,Economic
"트럼프 ""이란과 곧 합의안되면 하르그섬·발전소 폭파하고 끝낼것""",Economic
신뢰 잃고 코스닥 대장주 내준 알테오젠,Economic
성동·동작까지 꺾였다…한강벨트 운명은? [감평사의 부동산 현장진단],Economic
"TKG태광, TKG애강 잔여지분 공개매수…상폐목적[시그널]",Economic
"'1인분 배달' 경쟁⋯""혜택 축소"" vs ""눈치 보기""",Economic
"[앵커 브리핑] 불안한 증시, ‘체질 개선’ 가능성은?",Economic
보유세 인상 현실화할까…진성준 “7월 개편 가능성 상당하다”,Economic
중동 긴장 고조에 고유가·고환율·증시하락 장기화…외국인 8일째 '팔자',Economic
"MZ들 소맥 대신 하이볼 마신다더니…""술 안 마셔요"" 돌변 [트렌드+]",Economic
세금 혜택 보고 돌아왔더니…-12% 개미 '비명',Economic
"""트럼프 '협상' 주장 못믿어""…브렌트유 한 때 배럴당 116달러",Economic
"""1명이 아파트 247채 굴리며 세금은 회피""‥임대사업자 15곳 전격 세무조사",Economic
"""월요일만 되면 악재가 한 번에""‥3월 증시에서 증발한 시가총액 687조 원",Economic
아파트 200여채 굴리며 탈세…임대업자 세무조사,Economic
다주택·임대업자에 칼 뽑았다…2800억 탈루 겨냥 세무조사,Economic
제일 선방한 포스코가 -10% 찍고 찔끔…그룹주 ETF ‘잔인한 3월’,Economic
"대부업으로 시작해 지방銀 주요주주 꿰차…OK, 금융 다크호스로",Economic
홍해·호르무즈 동시봉쇄 위기…韓 수출·공급망 다 막힐라,Economic
삼성 ‘파격보상’ 제시에도 노조 ‘손사래’… 파업 위기감 고조,Economic
"“비교적 저렴했는데”…기름값 급등한 고속도로 알뜰주유소, 왜?",Economic
"""인플레보다 성장둔화 우려""…전세계 국채 수익률 하락 전환",Economic
"[경제톡톡] “건강보험, 은퇴 후 삶의 질 결정한다”",Economic
“매년 세자릿수 신규채용 합니다”…전력 슈퍼사이클 누리는 이 회사,Economic
전쟁 여파에 '돈나무 언니'도 후퇴…메타·엔비디아 등 '대량 매도',Economic
"타이밍 절묘했던 차환…신한서부티엔디, 광화문G타워 리파이낸싱 '안도'",Economic
서울 강남 등 다주택 임대 사업자 15명 세무조사,Economic
‘신의 한 수’가 된 감자… 윤대인 삼천당제약 회장 아들 지분가치 1조원 이상 급등,Economic
"비트코인, 1억원대 횡보…기요사키 “위기=기회” VS 골드만 “바닥권”",Economic
"""한 대당 250만원 더 내야할 판""…중고차 업계 '초비상'",Economic
호르무즈 이어 홍해도 막히나… 유가 폭등·수출길 '초비상',Economic
"오피스·주거타운 동시 대개조… 여의도, 新마천루 시대 열린다",Economic
1520원 넘나든 환율… 조여오는 ‘S의 공포’,Economic
[기획] 홍해·호르무즈 ‘쌍봉쇄’ 임박… 벼랑끝 韓경제,Economic
‘회생 연장’ 홈플러스 ‘운명의 날’…익스프레스 매각 여부에 생사 달려,Economic
포장용기·비닐까지 웃돈 주고 구매…“당장 음식값 올릴 수밖에” [물가 연쇄 쇼크],Economic
"LG화학 ""2030년 반도체·전장소재 매출 2배로""",Economic
"[집중진단] 트럼프 ""이란 석유 갖고 싶어""…지상전 확전 시, 유가200달러 직행",Economic
유가 상승→금리 인상?…간단치 않은 셈법,Economic
"[주간증시전망] 외국인 2조 던지고 탈출, 개인이 매수로 코스피 5200선 사수",Economic
'나프타' 숨통 텄다…오늘 러시아산 2만7000t 들어온다,Economic
"코스피, 중동 긴장에 3% 가까이 하락…환율 1,515원대",Economic
"“햄버거 1000원·백반 4000원?”...‘극가성비’ 식당 찾아 ‘거지맵’ 뒤지는 청년들, 왜 이럴까",Economic
확전 우려에 환율 이번주 1530원 가나 [美·이란 전쟁],Economic
[단독] 상속농지 1년새 급증…‘여의도 45배’ 늘었다,Economic
정부 “종량제봉투 충분… 가격 인상 없다” [美·이란 전쟁],Economic
홍해 봉쇄되면 유럽수출 ‘동맥’ 막혀… 희망봉 우회 땐 운임 폭등 [美·이란 전쟁],Economic
비닐·그릇값 30% 급등… “35년 장사하면서 처음” [美·이란 전쟁],Economic
후티 참전 선언에 산업계 ‘홍해 봉쇄공포’…‘물류 동맥경화’ 현실화 임박,Economic
러시아산 나프타 2.7만톤 오늘 도착…LG화학 대산단지에 투입,Economic
"경쟁사 넘는 포상금 제안도 거절했다…""이기적"" 삼성 노조 향한 비판 목소리",Economic
"""TV 안팔리네…"" 가전 빅2, 공장 덜 돌리고 프리미엄 집중",Economic
"이란전쟁 격화에 코스피 5,200선 후퇴...환율 1,520원 돌파",Economic
"""배달장사 못할 판"" 사장님 비명…포장 용기값 40% 넘게 뛰었다",Economic
대출 더 막힌다… 주담대 규제 강화에 실수요자 ‘비상’,Economic
은퇴 후 천만 원 넘기면 건강보험료 폭탄? [이슈콘서트],Economic
LGD의 고강도 체질개선…고부가로 흑자 더 키운다,Economic
네이버파이낸셜·두나무 합병 주총 8월로 연기…“인허가 승인 위해 노력”,Economic
4월은 잔인한 달?…월급 찔끔 올랐다고 건보료 20만원 더,Economic
자사주 소각 피하는 기업들… '정관' 고쳐 무더기 출구 전략,Economic
삼전 2% 떨어질 때 하이닉스는 5% 하락…“매출 편중도가 하락률 갈라” [마켓시그널],Economic
유가 쇼크·美 규제 '원투펀치'…비트코인 7만 달러 무너졌다,Economic
"호도, 왜곡, 사재기… 넘치는 쓰레기봉투 왜 '품귀 현상' 빚고 있나",Economic
주담대 7% 돌파…대출액 크면 이자 더 낸다,Economic
"LG화학 ""2030년까지 전자소재 매출 2조로 2배 키우겠다""",Economic
"""나프타 반나절치 숨통""…러시아산 확보에도 수급 불안 '여전'",Economic
"""조선·해운은 곧 에너지안보… 자국선 발주 늘려야 강해진다"" [지상대담]",Economic
풍선 부는 헬륨 아냐…반도체 멈출 '8주의 시한폭탄',Economic
"부동산 대책, 다주택자들 ‘고민’…“10명 중 6명, 효과 기대”",Economic
"(주)한화, 고려아연 지분 팔아 한화솔루션 증자 참여하나…지분 매각 추진설",Economic
"""IMF 위기 때와 버금가는 최악의 수준""…환율, 결국 1,520원 넘어",Economic
호르무즈·홍해 사상 첫 ‘이중봉쇄’ 우려…글로벌 에너지 공급망 위기,Economic
"정부, 비축유 활용해 나프타 확보…석유공사·업계 '수급 협의체' 가동",Economic
[네이버·두나무 빅딜] 3개월 연기…공정위 심사 지연 '발목',Economic
[핫클립] 기름값·환율 ‘쌍끌이’ 악재…멈춰 서는 장거리 노선,Economic
"외국인들, 이달 코스피에서만 32조 던졌다…역대 최대",Economic
“정유·화학 추천종목 당분간 전혀 없습니다만”…그래도 산다면 ‘이 종목’,Economic
환율 1520원 돌파…30조 매도한 외국인 언제 돌아오나,Economic
"반값, 적금, 이익공유…초기 부담 낮은 ‘공공분양’, 청약 판도 바꿀까",Economic
마이크론·서클 추격 매수하다 '눈물'…나스닥100·테슬라 순매수[서학픽],Economic
월요일부터 출렁…중동발 불안에 환율 1520원 넘고 코스피 5300선 붕괴,Economic
러시아산 나프타 2.7만톤 오늘 들어온다…LG화학 대산단지 투입,Economic
유가 폭등에 코스피 21일 만에 5300선 붕괴,Economic
증시 변동성 확대에 거래대금↑…증권사 실적 기대감,Economic
"""전쟁충격 예상보다 크지 않아""…역사적 학습효과로 美증시 선방",Economic
한화솔루션 유상증자에 소액주주 탄원서 제출 ‘부글부글’···금융당국도 “리스크 높은 사안”,Economic
주말만 지나면 '검은 월요일'...코스피 3% 가까이 내려,Economic
"터보퀀트가 HBM 호재?… 주가 급락에도 증권가는 ""삼전 매수""",Economic
동남아 차 전쟁… 韓 공급망·中 저가차·日 하이브리드,Economic
"한화오션·HD현대중, 캐나다 사절단 만난다…잠수함 수주전 승기 잡나",Economic
"[투자의 창] 퇴직연금, 글로벌 분산 투자가 답이다",Economic
[연합뉴스 이 시각 헤드라인] - 18:00,Economic
美 '로봇 안보법' 발의…韓기업 수혜 보나,Economic
포탄은 중동에 터졌는데...CDS 프리미엄 韓 더 떨어진 까닭은?,Economic
"""메모리 공급난에 터보퀀트 각광""",Economic
“직장인들만 세금 잘내면 뭐해요”…부촌 임대업자 2800억원 탈루,Economic
"[김지영의 생존투자] 韓, 선진 국채클럽 입성… 75조 유입에 구조적 저평가 해소될까",Economic
"[이슈&트렌드] 미국산·러시아산 원유, 얼마나 대체할 수 있을까",Economic
"외국인, 32조 역대급 '투매'...극도의 위험회피 [마켓톡톡]",Economic
공모주 관심 뜨거운데…눈에 띄는 '대어' 없네,Economic
"반·전 노리는 LG화학…""전자소재 매출 2배로 키울 것""",Economic
"""채권값 더 떨어진다"" … 줄지않는 하락 베팅",Economic
길어지는 이란전쟁에 … 개미도 힘 빠졌나,Economic
"[자막뉴스] 유류할증료만 100만 원? 셧다운 '공포'…""한국 항공 역사상 처음 있는 일""",Economic
잘나가던 그룹ETF … 이란전쟁에 급제동,Economic
"전쟁 한 달 ‘그룹주 ETF 희비’…한화 선방, 현대차·삼성 약세",Economic
국내 증시 주도하는 ‘큰손 개미’는 서울 거주 50대 남성,Economic
"한화솔루션, 유상증자 반발 진화 안간힘… “미래 신기술 선점·재무 건전성 위한 선택”",Economic
재건축에 고덕비즈밸리까지…‘직주근접’ 강동으로 인구 몰려,Economic
"[단독] ‘초저가 수수료’ 메리츠…거래액은 1위, 수익은 하위",Economic
학군·교통·일자리 삼박자…1만여 가구 미니신도시로 탈바꿈 [정비사업 현장을 가다],Economic
[단독] 배민·쿠팡이츠 경쟁자 또 나온다…신한 이어 하나은행도 배달앱 도전,Economic
"D램값 10배 뛰고 HBM도 불티…삼성전자, 메가사이클 타고 ‘퀀텀 점프’",Economic
"""업계 최고 대우"" 제안마저 거부한 삼성전자 노조",Economic
"하루 새 214원 올려...李 ""에너지 문제 잠 안 와”",Economic
"끝 안 보이는 중동전쟁…환율 1,520원 넘고 코스피 5,300 아래로",Economic
다주택자 남은 시간은 2주…'급매냐 버티기냐' 눈치싸움,Economic
"동국제약, 30년 쌓은 DDS 기술력…“장기지속 주사제 연내 기술이전” [바이오리더스클럽]",Economic
"삼성 ""日 중요성 커졌다""…도쿄에 해외 2번째 싱크탱크",Economic
중동 전쟁 한 달…반도체주 '울상'인데 건설주는 원전 덕에 '일단 미소',Economic
미국 기업 담는 신규 ETF 우르르…오는 31일에 나란히 상장,Economic
"""이란 전쟁 언제까지"" 금융시장 '출렁'…환율 급등·증시 급락",Economic
"""2주 후면 레미콘 공급 중단""...건설현장 덮친 '나프타 쇼크'",Economic
'업계 최고 보상'에도 깨졌다…삼성 노사 합의 중단 까닭은?,Economic
[휴온스바이오파마 IPO] ④중국 상륙한 '휴톡스'...매출 저변 확대,Economic
"'역대급 마진, 그림의 떡'…기름값 2천원 문턱에도 속 타는 정유사들",Economic
"중동 확전 현실화…환율 1520원 선도 뚫어, '러·우 전쟁 악몽’ 되살아나",Economic
"대한항공, 부산에 2000억 원 투자해 신규 공장 추진",Economic
"유가·환율 치솟자 亞증시 주르륵…코스피, 심리적 저항선도 위태",Economic
"고유가, 소비 패턴 바꿨다...전기차 판매 신기록",Economic
러시아산 나프타 2.7만톤 오늘 도착…LG화학 대산단지 투입(종합),Economic
애경케미칼 상한가…TPC 최초 양산 기대,Economic
"HMM, 돌연 임시 이사회 개최…'본사 부산 이전' 강행",Economic
"""강남 반값 로또 vs 현실 당첨 가능성""…서초·신길 청약 전략은?",Economic
달러·원 1520원 돌파…금융위기 이후 17년 만(종합2보),Economic
나프타 수급 불안에 脫플라스틱주 들썩,Economic
출구 못 찾는 전쟁…8거래일째 '셀 코리아',Economic
비트코인이냐 금이냐... 이 사람의 입을 주목하라,Economic
IPO ‘단타→장투’ 전환 고삐 죈다…‘코너스톤’ 도입 속도전 [시그널],Economic
"""업계 최고 대우 받는데..."" 반도체-바이오 초유의 동시 파업 위기 닥친 삼성",Economic
유탄 맞은 '보험사 배당',Economic
비상 걸린 '은행 건전성',Economic
"배병주 ""美 제조업 르네상스 정책, 韓 로봇에 기회""",Economic
홈플러스 '운명의 날' D-1…맥 빠진 인수전,Economic
러시아산 나프타 2만7000톤 확보…민관 '원팀' 발빠른 대응,Economic
"""이란 내 원유 장악"" 트럼프 한마디에 코스피 급락 휘청",Economic
"에이비엘바이오, 네옥 바이오에 2,500만달러 지원…""ADC 개발 가속""",Economic
[퇴근길머니] 휘발유 '2천원 시대'...금융권 비상대응TF 발동,Economic
"IMA 효과낸 한국투자증권, 1조 육박 실적으로 독주…하나銀 2위 ‘대약진’ [시그널]",Economic
"외국인 '2조 순매도' 배터리·방산 갈아타…개인, 오늘도 삼전닉스 '매집'",Economic
"석화업계, 나프타 확보 총력전 …'러시아산'까지 수입",Economic
고유가에 항공사 '비상경영'… LCC는 노선 대폭 축소,Economic
"""거위 배 가르나""..국가 명운 걸린 'K반도체' 볼모로 잡은 삼성노조",Economic
코스피 지수 흐름이 ‘민스키 모델’과 비슷?…‘버블 붕괴’ 불안한 개미들,Economic
"“한 달 묶였던 배 움직였다”…中 선박, 호르무즈 ‘탈출’ 재시도",Economic
"환율 1520원 돌파, 금융위기 이후 처음…“불타는 환율에 ‘추경 기름’ 끼얹어” 국힘 비판",Economic
호반 한진칼 지분 추가 인수에도 조원태 '완승',Economic
"""납품 밀리고 공정 늦어진다""…나프타 쇼크에 건설현장 비상",Economic
"[D리포트] ""2,800억 원 탈세""…아파트 200채 가진 임대사업자 등 세무조사 착수",Economic
'나도 고액 주담대?'...내달부터 '이 금액' 넘으면 이자 더 낸다,Economic
러시아 나프타 한국 들어왔다… LG화학 2.7만톤 수입,Economic
"""보험료 1000% 폭등""…호르무즈 막히자 물가 '도미노 쇼크' 온다",Economic
삼성 '꿈의 1나노 공정' 도입한다…빅테크 유치 총력,Economic
"에이비엘바이오, 美 네옥 바이오에 377억 지원…이중항체 ADC 임상 가속",Economic
"사람은 늘 합리적이진 않죠…인간의 탐욕, 사회의 광기가 투기 부채질",Economic
"진성준 ""부동산 보유세, 7월 세제개편 포함 가능성 상당""",Economic
호르무즈 이어 홍해까지 막히나…나프타 수급 위기 장기화,Economic
"산업부 ""러시아산 나프타 2만 7000t 오늘 국내 도착""",Economic
'좋은' 투자 vs '나쁜' 투기…그 미묘한 경계선[커버스토리],Economic
호르무즈·홍해 ‘쌍봉쇄’에 환율 1520원 뚫렸다…체감은 이미 1580원대,Economic
"에이비엘바이오, 美 네옥 바이오에 377억 투자",Economic
“실물경제 방파제” 압박에…은행권 ‘14조 뉴머니’ 풀었다,Economic
“리츠 상장 못하겠는데…” 부동산 금융 시장도 이란전 유탄,Economic
가상자산사업자 대주주 심사기준 구체화…트래블룰도 전면 강화,Economic
기름값·공공요금·대출금리...'노 킹스'에 기름부은 美경제 3중고,Economic
4월부터 ‘고액 주담대’ 문턱 더 높아진다…가산금리 최대 0.25%p↑,Economic
강남만 뚝뚝…외곽 지역이 끌어올리는 서울 집값,Economic
‘공사비 2.1조’ 압구정4구역 삼성물산 단독 참여로 유찰…재입찰 수순 돌입,Economic
'샤워시간 줄여야하나'…호주까지 생산 차질 '초비상',Economic
AI·전력망 수요 확대 수혜 … LS전선 역대 최대 실적 내,Economic
"LG화학, 반도체·전장 매출 2배 키운다",Economic
"""2,800억 탈루""…강남3구·기업형 임대업자 세무조사",Economic
"""비닐 대량 주문 안 받아…플라스틱병도 위태"" 나프타 대란 전방위로",Economic
"홈플러스 익스프레스 인수전…유진그룹 불참, 흥행 '빨간불'",Economic
'90조 단비 빨리 왔으면'…환율 무섭게 오른다,Economic
日금융시장 출렁…닛케이 2.79% 하락·엔달러 160엔 돌파,Economic
고액 주담대 가산금리 ↑… 2.49억 넘으면 최대 0.25%포인트 인상,Economic
"""10만원, 싸서 문제?""...'나프타 불안' 가격 인상도 못 막는 '현수막 공해' [오승혁의 '현장']",Economic
스타필드·아산병원 옆 청라 오피스텔 '관심',Economic
"'호르무즈 리스크' 뚫고 LNG선 릴레이 수주…""발주처 다변화 좋아""",Economic
"수서·가양·번동 노후임대, 6329가구 '분양+임대'로",Economic
'175조' 중동 건설시장 위험…이르면 5월 '셧다운 공포',Economic
첨단소재 전환 선언 LG화학…주총 앞두고 표 대결 예고,Economic
"""역대급 보상안이라는데"" 삼성전자 교섭중단…""반도체 골든타임 놓치나"" 우려",Economic
'건물위 공원' 놓고 엇갈린 서울시·국토부,Economic
"공시지가로 증여세 신고해도 법원 ""시가로 다시 세금 내야""",Economic
"한화솔루션 ""태양광 정상화로 수익성 개선""…유증 통해 재무부담 완화",Economic
다주택 임대업자 세무조사‥2천800억 탈루 의심,Economic
"산업부 ""러시아산 나프타 2.7만톤 오늘 국내 도착""",Economic
"거래소, 3월 폭락장에 ""불법 공매도 발견 안돼""",Economic
정부 압박에 가격 못 올리는데… 닭값 급등에 난감한 치킨 프랜차이즈,Economic
"한화그룹, 홍콩서 고려아연 지분 매각 추진 중... 한화솔루션 유증 자금 마련하나",Economic
"“빅테크들 2나노 중심으로 많이 찾아와”…삼성 파운드리, ASIC 열풍·공급병목에 러브콜 이어진다",Economic
결국 1520원 넘긴 원·달러…금융위기 후 17년만 처음(종합2보),Economic
중동 사태에 치솟는 기름값…에너지공기업 재무구조 개선 난감,Economic
"한화솔루션의 ‘답 없는’ 유상증자…“김동관, 주주에겐 리스크”",Economic
석유 최고가격제 통했다…美日보다 기름값 상승률 낮은 韓,Economic
"""백도어 우려""…'中로봇 철퇴' 나선 미국에 로봇주 '수혜' 전망",Economic
"원·달러 환율, 결국 1520원 넘었다…금융위기 이후 처음",Economic
"한인수 KAIST 교수 “터보퀀트, 모든 AI 모델 적용 가능…확산 빨라질 것”",Economic
"외국인 매도·고유가 겹치며… 환율 1520원 돌파, 천장이 안 보인다",Economic
“금 대신 ‘이것’ 사라”…증권가 콕 찍은 투자처,Economic
"중동발 불안에 환율 1,520원 넘어…금융위기 이후 처음",Economic
“주인 바뀐 뒤 매출 63%↑”…17년차 점주가 짚은 맘스터치의 전환점 [인터뷰],Economic
중동 전쟁에 종량제봉투 판매 네 배로…기후부장관 “만약의 상황 오면 일반 봉투 허용”,Economic
"방미통위원장 ""BTS 넷플릭스 중계, 부정적으로만 볼 일 아냐""",Economic
[투자 노하우] 성과 없는 협상론에 뉴욕증시 또 하락…다우 1.7%↓,Economic
"압구정4구역, 삼성물산 단독 응찰로 유찰…재입찰 수순",Economic
"""송파 세모녀 사건 다시 없도록""…주거급여법 개정안 소위 통과",Economic
"중동發 유가 폭등에 증시 흔들…""이익 보는 눈 더 중요해졌다""",Economic
제2의 말차는 ‘흑임자’? 주목받는 K-흑임자 라테 [식탐],Economic
중동 전쟁 '변동성 장세' 증권사 수익 '날개'…삼성·미래 '2조 클럽' 눈앞,Economic
삼성전자 “업계 최고 특별포상 노조에 제안”…노조는 꿈쩍안해,Economic
난청 신약 개발 나선 뉴라클사이언스…6월 임상 결과에 ‘사활’,Economic
1조 기대했는데 107억…'신용·심사·금리' 자영업 대출 대환 막았다,Economic
"코웨이, 시몬스·에이스 60년 아성 깼다…침대 시장 1위 등극",Economic
중복상장 금지에 PE업계도 멘붕…회수 길 막히고 투심 급랭,Economic
'유니버스' 해체 후 선회한 G마켓·쓱닷컴…경쟁 구도 '제로섬'으로,Economic
삼성도 뛰어든 얼음정수기 시장…두 달여 만에 또 신제품 낸 LG,Economic
[뉴욕증시 전략] M7 5일간 '1700조원' 증발…뉴욕증시 조정장 진입,Economic
"비트코인 '상승 베팅' 폭증…""하락 신호"" 이유가?",Economic
중동 정세·마지막 FOMC 남은 파월…코스피 야간선물 주목,Economic
"새 출발하는 애경산업, 문제는 '중국'과 '스킨 케어'",Economic
"퇴직 은행원 재채용 확산…""조기퇴직 부추겨"" vs ""생산성 제고""",Economic
흑석동 국평 분양가 30억...치솟는 가격에 한숨만 '푹푹',Economic
휘발유 전국 최고가 '2498원' 나흘째↑…서울 경유 1900원 돌파,Economic
"증시 악재 한꺼번에...""월요일만 되면 돈 삭제"" 개미들 공포",Economic
"전쟁에 흔들린 증시, ETF가 변동성 더 키웠다… 코스피 3% 하락",Economic
'경쟁사회 민낯'을 게임으로...배틀그라운드 왜 다시 인기인가,Economic
러시아산 나프타 확보…'2.7만t' 들어온다,Economic
유통·재고·수요따라 가격 달라 혼란 키우는 ‘석유 최고가격제’,Economic
HMM 이사회 ‘부산 이전’ 의결… 9부 능선 넘었다(종합),Economic
[단독] HBM 매출 3배…삼성 영업익 40조 눈앞,Economic
[애프터마켓 브리핑] 전기차 보조금 확대·유가 급등 2차전지 호재,Economic
"삼천당제약, 美 업체와 경구용 비만·당뇨 치료제 독점 계약",Economic
"[단독] ""2년간 조사 1건뿐""...중개 카르텔, 알고도 못 잡았나",Economic
"‘사재기’ 말고 ‘덜 버리기’···비닐·플라스틱 없이 사는 삶, 그래도 불편하지 않다",Economic
양도세 중과 앞두고...서울 아파트 매물 두 달 새 40% 급증,Economic
재무개선 수단으로 ‘자산 재평가’ 확산…저PBR 정책에 속도 더 붙을까,Economic
"HMM, 부산 이전 강행 수순…5월 주총서 최종 결정",Economic
"'2배 수익' 500만원→130억 맡긴 고객도...""지금 투자할 곳"" 영PB들 찍었다",Economic
"고유가·고환율에 짓눌린 증시…증권가 ""반도체주 유효, 항공주는 타격""",Economic
"삼천당제약, 美 ‘경구용 GLP-1’ 독점 계약…“순이익 9:1배분”",Economic
[단독] 프라이팬·냄비까지 소비재 물가도 뛴다,Economic
"""축의금 얼마나""…결혼 식대 '코스식' 평균 11.9만원, '뷔페식'은?",Economic
믿었던 美 클래리티법도 '암초'…비트코인 6.5만불 터치,Economic
"환율 1520원 돌파, 코스피 3% 가까이 하락⋯중동전쟁 여파 이어져",Economic
"한창제지, 액면병합∙자산재평가 투트랙…실적은 '시험대'",Economic
주총 시즌 마무리...'자사주 소각' 피하는 정관변경 늘었다,Economic
수원 탑동 이노베이션밸리 첫 삽…첨단 R&D 도시 미래 연다,Economic
중동 알루미늄 생산시설 피격에…삼아알미늄 7%↑[핫종목],Economic
‘전쟁 직격탄’ 코스피 3일 연속 하락…5200선으로 후퇴 [투자360],Economic
"코스피, 중동 긴장 고조에 3%가량 하락 5,270대 마감",Economic
美의회 ‘적성국 로봇 사용금지법’ 발의…中 견제에 韓 호재,Economic
가을에 팔 채소가 없다…비닐 대란에 대형마트 비상,Economic
중동발 불안에 코스피 2.97% 내린 5277.30 마감…장중 한때 5%대 급락,Economic
"""집에만 있던 남편, 다시 지점장"" 눈물의 다림질...'후반전' 뛰는 퇴직 은행원",Economic
"삼성·SK하닉, 올 첫분기 영업익 70조 넘나…'고수익 구조' 굳힌다",Economic
"""자잿값 40% 뛰고 그마저도 수급 불안""…건설현장 '4월 위기설' 확산",Economic
이란 전쟁 장기화에 코스피 3% 급락…유증 논란 한화솔루션은 2.7% 올라,Economic
고액 주담대 가산금리 오른다…4월부터 최대 0.25%p↑,Economic
"트럼프 ""이란 석유 장악"" 언급에 코스피 한때 5% 하락",Economic
"삼성전자 ""업계 최고 보상 제시했는데⋯"" 교섭 중단 입장 표명",Economic
정부 ‘부동산 보유세’ 카드 쓸까…진성준 “7월 세제개편 포함 가능성 상당”,Economic
"복합 위기에 허리띠 졸라 맨 유통사...투자, 고용 다 줄였다",Economic
"삼전·하이닉스 약세 마감...증권가 ""매수기회""",Economic
[르포] “1.3조원 한강뷰 프로젝트” 대우건설·롯데건설 격돌…성수4지구 현장 가보니,Economic
"""반도체 볼모, 이기적 처사"" 삼성전자, SK하닉 넘어서는 '특별포상금' 제안했건만...",Economic
"대한항공, 1분기 실적 개선 전망…증권가 “항공우주·방산, 중장기 축”",Economic
"한화솔루션, 유증으로 태양광 반등 노린다…""1분기 흑자 전환 기대""",Economic
오락가락 트럼프에 코스피 한때 5% 급락…증시 충격파,Economic
"""전쟁 여파 못 피했다""…코스피 3% 하락, 환율 1515.7원",Economic
다음 달 수도권 2.3만 가구 분양…서울 장위·노량진·이촌에 공급,Economic
"산업부 ""러시아산 나프타 첫 확보…2.7만톤, 오늘 도착""(종합)",Economic
"삼성 노조, ""경쟁사보다 더 준다""는 파격 제안도 거부",Economic
"[단독]롯데·신세계, 시설투자 20% 줄였다...점포 '옥석가리기'",Economic
반도체 투톱 ‘삼성·SK하닉’…주가 부활 신호탄 노린다,Economic
한화솔루션 ‘유증’ 논란 일파만파…안철수도 비판,Economic
"삼성물산, 압구정4구역 단독 입찰… 1차 유찰로 재입찰 불가피",Economic
중동전 이후 코스피 15% ‘급락’… 美日보다 낙폭 컸다,Economic
"“전세금은 굴리고, 세금은 숨겼다”… 3,141채 뒤 2,800억 탈루 정조준",Economic
"[주총 포커스] 대성하이텍, 자본전입 카드…방산 신사업 본격화",Economic
비강남 국평 분양가가 28억…비싸도 이어지는 ‘완판’ 행렬,Economic
"""SK하이닉스보다 더 준다는데""..협상 중단한 삼성 노조, 왜?",Economic
"연봉 '절반'에 고급인력을...2000명 희망퇴직, 1000명 다시 뽑는 은행권",Economic
"“전업 남편, 집안일도 안 하면 어떡하니”…‘외벌이’ 아내가 가사 노동도 1.5배 더",Economic
"“AI+스테이블코인, 4년 뒤 4000조 돌파…네이버·두나무 주목”",Economic
도시가 공장 된다 … AI로 제조 대전환,Economic
방산·원전으로 제조업 재건 속도…SMR 중심 생태계 복원,Economic
"코스피, 외인 2조 '팔자' 5200선까지 밀려…환율 1515원↑",Economic
현대위아 '열·동력' 잡고 미래차 주도권 노린다,Economic
"산단 품은 대학… 국립창원대,미래인재 키운다",Economic
"엔비디아·AMD 러브콜…삼성전자, HBM4·파운드리 동시 반등",Economic
"'영업익 10%'도 안 통했다…삼성 노사, 파업 긴장 고조",Economic
"현대로템, 지상 넘어 우주로…종합 방산기업 도약",Economic
시끄러운 종량제 봉투… 전쟁통에 중고 플랫폼 ‘불법거래’ 횡행,Economic
"""이미 본업 적자인데""…중동사태 추가부담 카드업계 '울상'",Economic
3기 신도시 광역철도 순항 … 창릉·왕숙·교산지구 철도망 내년 착공,Economic
"코스피, '중동 확전 우려'에 3% 가까이 하락... 5270대 마감",Economic
“아파트보다 더 인기네”...서울 오피스텔값 14개월째 상승,Economic
"트럼프 ""이란 석유장악"" 언급에 코스피 한때 5%↓…증시 충격파(종합)",Economic
"코스피, 중동 전쟁·유가 급등에 2.97% 하락…외국인 8거래일 연속 순매도(종합)",Economic
"“중동 리스크, 지긋지긋하다”…코스피 3% 급락, 외국인 2조 던졌다",Economic
'호르무즈 봉쇄 한달' 수백억 손실…항공·해운 2Q부터 손실 본격화,Economic
“도저히 못 버티겠어요”...치솟는 기름값에 전기차 ‘불티’,Economic
"코스피, 중동 긴장 고조에 3%가량 하락 5,270대 마감(종합)",Economic
공매도 중앙점검시스템 1년…불법 공매도 76건 적발·금융당국 통보,Economic
'중동 확전 공포'에 원·달러 환율 6.8원 오른 1515.7원 마감(상보),Economic
"삼성전자 업계 최고 보상 제안에도⋯노조, 교섭 중단",Economic
[강승구의 알뜰신잡] 일해도 연금 줄던 구조 손본다… 감액 구간 일부 폐지,Economic
"롯데쇼핑, 그로서리 반전 카드는 '오카도'…8월 가동이 분수령",Economic
"차량 5부제, 35년 만에 부활 가능성…유가 파동 해법 될까",Economic
"[외부감사 진단] GS건설, 2년간 신사업 '2000억' 손상차손",Economic
"한화솔루션, 2.4조 유증 후폭풍…사외이사도 전원 주식 매입",Economic
중동 전쟁 확전 우려에 국내 증시 하락 마감…코스피 5200선,Economic
유통 넘어 주거로 확산된 ‘플래그십’…지역 시세 가르는 기준됐다,Economic
"임대주택도 함께…GH, 광명시흥에 '직주복합' 지산 3호",Economic
"KCC·노루 등 페인트 5사 '가격 담합' 조사…""최대 55% 기습 인상""",Economic
글로벌 밸류업 선언한 오뚜기…3세 승계 시험대 된 북미 시장,Economic
"원·달러, 3거래일째 1500원대에…6.8원 오른 1515.7원 마감(종합)",Economic
"캐나다 적자에도…당근, 200억 추가 투입",Economic
HMM '부산 이전' 이사회 의결... 5월 8일 임시주총,Economic
챗GPT·제미나이 때문에 포털 죽는다더니…오히려 왕좌 지킨 네이버,Economic
원·달러 환율 연장 거래서 1520원대 진입 [김혜란의 FX],Economic
하루새 휘발유 값 214원 올린 주유소…산업부 장관 불시 방문 “엄정 대응”,Economic
"중동 전쟁 장기화에 악재만... 코스피 2.97%↓ 5,270선 지켜",Economic
"AI 장기화에 닭고기 공급 적신호…치킨업계, 수익성 악화 인상 압박↑",Economic
"""정답은 북미""…K-뷰티, 글로벌 최대시장 오프라인 공략 '속도'",Economic
[ET톡]나프타 공급망 다변화로 위기 대비해야,Economic
"""4월 월급이 갑자기 왜 줄었지?""…직장인, '이것' 확인해야",Economic
"성과급 3억 넘기도...""베테랑 필요해"" 퇴직 은행원 다시 모셔온다",Economic
"코스피 2.97% 하락 마감...환율 1,515.7원 '고공행진'",Economic
"“하루 한두 잔의 커피 섭취, 대사증후군 위험 15% ‘뚝’",Economic
"코오롱글로벌, 부산 ‘엄궁역 트라비스 하늘채’ 4월 분양",Economic
'주주가치 제고' 골든타임…코스피 출렁여도 정부는 속도 낸다,Economic
"HMM, 5월 임시주총서 부산 본사 이전 추진… 노조 반발",Economic
"공사비 인상 명분된 이란전쟁… ""깜깜이 증액 우려""",Economic
1500원대 굳힌 달러·원 환율…일주일 만에 1515원 돌파(종합),Economic
"""치킨 1000마리 쏩시다!"" 충주맨 기습 제안에 윤홍근 회장 '흔쾌히 수락'",Economic
"삼성전자, 중급형 AP 시장도 공략…올해 AP 점유율 반등 주목",Economic
"4대 금융, 감액 배당 잇따라 도입…밸류업 경쟁 불붙었다",Economic
"중동전쟁 여파 속 페인트값 줄줄이 인상…공정위, 담합 조사 착수",Economic
"거버넌스포럼 ""한화솔루션 유증, 이사 충실의무 위반 가능성""",Economic
"고유가에 주유소 ""카드수수료 내려"" vs 금융위 ""절대 불가"" 팽팽",Economic
중동발 공급망 리스크 확대…반도체 핵심가스 '헬륨' 경고등,Economic
"롯데케미칼, 대산 합병으로 구조재편 승부수 …공정위·주주·수익성 '3대 변수'",Economic
서울시금고 둘러싼 신한·우리 재격돌…KB·하나 '참전' 변수될까,Economic
‘확전 공포’에 코스피 3% 가까이 하락…SK하닉 5.31% ↓,Economic
"""1차 물량 동나 가격 인상""...곧 기름값 '2천 원 시대'",Economic
코스피·닛케이 나란히 장중 '5.3%' 급락…중동에 아시아 휘청,Economic
"“자사주 처분계획, 모든 상장사들이 공시해야” 금융위 입법예고",Economic
"“지아이텍, ESS 수요·美 공장 가동 호재…실적 턴어라운드”",Economic
"박윤영 체제 KT, 쇄신 예고…해킹당한 신뢰 회복·AI 강화 신호탄",Economic
메모리 이어 산업용 반도체까지 가격 인상 도미노,Economic
"대한상의, 내달 1일 韓·인니 포럼 연다…대외 경제 행보 본격화 '속도'",Economic
홍해 막히면 원유 수입 '대체 경로'도 차단…원유 공급 차질 '비상',Economic
"환율 1520원 돌파·코스피 급락…정부, 비상 대응 총력전",Economic
외인 2조 던지고 개미 받고…코스피 2%대 내린 5200선 마감,Economic
'코스닥액티브·스페이스X'...ETF 중소형사 틈새공략 '적중',Economic
"신현송 한은 총재 후보 韓입국…“엄중한 상황에 지명, 막중한 책임감”",Economic
프레스티지바이오파마 1000억 CB 발행 '난항'…지원 나선 키움증권,Economic
[마켓뷰] ‘확전’ 공포에… 코스피 3% 급락·원화 가치 ‘뚝’,Economic
"""CEO가 직접 뛴다""… 삼성전자, ‘중동 리스크’ 현장서 돌파",Economic
[기획] 세제 혜택 받아 슈퍼카에 ‘펑펑’… 탈세 임대업자 철퇴,Economic
"[오늘증시]코스피, 유가 급등·전쟁 우려에 2.97% 급락…5277선 마감",Economic
"'사재기' 종량제 봉투 판매 5배 뛰자 직접 나선 장관 ""최악의 상황 온다면…"" [자막뉴스]",Economic
"이란 전쟁 한달…""오일쇼크 이제 유럽으로 번진다""",Economic
증권주 급락에 보험주까지 동반 약세…주주환원 기대도 외풍에 밀렸다,Economic
"휴온스그룹, 분기 배당 실시…“전년比 주당 배당금 상향”",Economic
책임경영 위해 주식 샀지만…금감원 “주식 판 뒤 반년 내 되사면 차익 반환해야”,Economic
"삼전 1.89%↓·SK하닉 5.31%↓마감…증권가 ""매수기회""[핫스탁](종합)",Economic
"부국증권, 자사주 소각 전 배당성향 '껑충'…상속 재원 마련 의혹",Economic
"제주항공, 올해도 수송객수 1위 순항…회복탄력성도 입증",Economic
"삼성물산, 압구정4구역 재건축 단독 입찰…보증금 1000억 현금 납부",Economic
"'SK하닉 투자, 삼전까지 검토' CP 시장 금리 '뚝뚝'...""시장 안정화 효과""",Economic
"HMM, 이사회서 '부산 이전' 의결…노조 반발은 변수",Economic
"토허구역 양도세 골든타임 온다…""가격 허위 매물도 기승""",Economic
"코스피, 중동 확전 우려에 5270선 후퇴…낙폭은 줄여",Economic
"""미공개정보 아니어도 단기차익 반환""…금감원, 지분공시 '현미경 심사'",Economic
"""대한항공, 중동 전쟁에도 1분기 영업익 11% 성장할 것""",Economic
"HMM, 부산 이전 작업 본격화…노조 반발은 여전",Economic
"""연기금 투자→벤처 육성→국민과 수익 공유...'돈버는 국가' 만들어야""",Economic
"“방 2개면 충분해요”...서울 청약시장, 중소형 선호 뚜렷",Economic
'공사비 2.1조' 압구정4구역 유찰…삼성물산 단독 입찰에 재입찰 수순,Economic
"비만주사 '마운자로' 광풍, 이유 있었네",Economic
서울 경윳값 1900원 돌파…비상시 초과 유류비 전액 보조 추진,Economic
"[주총 포커스] 강스템바이오텍, 소통 부재ㆍ스톡옵션 논란에 '진땀'",Economic
'확전 공포'에 외인 2조 던졌다…터보퀀트까지 '겹악재',Economic
"“밥값만 12만, 3천만원 써야 결혼”… 李대통령 ‘스드메 비용 잡기’ 나설까",Economic
"‘세계 최대’ BYD, 안방 중국선 점유율 10% 붕괴… “출혈경쟁”",Economic
코스면 식대 1명당 11만9000원…내려가던 결혼비용 다시 뛰었다,Economic
"“자사주 1년 내 소각”…모든 상장사, 보유·처분 연 2회 공시",Economic
식대도 대관료도 ‘껑충’···최소 ‘이만큼’ 있어야 결혼식 올린다,Economic
"“4월 급여명세서보고 놀라지 마세요”…‘폭탄’이냐 ‘선물’이냐, 건보료 연말정산 관심",Economic
[중동 리스크]수출 막아도 부족하다…'나프타 대책' 실효성 논란,Economic
"고려아연 1200억 투자한 TMC, 순손실만 4800억원",Economic
유조선 운임 78% 뛸 때 벌크는 '제자리'…해운사 '수익성' 비상,Economic
"""올해가 마지막 무료 기회""…국중박, 내년부터 유료화하기로",Economic
변동성 증시에 ‘각개전투’…ETF 대신 개별 종목 담는 개미들,Economic
내년 예산 '역대급 칼질' 예고…대구경북 재정 확보 비상,Economic
"원·달러 환율, 6.8원 오른 1515.7원 마감",Economic
'1200만 야구팬' 잡아라…연 7% '야구 적금'에 카드 이벤트 '봇물',Economic
하이닉스 비중 30% 초과…‘TIGER 반도체TOP10’ 규정 위반 논란,Economic
"李대통령 ""에너지 문제에 잠 못 잘 정도…재생에너지 신속 전환""",Economic
"중동사태 장기화 우려, 금융권 비상대응…정책금융 ‘24.3조’로 확대",Economic
T커머스 1위 수성한 신세계라이브쇼핑… 문성욱 체제 힘 싣기,Economic
"금융권, ‘중동 사태’ 대응에 70조 이상 자금 공급",Economic
"하이퍼코퍼레이션, 자본잠식 해소 및 흑자전환 성공",Economic
하루 만에 214원 올리자...직접 주유소 찾아간 김정관 장관 [지금이뉴스],Economic
'중동사태' 금융당국 비상대응TF…은행 53조 지원·차 보험료 인하 검토,Economic
이억원 금융위원장 “중동사태 피해기업 정책금융 지원 24.3조로 확대”,Economic
[SK하이닉스의 승부수] ② 월가 자금 유입…투자자 지형 바뀐다,Economic
"""대출만기 연장, 차보험료도 할인""...중동위기 극복, 민관 힘 모은다",Economic
"금융당국, 중동發 위기에 비상체계 가동…5대 금융지주 '53조+α' 공급",Economic
'고유가' 차량 5부제 참여 車 보험료 할인·주유카드 '캐시백' 한다,Economic
아파트 수백 채 굴리며 전세금 이자 '꿀꺽'…임대업자 세무조사,Economic
"마른수건 짜는 석화업계, '불황·전쟁' 이중고 속 사업재편 총력",Economic
"기후장관 ""제주도 계통접속 제한 해제…재생에너지 2배 이상 늘린다""",Economic
"조일 KT스카이라이프 대표, 선임 사흘 만에 사퇴",Economic
"美 경제 석학 ""위안화, 5년 내 달러 대안 통화로 부상""",Economic
전쟁통에 슬쩍 가격 올린 KCC…공정위 '정조준',Economic
"""무역 재편했지만 공장은 못 살려""…트럼프 관세 1년 성적표",Economic
"50년 ‘축적의 시간’…대덕, K딥테크의 심장으로 부상 [최준호의 혁신창업의 길]",Economic
"하룻새 휘발윳값 214원 올렸다고?…산업장관, 주유소 ‘암행 점검’",Economic
"서울 휘발유 1천930원 육박‥""생필품 수급 최우선""",Economic
자사주 보유처분 공시 1% 미만 모든 상장사로 확대,Economic
"HMM, 이사회서 ‘본사 부산 이전’ 의결… 노조 “정부 압력에 굴복한 날치기”",Economic
"유가, ‘1990년 걸프전’보다 더 올랐다…“아시아 국가 큰 타격”",Economic
삼성전자 “업계 최고보상”…노조 “상한선 폐지”,Economic
"“삼겹살 990원, 생필품 반값”… 롯데마트 2주차 메가통큰 할인",Economic
"'서울시장 도전' 전현희 ""다주택자, 부동산 정책서 업무 배제""",Economic
글로벌 캐파 1위 삼바로직스 첫 파업 위기…글로벌 '공급망 셧다운'→중국만 호재,Economic
"HMM, 이사회서 ‘부산 이전’ 의결…최종 관문 ‘임시주총’ 5월 8일",Economic
“똘똘한 한 채가 대세?” 아파트 닮아가는 오피스텔,Economic
"""석유 불안, 배터리 재평가""…2차전지株, '나홀로 질주' [핫종목]",Economic
서학개미 주춤···RIA까지 더해지며 국내 '유턴'↑,Economic
‘강남·고가·대단지’부터 몸값 뚝뚝…강남 불패는 이제 옛말 될까?,Economic
"신현송 한은 총재 후보자 ""엄중한 시기에 막중한 책임감""",Economic
200채 세혜택 줬더니 탈루…강남 3구·한강벨트 '정조준',Economic
중동사태 구실로 가격 올린 페인트업계…공정위 ‘담합’ 조사,Economic
"하드웨어와 소프트웨어의 경계허문다… LG이노텍, ‘피지컬 AI’ 영토확장 가속",Economic
[KAI 대해부]③ '수주전 연패' 시험대 오른 항공·우주 경쟁력,Economic
"한화솔루션 유증에 ""재무부담 완화 긍정적""…1분기 흑자전환 기대",Economic
"[단독] '적자 늪' 빠진 삼성전자 TV사업부, 자회사 삼성디스플레이로 인력 이동 검토",Economic
"""순차입금 13조, 시총 2배 넘는데 과잉 투자 방치…한화솔루션 이사들 뭐 했나""",Economic
"SCL사이언스 ""2대주주 주주제안 철회로 경영권 안정 확보""",Economic
은행 대출이자 부담 낮출까…'코파'로 금리기준 바뀐다,Economic
"LG화학, 고부가 전자 소재 ‘더블업’…2030년 매출 2조 키운다",Economic
"[단독] 삼성, 도쿄에 싱크탱크 거점 세웠다…베이징 이어 두번째",Economic
초대형 IB 향하는 진승욱號 대신증권…‘우발부채 벽’ 넘을까,Economic
"'기술 CEO'의 승부수…LG화학, 전자소재 사업 2조 원으로 키운다",Economic
하루 만에 214원 올린 주유소 직접 찾아간 장관,Economic
"“컵·포장비닐 쟁여둬야 하나” 용기값 40% 급등···소공연, 대책 촉구",Economic
자사주 공시 모든 상장사로…6개월 내 매매 차익 반환,Economic
"하루 만에 214원 인상…산업장관, ‘기름값 급등’ 주유소 긴급 점검",Economic
러시아산 나프타 '2.7만t' 국내로 들어온다,Economic
서울 충정로·부산 명장에 신축 두산 We’ve 들어선다,Economic
"'한화에어로 유증' 두 번 반려했던 금감원, 한화솔루션은?",Economic
2조4000억 유상증자 단행한 한화솔루션… “채무·시설투자 부담 완화 기대”,Economic
코스피 5300선 와르르…환율 1510원 돌파,Economic
"롯데건설, 이촌 르엘 분양…4월 10일 1순위 청약",Economic
서울 중소형 아파트값 평균 15억 돌파…키 맞추기 현실로,Economic
"공정위, 페인트업계 가격 줄인상 담합 조사 나서",Economic
"서울 경유 1900원 뚫었다…정부, '가격 급등' 주유소 점검",Economic
GS건설 '아산탕정자이 메트로시티' 견본주택 1만명 방문,Economic
"삼성전자, 성과급 상한 넘겨도 '교섭 중단'…발목 잡힌 국가핵심산업",Economic
"HMM, 본사 부산 이전 이사회 결의…노조 ""쟁의권 확보 착수""",Economic
스타벅스도 뛰어든 '버터떡' 전쟁…유행은 짧고 경쟁은 치열,Economic
"하이퍼코퍼레이션, 관리종목 해제…작년 당기순이익 흑자전환",Economic
‘중동 전쟁 탓’ 페인트 업계 줄줄이 가격 인상…공정위 담합 조사 착수,Economic
삼성전자 업계 최고 보상 제안…노조 교섭 중단 이유는,Economic
서울 아파트값 상승폭 확대…강남구 매매가 2년 만에 하락,Economic
"구윤철 ""유가 더 오르면 차량 5부제, 민간으로 확대할수도""",Economic
'담합 논란' CD금리 역사속으로...지표금리 '코퍼' 비중 확대,Economic
“어째 축의금 5만 원으로는 빠듯하더라니”… 결혼비용이 먼저 뛰었다,Economic
먹는 약·영상·의사판단 AI가 통째 분석…치료→예방 '미래 의료' 성큼,Economic
"휴온스그룹, 분기당 200원·연간 800원 배당 계획",Economic
중동해역 발묶인 韓선원들…체류 장기화에 하선 증가,Economic
"삼성물산, 서울 압구정4구역 단독 응찰…보증금 1000억원 완납",Economic
"삼성전자, 노조와 임협 과정 이례적 공개…""실적 달성 특별 포상"" 제안에도 교섭 중단",Economic
"거버넌스포럼 “한화솔루션 유증, 주주 충실의무 위반 우려”",Economic
"국세청, 강남3구·한강벨트 다주택 임대업자 세무조사",Economic
"[토크ON] ① 롤러코스터 증시, 상법개정 영향은?",Economic
“결혼식 한 끼에 3600만원?”…보증인원 확대에 예식비 확 뛰었다,Economic
"[펀드매니저 리포트] 한화운용, 기술·글로벌 향하는 43명의 '설계자'",Economic
"국세청, 2800억 탈루 다주택 임대업자 세무조사",Economic
결혼식 평균 비용 '2139만원'…2개월 만에 다시 상승,Economic
시총 10조 기업이 10% 급락…널뛰는 변동성에 증권株 외면 [이런국장 저런주식],Economic
"삼성물산, 압구정4구역 입찰서 제출…1000억원 완납",Economic
"HMM, '본사 부산 이전' 이사회 결의⋯5월 8일 임시주총",Economic
"제일파마홀딩스, '한미 출신' 김현수 상무 영입…내실 경영 드라이브",Economic
상대적 빈곤율 15%대로 상승…‘빈곤선 이하’ 100명 중 15명꼴,Economic
시장에서 CD 금리 퇴출 수순… ‘코파’로 금리 기준 바뀐다,Economic
서울 전세 막히자 수도권 '눌러앉기'…갱신율 일제히 상승,Economic
月 30조 팔아치운 외국인…'네 종목'엔 2000억 이상 담은 이유,Economic
"수도권 아파트 굴리며 2천800억 탈세…국세청, 다주택 임대업자 15곳 세무조사",Economic
"대한항공, 부산에 2000억 투자해 무인기 제조거점 구축",Economic
'힐스테이트 선암호수공원' 선착순 계약..계약금 5% 적용해 자금 부담↓,Economic
KOFR 전환 속도전…CD금리 2030년 말 퇴출,Economic
"'국내 1위' 시몬스 발표에 코웨이 ""우리가 침대 1위""",Economic
‘내년도 예산안 편성지침’ 국무회의 의결… 金총리 “국민주권정부 첫 온전한 예산”,Economic
"KIWOOM 미국성장다우존스 ETF 상장...""나스닥100+S&P500 선별 투자""",Economic
"고려대의료원, 동탄에 ‘AI기반 미래병원’ 인 ‘제4고대병원’ 짓는다.",Economic
"“와퍼가 3900원”…버거킹 ‘발주 실수’ 대규모 할인 행사, 알고보니",Economic
"고유가 대응…미래에셋그룹, 전 계열사 ‘차량 5부제’ 도입",Economic
"'나프타가 원료' 페인트값 줄인상…공정위, 담합 의혹 조사 착수",Economic
"HMM 본사, 여의도에서 부산으로 옮긴다…이사회 통과",Economic
"에어서울, 작년 영업손실 75억…1년 새 '적자전환'",Economic
"764채 아파트 굴리며 탈세…국세청,15개 업자 총 2800억원 규모 세무조사 착수",Economic
"금호건설, ‘계양~강화 고속국도 건설공사(4공구)’ 수주",Economic
"NHN, 벅스 매각 실패",Economic
지난해 국토면적 여의도 4.3배 만큼 늘었다,Economic
"HMM, 이사회서 '부산 이전' 의결…5월8일 임시주총",Economic
"""점심값 아끼자!"" 고물가 시대 '거지맵' 열풍 [앵커리포트]",Economic
위장 취업 범죄에 뚫린 고객센터…IT 업계도 긴장,Economic
"“200원 급등 주유소 적발”…정부, 시장 점검 강화",Economic
"'사면초가' 루센트블록, 포석 놨다…'조각투자 재진입' 노림수",Economic
충남 아산 등에 미래산업 6개사 2조 5547억 투자,Economic
"한화솔루션, 유상증자로 승부수…재무 개선·미래 기술 다 잡는다",Economic
"고려대의료원, 동탄에 'AI 네이티브' 새 병원 세운다",Economic
"AI 여파에 생닭값 오르는데 치킨은?…""가격 인상 검토 안해""",Economic
시장서 CD금리 → KOFR 전환 가속화…2030년 70%까지 확대,Economic
콜레스테롤 관리 공식 대전환,Economic
"투자 고수들, 유가 뛰자 서둘러 쓸어담았다…'뭉칫돈' 몰린 종목 [마켓PRO]",Economic
"강남아파트 수백채 굴려 탈세···국세청, 임대업자 세무조사 착수",Economic
"""1차 최고가 물량 동났다"" 본격 인상...서울 기름값 1,900원 돌파",Economic
"오스코텍, 주주연대 이사회 진입…""불확실성 해소하고 주주가치 제고""",Economic
"정부, '기름값 급인상' 주유소 불시점검…하루 만에 214원↑",Economic
"""직접 경험하라""…하림, '장인라면' 식당 내고 외식업 정조준[only이데일리]",Economic
"HMM, 이사회 열어 ‘본사 이전’ 안건 처리...노조 “총력 투쟁”",Economic
다시 높아진 상대적 빈곤율…100명 중 15명 ‘빈곤선 아래’,Economic
"코스피 낙폭 줄이며 5,200 회복...환율 여전히 1,510원대",Economic
“4월 월급 왜 줄었지?”…건보료 정산에 1030만명 평균 20만원 더 냈다,Economic
내년 예산 최대 800조 육박 전망…의무지출도 손댄다 '첫 10%↓'(종합),Economic
치킨값 또 오르나?…닭고기 소매가격 16% 치솟아,Economic
DL이앤씨 컨소시엄 '구리역 하이니티 리버파크' 분양 일정 돌입,Economic
"'현금왕' 현대차, 잉여금 97% '잠긴 돈' 주주환원은?",Economic
‘비트코인 7만 달러 이탈’…유가·금리·규제 변수에 투심 위축 [크립토브리핑],Economic
"[단독] 마른수건 짜는 철강업계… 동국제강, '차량 5부제' 초강수",Economic
“지금 절대 들어가지 마라” 노후자금 다 녹는다...“5일 만에 1700조 증발” 믿었던 M7의 배신,Economic
"한투운용, ACE K수출핵심TOP10산업액티브 ETF 내일 상장",Economic
[크립토 24] '토큰화 주식' 투자자는 주총에 초대 받지 못한다?⋯해결책은 '네이티브 토큰화' 방식,Economic
"아이엠티, 주총서 주주와 질의응답…""SK하이닉스에 HBM용 세라믹 기판 공급중""",Economic
"""하닉보다 성과급 더 주겠다""…그래도 걷어찬 삼전 노조",Economic
“업자 1명이 247채 굴리며 이리저리 빼먹어”…임대 사업자 15곳 세무조사,Economic
“결혼식 한 번에 2139만원” 웨딩 물가 다시 상승세,Economic
미래에셋 전 계열사 ‘차량 5부제’…에너지 절감 동참,Economic
"SK증권, ‘헤지펀드 운용 전략 결합’ 공모펀드 단독 출시",Economic
"곽동신 한미반도체 회장, 30억 규모 자사주 추가 매입",Economic
"우리금융, 청년미래이음대출 신설…우리미소금융 1000억원 출연",Economic
"우리금융, 청년미래이음대출 신설...""1천억 추가 출연""",Economic
"곽동신 한미반도체 회장, 내달 30억 규모 자사주 추가 취득",Economic
"한화솔루션, 사외이사 주식 매입…유증 지원사격",Economic
"LG화학 김동춘, 주총 전 자사주 1억 직접 매입",Economic
통합연금포털서 퇴직연금 ‘수수료 비교’ 가능해진다,Economic
늘어나는 무인매장 범죄에…에스원 ‘AI 보안 솔루션’ 도입 늘었다,Economic
2500억 주식 판다는 전인석 삼천당제약 대표 “인슐린 주사 100% 대체할 것”…주주들은 송곳 질문,Economic
"""직원 92% 취약계층"" 이 착한 회사가 못 오른 나무 [ESG 1.5개월②]",Economic
"美, 지상전 준비에 '친이란' 후티 참전 까지…전쟁 판 커지나?",Economic
'TSMC 반사이익'…삼성 파운드리 흑자 빨라진다,Economic
"페트로차이나, 원유 가격 하락·수요 부진으로 지난해 실적 악화",Economic
"휴온스그룹, 분기배당 실시…""주주환원 확대""",Economic
중동전 확전 우려…미국·이란 간극 너무 컸나?,Economic
"하나금융, 재건축·재개발 조합설립인가 12억 초과 주택까지 ‘연금’ 서비스",Economic
"삼성물산, 압구정 4구역 재건축 입찰 보증금 1000억 현금 완납",Economic
“한화솔루션 아닌 ‘한화트러블’”…확산되는 유증 파장,Economic
"""국중박, 내년부터 돈 내고 보세요""…입장료 18년 만에 현실화",Economic
"힐스테이트 선암호수공원, 선착순 계약 진행",Economic
"2차 최고가제 시행 후 하루 만에 200원↑…정부, 주유소 범부처 합동점검",Economic
"국토부, 하자판정 상위 건설사 명단 공개...1위는 '이곳'",Economic
"“1인당 4500만원 쐈다”... 토스증권, 183명에 83억 스톡옵션 부여",Economic
내년 의무지출 10% 감축...교육교부금·기초연금 '칼질' 대상,Economic
"삼성전자, DS 성과급 상한 폐지 제안에도 교섭중단",Economic
"20년만에 한국노총 만난 산업장관 “중동위기 비상국면, 노사갈등 휴전하자”",Economic
"한미반도체 곽동신 회장, 30억 자사주 추가 취득",Economic
소아·청소년 손상 사망 53.9%가 자해·자살 때문,Economic
"LS전선, 지난해 역대 최대 실적…""2030년 10조원 달성""",Economic
“오늘 점심도 그냥 편의점 가야겠네”…자장면·칼국수 줄줄이 인상에 직장인들 ‘한숨’,Economic
‘뷰티 CES’서 빛난 'K뷰티'…유럽내 입지 키운다,Economic
"알체라 최대주주 황영규 대표, 160만주 추가 확보",Economic
"동부건설, 2026년 신입사원 공개채용…역대 최대 수주 기반 인재 확보",Economic
"롯데건설, 이촌 르엘 4월 분양…사이버 견본주택 개관",Economic
"주가 19만원→1만원…금양, 2년 연속 감사의견 거절에 상폐 '초읽기'",Economic
"산업장관, 하루 만에 휘발윳값 214원 올린 주유소 불시 방문…“엄정 대응”",Economic
"""45초당 1대 뜨고 내린다""…인천공항, 하계 운항 확대",Economic
"정부, 최고가격제 급등 주유소 긴급 점검…214원 인상 적발",Economic
중동 전쟁 내세워 가격 올린 페인트 업계…공정위 '담합' 조사,Economic
“시중은행 이탈 자금 챙기자”… 연 3%대 예금 내놓는 지방銀,Economic
"상장 후유증 겪은 더본코리아, 리스크 털고 재도약 시동건다",Economic
美 공공 하수처리장에 韓 기술 첫 진출…'이 회사'가 해냈다,Economic
“SK하이닉스보다 더 주겠다”…그래도 걷어찬 삼전 노조,Economic
"국토부, 남원역 사망사고에 “승차 시도 중 낙하 추정…철저히 규명”",Economic
[이슈톺] 韓 증시 시총 '687조 원' 증발...터보퀀트까지 '겹악재',Economic
"이사회 새판짠 오스코텍, 제노스코 문제도 소액주주와 매듭",Economic
"신일전자, 정윤석 대표 재선임…주주환원도 확대",Economic
"유가 50% 폭등…나프타 쇼크, 자동차·반도체로",Economic
"리드코프, 배당금 50% 인상…“안정적 수익 기반 주주환원 본격화”",Economic
"'우주항공산업 관문' 사천공항 하늘길 확대…섬에어, 김포 노선 취항",Economic
"다시 손 잡는 북·중…에어차이나, 평양 노선 다시 띄워",Economic
韓 '상대적 빈곤율' 15%대로↑…66세 이상 은퇴연령은 38%,Economic
"“종량제 없으면 일반 봉투 허용” 기후부, 사재기 차단",Economic
"""4천원에 김치찌개 사먹었다""…가성비 거지맵에 청년들 열광",Economic
"하루 만에 210원 올린 주유소에 장관 떴다…""불합리한 인상 엄정 대응""",Economic
"LG유플러스, 전 고객 유심 교체·업데이트 안내 문자 발송",Economic
"호르무즈해협 '트럼프해협'으로 바꾸나…트럼프 ""이란 석유 원해""",Economic
하루 만에 휘발윳값 214원 올린 주유소 찾아간 김정관 장관,Economic
"김동관 참여에도 정치권도 가세, 한화솔루션 유증 논란 왜?",Economic
"현대건설, 압구정 수주전 본격화…'OWN THE' 전략 공개",Economic
중동전쟁 내세워 가격 올린 페인트업계…공정위 '담합' 조사,Economic
"펄어비스, '붉은사막' 기대 이상 흥행에 17%대 급등…5거래일 연속 상승",Economic
"삼성전자 노조, 업계 최고 보상 제안에도 교섭 중단",Economic
"잘나가던 K-뷰티, 나프타 변수에 원가 부담↑…추경 지원 절실",Economic
"환율 1,510원대 '돌파'‥코스피 한때 5%대 '급락'",Economic
"업계 최고 보상도 외면한 노조…삼성전자 ""매우 안타깝다""",Economic
"금융위 ""KOFR 거래비중 2030년 70%로 확대""",Economic
"롯데건설, ‘이촌 르엘’ 30일 사이버 견본주택 개관",Economic
강남 아파트 등 247채 굴리며 탈세…임대업자 세무조사 착수,Economic
"LGU+, 유심 교체 절차 본격화…안내 문자 발송 시작",Economic
"정부, CD금리 2030년 중요지표 해제…KOFR 중심으로 지표금리 개편",Economic
“이젠 카드도 ‘덕질’ 시대”…카드사 ‘팬덤 쟁탈전’ 격화,Economic
패밀리오피스 경쟁 2라운드…슈퍼리치 넘어 '중간층' 공략,Economic
"“美 성장주에 투자”…키움운용, ‘한국판 SCHG’ 출시",Economic
"2년 전 악몽 또 터지나…""공장 멈출 판"" 삼성·SK 초긴장 [테크로그]",Economic
‘KOFR’ 중심 지표금리 개편 속도…파생·채권·대출시장 전반 손질,Economic
"금융당국, 지표금리 대전환…KOFR 중심 재편, CD·코리보 단계적 퇴출",Economic
"한노총 만난 산업장관 “노사 갈등, 당분간 휴전하자”",Economic
2030년말 CD금리 중요지표서 해제…KOFR 거래 비중 70%로 상향,Economic
CD금리 2030년 중요지표서 빠진다…KOFR 비중 70%까지 확대,Economic
"오스코텍, 새 이사회 출범…수권주식수 확대는 남은 과제",Economic
"농협손보, 국민성장펀드 1호 ‘리벨리온’에 100억 투자",Economic
"나프타 수급 불안에 '러시아산' 급부상…정부, 첫 수입 사례 보고",Economic
"CD금리 중요지표 4년후 해제, 코픽스 대체..당국, 적정성 들여다본다",Economic
"CD금리, 2030년 퇴출된다…KOFR 위주로 지표금리 개편",Economic
"이찬진 금감원장 ""軍 급여 관리 잘하면 전역 후 출발선 달라져""",Economic
수도권 집값 상승 조짐에 ‘이천 중리 금성백조 예미지’ 대안으로 떠올라,Economic
"""대출 금리 기준 바뀐다""… KOFR 확대·CD금리는 2030년 폐지",Economic
"軍월급 오르니 도박으로… 금감원, 훈련병부터 맞춤형 금융교육",Economic
"재고 털지도 않았는데 기름값 216원 '급등'…""시장 교란 엄정 대응""",Economic
‘검단호수공원역 파라곤’ 견본주택에…3일간 2만4000여 명 인파 몰려,Economic
서울 청약 ‘국평 쏠림’ 4년째…85㎡ 이하 경쟁률 36.8대1,Economic
결혼비용 다시 뛰었다…식대·대관료 인상에 부담 확대,Economic
“오픈 첫 주말 인파 줄이어…청약 흥행 예고” ‘아산탕정자이 메트로시티’ 견본주택 북적,Economic
"“다이소까지 이럴 줄은 몰랐다”...비닐봉투 ‘품절, 또 품절’ 대체 왜",Economic
"“혈세 제대로 쓰겠다”…김 총리, 2027년 예산안 편성지침 국무회의 의결",Economic
"현대건설, 신길뉴타운에 2번째 힐스테이트 단지 짓는다",Economic
"결혼 비용 다시 상승… 평균 2139만원, 대관료 16.7%↑",Economic
"'종량제봉투 대란' 우려, 김성환 장관 ""재고 충분, 가격 인상 없다""",Economic
“4월 월급 왜 이래” 건보료 폭탄 대상은 누구?,Economic
"박상신 DL이앤씨 대표, 상대원2구역 찾아 “최고 랜드마크 만들겠다”",Economic
"삼성전자 ""경쟁사 이상 성과급 제안...노조가 거부""",Economic
이란 전쟁發 고유가에 여름 휴가도 근거리로,Economic
"기관 ‘사자’ 전환…코스피, 낙폭 줄여 5200선 회복",Economic
"“봉투부터 막혔다”… 종량제 구매제한·포장재 줄인상, 생활물가 먼저 흔들렸다",Economic
하태경 원장 “AI가 결제하는 시대…보험료·보험금도 크립토로 바뀐다”,Economic
삼성전자 초기업노조 조합원 수 7만명 돌파,Economic
"분양가상한제 적용…DL이앤씨 '아크로 드 서초', 31일 청약 돌입",Economic
"""세제혜택 누리면서 탈세""…강남 3구 등 다주택 임대업자 조사",Economic
"[단독]CJ이재현 회장이 픽한 '올리페페', 여의도IFC몰에 2호점 오픈",Economic
"기름값, 자고 일어나니 '급등'…""엄정 대응""",Economic
"한라캐스트, 정기주총 개최…""올해 로봇 시장 공략 본격화""",Economic
내년 정부예산 800조원 육박…'적극재정' 유지하되 의무지출 10% 줄인다,Economic
"이란 전쟁에 흔들리는 원·달러…WGBI, 구원 투수될까",Economic
"한화솔루션 ""4년간 주주환원 6000억 배정""",Economic
'터보퀀트' 쇼크에 반도체 직격탄… 코스피 4%대 급락,Economic
"""이렇게 맛있는 걸 몰랐다니”…美, 수출하던 닭다리살 뒤늦게 인기",Economic
"SCL사이언스, 2대주주 주주제안 철회로 경영권 안정 확보",Economic
"""자고 나니 200원 쑥?"".. 기름값 올렸다가 산업부 장관 대면한 주유소",Economic
공항 출국세 7000→2만원 역대 첫 인상…“장기간 현저히 낮아”,Economic
"강남 등 아파트 240채 굴리며 탈세…국세청, 임대업자 세무조사",Economic
[피노 줌인]① 삼성SDI 손잡고 700억 조달…이차전지 확장 승부수,Economic
네이버 'N배송' 거래액 1년만에 71%↑…쿠팡 '로켓배송' 대항마 부상,Economic
"결혼비용 평균 2,139만원…다시 상승세로 전환",Economic
"변동성 커지자 오히려 초과수익 낸 KODEX ETF, 분배금도 증액",Economic
"국세청, 다주택 임대업자 정조준…2800억 탈루 의심 세무조사",Economic
“지금 안 사면 늦는다”…‘2000원 공포’ 선 넘는 기름값에 3만명 쓸어갔다,Economic
오타니 열풍 타고…다저스 구장에 ‘유니클로 필드’,Economic
"""2026 경제위기? 기회!"" 부자아빠가 콕 집은 투자 전략",Economic
결혼 비용 다시 늘었다…대관료-식대 인상에 평균 2139만원,Economic
사재기는 사실이었다…종량제봉투 판매량 급증,Economic
"결혼식 비용 2139만원… 강남은 3.7% 하락, 제주는 19% 상승",Economic
[직설] 美 지상군 투입 가능성 고조…긴박하게 흘러가는 중동 상황은?,Economic
[시장 따라잡기] 개인 지난주만 12조 순매수…'육탄방어' 결과는?,Economic
"""아파트 대체재로 뜬다'""…서울 오피스텔 가격 14개월 연속 상승",Economic
"[티타임]코스피, 5200선 붕괴 후 반등 성공…5278선 회복",Economic
대통령 규제 강화 의지에···‘강남3구·한강벨트 다주택 임대업자’ 대대적 세무조사,Economic
"일라이릴리, AI 신약개발 기업과 2억7500만달러 라이선스 계약",Economic
"오스코텍, 창업주 해임 1년만에 주주 갈등 봉합…분쟁 불씨는 여전",Economic
기름이 모자라면 우리라도 믿으라고…국내 신재생에너지 관련주 동반 강세 [매경 자이앤트],Economic
‘WGBI 편입’ 원화값 안정될까…“즉각 강세 전환은 어려워”,Economic
"주식 사봐도 안되고, 채권도 손해나고, 금값도 빠지는데…나홀로 꿋꿋한 ‘이것’",Economic
"건강보험료 정산에 4월 월급 흔들…늘거나, 줄어들거나",Economic
"국세청, 2800억 세금 탈루 다주택 임대업자 세무조사",Economic
“T멤버십 뭐가 뭔지 모르겠다고?...이 노래 들어봐”,Economic
"자사주 공시, 전 상장사로 확대…보유·처분 내역 더 투명해진다",Economic
"곽동신 한미반도체 회장, 30억 자사주 추가 취득",Economic
"[현장] 샤힌 프로젝트 완공 앞둔 에쓰오일…주총장선 ""배당 확대 필요"" 목소리",Economic
나프타 수급난에 건설현장 '비상'…주택 공급 지연 불안,Economic
지난달 결혼비용 다시 상승…식대·대관료 인상 영향,Economic
"""울고 싶은데 뺨 맞았다""…삼전·하닉, 언제까지 떨어지나",Economic
"NH농협손보, 리벨리온에 100억 지분투자…'K-엔비디아' 육성 동참",Economic
"[칩톡]""차세대 HBM 게임 체인저""…K-패키징 강호들 '하이브리드 본딩'에 소매 걷었다",Economic
"""상업용 부동산 매입 의지 역대 최고""…서울, 아태 선호 '3위'",Economic
"아이엠티, 주주 소통 강화 속 성장 전략 구체화…HBM 기판·원천기술로 도약 가속",Economic
내년지출 ‘27조+α’ 감축…관행적 사업에 ‘메스’,Economic
코스닥 액티브 ETF 초반 성적 '부진'…패시브 ETF보다 수익률 떨어져,Economic
연준 내부서 '금리 인상' 거론…이란 전쟁이 바꾼 셈법,Economic
"""자사주 공시, 모든 상장사로 확대""…소각 의무화 후속 조치",Economic
CB·BW도 지분공시 대상…누락 땐 과징금 10배,Economic
[뉴스특보] 중동 긴장감 고조…국제유가 다시 급등,Economic
아파트 247채 굴리며 탈세…악질 임대사업자 정조준,Economic
'상대원2구역 사수하자'…주말에 대표까지 달려간 DL이앤씨,Economic
"""책임경영 위해 반년내 되샀어도…차익 반환해야""",Economic
'벚꽃분양' 시작…다음달 아파트 분양 전국 4만380가구,Economic
'자사주 공시' 전체 상장사로 확대…수량 관계없이 의무공시,Economic
"강남 아파트 등 247채 굴리며 탈세… '2,800억 탈루' 15개 임대업자 세무조사",Economic
"강아지 목 통증, 그냥 넘기면 위험…급성 사지마비 부를 수도",Economic
"밸로프, 주주총회서 액면병합 가결",Economic
"한국파일, 대형 건설사 협력사 등록 20곳 눈앞…수익성 개선 기대감 확대",Economic
한화솔루션 유상증자 투자로 미래 태양광 기술 선점…1분기 흑자 전망,Economic
"기후장관 ""종량제 봉투, 6개월 이상 물량 확보…가격 인상도 없다""",Economic
호르무즈 이어 홍해도 '비상'…유가 150달러 경고,Economic
"탑런토탈솔루션, 비주력 패킹 사업 축소…핵심 모듈 사업 역량 집중",Economic
"흥국생명, 작년 4376억원 창사 이래 '최대 실적' 달성…137.8%↑",Economic
"[단독] 어피니티, 롯데렌탈 인수가격 인하 요청... 그룹과 재협상 중",Economic
"TP, 80억 규모 자기주식 처분 확정… “기업가치 제고 일환”",Economic
"""내달 9일 처리"" vs. ""대정부질문 먼저""…여야, 추경 신경전",Economic
주담대 ‘7%’ 돌파에 실수요자 ‘한숨’…금리 불안 장기화 우려,Economic
"BTS 컴백 주말, 광화문 카드사용 0.5%↓…외국인 결제는 74%↑",Economic
"금은 이제 옛말, 전쟁 끝나면 ‘이것’ 오를지도…증권가가 꼽은 다음 투자처는",Economic
“이자내기 무서워요”…치솟는 주담대 금리에 영끌족 ‘비명’,Economic
"李, 다주택 임대사업자 저격 두 달 만에 국세청 “세무조사 착수”",Economic
"""車 보험 올해도 보릿고개""… 8주 룰 제자리에 ‘한숨’",Economic
"중동發 삼중고에 정비사업 차질 빚나…현대건설, ""자재價 최고 40% 인상""",Economic
"국세청, 기업형 임대업자 세무조사 착수‥강남 아파트 등 247채 굴리며 탈세",Economic
결혼식 한번에 3400만원 다시 상승…어디에 썼나 보니,Economic
"""성과급 더 주겠다"" 제안에도…삼성전자 노조, 또 교섭 중단 '논란'",Economic
"아파트 247채 굴리며 탈세… 국세청, 악질 임대업자들 세무조사",Economic
"호르무즈 막혔다더니...""오히려 돈 쓸어 담는다"" 뜻밖의 분석",Economic
'충주맨' 또 터졌다…BBQ 회장 유튜브 300만 돌파,Economic
"여의도 '왕개미' 제대로 뿔났다…""한화트러블"" 직격",Economic
"내년 의무지출 10% '싹둑'…정부, 역대 최대 구조조정 예고",Economic
결혼 비용 다시 뛰었다…식대·대관료 인상에 부담 확대,Economic
"사모대출 환매공포 속 나홀로 웃는다…""2008년 이후 최대 기회""",Economic
"기후부 장관 “쓰레기 봉투, 최악의 상황 땐 일반 봉투 사용 허용”",Economic
"곽동신 한미반도체 회장, 30억 규모 자사주 취득",Economic
“4월 월급 보고 놀라지 마세요” 나는 얼마나 줄어들까...4월은 ‘건보료’ 정산하는 달,Economic
내년 예산 70兆 더 늘려… 양극화 해소·첨단산업 등 4대분야에 돈푼다,Economic
결혼비용 다시 상승…'식대·대관료 인상' 두드러져,Economic
"'수주 대박' K전선, 중동발 피복재 수급 불안에 공급망 '비상'",Economic
구윤철 “유가 120~130달러 되면 위기 격상…민간 차량 부제 검토”,Economic
자사주 꼼수 더는 못한다…자기주식 ‘보유·처분’ 공시 강화,Economic
"중동전쟁에 종량제 봉투 ‘사재기’, 판매 네 배로…음식포장재 가격 올라",Economic
"국세청, 다주택 임대업자 정조준 ""강남 등 247채 임대사업자 200억 탈세""",Economic
클라우드 시장 매출 9조 원 넘어... 2024년보다 25.5% 성장,Economic
‘K 벤처 신화’ 끝나나… 과기원생 10명중 1명만 “창업 도전”,Economic
파업 불참자에 또 협박… 법 위의 삼전노조[현장에서],Economic
서울 매물 두달새 40%↑…‘양도세 공포’에 내달 더 나올듯,Economic
"박윤영의 KT, 임원 30% 교체 ‘쇄신’",Economic
작년 13조 소비쿠폰 풀었는데…카드사용액은 찔끔 증가,Economic
"전세금으로 ‘이자 장사’하고 8억 꿀꺽…국세청, 다주택 임대업자 탈루 정조준",Economic
"세제 혜택 줬더니 2088억원 탈루…국세청, 1조원대 임대업자 세무조사",Economic
"유엔 인권이사회, 북한인권결의안 채택…24년 연속",Politics
"정부, 독도 조사·접근성 강화...5년간 4,339억 투입",Politics
"이혁재, '한동훈 만세' 외친 청년에 ""내가 젊었으면 폰 던졌다""",Politics
민주 경기지사 후보들 첫 토론‥정책·공약 설전,Politics
"김재섭 ""정원오, 구청장 시절 여직원과 칸쿤 출장...의결서엔 남성 기록""",Politics
"李대통령 ""종량제 봉투 재고 충분…지엽적 문제 과장돼""",Politics
김부겸 대구시장 적합도 49.5% ‘1위’…국힘 후보 지지율 합계보다 높다,Politics
이 대통령 “한·인니 전투기 공동개발 세계적 모범…방산협력 확장”,Politics
"김부겸 전 총리 ""대구가 가슴속에 가진 잠재력 이번에 저하고 한번 폭발시킵시다""",Politics
"진성준 ""부동산 보유세 인상, 7월 세제개편 포함 가능성 상당""",Politics
"김용, 박상용 검사 녹취록에 격분... ""빙산의 일각, 조작 수사의 스모킹건 드러났다""",Politics
"[영상]“원샷이에요?” 한라봉 주스 들이킨 李대통령, ‘하GPT’등 참모들에게 초콜릿 선물 쐈다",Politics
부산 북구갑 가상대결 조국 29.1% vs 한동훈 21.6%…출마 여부 변수로,Politics
"김재섭 ""정원오, 출장女직원 男으로 둔갑""…鄭 ""구청 측 실수""",Politics
"조정훈 ""강제 회비·공천 개입 없었다""…공천헌금 의혹 반박",Politics
"한동훈 ""욕을.. 너무 화내지 말라""·조국 ""세상이 자기 중심으로 돌아가는 줄 아나""",Politics
"이 대통령, 중동발 에너지 위기에 ""긴급할 경우 긴급재정명령 가능""",Politics
"[르포]""사람보고 찍어야지 안그래예"" VS 미워도 다시 한 번…흔들리는 부산",Politics
[뉴스포커스] 김부겸 출마 선언…보수 텃밭 ‘대구 선거판’ 요동,Politics
"이 대통령, '종량제 봉투 대란'에 ""헛소문 퍼뜨린 사람 찾으라"" 경찰에 지시",Politics
"김용태 ""제주 ⅓은 후보도 못 내, 국힘 후보 다 흰색…장동혁, 그런데도 이혁재를?""",Politics
“또 ‘오세훈 했다’ 비판 듣고 싶나”…吳 집중 견제하는 與 후보들,Politics
"김재섭 “정원오, 女직원과 칸쿤 출장가고 성별 바꿔” vs정원오 “정상 공무, 무도한 네거티브”",Politics
"김재섭 “정원오, 女직원과 출장후 서류엔 ‘남성’” 鄭 “단순실수…정상공무”",Politics
"이재명 대통령 ""종량제봉투 재고 충분…원유 北 유입 등 헛소문 낸 이들 찾아내야""",Politics
"장동혁 ""전재수·김병기에 장경태까지 與는 '슬로우'…사법 잣대 고장나""",Politics
정원오 측 “여직원 성별 오기는 단순 실수…출장 11명이 같이 갔다”,Politics
"국힘 예비후보, 대놓고 '윤어게인'...""고성국 앞에서 충성 검증하나""",Politics
"이 대통령 ""쓰레기봉투 사재기 할 이유 없어…원유 90만 배럴 북한 갔다는 헛소문 신속 수사""",Politics
"김재섭 “정원오, 여성과 단둘이 해외 출장 뒤 서류엔 ‘남성’으로 기록”",Politics
'전쟁 추경' 국회 심사 곧 시작...대북송금 녹취 폭로전 가열,Politics
"김재섭 ""정원오 女직원과 칸쿤 출장, 서류엔 男""…鄭측 ""무도한 네거티브""",Politics
"임이자 ""이혁재 '주홍글씨'에 너무 야박.. 입시비리 확정 받아도 사면돼 당대표 하는데""",Politics
"“15년만 젊었어도 휴대폰 던졌다”…이혁재, ‘한동훈 만세’ 외친 청년 비난 논란",Politics
"조국 ""Fu○○…"" 노래에 한동훈 ""그런 욕은 트럼프도 안한다""",Politics
"李대통령 ""쓰레기봉투 가격 안 올라…사재기 이유 無""",Politics
"박상용 ""이화영 측 종범 주장에 진술 요구한 것…회유 아니다""",Politics
"국힘 ""정부 부동산 정책, 단순 실패 넘어…청년·신혼부부 삶 파괴""",Politics
"“나를 향해 욕” “자기애 강한 듯”…한동훈-조국, 격해지는 말싸움",Politics
"국힘 ""선거 뒤로 미룬 증세폭탄 국민이 심판할 거""",Politics
"국정조사 특위, 대장동 일당 증인 채택 전망…한동훈 연일 “날 불러달라”",Politics
‘북한 무인기 침투’ 도운 국정원 직원 1명·군인 2명 검찰 송치,Politics
[속보] 李대통령 “헌법상 긴급재정명령 활용할수도…국민 유류소비 줄여달라”,Politics
"F-51D 몰고 6번째 출격, 적 벙커 파괴하다 대공포 맞고 산화한 김현일 공군 대위 4월의 6·25전쟁영웅 선정",Politics
이 대통령 'ABC론' 반박? 발언 원문은 '비정상 정치' 직격,Politics
"대구시장 여론조사, 김부겸 49.5% 1위... 추경호 15.9%",Politics
"""중국판 신분제 만들려 하나""…국힘 ""주택 세금 시한폭탄 빨라진다"" 경고",Politics
"김동연, 4년간 月400만원 ‘남몰래 기부’ 깜짝공개된 사연…“생색내고 싶지 않았다”",Politics
"이념보단 이해관계…'캐스팅보터' 중도층, 여전한 변수",Politics
"이진숙 ‘김부겸, 국힘 후보들 압도 조사’ 공유…“평생 경험치 못한 일”",Politics
"[단독]'대구시장 컷오프' 주호영, 오후 장동혁 면담…컷오프 결정 취소 요구",Politics
"대구시장 잡음 속 김부겸 등판…국힘, 이젠 ‘영남당’도 위태[이런정치]",Politics
국민의힘 “대구 시민이 표 찍는 기계? 김부겸 막말”,Politics
"""정원오, 서울시 책임 묻는 건 무책임""…전현희, 성폭력 논란 '성동문화원장' 재임용 직격",Politics
"정춘생 ""'고문기술자' 이근안, 훈·포장 16개...달랑 1개만 취소, 평생 떵떵, 굉장히 충격""[여의도초대석]",Politics
확 바뀐 청와대 홈피... 대통령과 함께 찍은 사진 '화제',Politics
"권영진 “옆집 아줌마 이정현이 혼내면, 대구 자존심 상해”",Politics
"[직격인터뷰] 민형배 ""노무현·문재인·이재명식 정공법으로 네거티브 돌파""",Politics
"권영진 “이정현 공관위, 대구시민 무시…국힘 바보짓이 김부겸 불러내”",Politics
“女군 ‘발차기’에 男군 ‘으악’” 김정은 박수…“딸 주애 위해서” 분석,Politics
전용기 “짜깁기라고? 전체 공개 감당하겠는가”…쌍방울 형량 거래 의혹 ‘일파만파’,Politics
"與허소 ""김부겸 박빙열세→박빙…여론조사 10%정도 빼고 봐야, 해볼만 해""",Politics
"한동훈 ""'FXXX', 내게 욕…트럼프도 안 써"" vs 조국 ""자기애 강한 듯""",Politics
"민주, 김부겸 앞세워 동진…국힘 '대구가 자판가냐' 움찔",Politics
"한동훈 ""이혁재 기용한 것 보니…아직도 미련 못 버렸다""",Politics
지선 후 곧장 보유세 인상? 진성준 “7월 개편 가능성”,Politics
"진성준 ""보유세 인상 7월 개편 가능성""…국힘 ""정략적 술수""",Politics
"한동훈, 서영교 저격 “李 제거, 내가 설계했다면 나 부르라”",Politics
"정부, '12·12 군사반란' 맞선 고 김오랑 중령 무공훈장 추진",Politics
"주애 없던 날, 발차기로 남군 제압한 여군…기상천외 '차력쇼'도",Politics
이젠 대놓고…국힘 윤갑근 충북지사 예비후보 “저는 윤어게인 후보”,Politics
천하람 “형량거래 주범은 박상용 아니라 서민석”,Politics
"한동훈 ""조국 'FXXX', 내게 욕?…한번 붙자""→ 曺 ""착각도 참, 내 출마지로 오든지""",Politics
"이혁재, '한동훈 만세' 외친 청년에 ""15년만 젊었어도 폰 던졌다""",Politics
"한동훈 ""조국, 트럼프도 안하는 욕을"" vs 조국 ""강한 자기애, 우습다""",Politics
민주 경기지사 후보들 첫 토론‥정책·공약 설전,Politics
"전과 이력에 발목 잡힌 민주 현역, 경선 불복 탈당 국힘 현역 공천 잡음 여야 동시에",Politics
"장성철 ""주호영 만났더니 가처분 기각시 '무조건 무소속'…나도 놀랐다""",Politics
"한화디펜스-필리조선소, 미 해군 첫 수주…차세대 군수함 개발",Politics
"한동훈 ""국힘 당권파 아직 미련 못 버려…그러니까 이혁재 기용""",Politics
"[단독] 공공정비 용적률 상향 반쪽효과…강남·용산 사업장, 인센티브 대상 제외",Politics
김동연 “아무나 나와도 이긴다고? 4년 전 0.15%P 차로 이겨…‘민심 후보’ 필요” [인터뷰],Politics
이정현 '전남광주통합시장' 출마 시사…巨與 안마당 선택 속내는,Politics
"트럼프 ""아랍국이 이란 전쟁 비용 내라""…걸프전 방식 재현하나?",Politics
국민의힘 내홍 속 김부겸 등판…위기 커지는 대구시장戰 등 [3/31(화) 데일리안 출근길 뉴스],Politics
"인천·김포, 5호선 연장 추진에 역사 신설 추가 요구로 갈등",Politics
"[인터뷰] 박수민 ""오세훈 뛰어넘을 최고의 혁신상품…정책 1순위 주택""",Politics
"[인터뷰] 박주민 ""본인만 吳 이긴다는 후보 있어…누가 더 민주당다운지""",Politics
"[청와대 스케치] 李대통령 “이념·가치, 뭐가 중요한가…‘다수 국민의 최대 행복’이 기준”",Politics
문정인 연세대 명예교수 “美 군사행동 제어할 존재는 남한… 北이 대화 나서야 할 이유” [세계초대석],Politics
굳건한 지지율에 '대구' 김부겸까지…무서울 것 없는 민주,Politics
美 급했나…35년만에 투하한 ‘대전차지뢰’ 위력은[이현호의 밀리터리!톡],Politics
"결국 등판한 김부겸 “이것도 내 팔자”…‘대구는 대구’, 이번엔?",Politics
"“주소만 옮기고 세금 깎는다”… 李, ‘유령 본사’ 구조 정면 겨냥",Politics
경찰이 피해자에 “소문나면 쪽팔리잖아”···인권변호사가 ‘불송치 대나무숲’ 만든 이유,Politics
"한화, 대형 항공우주 방산기업 도약…LIG, 종합 무장체계 업체 발돋움",Politics
KAI 민영화·풍산 매각설…K방산 ‘합종연횡’ 신호탄 되나,Politics
"이혁재 ""언론 비판? 두렵지 않아…100만 유튜버 될 때까지 투쟁할 것""",Politics
"이혁재 ""휴대폰 던졌을 것""…국힘 청년 오디션 탈락자 향한 발언 논란",Politics
경쟁 넘어 원팀된 이철우·임이자…돋보이는 대승적 공조,Politics
"李대통령, 전국 12곳 타운홀 대장정 마침표…靑 '시즌2' 시동",Politics
선거 끝나면 보유세 올리나… 예결위원장 “7월 세제 개편 가능성”,Politics
"신정훈, 강기정 꺾고 단일화… 전남광주·대전 與 경선판 ‘요동’",Politics
"광주에서 제주까지…李 12회 타운홀미팅, 뭘 남겼나",Politics
AX·로봇·TK통합까지?…김부겸에 쥐어줄 與 선물보따리,Politics
"MB ""尹 말 적고 술도 못하는 줄""…그날 만찬장서 벌어진 일 [이명박 회고록]",Politics
"""다 싫다""는 '콘크리트 무당층' 27%, 野 4당 지지율보다 높다",Politics
"[단독] 김부겸 “대구가 왜 국힘 지켜야하노, TK통합 재추진 할 것”",Politics
"대구는 혼란, 경기는 구인난…국힘, 여전한 안갯속 공천",Politics
[시대광장] 하늘에서 햄버거가 오는 도시,Politics
"제주동문시장 방문한 李대통령 “여보, 얼갈이 김치 사줘”… 오메기떡 나눠 먹고 은갈치·옥돔 구매",Politics
김부겸 “대구가 국힘 버려야 진짜 보수 살아” 출마… 野는 자중지란,Politics
李 “에너지 문제에 잠이 잘 안와… 화석 의존하면 미래 매우 위험”,Politics
"'거리의 변호사' 박주민 ""돈 벌어오는 서울시장 되겠다"" [인터뷰]",Politics
"""보수 쇄신""엔 한목소리, 행동은 따로따로… 오세훈·한동훈·유승민은 왜?",Politics
"""한국에서만 가능한 북한뷰 카페""…'북멍'하러 오두산 찾은 시민들",Politics
"영화 ‘서울의 봄’ 정해인 열연 故김오랑 중령, ‘무공훈장’ 받는다",Politics
"'출마 왜 한 건지'…한준호·추미애·김동연, 與경기지사 본경선 토론 '난타전'",Politics
“우리가 국힘 자판기냐” 대구서 고개드는 심판론,Politics
"김동연, 추미애에 ""정말 궁금해서…경기도지사로서 뭘 하려는지""",Politics
후보 교통정리도 안 돼… 주호영·이진숙 무소속 출마 시사,Politics
"“尹 못 끊고, 당은 두쪽, 이젠 공천 파동… 국힘 보면 천불이 난다”",Politics
李 “에너지 때문에 난리… 사실 잠 안올 정도로 심각”,Politics
"진성준 “보유세 인상, 7월 가능성 커”",Politics
나경원 “박상용 녹취록 짜깁기 조작…전체 녹취 당당히 공개하라”,Politics
12·12 신군부 맞선 김오랑 중령 戰死 반영해 46년 만에 ‘보국훈장→무공훈장’ 교체 추진,Politics
"[단독] 軍, ‘彈 뱅크’ 설립해 ‘미사일·로켓·폭탄·드론’ 비축량 획기적으로 늘린다",Politics
"북·중·러에 잘못된 신호 준다, 미 ‘하르그섬 점령’ 딜레마",Politics
"이혁재, ‘한동훈 만세’ 외친 청년에…“15년만 젊었어도 폰 던졌다”",Politics
"""참패 받아들여야"" 국힘 내부 반성 목소리 쏟아졌다",Politics
김진태-우상호 '도청 신청사 착공' 공방,Politics
"""우선 열심히 뛸 수밖에""…교통정리 필요한 '계양을·안산갑', 정청래 선택은?",Politics
국민의힘 내홍 속 김부겸 등판…위기 커지는 대구시장戰,Politics
"[르포] ""대통령은 싫어도 김부겸은""…'보수 아성' 대구마저 흔들?",Politics
"지지율 코너 몰린 장동혁, '내부결속·대여투쟁' 호소 통할까",Politics
金 ‘보수 회초리론’… 대구의 선택은,Politics
"'보수심장' 흔드는 민주당…김부겸, 대구 등판 '동진전략' 본격화",Politics
"한동훈 ""국힘 일부 아직도 윤어게인…그러니까 이혁재 기용""",Politics
"한동훈 ""'그알' 사과받은 李 대통령...내 가짜뉴스도 사과하라""",Politics
미 전문가들 “김정은 협상 나오게 하려면 ‘비핵화 후순위' 접근 필요”,Politics
"정부, 12·12 반란 맞서다 숨진 故 김오랑 중령에 ‘무공훈장’ 추서 추진",Politics
"여야 '박상용 녹취록' 공방…여 ""조작 수사 주범"" 야 ""집단 린치성 공격""",Politics
"안철수, 유상증자 결정한 한화솔루션에 ""한화트러블"" 비판",Politics
"'서울의 봄' 정해인 역 故김오랑 중령…정부, 무공훈장 추진",Politics
[인터뷰]주호영 “날 컷오프? 임진왜란에서 이순신 빼는 것”,Politics
[윤정호의 앵커칼럼] 범죄자 전성시대,Politics
"이혁재, ‘한동훈 만세’ 외친 청년에 “15년만 젊었어도 폰 던졌다”",Politics
"조국 ""유시민 ABC론, 대통령 참칭 갈라치기에 개탄한 것""",Politics
‘12·12 반란’ 맞선 故김오랑 중령에 무공훈장 추진,Politics
"李 ""제주 4·3, 나치 국가폭력""에 발끈한 윤상현…조사보고서 보니",Politics
"이명박 ""인정하자, 보수는 참패했다""…쏟아낸 '쓴소리'",Politics
"김부겸 ""국민의힘 정신 차리게, 나를 써 달라""",Politics
"""여보, 김치도 삽시다""…이 대통령 부부, 동문시장서 1시간 넘게 '제주 장보기",Politics
李 “화석에너지 의존하면 위험…재생에너지로 빨리 전환해야”,Politics
임미애가 김부겸 출마선언 때 눈물 흘린 이유,Politics
"金여사와 제주 동문시장 찾은 李대통령, 특산품 쇼핑 나서",Politics
"제주 동문시장 찾은 李대통령, 金여사에 ""여보, 얼갈이김치 삽시다""",Politics
김부겸 치고 나가는데…출발도 못하는 국힘,Politics
"이인선, 컷오프 된 주호영·이진숙에 ""'선당후사'해 달라""",Politics
"제주 동문시장 찾은 李대통령, 金여사에게 ""얼갈이김치 사달라""",Politics
"[비하인드 뉴스] 억울함 호소한 이혁재…""휴대폰 던질 뻔"" 구설",Politics
[광주·전남 주간정치] 오승용 “신정훈 단일후보 확정…효과 어디까지?”,Politics
"朴은 시의원, 朱는 시당 인사…3040 앞세운 캠프",Politics
"李대통령, 김 여사와 제주 동문시장 방문…""여보, 김치도 삽시다""",Politics
오세훈 “민주당만 아니면 누구든”…한동훈·이준석과 연대론 원론적 공감,Politics
민주 ‘김부겸發 동진’ 가속…국힘 ‘반쪽 영남당’ 경고음,Politics
장동혁이 택한 위기 돌파 전략 '이재명 때리기'…통할까?,Politics
"'고문 기술자'가 받은 훈장만 16개... 김근태가 찾아낸 '그 눈빛' [김종성의 '히, 스토리']",Politics
"이혁재 ""언론 비판 두렵지 않아…100만 유튜버 될 때까지 투쟁할 것""",Politics
"주애 없던 날, 발차기로 남군 제압한 여군…기상천외 '차력쇼'도",Politics
"4년 전 '팽', 이제와 '꽃가마'? 국힘 '유승민 차출론'의 그림자",Politics
"""강남 아파트 팔아라"" ""사법리스크""…野대구시장 토론회서 추경호 집중포화",Politics
"이혁재 손 쳐들며 ""폰 던져버릴라""...'한동훈 만세' 청년에 분노",Politics
"윤희석 ""MB, 오죽 답답했으면 이렇게 말했겠나...집에 갈 사람들 직격""",Politics
"빗속에서 수백명이 ""김부겸"" 연호... ""국힘 버려야 대구가 산다""",Politics
"李 ""오늘 결혼 35주년"" 깜짝 발언…제주서 꺼낸 신혼여행 기억이",Politics
김부겸 등판으로 판 바뀐 대구…앞으로 전망은 [뉴스추적],Politics
"韓, 주한미군 중동 차출 불안한데… “北은 위협 강화로 인식”",Politics
김부겸 “대구 시민과 지역소멸 절망의 벽 넘고파”…국힘은 “위기감” 긴장,Politics
"""낙지 내가 사겠다!"" 박주민·정원오 '계산 경쟁'에 전현희는 ""굴 살게요~""",Politics
尹어게인 품은 국민의힘 '청년 오디션'…최종우승 10명 중 여성은 '0명',Politics
"박수민 “서울 주택난, 年 10만호 꾸준한 공급으로 해소” [서울시장 출마자에 듣는다]",Politics
공천 늪 빠진 장동혁… 유세현장 못 가고 연일 ‘SNS 대여공세’,Politics
MB가 13년만 한 말 “보수 그냥 진게 아니라 참패”,Politics
美 지상군 호르무즈 투입 딜레마… “장기 점령 불가능 압박용” 분석,Politics
“이재명이가 잘하는 거 맞잖아” vs “김부겸? 대구는 국힘이 된다 마” [르포],Politics
‘청년’ 대신 ‘논란’만 키운 국힘판 청년오디션,Politics
주호영 변수·김부겸 등판까지… “안방도 위험” 국힘 대구 패닉,Politics
"한동훈 “재보궐, 아직 안 정해…장동혁 지도부, 민심에 못 다가가”",Politics
"[맞수토론] 국힘, 유승민 출마 거듭 설득…끈질긴 SOS 통할까?",Politics
"국힘 통제불능…컷오프 이진숙, 흰옷 입고 ""대구시장 예비후보""",Politics
화두는 북항재개발… 여야 입법 선점 경쟁 2라운드,Politics
李 “오늘이 결혼기념일” 제주 신혼여행 얘기한 이유,Politics
"신정훈, 강기정 제치고 단일후보…與 전남광주시장 경선 4파전(종합2보)",Politics
"""한동훈 복당 만세"" 이혁재, 돌발행동 오디션 참가자에 분노",Politics
"박상용 녹취 파문…서민석 ""그럼 내가 XX짓 한 건가"" 공개 예고[박지환의 뉴스톡]",Politics
"李대통령 ""정치는 현실…이념·가치, 뭐가 중요한가"" 정치권 일갈(종합)",Politics
"李대통령, 결혼 35주년 깜짝 공개… “신혼여행 올려고 그전에 제주도 안 와”",Politics
[단독] 공공정비 용적률 1.3배 올려도…사업장 40%는 혜택 못 받아,Politics
"김부겸, 12년만의 출사표…대구, ‘김부겸이냐 국민의힘이냐’ 진검승부",Politics
"[인터뷰] 김동연 “추미애는 개혁자산, 나는 바로 쓸 현금자산”",Politics
"박원석 ""이진숙, 대구 보궐 공천에 눈독…주호영 무소속 출마 여부 큰 변수""[박영환의 시사1번지]",Politics
"한동훈·이준석과 연대론⋯오세훈 ""민주당 아니면 누구든""",Politics
"김부겸 ""대구가 앞장서 국힘 버려야 … 저를 써달라""",Politics
"""들뜨면 안 돼""·""마타도어 근절""…與, '승리 낙관론' 거듭 경계(종합)",Politics
"‘하르그섬 점령’은 나비 날갯짓…주한미군, 중·러 견제 맡을 판",Politics
무시무시한 北특수부대…손으로 못 짚은채 허리 위 벽돌 부숴,Politics
"李, 제주 타운홀미팅 참석 “오늘 결혼기념일, 신혼여행 생각나”",Politics
"위기의 낙동강 전선…""張, 마지막 골든타임 잡아라""",Politics
"한동훈 “‘그알’ 사과 받은 李대통령, 내 가짜뉴스도 사과해야”",Politics
김부겸 출사표…요동치는 대구 민심,Politics
"새민주 “김현지·한동훈 뺀 공취모 국조, ‘6시간중 92초’ 박상용 녹취 짜깁기도 자충수”",Politics
李 “정치는 현실”…똑같이 베버 인용해 유시민 ‘ABC’ 우회비판,Politics
"“보여도, 안 보여도 걱정”…장동혁 ‘부산 지원’ 올 수 있을까",Politics
"ICBM 출력 강화…김정은, 새 고체엔진 시험 참관 “전략적 군사력 최강”",Politics
"'대구시장 출마' 선언한 김부겸, '보수의 심장' 뒤집는 이변 만들까",Politics
"오세훈 ""민주당만 아니라면 어떤 정파·인물이건 통합 정치 필요""",Politics
"김부겸, 대구시장 출사표…국힘은 공천 잡음 여전",Politics
"'컷오프' 이진숙 ""모든 가능성 열어두겠다""…무소속 출마 시사",Politics
"김부겸 등판에…국민의힘 대구시장 예비후보, 견제구(종합)",Politics
"'신당역 스토킹 살인 사건 막말' 시의원, 민주당 단수공천 받아",Politics
"닛케이 “이란, ‘거대한 북한’될 수도···호르무즈 인질로 세계 위협”",Politics
조국과 빅매치? 주한 연대?…한동훈 ‘등판’할까 [황현희의 불편한 여의도],Politics
"[현장] '빗속 출마' 김부겸 ""도와주이소""…시민들 ""뒤집어엎자""",Politics
김부겸 등판에도 국민의힘은 공천 내홍 지속…‘보수의 심장’에서 ‘격전지’된 대구,Politics
“보수 참패” MB 일갈에 보수 야권 자성 목소리…“충격파 필요”,Politics
"""왜 식당 사장이 백신 확인하나""…설채현, 반려동물 규제 정조준",Politics
김부겸 前 총리 대구시장 출마 공식 선언…“대구 시민을 주인으로 받들겠다” [6∙3의 선택],Politics
"호남 출마 시사한 이정현…국민의힘 지방선거 공천 ""모두 잃었다""",Politics
"전재수 ""부산글로벌법, 제가 끝까지 책임""…주진우 ""쇼 좀 그만""",Politics
"오세훈, '吳·韓·李 연대론'에 ""민주당만 아니면 어떤 정파·인물이건 필요""",Politics
"국민의힘 대전 공천 후폭풍... 김현호 ""경선 포기""·김연수 ""재심 신청""",Politics
진성준 “7월 세제개편안에 부동산 보유세 인상 가능성”,Politics
"제주 찾은 李대통령 ""전세계 에너지 문제로 난리…잠이 안 온다""",Politics
"김부겸 전 총리 ""대구가 가슴속에 가진 잠재력 이번에 저하고 한번 폭발시킵시다""",Politics
"""김부겸 버릴 만큼 대구 여유 있습니까""…힘 있는 여당 후보 선물 보따리 풀었다",Politics
김부겸 “대구가 국힘 버려야 보수가 산다”,Politics
북한판 ‘독거미 부대’? 여군 특수부대 과시한 이유,Politics
"조갑제 ""김부겸, 대구서 '1대 1 구도' 붙어도 유리해""",Politics
선거판엔 동지도 없다… 찐명 vs 찐명 ‘사생결단’,Politics
"與, 경선 과열에 의원 자제령…후원회장·직책 금지",Politics
"이 대통령, ABC론 언급?···“국민을 기준으로 판단하면 이념·가치·성향이 뭐 중요하겠나”",Politics
"진성준 ""부동산 보유세 인상, 7월 세제 개편안에 포함될 가능성 상당""",Politics
김부겸 전 총리 출마선언…데이터로 본 '대구 디비질까?' [이브닝 브리핑],Politics
"""보수 참패 인정해야, 尹은 이미 과거""…MB의 일침",Politics
"""조정훈 의원 측에 운영비 강제 징수, 책 강매, 불출마 종용당해""",Politics
"여당, 전현희·박주민·정원오 서울 최고위…“보여주기 행정 끝내야” “들뜨면 안 돼”",Politics
"협상 잘 된다는 트럼프, 하르그섬 점령도 거론",Politics
"25조 정부안 곧 국회로...""전쟁 추경"" VS ""매표용""",Politics
충남도 금강수목원 매각 강행에 시민사회 '강력 규탄',Politics
장동혁·이준석 비공개 오찬 회동…‘보수 대여 투쟁’ 공조 재가동,Politics
"李대통령 “100명 꽹과리나 1명 이메일 똑같이 취급한다""",Politics
李 “에너지 문제로 난리... 잠 안 올 정도로 상황 심각”,Politics
김부겸 대구 상륙…'대북송금 녹취' 여야 설전,Politics
"오세훈 ""정원오, 성동구서 벌어진 성폭력 혐의자 인사건 서울시에 왜 미루나?""",Politics
민주는 ‘지도부 밀착’ 하는데 국힘은 ‘기피’… ‘장동혁 리스크’ 현실화,Politics
"김부겸, 與 '험지' 대구 맡는다…정청래는 '격전지' 서울 다지기",Politics
"이 대통령, 5살 손편지에 ""할아버지 말고 아저씨"" 깜짝 답장",Politics
"손 쳐든 이혁재, “한동훈 복당 만세” 외친 청년 탈락자에 한 말",Politics
"7월 세제 개편 보유세 인상 포함되나… 與 진성준 ""가능성 상당""",Politics
"안철수 ""한화솔루션, '한화트러블' 됐다""…유상증자 직격",Politics
7월 세제개편에 ‘부동산 보유세 인상’? 진성준 “가능성 상당해”,Politics
"진성준, 구윤철 '보유세 최후수단' 언급에 ""7월 가능성 상당히 커""",Politics
오세훈 “대통령보다는 서울시장 5선 원해…민주당 되면 박원순 시즌2 시작”,Politics
"[르포] 김부겸 출마, 대구민심 들어보니…""변화 기대"" vs ""진정성 의심""",Politics
"'부정선거TF' 주장한 국힘 김민수 ""기자들, 왜 부정선거론으로 몰고 싶어하나""",Politics
"김부겸 ""李 정부 욕만 한 국힘, 뭘 할 수 있나…제가 대구시장 돼야""",Politics
김부겸에 맞설 적임자 누구?…국힘 대구시장 후보 '대혼전',Politics
고문경찰 웃겠다…수사암장·불심검문의 나라 [한기호의 정치박박],Politics
"""제 전화 받아적으소"" 김부겸 공식 등판… 보수텃밭 흔들 3가지 무기",Politics
"""'이재명 주범' 돼야"" 녹취 파문...與 ""박상용 즉각 수사해야"" 이화영 석방 촉구도",Politics
"추경호 ""김부겸, 경기서 전원생활 즐기다 대구 출마…본인 선택인가""",Politics
"李 대통령, 제주 제2공항 찬반 물으며 “잘 판단해달라”",Politics
"고성국 ""이정현, 전남광주 출마할 것...이정현 진정성 부정하지 말라""",Politics
“이진숙 뇌 구조 이상” “법카의 여왕” 최민희 모욕죄 무혐의,Politics
"[단독] 조광한 만난 이진숙 ""이정현 만나겠다""…'8인 경선' 요구",Politics
가난한 노인에게 지하철은 생존의 통로입니다,Politics
도끼·곡괭이로 배 찍으면서 기합…'차력쇼'로 도배된 北 특수부대 시범,Politics
"김부겸 등판에 추경호 ""정청래 야욕을 위한 호출""",Politics
"강찬호 ""이재명 정부, 돈 푸는 단기 처방보다 진짜 실력 보여야""[박영환의 시사1번지]",Politics
김부겸 출마에 대구 선거판 요동…보수 텃밭 '격전지'로(종합),Politics
[르포] 李대통령 지역구 인천 계양을…‘5선 당대표’ 송영길 vs ‘靑 대변인’ 김남준,Politics
"결선 대결 노영민·신용한, 본경선 탈락 후보에 구애 작전",Politics
"부엉이바위서 노무현 대통령 조롱한 청년, 국힘 오디션 최종 우승",Politics
"이 대통령 ""정치인, 신념·가치 실험은 옳지 않아... 다수 국민의 최대 행복 중요""",Politics
"李대통령 ""에너지, 잠 안 올 정도로 심각…재생에너지로 신속 전환""",Politics
"‘공소취소’ 갈등하던 김어준과 친명, ‘조작기소’엔 공동 전선",Politics
"[고수다] ""결국 국힘 찍는다고? 대구 자존심 상해""‥""유승민도 몰라, 마지막 기회""",Politics
"나경원 ""與, 짜깁기 녹취로 국민 속여…서민석, 청주시장 공천 받으려 폭로""",Politics
"4·3 박진경 대령 서훈 취소 언제…유공자 취소 심의, 반년 걸릴 수도",Politics
"이재명 대통령 ""오늘 결혼기념일""...제주도서 신혼여행 얘기 꺼낸 이유",Politics
"국힘, MB '보수 참패했다'에 ""뼈아픈 지적이라고 생각""",Politics
"""李 주범 회유, 박상용 검사 아닌 이화영 변호인의 싸구려 수작""",Politics
박상용 검사 녹취에 與野 공방…“조작기소 확인” vs “명백한 가짜 뉴스”,Politics
"이혁재, '한동훈 만세' 외친 청년에 ""내가 젊었으면 폰 던졌다""",Politics
"김부겸, 대구 출사표…'대북송금' 녹취록 공방",Politics
"25조 정부안 곧 국회로...""전쟁 추경"" VS ""매표용""",Politics
"[현장FACT] ""대구가 표 찍어주는 기계냐?""...'대구시장 출마' 김부겸, 국민의힘 직격 (영상)",Politics
"이명박 ""보수는 참패했다…국힘, 반성 없이 분열만"" 직격",Politics
"김부겸은 동진, 이정현은 서진…본진 공략 앞장서는 OB들",Politics
"최민희 ""이진숙 뇌 구조 이상, 빵진숙, 법카의 여왕…경찰 모욕죄 '혐의없음' 불송치""",Politics
정청래 따라 노량진 간 與서울시장 후보들 “내가 살게” 계산 경쟁,Politics
"이혁재 ""좌파였어도 그랬겠냐…'한동훈 복당' 외친 참가자에 폰 던질 뻔""",Politics
“종량제 봉투 부족해지면 일반 봉투 사용도 허용”,Politics
"박주민·정원오 신경전 계속…지도부는 ""언행 자제"" 당부",Politics
"“보수, 참패 인정이 먼저”…쓴소리 쏟아낸 이명박, 현 정부엔?",Politics
"국힘, 유승민 '불출마 변화 없다'에도 설득 총력 ""다양한 채널 노력""",Politics
"정현주·박미경 여수시의원 예비후보, 민주당 경선 '컷오프'에 항의",Politics
[연합뉴스 이 시각 헤드라인] - 14:30,Politics
"한동훈, ""대통령 된 다음 불리한 방송 조지면…"" 김종배 ""MBC 압수수색은?""",Politics
팔뚝에 도끼 내려쳤다…'차력쇼' 뺨친 北특수부대에 김정은 미소,Politics
"野, '박상용 녹취' 공개에…""민주당 또 공작 정치, 선거용 짜깁기""",Politics
국민의힘 울산 '음주 운전' 시·구의원 공천·경선 후보 결정 '논란',Politics
“‘경선 원칙’ 강조한 민주당”…순천만 6곳 중 4곳 단수공천 왜,Politics
"신정훈 “강기정과 단일화, 시대의 열망이 만난 화학적 결합”",Politics
"수산시장 상인들 만난 정청래 ""우리 중 누가 제일 얼굴 커요?""",Politics
선거 뒤 부동산 보유세 올리나…진성준 “7월 세제개편 가능성”,Politics
"박원석 ""장동혁, 리더십 잃어...선거 때 극우 유튜브 찾아갈 것""",Politics
"이혁재, 국힘 심사위원 논란에 ""내가 좌파였어도 이랬을까""",Politics
"이명박 ""인정하자, 보수는 참패했다""…13년 만의 인터뷰에서 탄식",Politics
"이명박 ""보수, 그냥 진 게 아닌 참패 인정해야…윤석열은 이미 과거""",Politics
이정현 험지 출마 시사에…국힘 “삼고초려해 모실 분”,Politics
"나경원 ""與 공개 박상용 녹취록은 짜깁기…전체 녹취록 공개해야""",Politics
"[人사이더] 이준석 “미국은 반도체에 물 대줄 때, 한국은 물 빼는 꼴”",Politics
[단독] “中企 가느니 군복무” 박사과정 전문연구요원 신청자 4년 만에 반토막,Politics
"103번째 '금귀월래' 박지원 의원 ""음성이 나왔는데 조작했다고? AI가 했냐!!!""",Politics
"[홍성] 민주당 군수 후보, '경선 확정'… 이종화·손세희 2파전",Politics
"이화영 석방 위한 시민행동 ""박상용 검사 즉각 체포해야""",Politics
"조갑제 ""대구시장 김부겸 우세… 변수는 '주호영-한동훈' 연대""",Politics
"KBS 추가녹취록 공개 ""박 검사 발언 부적절"" 박상용 ""짜깁기 허위왜곡""",Politics
"김현정, '전쟁 추경' 골든타임 경고…""국민의힘, 언제까지 발목만 잡을 건가""",Politics
"최혁진, '조희대 탄핵안' 발의 초읽기... ""112명 서명 완료, 안 나가면 내쫓을 것""",Politics
"김동아, 박상용 검사 '이재명 주범 회유' 녹취...""정치검찰의 추잡한 거래""",Politics
"박상용 검사 녹취 논란…""李 잡으려 진술조작"" vs ""짜깁기""",Politics
"李 대통령 ""할아버지 말고 아저씨""…5세 편지에 답변 보니",Politics
"""들뜨면 안 돼""·""마타도어 근절""…與, '승리 낙관론' 거듭 경계",Politics
"""회초리 들어야 진짜 보수 살아""‥대구 격전지로",Politics
"“金총리, 진실과 다르게 말해” 주장한 美 공화당 원로에 반박 나선 정부",Politics
"'회유 녹취' 격돌…與 ""쌍방울 사건 완전조작"" vs 野 ""선동목적 증거조작""",Politics
5월에 '남북미' 아닌 '북중러 밀착' 2탄 연출?…中이 쥔 꽃놀이패,Politics
"""이재명 수사, 당연했다""… 박상용 검사, 글 7건 올리며  '공개 반박'",Politics
"“韓 종교탄압” 美 MAGA 진영 목사 주장…총리실, 조목조목 반박",Politics
"장동혁 ""천안함 유족에 면박 준 李 대통령, 북한 눈치 살피나""",Politics
"“대구, 회초리 들어야”…대구시장 나선 김부겸 출사표는 ‘보수 심판론’",Politics
"이준석 ""반도체 혈전 속 4대강 보 해체는 자해행위""",Politics
오세훈 “대통령·서울시장 중 묻는다면 후자”… ‘사즉생 각오’ 승부수,Politics
"“李정권 추경으로 표사고, 선거 끝나면 세금폭탄” 장동혁의 말",Politics
거대 양당 '불붙은' 부산시장 경선... 본선 주자는?,Politics
민주당 통합시장 경선 3강 재편…'2차 연대 승패 가른다',Politics
"25조 정부안 곧 국회로...""전쟁 추경"" VS ""매표용""",Politics
김부겸 앞세워 동진하는 민주…노선 갈등 제자리걸음 국힘,Politics
與전남광주시장경선 '단일화·연대'…'민-김' 양강판세 요동치나,Politics
"천하람 ""녹취록에 '이화영 부당회유' 안 보여…조작기소 국조는 불법""",Politics
"개혁신당 “‘진술 회유’ 녹취, 민주당의 묻지마식 폭로…내용에 문제 없어”",Politics
"삽·곡괭이로 복근 찍고, 머리로 돌판깨고 김정은 ‘박수’…북한군 고문같은 차력쇼",Politics
"강·신, 신정훈으로 단일화 ... 강기정 ""신정훈 승리가 제 승리""",Politics
"김부겸 출사표…“대구, 국힘 버려야 보수가 산다”",Politics
"국힘 '험지 구인난' 현주소…이정현, 전남광주 '셀프공천' 시사",Politics
'3말4초' 예고 조국 고심 중…부산·경기·전북 6곳 저울질,Politics
"개혁신당, 박상용 녹취 공개에 ""부당한 회유 내용 안 보여""",Politics
"""대구가 앞장서서 국힘 버려야""…'파란 피' 김부겸, 대구시장 출사표",Politics
"김부겸 “지역소멸 벽 넘겠다. 대구, 국힘 버려야” 대구시장 출마",Politics
"정청래, ‘진술 회유 의혹’ 녹취에 “조작 기소 사실이구나 생각”",Politics
"한동훈 ""李 대통령, 계산은 정확히…청담동·백해룡 가짜뉴스 사과해야""",Politics
李 “할아버지 말고 아저씨라 불러주면 좋겠다” 무슨 일?,Politics
"與 ""쌍방울 사건 하나부터 열까지 조작…수사팀 증언대 세울것""",Politics
"민형배 일부 지지자들, 신정훈·강기정 단일화에 辛 지지 '논란'(종합)",Politics
"조갑제 ""국민의힘 1대1로 붙어도 김부겸 전 총리 유리···이번 공천은 '한동훈 공포증'""",Politics
대구 최대 '격전지' 부상…김부겸 출마 선언,Politics
"이혁재, 국힘 심사위원 논란에…“좌파 였어도 이런 잣대 댔을까 의문”",Politics
손 쳐든 이혁재 “폰 던져버릴라”…‘한동훈 복당!’ 청년 막말 심사후기,Politics
"""내가 죽일 거야"" 김중남 강릉시장 후보 측 '청년 신인 사퇴' 종용 논란",Politics
이혁재 “17년 전 폭행 사건 일으킨 사람 왜 초대했느냐?…난 어디 가서 살라고”,Politics
[뉴스포커스] 김부겸 대구시장 출마 선언…이정현은 호남출마 시사,Politics
"신정훈·강기정 단일화 ""85년 그때처럼 하나의 심장으로 뛴다""(종합)",Politics
‘李 주범’ 녹취 파장 확산… 민주 ‘회유 정황’ vs. 국힘 ‘짜깁기 조작’ 정면충돌,Politics
"신정훈, 강기정 제치고 단일후보…與 전남광주시장 경선 4파전(종합)",Politics
"주호영 ""장동혁·이정현, 수습 안되니 참아달라? 김부겸과 지는 싸움해""",Politics
"정청래, 차량 5부제 동참 대중교통 출근… “계속 이렇게 다니겠다”",Politics
"민형배·주철현·김영록, '신정훈 단일후보'에 미묘한 입장차",Politics
"이준석 ""이미 다 보여줬다""…전한길 ""졸업장에 전공 왜 없나"" 의혹 제기에 반박",Politics
"장동혁 ""투표로 세금폭탄 막아야…100원 주고 1000원 뺏는 정권""",Politics
장동혁 “100원 주고 1000원 빼앗는 정권…투표로 세금폭탄 막아야”,Politics
"김부겸 ""대구가 국힘 버려야 보수가 살아…회초리 들어달라""",Politics
"민주당, 박상용 검사 집중공세‥정청래 ""검사 집단서 퇴출해야""",Politics
"與, ‘국조·추경 투트랙’ 공세 강화…정국 주도권 잡기 속도전 [이런정치]",Politics
"[지방선거 인터뷰]박수민 ""吳 돌파력 부족…서울엔 야전사령관 필요""",Politics
"김부겸 대구시장 출사표…""대구가 국힘 버려야 보수가 산다""(종합)",Politics
[속보]“대구서 주호영·한동훈 무소속 연대로 바람” 조갑제의 말,Politics
"이명박, 13년 만에 심경 토로 ""보수는 패배가 아니라 '참패'""",Politics
"[속보]“대구가 국힘 버려야…” 김부겸, 대구시장 출마 선언",Politics
"조국 ""與, 국힘 자멸에 경각심 잃어...정치개혁 약속 지켜야""",Politics
"'전쟁 추경' 제출 D-1...여 ""속도전"" 야 ""정밀 검증""",Politics
"""李정부 출범 후 서울 LH공공임대 아파트 공급 164가구 그쳐""",Politics
"안철수 ""한화솔루션 아니라 '한화트러블'…주주가 '물주'인가""",Politics
"장동혁 ""이재명 정부 100원 주고 1,000원 뺏어가… 투표로 심판해야""",Politics
"김부겸 ""국민의힘, 시민을 표 찍어주는 기계 취급⋯지역주의 극복 위해 나를 써 달라""",Politics
"MB “윤석열, 싫은 소리 했더니 말 없어져…와인 한 모금, 술 못하는 줄”",Politics
[경남 혈투]김경수 VS 박완수…전·현직 빅매치[시사쇼],Politics
"與 ""대북송금 사건, 하나부터 열까지 조작…수사팀 증언대 세울 것""",Politics
"김부겸, 12년 만에 다시 대구시장 출사표 “대구가 국힘 버려야 진짜 보수 살아나···함께 바꿉시더”",Politics
김부겸 “대구가 앞장서 국힘 버려야 ‘진짜 보수’ 살아나”,Politics
"이명박, 13년만의 인터뷰서 탄식...""보수 참패 인정해야""",Politics
[지금 북한은] 가죽점퍼에 몸짓까지 똑 닮은 부녀…사실상 후계자?,Politics
"장동혁 ""100원주고 1000원 뺏어가는 李정권, 지방선거서 심판해야""",Politics
"[자막뉴스] ""이혁재가 국힘 청년 심사를?"" 비판 일자…""룸살롱 폭행, 10년 전 일"" 하소연",Politics
이재명 대통령 지지도 62.2% 유지… “경제 지표 악화에 횡보”,Politics
李대통령 ‘칭찬 정치’…부처들 “뿌듯하면서도 긴장감 높아져” [이런정치],Politics
"김부겸의 두번째 도전 ""대구는 제 자부심, 우리 다시 함 해보입시더""",Politics
“월급 줄었다면 여기부터 봐라”… 4월 급여명세서 ‘이 항목’ 때문,Politics
김부겸 대구시장 선거 출마 “대구가 국힘 버려야 진짜 보수 살아나”,Politics
"이준석 ""4대강 보 해체는 '자해'…반도체전쟁에서 정부가 보급로 끊나'""",Politics
"이준석 “李 정부, 4대강 보 해체로 용수공급 막아…반도체 산업 자해행위”",Politics
"이준석 ""반도체 혈전 속 4대강 보 해체는 자해…용인 말고 새만금 수순""",Politics
"정청래 “쌍방울 대북송금 사건, 하나부터 열까지 조작”",Politics
"국민의힘 ""與, '범죄 가산점' 지선 공천…범죄자들로 라인업""",Politics
"장동혁 ""100원 주고 천원 뺏는 정권…지방선거서 심판해야""",Politics
"""한화솔루션, 주주들 '물주'로 봤다""...빚 갚겠다고 증자, 안철수도 맹비난",Politics
"한동훈, SNL서 ""李대통령 이러시면 안 됩니다""...'그알' 사태 언급",Politics
與 동진 본격화에 野 '적전분열'…대구서도 균열 조짐,Politics
"""그날의 약속 지키겠다"" 김부겸, 대구시장 출사표…대구 민심은 과연?",Politics
"김부겸 ""대구, 국민의힘 버려야 보수 '환골탈태'할 수 있어""",Politics
"조갑제 ""김부겸 1대1 붙어 이길 국힘 후보 없다…朱韓 무소속 연대만이""",Politics
"[속보]김부겸 ""대구시장 선거 다시 도전하겠다""",Politics
"MB ""참패한 보수가 분열까지, 무슨 희망 있겠나""",Politics
김부겸 대구시장 출마 선언…“대구가 앞장서 국힘 버려야”,Politics
김부겸 “제가 져야 할 책임은 대구…다시 함 해보입시더”,Politics
"주호영 ""부당한 컷오프, 법원이 구해줄 것... 당 잔꾀 부리지 말라""",Politics
"김부겸 ""대구가 국민의힘 버려야 보수가 산다"" 대구시장 출마 [선언문 전문]",Politics
"與 '李 주범 만들기 회유' 녹취에…국힘 ""선동 목적 증거 조작""(종합)",Politics
박상용 검사 “이화영 측이 ‘종범 의율’ 먼저 제안”...6가지 근거 들어 반박,Politics
"[현장+]지하철 출근한 정청래...""만나서 좋아"" 시민 말에 ""사진 찍자""",Politics
"장동혁 ""100원 주고 1000원 빼앗는 정권…지선 후 세금 폭탄""",Politics
"주호영, 전남광주시장 출마 뜻 이정현에 “주민 두 번 우롱”",Politics
김재원 “주호영 가처분 인용 가능성 배제할 수 없어…대구 시장 공천은 좀 더 전략적이었으면” [정치시그널],Politics
"""억울한 컷오프 없다""는 민주당…현장에선 다른 목소리 '솔솔'",Politics
"한동훈 ""이대통령, '그알'엔 사과하라더니…나한텐 왜 사과 없나""",Politics
北 추진력 높인 고체엔진 공개…다탄두 ICBM 개발 의도,Politics
"정청래, 지하철·버스 타고 출근…""저는 젊어요"" 자리도 양보",Politics
"장동혁 ""100원 주고 1000원 뺏는 정권…지선서 심판해야""",Politics
"'우린 이란과 다르다' 김정은, ICBM 고체연료 시험…특수전 훈련 참관도",Politics
"'이재명 주범' 녹취 공개에…국힘 ""앞뒤 자른 진실조작 선동""",Politics
"주호영 ""토끼도 굴 3개 만드는데 나도 준비…무소속? 시민 의견 듣고""",Politics
"이 대통령 발언 다룬 <조선> 사설, 제주 4·3이 '남로당 반란' 때문?",Politics
"與이소영 ""추경 늦으면 지방은 편성 불가…4월 2주까지 못 미뤄""",Politics
"안철수, 한화솔루션 ‘빚 갚는 유증’에 “개미 자산 증발시키는 물주 경영”",Politics
"장동혁 ""백원 주고 천원 뺏는 정권…올바른 투표로 막아야""",Politics
"민형배 일부 지지자들, 신정훈·강기정 단일화에 辛 지지 '논란'",Politics
12년 만의 재도전…김부겸 오늘 대구시장 출마 '핵심 의제'는,Politics
"""홍길동의 마음으로""…이진숙, '대구시장' 어깨띠하고 달성공원에 야구장",Politics
"하정우 ""대통령 꼭 보셨으면""...李 ""나의 하GTP"" 응답",Politics
"이혁재 ""내가 좌파 연예인이었어도 이랬을까…어디 가서 살라고""",Politics
보수 '최후의 보루' 대구에 잇따른 도전장…김부겸은 누구?,Politics
'보수의 심장' 노리는 김부겸 누구?…대구 선거판 흔들까,Politics
"민주당, 순천 불공정 공천 논란…김문수 공개 저격 등 갈등 표면화",Politics
"한동훈 ""李, 계산 정확히...'청담동 술자리' 가짜뉴스 부추긴 거 사과해야""",Politics
"[인터뷰]김동연 ""유승민 등판? 민주당 본선 경쟁력 중요…바로 나""",Politics
"안철수 ""한화솔루션 아니라 한화트러블…빚갚겠다고 증자? 주주가 물주냐""",Politics
"정청래, 5부제 동참 대중교통 출근…""계속 이렇게 다니겠다""",Politics
"안철수 ""유상증자 '한화솔루션', 주주 물주로 본 '한화트러블'""",Politics
"침묵 깬 이인제, 이진숙 지원사격...""가장 빛나는 투사 목 치다니"" 공관위 맹비난",Politics
"주호영 “박근혜 탄핵, 첫 단추가 잘못된 공천” 공관위 직격",Politics
"전용기 “박상용, 앞으로 나올 녹취에도 변명 준비해야 할 것”",Politics
"주호영 ""컷오프는 중대 문제…공천 폐해 뿌리 뽑아야""",Politics
[정치뷰] 김부겸 기대감 커지는 與…국민의힘 텃밭 '사수' 총력,Politics
‘험지’ 대구 공략 나서는 與김부겸…오늘 출마선언,Politics
"민주는 '동진', 김부겸 오늘 대구 출마선언 / 주호영 무소속 출마? 흰 옷 입은 이진숙 / 국힘 이정현은 호남 출마 시사 / 지하철 타고 출근하는 정청래",Politics
[6·3 지선] 이정현 전남광주 출마 시사…'컷오프' 이진숙 대구 유세,Politics
"진짜 반성, 보수 가치 재구축, 덧셈 정치로 전환",Politics
"'아스팔트도 자산' 이혁재, 논란 일자 ""어디서 살라는거냐""",Politics
"이인제, 이진숙 지원 사격 “가장 빛나는 투사”",Politics
"지선 대신 당권?…국힘 내부 ""장동혁 밑에선 출구 없다""[여의뷰]",Politics
"""北, 미군의 '전략적 유연성' 위협으로 인식…유사시 미군 한반도에 집결""",Politics
"수사 검사가 ""이재명 주범 돼야""‥국정조사로",Politics
"[인터뷰] 오세훈 ""대통령보다 5선 서울시장 택하겠다…진심 통할 것""",Politics
"[인터뷰] 전현희 ""마지막 유리천장 깰 것…강남 당선 유일, 본선 경쟁력""",Politics
“조국·한동훈 와서 빅매치 되면 주민들은 즐겁지”…부산 민심 르포,Politics
추미애 직행이냐 대역전극이냐…민주당 경기도지사 경선 관전법,Politics
[청와대스케치] 李대통령 “붉은 동백꽃이 떨어지듯 무수히 많은 생명이 쓰러진 4·3…현대사 가장 큰 비극”,Politics
"김부겸, 대구시장 출사표···국힘은 ‘자중지란’ [투데이 여의도 스케치]",Politics
미사일 보유량 전쟁 핵심 변수…세계 ‘미사일 강국’ 어디[이현호의 밀리터리!톡],Politics
“백바지-난닝구 때처럼 당 분열시키나”[주간 舌전],Politics
"김부겸, 오늘 출마 선언…'보수텃밭' 대구 선거판 '지각변동' 예고",Politics
'압승 또는 완패'…서울시장 선거 3연속 25개 자치구 '싹쓸이' 뚜렷,Politics
"이 대통령 ""다주택공직자 승진 배제? 사실 아냐…손실은 그의 책임""",Politics
"김부겸, 오늘 출마선언…이정현 ""험지서 역할""",Politics
'회유 없었다'던 박상용…녹취 공개로 논란의 중심에,Politics
李대통령 “다주택 공직자 승진배제 사실 아니다”,Politics
"MB ""집에 있어야할 그들이, 야당서 뭔가 하니까 그게 문제"" [이명박 회고록]",Politics
이재명標 '부동산 정상화 정책팀' 재편 속도…다주택 공직자 배제 착수,Politics
"믿었던 70대도, 캐스팅보터 20대도…국힘에 등 돌렸다",Politics
전세계 바닷속 지도 그린다…미래 '해저전쟁' 준비하는 中 [밀리터리 브리핑],Politics
"""범죄자"" 욕한 장동혁 대신 검찰만 때린다, 여당의 진짜 속셈",Politics
"[인터뷰]전현희 ""저는 '강남3구'에도 소구력 있어…李 대통령과 국정철학 통하는 '이심전심' 후보""",Politics
"[단독] ""인정하자, 보수는 참패했다""…MB, 13년 만에 입 열다",Politics
"김부겸 출마 선언에 달궈지는 대구…국힘, 위기감 속 대구시장 첫 토론회",Politics
후보 난립·인물난 되풀이...경기도 지선 공천 ‘딜레마’,Politics
"‘尹 어게인’ 논란, “한동훈 만세” 나온 청년 오디션",Politics
"민주는 東進, 김부겸 오늘 대구 출마선언… 정청래, 영덕 대게잡이 배 타며 ‘TK 구애’",Politics
"8번중 5번 보수가 차지했던 경기지사, 후보조차 못찾는 국힘",Politics
"김정은, ICBM 새 고체엔진 시험… 美에 ‘이란과 다르다’ 메시지",Politics
靑 ‘다주택 5급 이상 승진 배제’ 추진 않기로,Politics
안방 대신 영남 훑는 민주당··· DJ 오랜 숙원 '동진' 총력전,Politics
"김부겸, 오늘 출마 선언…'보수 심장' 대구 선거판 흔든다",Politics
"이혁재 ""평생 활동도 하지 말고 죽으라는 소리냐"" 불만",Politics
"한동훈 ""李, 계산은 정확히...'청담동 술자리' 가짜뉴스 부추긴 거 사과해야""",Politics
與 ‘검사가 형량거래 제안’ 녹취 공개… 박상용 검사 “짜깁기한 것”,Politics
"與, 김부겸 앞세워 영남 동진… 野 이정현은 호남 출마시사",Politics
"김정은, 추진력 높인 고체엔진 공개… 美에 ‘우린 이란과 달라’ 메시지",Politics
이혁재 “내가 좌파 연예인이었어도 이랬을까…어디가서 살라는거냐”,Politics
비호감 덫에 빠진 장동혁 지도부… 호감도·지지율 모두 19%,Politics
"유시민이 던진 불씨, 송영길이 부채질…靑, '집안 싸움'에 속앓이?",Politics
"'한강버스'로 번진 유람선 사고...與 ""시민생명 볼모 정치쇼"" ·오세훈 측 ""정치공세""",Politics
"이혁재 ""내가 좌파 연예인이었어도 이랬을까…어디 가서 살라는거냐""",Politics
"전쟁 중인 미국 보란 듯…김정은, 신형 ICBM 엔진 과시",Politics
"“전재수·김용…범죄자 전성시대” 장동혁, SNS로 연일 대여 공세",Politics
"[개헌 성패<하>] 이번엔 다를까…원포인트 개헌, 관건은 국민의힘 9표",Politics
"김부겸, 내일 대구시장 출사표...이정현, 험지 호남 출마 시사",Politics
"민주 ""대통령 잡으려 진술 설계""...수사검사 ""적반하장, 황당무계""",Politics
"‘국힘 청년 오디션 심사’ 이혁재 “룸살롱 폭행, 10년전 일…날 못 죽여 안달”",Politics
“지금 대구에 필요한 사람”…유튜브로 출마 예고한 김부겸 전 총리,Politics
"'컷오프' 주호영 ""국힘·보수 무너뜨려온 공천 폐해 뿌리 뽑아야""",Politics
"유람선 사고가 '한강버스'에 대한 경고? 서울시 ""민주당, 저열한 한강 우려먹기"" 반발",Politics
"김부겸, 유튜브 통해 출마선언 예고…""지금 대구에 필요한 사람""",Politics
박지원 “쓰레기봉투 동났다…물색모르는 야당 지지도 추락할 것”,Politics
"박상용 검사 ""이재명 주범되는 자백있어야"" 녹취 폭로 파문",Politics
"김부겸, 유튜브 채널에 출마선언 예고…""대구 목소리 대변""(종합)",Politics
민형배 측근 과거 뇌물 구속·여론조사 개입 논란 확대,Politics
설~ 설~ 끓는 안산갑…보궐선거 앞두고 범여권 내전 과열,Politics
"'컷오프' 국힘 주호영 ""잘못된 공천이 보수 무너뜨려…개혁해야""",Politics
환호 대신 잡음만 키운 국힘 청년 오디션,Politics
"박주민·정원오, 기숙사 놓고 설전…""鄭, 반값기숙사 반대"" ""대안부지 제안""(종합)",Politics
"민주당, ‘이화영 진술 회유 의혹’ 녹취 공개",Politics
"김정은, 美 직접 타격 가능한 ICBM용 엔진 시험 참관…딸 주애 모습 안 보여",Politics
"대구시장 출마 선언 앞둔 김부겸…정청래 ""늘 미안하고 고마워""",Politics
"부산 북갑 보궐선거, 돌고 돌아 결국 ‘구관 대결’?",Politics
"“이재명 주범 되는 자백 있어야” 與, 쌍방울사건 검사 육성 공개",Politics
[6·3 지선] 이정현 전남광주 출마 시사…'컷오프' 이진숙 대구 유세,Politics
"""이재명 완전히 주범 되는 자백 있어야""‥쌍방울 사건 '진술 회유' 논란",Politics
국힘 내홍에 흔들리는 대구…선거판 갈피 못 잡고 ‘지리멸렬’,Politics
김부겸 앞세워 기대 부푼 민주…“대구도 부울경도 해볼 만”,Politics
"“李, 얄밉게 잘한다 아이가”… 흔들리는 대구 민심",Politics
부동산 정상화 자신감 드러내는 李대통령…힘받는 보유세 개편설,Politics
李대통령 ‘천안함 발언’ 논란에… 靑 “남북관계 안타까움 표현”,Politics
"민주, '대북송금' 검사 녹취 공개…해당 검사 ""짜깁기"" 반박",Politics
[뉴스더] 판 커진 6·3 재보궐…현역 '사퇴시점' 수싸움,Politics
"‘컷오프’ 주호영 “대구 시민 뜻 따라 결심할 것…공관위, 지금이라도 바로 잡아야”",Politics
"""국정안정 힘실려 與 유리… 국힘 최후의 보루 TK 지킬지 촉각"" [막오른 6·3 지방선거]",Politics
"이정현 ""신청자 '0' 험지 갈 것"" 전남광주 통합시장 나설 듯…김부겸, 30일 출마선언",Politics
"‘컷오프’ 이진숙, ‘대구시장’ 어깨띠에 삼성 유니폼 입고 야구장 등장",Politics
중동 새판 짜려는 美… 亞·유럽과 ‘포스트 아브라함’ 연대 [이종윤의 밀리터리 월드],Politics
"美,차세대 정밀타격 미사일 시험 비행 성공… 극초음속 무기 경쟁 가속 [이종윤의 밀리터리 월드]",Politics
金의 도전·朱는 반발·劉 거리두기… 정계 재편 중대 변수로,Politics
김동연 “다시 경기도정 맡으면 동지와 함께하는 것을 행동으로 보여줄 것” [경기지사 예비후보에게 듣는다],Politics
삼성라이온즈파크 등장한 '공천 컷오프' 이진숙,Politics
"김건희에 귀금속 준 이봉관 회장 왜 자수했나 ""이러다 죽을 것 같았다""",Politics
"선거판 흔들 '메가톤급' 변수 여전 ""싸움은 이제부터""",Politics
李 공소취소 총공세 펼치는 민주당,Politics
"박형준 ""운전자 바꾸면 길 잃어"" vs 주진우 ""깨끗한 손으로 교체""",Politics
대전 지방선거 공천…민주당 '경선'·국민의힘 '단수',Politics
'친명 단일화' 장종태·장철민…세 결집 응수 나선 허태정,Politics
"“가장 어려운 곳에서 역할하겠다”… 이정현, 광주특별시장 출마하나",Politics
"한동훈, 연일 李 대통령 저격 ""청담동·백해룡 100% 가짜뉴스…계산 정확히 하자""",Politics
"김부겸, 2·28 기념 공원에서 대구시장 출마…파란 바람 일으키나",Politics
"‘이란과 우린 달라’… 北, 美 보란듯 신형 ICBM 엔진 시험 공개",Politics
'李 주범 자백' 육성 파장…대북송금 사건 거래설 재구성,Politics
우의교엔 북한행 트럭 ‘씽씽’… ‘빗장 더 풀리나’ 기대감 솔솔 [북·중 접경지 단둥 르포],Politics
"“이재명이 완전 주범으로”…쌍방울 수사 검사, 이화영 회유 정황",Politics
"김남국·김용·전해철에 조국까지?···‘양문석 지역구’ 안산갑 보궐선거, 범여권 과열 양상",Politics
'공천 파동→표심 이탈' 수세에 몰린 장동혁,Politics
박주민·전현희 '정원오 때리기'…鄭은 오세훈 비판(종합),Politics
"""서울 발전에 세금 꼭 써야 하나… 시민리츠로 '자강' 가능"" [6·3 지방선거 주자]",Politics
"[데일리안 오늘뉴스 종합] 김부겸, 30일 대구시장 출마 공식화…오전 국회·오후 대구서 발표, 국민의힘 ""'추경 만능론'에 매몰된 李정부, 국가적 위기 더 키워"" 등",Politics
"전한길 부정선거 이어 학력 음모론까지, 이준석 ""고소 추가"" 반발",Politics
"SNL 나간 한동훈 ""李 정치 대승적으로 하라, 다큐로 한 말""",Politics
"6년 전 영상 올린 김부겸 ""그날의 약속 지키겠습니다""",Politics
"민주 ""한강유람선 사고, 오세훈 한강버스에 대한 경고…즉각 중단하라""",Politics
"SNL 다큐였나…한동훈 “‘그알’ 조지는 李대통령, 청담동·백해룡 가짜뉴스 ‘계산’합시다”",Politics
"'폭력 전과' 이혁재, 국힘 심사 적절성 논란에 ""씨, 난 어디서 살라고""",Politics
"이정현 ""나부터 어려운 길""... 컷오프 논란에 '험지 출마' 배수진",Politics
김부겸 내일 대구시장 출정식…이정현은 광주 출마 시사,Politics
"조광한 ""오세훈 정치적 메시지? 후보 사퇴하고 정치 선언하는 게 맞아""",Politics
영남권 분위기 달라져…국힘→민주 간판 바꿔 출마 ‘우르르’,Politics
"이정현 ""가능성 0% 지역 가겠다""",Politics
"""이재명 주범 설계"" ""이화영 자백 후 통화""…朴검사 녹취 '진실게임'",Politics
김부겸 출마 ‘동진’하는 민주…텃밭 사수도 비상 걸린 국힘,Politics
"다주택 참모 해법, 文 때와 다르다... '공직 윤리' 대신 '경제 논리' 택한 李",Politics
'3파전' 국힘 대구 달서구청장 최종 후보 31일 공개,Politics
"李 ""사과하라 한다고 北이 사과하겠나""…국힘 ""그 한마디 문턱이 그렇게 높나""",Politics
국힘 ‘청년 오디션’ 한다더니…이혁재 “아스팔트 청년도 자산” 논란,Politics
"'25조 추경' 국무회의 의결·李, 잇단 정상회담…이번주(30~4월5일) 주요일정",Politics
"與 ""검찰, 李대통령 잡으려 진술조작 확인""…박상용 녹취 공개(종합2보)",Politics
與전남광주시장 정책배심원제…지지자는 환호·배심원은 실망,Politics
이 대통령 '북 천안함 사과하란다고 하겠나' 조선일보 보도에 청와대 답변은,Politics
"“사실상 이재명 선거”..전문가들, 與 우세 전망 [막오른 6·3 지방선거]",Politics
"한동훈, 조국에게 ""쭈뼛거리지 말고 만나자""…조국, 노래 '**** you'로 응수?",Politics
"4·3 앞 제주 찾은 이 대통령 “국가폭력, 나치 전범처럼 영구 책임”…공소시효 폐지 약속",Politics
"美, 이란 지상전 검토 속 ""이미 목표 달성""…대이란 대응 '혼선'",Politics
"[기획] 정부, 물가 다잡는다… 43품목 집중관리",Politics
국힘 잇따른 헛발질에…김부겸 대구시장 결국엔 등판,Politics
"민주 ""정치검찰, 대통령 잡으려 진술 설계""...국힘 ""범죄자 전성시대""",Politics
"민주 ""검찰 '대북송금' 진술 조작""…녹취 공개",Politics
"한동훈 ""이 대통령, 계산 정확히 하자…청담동 술자리 가짜뉴스 사과해야""",Politics
"김부겸, 내일 출마선언…대구시장 선거 격전 예고(종합2보)",Politics
"주진우, 박형준에 맞불…""'안 된다' 관료형 리더십으로 한계 봉착""",Politics
"與 ""검찰, 李대통령 잡으려 진술조작 확인""…박상용 녹취 공개(종합)",Politics
"경선 레이스 맞춰 메시지 늘리는 장동혁, 지지율 반등 동력 될까",Politics
이재명·전재수·김용 다 때린 장동혁…2선 후퇴 대신 정면돌파,Politics
"""이재명이 완전히 주범 되는 자백 있어야"" 검사 녹취 공개…민주당, 쌍방울 사건에 국조 화력 집중",Politics
"한동훈 “청담동 가짜뉴스 부추긴 李, 내게 사과하라”",Politics
"한동훈 “청담동·백해룡 가짜뉴스… 李대통령, 계산 정확히 하자”",Politics
"한병도 ""배우자, 차명약국과 무관…월급받는 근무약사""",Politics
"쌍방울 녹취록 공개한 與 특위, ""내주 연어·술파티 수원지검 현장점검""",Politics
"SNL서 이재명 직격한 한동훈⋯이번엔 ""저한테 사과 안 하셨죠?""",Politics
박주민·전현희 '정원오 때리기'…정원오는 오세훈 비판,Politics
"한동훈 조작기소 국조 증인 신청 어쩌나…국힘, 또다시 내홍 조짐",Politics
“정부 덕에 금연하는 날 올까요”…‘담뱃값 1만원 시대’ 열릴까,Politics
“바닷가 돔구장 짓겠다” 전재수 공약…박형준은 ‘사직야구장 재건축’,Politics
"“우린 이란과 전략적 체급 달라” …김정은, 화성-20 개량형 새 고체엔진 시험·특수부대 참관",Politics
"‘윤 어게인’ 최종 우승, ‘폭행 전과’ 이혁재 심사···논란만 남긴 국힘 청년 오디션",Politics
"'2차 종합특검 후속 입법' 공방…여 ""비겁한 선동"" 야 ""범죄자들 살판""",Politics
민형배 캠프 '오늘만 신정훈 지지'… 특별시장 단일화 개입 논란,Politics
"한동훈 ""계산은 정확히…李대통령 가짜뉴스 부추긴 거 사과하라""",Politics
"민주당, ‘박상용-변호인’ 녹취 전격 공개…“이재명 주범 자백 시 추가영장 없다” 회유 정황",Politics
[단독] 이정현 “가능성 0% 지역 가겠다”…전남광주통합시장 출마 시사,Politics
"‘李대통령의 남자’ 김용, 경기 안산 공천 초미 관심",Politics
"한병도 ""배우자 '면허대여 약국 연루 의혹' 명백한 왜곡…사실무근""",Politics
김동연 캠프 “1% 패배도 없다…유승민 카드에도 흔들림 없어”,Politics
"박주민 ""응봉동 반값기숙사 반대한 정원오…민주당의 길 아냐""",Politics
"[인터뷰]박찬대 ""새로운 인천 자신감, 기존 행정 넘는 아이디어 있다""",Politics
"이 대통령 ""국가폭력은 나치전범처럼 영구책임…상속재산은 자손도 책임""",Politics
"나경원 ""與공개 박상용 녹취록, 전형적인 짜깁기… 전체 녹취 공개해야""",Politics
"김부겸, 대구시장 출마…정청래 ""꼭 이기고 돌아와달라""",Politics
"TV조선, 메인뉴스에서 '김용 전자발찌' 오보 정정 방송",Politics
"우원식 “최악의 경찰 이근안, 이승의 악행 저승에서 다 갚길”",Politics
"박상용 검사실 ""연어·술 파티"" 현장, 국회 특위 직접 확인한다",Politics
"北, 美보란듯이 신형 ICBM 엔진 시험…김정은 “최강의 전략 군사력”",Politics
"‘공천 내홍’ 국민의힘, 경기지사 유승민 출마 설득 총력전",Politics
“대구시장” 어깨띠 이진숙…컷오프 아랑곳없이 ‘야구장 마이웨이’,Politics
나경원 “박상용 검사 녹취는 짜깁기 조작… 모든 녹취 공개하라”,Politics
"‘반의반값 아파트 10만호 공약’ 與전현희 “토지는 공공이 소유, 건물만 분양”",Politics
김부겸 등판에 TK까지 넘본다…민주당 ‘동진 전략’ 본격화,Politics
선거 포기한 장동혁?… 박민영 이어 ‘윤 어게인’ 이혁재 논란도 뭉개기,Politics
"박상용 검사 녹취 공개 ""이재명 씨가 완전 주범되는 자백 있어야""…與 ""이화영 회유 정황""",Politics
"나경원, ‘이화영 회유 의혹’ 녹취록에 “전형적 짜깁기, 전체 공개하라”",Politics
"정청래 “대구 김부겸, 꼭 이기고 돌아오라…삼고초려 미안하고 고마워”",Politics
김부겸 대구시장 출마… ‘미워도 다시 한번’에 기대는 국힘,Politics
"한준호, 박상용 맹비난...""주범이 '이재명'이어야 했나...책임 물을 것""",Politics
박상용 검사 “이화영 대북송금 자백후 변호인이 종범 회유…내 ‘거절’을 ‘제안’ 둔갑시켜”,Politics
"[속보] “尹검찰, 李대통령 잡으려 진술조작 확인…법의 심판대에 올릴 것” 與국조특위 밝혀",Politics
"주진우 ""박형준 시장님, '안 된다'로는 부산 못 바꿉니다""",Politics
"김정은, ICBM용 새 고체엔진 시험 참관…미국 향한 무력과시",Politics
"'찐명' 김영진 ""유시민 ABC론? 또 난닝구 빽바지?...노무현 때도 갈등 중심, 결국 정권 뺏겨""[KBC 뉴스메이커]",Politics
"민주 ""정치검찰, 대통령 잡으려 진술 설계""...국힘 ""범죄자 전성시대""",Politics
"“전공 빠진 졸업장 믿냐” 전한길, 이준석 또 압박",Politics
"나경원 ""박상용 녹취록, 전형적인 짜집기 조작…전체 녹취 당당히 공개하라""",Politics
李 대통령 “제주 4·3 진압 공로 서훈 취소 근거 마련… 국가 폭력 시효 영구 폐지”,Politics
"'서울시장 출마' 전현희, 서울 주거공약 발표…""반의반 값 아파트 10만 호 공급""",Politics
"민주 국조특위 ""검찰, 이 대통령 잡으려 진술조작 확인…총체적 불법""",Politics
"장동혁, 검사 줄사표 소식에 ""범죄자들만 살판, 국민만 피해""",Politics
박민영·이혁재 논란에 여전히 '절윤의 늪'..장동혁號 운명은,Politics
북한에도 '독거미 부대' 있다…여군 특수부대 이례적 조명,Politics
"민주, 대북송금 수사검사 녹취 공개…국정조사 본격화",Politics
"전재수·김용·송영길 출마 예정…장동혁 ""'범죄자 전성시대' 민주 오만함, 국민 심판할 것""",Politics
"한동훈 ""대통령이 방송 조지면 나라 꼴이 어떻게 되나"" 李 질타",Politics
한강유람선 좌초에 민주당 일제히 오세훈 비판…“시민 생명 볼모로 정치쇼”,Politics
"보수 텃밭 디비지나…김부겸, 30일 대구시장 출마 선언",Politics
장동혁 “범죄자 전성시대”…민주 지선·보선 출마 예정자에 독설,Politics
김민석·김어준 세 차례 공개 충돌... 심상치 않은 與 지지층 분열 [노변정담],Politics
"""아들도 그렇게 가깝진 않겠다"" 尹을 삼촌이라 부른 진짜 실세 [실록 윤석열 시대2]",Politics
"김정은, 추진력 26% 늘어난 ICBM 엔진 공개 “군사력 최강”…이란과 다르다고 과시했나",Politics
"흰색 상의·어깨띠 두르고...이진숙, 야구 개막일 '라팍' 등장",Politics
"與국조특위 “검찰, 李대통령 잡으려 진술조작 확인… 총체적 불법”",Politics
與 “검사 회유 드러나…연어 술파티 목격 교도관 국조특위 증인 출석”,Politics
“방송국 조진 이재명” “몰상식한 추미애”…SNL 출연 한동훈 ‘말말말’,Politics
"서울시장 출마 전현희, ‘반의반값 아파트’ 10만호 공약",Politics
"'왕사남' 영월 찾은 조국 ""우상호와 연대 열어뒀다""…김진태 도정보고회엔 ""사전 선거운동 의심""",Politics
"“씨, 어디서 살라고”…이혁재, 음주폭행·내란옹호 욕먹더니 투덜",Politics
"與, '상납·강매 의혹' 조정훈에 ""정자법 위반""…조 의원측 ""사실 아냐""",Politics
"장동혁, 李대통령 등 대여 공세 고삐…내홍·지지율 정체에 '동력 부족'",Politics
"오준환, 컷오프 단식 4일째…""당에 대한 애정 변함없어""",Politics
[일요와이드] 중동전쟁 장기화 최대 고비…지방선거 대진표 윤곽,Politics
"전현희, 서울 주거공약 발표…""임기내 반의반값 아파트 10만호 공급""",Politics
"민주, 대북송금 수사검사 녹취 공개…국정조사 드라이브",Politics
"與국조특위 ""검찰, 李대통령 잡으려 진술조작 확인…총체적 불법""",Politics
"김종혁 “국힘, ‘역시 한동훈’ 여론 무서워 국정조사 안 부르나”",Politics
"국힘 “이재명, 북한에 천안함 ‘사과하라’ 한마디 문턱 그렇게 높나”",Politics
"與 ""대북 송금 검사, 이재명 주범 자백 회유"" 녹취 공개…""역으로 짜깁기"" 반박",Politics
"북 ICBM용 새 고체엔진 시험…""전략적 군사력 최강""",Politics
"이정현 ""공천 상처 입은 분들께 사죄…가장 어려운 곳서 역할할 것""",Politics
"김정은, 엔진성능 높여 다탄두 ICBM 위협…美 보란 듯 ""북한은 이란과 다르다""",Politics
"이혁재 또 尹옹호 ""아스팔트청년 자산… JTBC MBC 엄청난 기사, 노이즈 마케팅""",Politics
"""이재명 주범 되는 자백 있어야..."" 쌍방울 검사는 이렇게 말했다",Politics
"보수 텃밭서 ‘이변’ 노리는 김부겸, 대구시장 출마 공식화",Politics
수사 장기화 속 공천헌금 의혹 정치인 주변 인물들도 출사표,Politics
"[서산] 민주당 시장 예비후보들, 경선 앞두고 첫 '토론'… 누가 잘했나",Politics
"'북한 사투리' 라디오 들어서 감옥 갔는데... 엄청난 반전 [김종성의 '히, 스토리']",Politics
"조국, 욕설 제목 팝송 SNS 공유…'한동훈 연관 아니냐' 추측무성",Politics
"""美, 수주간 이어질 지상작전 준비 중""",Politics
전현희 “임기 내 공공주택 10만호 공급…李정부 부동산 철학 ‘이심전심’”,Politics
"[단독] “한강버스 위법” 감사원, 1년 전엔 “문제없다” 감사 거부",Politics
"北, '세계 수준' ICBM 엔진 성능 과시…美 본토 '다탄두'로 때린다",Politics
국힘 대구 달서구청장 단일화 논란 이어 지역 의원들 '개입' 논란,Politics
"SNL 나온 한동훈, ‘그알’ 언급한 李에 “대통령 되고 그러면 안 돼”",Politics
김부겸 내일 ‘대구시장 출마’ 선언한다…2·28기념공원 고른 까닭은,Politics
"김부겸, 내일 국회·대구서 출사표…대구시장 선거판 커진다",Politics
장동혁 “민주당 출마 예정자들 ‘범죄자 전성시대’”,Politics
"국민의힘 ""전쟁 추경? 매표용 현금 살포…불난 집에 기름 붓나""",Politics
[여의도풍향계] 유시민 'ABC론'에 여권 균열…수세 몰린 장동혁 지도부,Politics
"김부겸, 민주당 총력 설득 끝 등판…대구 선거판 흔드나(종합)",Politics
이혁재 심사로 시작해 '한동훈 만세'로 끝났다...국힘 청년 오디션 뼈때린 윤상현,Politics
[人사이더] 달아오른 대구시장 선거… 김부겸 출마 이유가?,Politics
"""대통령이 방송 조지면 나라 꼴 뭐가 되냐""... SNL 출연 한동훈, 李에 쓴소리",Politics
‘태풍의 눈’ 김부겸 대구시장 출마 공식화…국민의힘 안방 사수 비상,Politics
"이재명 대통령 '고문 경찰' 이근안에 ""최악의 범죄자""",Politics
"김부겸, 내일 출마선언…국힘 내홍 속 대구시장 선거 격전 예고(종합)",Politics
"김정은, 릴레이 방산시찰…""러시아戰서 배워온 노하우로 고도화""",Politics
"SNL 한동훈 “대통령, 방송국 조져”…그알 보도에 “상당부분 팩트” 논란",Politics
"""어우 되게 과감하시네""...한동훈, 李대통령에 '영상편지' 남기더니",Politics
"절윤한다던 국힘, 이혁재에 손현보 아들까지…도로 ‘윤어게인’?",Politics
[연합뉴스 이 시각 헤드라인] - 10:30,Politics
"'이재명 주범 자백' 육성에 ""회유 증거"" vs ""짜깁기""",Politics
"국민의힘 ""이 대통령, 통수권자 자격 없어‥굴종적 안보관""",Politics
"SNL 출연한 한동훈…“李대통령, 정치를 대승적으로 하세요” 저격",Politics
"SNL 출연한 한동훈, 李대통령 '그알' 사과 요구에 ""나라 꼴이…"" 직격탄",Politics
[위클리 키워드] 삭발,Politics
"'빛바랜 훈장' 국가폭력 주도자 서훈 박탈되나…경찰, 전수조사 착수",Politics
"3000만 원 드론으로 미국 상대하는 이란...드론 전쟁 시대, 한국군은 어디쯤 왔나",Politics
"[속보]李 “고문·사건조작 범죄자들, 훈장 박탈 당연”",Politics
"조국, 페이스북에 'FXXX You'…한동훈 발언 맞물려 해석 분분",Politics
"'대구시장' 어깨띠 한 이진숙 ""컷오프? 내 갈길 간다""…대구시장 선거운동",Politics
"한동훈, 李대통령에 ""자기에게 불리한 방송 조지면 나라 꼴 어떻게 되겠나""",Politics
"명품무기, 중동형 K2 전차 vs K2 전차 비교해 보니[이현호의 방산!톡]",Politics
"北, 엔진출력 높여 다탄두 ICBM 박차…美에 '건들지 말라' 메시지",Politics
"'경남 1당 다툼' 민주·국힘, 전 선거구 공천한다…심사 본격화",Politics
"‘여론조사 압도’ 김부겸, 대구시장 당선 그래도 못 미더운 까닭은",Politics
"이란 전쟁 한달…강대국도 못 끝냈다, ‘짧은 전쟁’ 끝났다 [박수찬의 軍]",Politics
영서 잡고 영동 흔들고…강원지사 선거 '동진' 승부,Politics
"이 대통령 ""다주택 공직자에 '매각 압박' 안 해""…부동산 정책 자신감",Politics
"김정은, ICBM용 새 고체엔진 시험 참관…""전략적 군사력 최강""(종합)",Politics
"""물러서지 않겠다는 의지의 결연함""…'삭발'을 선택한 정치인들",Politics
민주당 설득 끝 '김부겸' 등판...대구 선거판 흔드나,Politics
"'성추행 유죄' 오태완 의령군수, 비공개 공천 신청에 당내 반발",Politics
"SNL나간 한동훈 ""李대통령 이러시면 안 됩니다""…예능 아닌 다큐라며 한 말",Politics
"장동혁 직격한 박지원 ""오로지 추경? 지금 '전쟁추경' 안 하면 언제 하나? 이러다 다 죽어""",Politics
"대구시장 경선 앞두고 국힘 내홍 지속…시민 ""혼란스럽다""",Politics
"법치인가, 권력의 무기인가…'사법 3법'이 던진 질문",Politics
"北, ICBM용 대출력 고체연료 엔진 분출 시험 진행…""최강의 전략 군사력""",Politics
李 “다주택 공직자 승진 배제 사실 아냐”,Politics
"박형준 ""월클 도시 만들겠다"" vs 주진우 ""부산 경제 뛰게 할 것”…경선캠프 개소(종합)",Politics
"[인터뷰] 한준호 ""'명픽'은 함께 일할 사람…경기도 곳곳서 저 보게 될 것""",Politics
"[직격인터뷰] 김영록 ""행정과 경제, 성과로 검증된 후보""",Politics
"[직격인터뷰] 주철현 ""난 '원조 친명'…끝까지 가겠다""",Politics
"김정은, 새 고체엔진 시험 참관…""전략적 군사력 최강 올려""",Politics
"전재수 ""부산 북항에 바다 품은 돔구장…사직구장 너무 낡았다”",Politics
"“주호영, 대구시장 출마해야…3파전이 대구 살려” 홍의락 말에 정치권 파장",Politics
"'뉴페이스 공천' 막바지…서울·부산 경선 자평, 일각 '사심' 의심",Politics
수도권 자신감에 동진 속도내는 與…최전선 PK·대구 당력 집중,Politics
"[지선PICK] 김동연 ""나는 '일 잘하는 친명'…국정 제1동반자로서 역할 할 것""",Politics
"與 ""반대해도 강행""·국힘 ""무차별 돈풀기 반대""…추경 샅바싸움",Politics
지지율 65% 업은 李 '부동산 드라이브'…참모 매각·관료 배제까지 속도전,Politics
[단독]6·3 지선 앞두고 공무원 38명 사직…공직사회 '출마 러시',Politics
"민주당 총력 설득 끝 등판…김부겸, 대구 선거판 흔드나",Politics
'레드팀' 자처하는 국민의힘 초·재선들…'침묵하는 중진'에 쏠리는 눈길,Politics
"[인터뷰] 유정복, '홀대론'에 발끈…""베스트 드라이버냐 초보 운전자냐""",Politics
"한화오션, 加잠수함 현지협력 확대…운항·탐지·유지보수 망라",Politics
국힘 본격 경선 레이스…서울·부산·대구·경북 후보 토론회 시작,Politics
[트럼프관세 1년] 동맹 구조 바꾼 트럼프…'거래 외교' 기세 여전,Politics
국힘 또 바닥…집안싸움에 대여 공세 '무용지물'[여론풍향계],Politics
조국·김남국·김용·전해철까지…여권 인사 대거 거론되는 안산갑 보궐선거,Politics
"다카이치, 아베처럼 미국과 이란 간 중재 나설까",Politics
"李대통령 “부동산공화국 탈출, 대한민국 대전환 위한 핵심 과제” 外 [이 주의 점‘입’가경]",Politics
'타지 부촌'에 집 두고 '내 지역'엔 전세사는 경기 시장·군수들,Politics
"김용민 전대 출마설…""檢개혁 완수 성과"" 지지층 업고 당권 노리나",Politics
‘어퍼컷 세레머니’ 박형준 “손흥민처럼 월클 도시” 달아오르는 부산 선거판,Politics
김정은 '대적' 선언에도 李대통령 '저자세'…서해수호의 날이 들춘 민낯,Politics
[개헌 성패<상>] '좌초'의 역사…개헌은 왜 실패했나,Politics
"지지율 상승에 인물로 화룡점정…민주, 역대급 지선 승리 현실화?",Politics
"국민의힘 ‘혁신 공천’ 강조했지만…내홍에 가처분 신청, 삭발까지",Politics
영남까지 노리는 정청래...여의도 맴도는 장동혁,Politics
"이 대통령 ""다주택공직자 승진배제, 사실 아냐...보고받은 적도 없어""",Politics
"이혁재 ""누가 될까 고사했지만, 큰 보람""…비판론엔 '아쉬움'",Politics
"전한길 ""공증 하버드 학적부 필요""…이준석 ""타진요식 음모론""",Politics
지방선거에서 시작된 합종연횡…정권까지 교체했던 연합?[대통령의 연설],Politics
"이혁재, '논란' 언급 없었다…""장동혁 중심으로 승리 집중""",Politics
김건희 '수사 무마' 정조준…직권 남용 '윗선' 밝혀내나,Politics
"'윤어게인' 이혁재 ""아스팔트 청년도 자산‥장동혁 중심으로 승리""",Politics
"엇박자 내는 이스라엘에…""민간인들 떠나라"" 보복 예고",Politics
"논란 이혁재 '윤어게인' 옹호…쏟아진 박수 ""새로운 발견"" 평가도",Politics
"'TK 표심잡기' 나선 정청래…국힘, 공천 놓고 '불협화음' 여전",Politics
장동혁 비판하는 국힘 출마자들…장동혁은 '마이웨이',Politics
김부겸 출마 앞두고 팽팽한 대구 민심…정청래 '무박 2일' TK 공략,Politics
"""네거티브하면 후보 자격 박탈""… 성남 경선, '통합 시험대' 올라",Politics
"""입양 아동 물량·소진"" 예비 부모 경악케 한 담당 직원 말",Politics
"""전한길 '타진요' 수법"" 이준석, 하버드대 졸업장 공개한 이유",Politics
"[뉴스더] 부동산 심리전 李, ""손실 감수""는 경고장?",Politics
"李 ""다주택 공직자 승진 배제 사실 아냐""…野 ""사실상 매각 유도""",Politics
"정청래, 무박 2일 '野 텃밭' 공략…박형준·주진우 첫 TV토론 격돌",Politics
‘장동혁은 유세장 기피 인물’?…“화살은 외부로”,Politics
"[데일리안 오늘뉴스 종합] “유족 가슴에 비수”…여야 ‘천안함’ 공방 격화, 이혁재 “아스팔트 청년도 자산”, 문닫는 검찰 '엑소더스' 현실화",Politics
"김정은 ""예측 불가능성만 예측 가능""…옅어진 기대감, 대화에서 대비로 [취재파일]",Politics
"이혁재, 논란에도 모습 드러냈다…“장동혁 중심으로 승리하자”",Politics
박형준 “부산을 ‘월클 도시’로 만들겠다”…주진우 “정정당당히 싸워 승리할 것”,Politics
"박형준·주진우, 같은날 캠프 개소식…""월클 도시"" vs ""반드시 승리""",Politics
"한동훈, '조작기소 국조에'…""불러도 망, 쫄아서 못불러도 망""",Politics
차기 지도자 與 김민석 14.5%·野 장동혁 18.2%-리서치웰,Politics
"여야, 李정부 부동산 정책 공방…""부동산 폭등"" ""통계 왜곡 후안무치""",Politics
대전 구청장 선거판 윤곽… 유성 ‘정용래 vs 조원휘’ 확정,Politics
"박형준 “보수 대통합”, 주진우 “보수의 적자”",Politics
"한동훈 ""민주당, 번호표 뽑고 한명씩 나온다...부끄러운 줄 몰라""",Politics
"한준호, 대북송금 수사팀 직격…“짐승은 두려울 때 짖어”",Politics
"이혁재 ""아스팔트 청년도 소중한 자산…장동혁 중심으로 승리""",Politics
"“팔라고는 안 한다”… 李의 선 긋기, 그러나 다주택은 이미 ‘불리한 상태’",Politics
"호준석 ""'이재명 피고인' 변호인이 수사 검사들 겁박...이게 나라냐, 국조를 처벌해야""[여의도 진검승부]",Politics
"이준석, 학력위조 의혹에 하버드 졸업장 공개…""타진요와 같은 수법""",Politics
李대통령 “공직자 다주택 매각압박 안해… 정책만으로 집값 안정 가능”,Politics
"국민의힘 ‘심사위원’ 이혁재 “아스팔트 청년도 자산, 장동혁으로 집중”",Politics
"""비정상 폭등"" ""시장 정상화""…여야 '부동산 정책 책임론' 공방",Politics
"박형준 ""월클 도시 만들겠다""…주진우 ""정정당당히 승리할 것""(종합)",Politics
"국힘 ""이 대통령, 천안함 유족에 면박""…청 ""남북 현실 답답함 말한 것""",Politics
"국민의힘, 李대통령에 사과 요구 분출…""천안함 유가족 절규 짓밟아""",Politics
"李대통령 ""조기특진도 사양한 참군인""…직접 찾아가 악수한 이 사람, 누구?",Politics
"이대통령, 다주택 공직자 승진 배제 보도에 ""집 팔라 말라 하지 않는다""",Politics
이혁재 “아스팔트 청년도 우리 자산…장동혁 중심으로 승리”,Politics
"중동사태, '파병' 압박 등 한반도 안보에도 영향",Politics
"여야, 李정부 부동산 정책 공방…""비정상 폭등"" vs ""후안무치""",Politics
"""가벼운 한마디가 46명 희생 짓밟았다""…국힘, 李대통령 천안함 발언 맹폭",Politics
"'검찰 직속상관' 양부남 ""한동훈, 민주당 쫄았네?...경망, 교만, 자기가 대단한 줄 알아""[여의도 진검승부]",Politics
"홍의락 ""주호영, 대구시장 출마해야…3파전이 대구 살린다""",Politics
"""서강대교 넘지 말라"" 조성현 대령 만난 대통령...""특진 사양, 참 군인""",Politics
"[자막뉴스] 美, 한국에서 빼가더니...유탄 맞은 한국 '최악의 시나리오'",Politics
"장동혁 ""청년의 힘으로 선거승리""‥이혁재 ""장동혁 중심으로 이기자""",Politics
"이언주, ‘탈원전 비판’ 박수영에 “10년 전 얘기로 억지 비난”",Politics
장동혁 “청년의 힘으로 지선 승리”…이혁재 “뭇매 맞을 테니 청년이 바꿔달라”,Politics
"[자막뉴스] ""집 팔라 말라 안 한다""...대통령이 직접 반박한 보도 내용",Politics
"악명 높던 北 ‘게슈타포’ 보위부, 어쩌다 김정은의 애물단지 됐나 [주성하의 ‘北토크’]",Politics
트럼프 발언 직전 거액 선물 계약ㆍ조기 휴전 베팅… 부도덕ㆍ몰염치 판치는 ‘전쟁 경제’[양정대의 전쟁(錢爭)외교 시대],Politics
"이정현 러브콜 받은 유승민, 경기도지사 출마 의사 묻자 ""생각해본적 없다""",Politics
이혁재 논란 속 국힘 청년오디션 결선 심사...장동혁 “청년의 힘으로 승리할 것”,Politics
영덕에서 새벽 고기잡이 나선 정청래…“경북 더 잘 살피겠단 의지”,Politics
자주국방 꿈 이룰까...가속페달 밟는 이 대통령,Politics
“빨간 점퍼 입게 해달라”…오세훈 공개 압박 속 국힘 악재 누적,Politics
"국민의힘, 기초長 ‘현역 컷오프’ 현실화…대구서도 “혁신 공천” 목소리",Politics
"장동혁, '해촉 요구' 이혁재와 청년 오디션 참석…""청년의 힘으로 승리""",Politics
장동혁 “공정 심사” 강조…이혁재 논란 속 국민의힘 청년 오디션 결선,Politics
"""전공 빠진 졸업장 믿어?""…전한길, 이준석에 '학적부 공개' 재차 압박",Politics
"바다 위 지뢰 ‘기뢰’ 위력은…가성비 극강, 세계경제도 타격[이현호의 밀리터리!톡]",Politics
"""父를 父라 부르지 못하고"" 텃밭 대구서도 '빨간점퍼' 못 입는 국힘, 어쩌다[금주의 정치舌전]",Politics
"오세훈, 내부순환로 지하화 추진…서울 대개조 시작",Politics
"""4월 23일 단일화""... 서울진보교육감 후보 6명 전격 합의",Politics
‘오디션’ 심사 논란 이혁재… “아스팔트 위 청년도 소중한 자산”,Politics
"“파병? 아무도 안 움직인다”…식어가는 美 압박, 한국 숨통 트이나 [외안대전]",Politics
"국힘 ""李 대통령, 北 천안함 폭침에 또 침묵…유가족 절규 짓밟아""",Politics
"나경원 “북한이 사과하겠냐는 李대통령, 유가족 마음에 비수 꽂아”",Politics
"세종 민주진보교육감 단일화 '파행 위기' 극적 타결, 29일부터 4일간 투표",Politics
"장동혁 ""北이 사과하란다고 하겠냐는 李, 천안함 유족 가슴에 비수""",Politics
"국힘 ""천안함 유족 절규 짓밟은 李대통령, 사과해야""",Politics
'전남지사가 서울 아파트 소유' 공격한 신정훈…어디 사나 봤더니,Politics
"李대통령, 다주택자 승진 배제 보도 부인…“집 팔라 강요 안 해”",Politics
"국힘, ""북한 천안함 폭침, 대통령이 분명하고 단호하게 사과 요구해야…""",Politics
"국힘 “李, 천안함 유족 면박…가슴에 비수”",Politics
"나경원 ""李대통령, 천안함 유족에 잔인한 비수…어느나라 대통령인가""",Politics
"이준석, 학력위조 의혹에 하버드 졸업장 공개…“타진요와 같은 수법”",Politics
"[6.3 지방선거] '임병택 vs. 이동현', 민주당 시흥시장 후보 경선",Politics
"국힘 지지율 19%로 추락…일부 후보들 ""장 대표 유세장 올라""",Politics
"송언석 ""李대통령, 천안함 유족에 면박…대통령이 할 말인가"" 직격",Politics
"李대통령 “5급 이상 공직자, 손해 감수하며 다주택 유지하겠다면 자유”",Politics
"난무하는 정치적 동원, 유시민 ‘ABC론’에 숨은 정파적 셈법",Politics
[연합뉴스 이 시각 헤드라인] - 10:30,Politics
"이재명 ""다주택 공직자에 집 팔라 말아라 하지 않는다""",Politics
"박지원, 유시민 'ABC론' 두고 ""민감하게 반응 말고 단결"" 주문",Politics
"靑, ‘다주택 5급 승진 배제’ 추진 않기로…李 “손실은 본인 책임”",Politics
4.5세대 KF-21 늘리기가 답인가[양낙규의 Defence Club],Politics
"""美, 불량국가의 '국제질서 변경' 막으려 해…韓, 트럼프에 협력해야""",Politics
추미애 직행이냐 대역전극이냐…판 커지는 민주당 경기도지사 경선 관전법,Politics
[이슈]‘로또 청약’ 막는다 “시세차익 환수 공공주택 사업 활용”,Politics
"李, 석달만에 '정무특보' 임명장…당-청 이은 '조정식'의 안정감",Politics
"강수영 ""김부겸에 분노 맡길 수도""…서정욱 ""그래도 국힘 95%"" [논/쟁]",Politics
"李대통령 ""다주택자 승진배제, 사실 아냐""",Politics
"'다주택자 승진 배제' 보도에...李 ""사실 아냐""",Politics
"[지방정치 알고리즘] 광역의회 여성 14.8% 정체, 그 해법은?",Politics
李대통령 ‘靑 다주택 5급 승진배제’ 보도 직접 반박…“매각 강요할 필요 전혀 없다”,Politics
"김영우 ""장동혁, 劉 잡으려면 2선 후퇴를"" vs 서정욱 ""張외엔 대안없다…劉 대권기회""",Politics
"“집 팔라 마라 하지 않는다”…李대통령, 다주택 공직자 ‘승진배제설’ 정면 반박",Politics
"영덕 찾은 정청래 ""동진정책은 무서운 제목…與 어려운 지역 자주 찾겠다""",Politics
오늘 저녁 SNL에 한동훈 뜬다…대중 행보 이어져,Politics
이 대통령 “다주택 공직자에 집 팔라말라 하지 않아”…‘5급 이상 승진 배제’ 보도 일축,Politics
[클로즈업 북한] 미용 성형도 허용…“북한 여성들 ‘외모 꾸미기’ 확산”,Politics
트럼프 ‘이란 발전소 공격’ 열흘 시한…韓·이란 정부는 소통 ‘엇박자’,Politics
장동혁 체제에 반기 든 ‘주호영·한동훈’…TK 연대설까지 솔솔,Politics
李대통령이 다시 쏘아 올린 ‘선택적 모병제’…“전장환경 급변중”,Politics
노무현도 낙선한 ‘전략공천 무덤’···전재수 나가면 ‘한동훈 대 조국’ 차기 대선급 빅매치 오나,Politics
"[이슈&한반도] 친정체제 강화·헌법 수정…“한국, 가장 적대적 국가” 외",Politics
"이 대통령 ""참군인, 한번 보고 싶었다""...장군 진급 마다한 대령",Politics
"李대통령 “靑, 다주택 공직자 집 팔아라 말라 하지 않는다” 일축",Politics
"이 대통령 ""다주택 공직자 승진 배제 검토한 적 없어""",Politics
장동혁 “절윤에도 지지율만 떨어져...왜 민주당처럼 안되나” 호통,Politics
다주택 공무원 승진 배제? 이 대통령 “사실 아냐”,Politics
"전한길 ""이준석, 졸업장 의혹만 증가…복수전공은 허위사실"" 재반박",Politics
"국힘 '복당 보류' 김쌍우, 부산 기장군수 무소속 출마",Politics
'경기지사' 후보가 없다‥그렇다고 이진숙을?,Politics
"전현희 ""李대통령 팔지 않는다…열세 뒤집을 것"" [인터뷰]",Politics
"""0.1% 틈도 없게""‥실무 '과장급'도 배제 검토",Politics
경기 유승민 등판론에 장동혁 “가능성 열어 놓겠다”…답 없는 유승민,Politics
"""대구가 핫바지가"" 컷오프 역풍…이진숙 '약속대련설'에 대구 민심 뿔났다",Politics
"[직격인터뷰] 강기정 ""추진력과 정직함 갖춰…도구로 써달라""",Politics
'단수 공천' 뒤집힌 성남…민주당 내홍에 신상진 '어부지리?',Politics
"이재명 대통령 ""청와대는 다주택 공직자에게 집을 팔라 말라 하지 않는다""",Politics
8개월만에 10%대로 추락…'장동혁·빨간 점퍼' 속앓이,Politics
"‘집안 싸움’ 불붙는 민주당…정청래, “쉬운 선거 없다” 내부 단속",Politics
'막대기만 꽂아도' 옛말…균열 난 대구 보수 민심,Politics
쇄신 말하던 국힘…‘폭행·체납 논란’ 이혁재에 청년 심사 맡겼다,Politics
"[지선PICK] 김동연 ""경기도, '일잘러' 도지사 필요…'당사남'으로 李정부 성공 뒷받침""",Politics
‘다주택자’ 정책업무서 솎아내는 청와대…과장급까지 전수조사,Politics
"이재명 “쓰다만 소설”… 조국 “盧, 웃음 짓고 계실 것” [투데이 여의도 스케치]",Politics
[주간政談<하>] 국민의힘 대변인단에 무슨 일이?,Politics
"6.3 재보선 '미니 총선급'…확정 지역 7곳, 10곳 넘을 수도",Politics
"유승민 거듭 ""불출마"" 이정현 ""문 열겠다""…끈질긴 '러브콜'",Politics
"최저 지지율에 코너 몰린 장동혁…지원 유세 안 부르고, 빨간 점퍼 기피까지",Politics
"""6선이 설마 무소속으로?""…국힘 긴장케한 주호영·한동훈 연대설",Politics
"경기도지사 후보로 유승민 지목한 서정욱 ""'대권이 최종 목표인 유승민, 선당후사 안 하면 안돼""",Politics
'난닝구'와 '빽바지'의 추억…지금 이 논쟁이 李정부에 도움이 될까?[박세열 칼럼],Politics
‘안 팔면 답이 없다’…청와대가 다주택 참모 ‘직접 압박’ 않는 이유,Politics
"‘대구·경북, 대전·충남 행정통합 무산’에…여야 후보들 출마 잰걸음",Politics
"""'한국' 대신 '남한' 쓰겠다""…대만 입국신고서에 무슨 일이?",Politics
즉흥 SNS인 줄 알았더니…'바둑 고수' 李의 부동산 심리전,Politics
호르무즈 해협 기뢰 공포에…세계 9위 'K-소해전력' 주목,Politics
이란 전쟁 한 달...한국 외교·안보에 큰 파장,Politics
"오세훈 ""빨간 점퍼 입고 싶다"" 당권파 ""격 떨어뜨려""… 국힘, 공천 난맥 지속",Politics
"4월30일 전이냐 후냐… 여야, 지선출마 의원 사퇴시점 놓고 수싸움",Politics
선거 두달앞 국힘 지지율 10%대 첫 추락… 與는 영남 공천 속도전,Politics
공천 내홍에 지지율 쇼크…“정말 한심하단 분위기 팽배”,Politics
"선거 두달앞 국힘 지지율 19%... 장동혁, 유세장 기피 인물 됐다",Politics
주호영 “컷오프 가처분 기각되면 무소속 출마 고려”,Politics
'경기지사' 후보가 없다‥그렇다고 이진숙을?,Politics
올해도 국회 재산 1위는 ‘1200억’ 이사람(Feat.안랩),Politics
"지지율 바닥치는데…장동혁, 도로 '윤어게인' 노선 향하나",Politics
유승민에 '러브콜' 보냈지만…당 체질은 여전히 '역주행 중',Politics
이란 전쟁 한 달…안보·에너지 '복합 리스크' 직면한 한국,Politics
[주간政談<상>] '영감을 지켜라'…우당탕탕 차량 5부제 대작전,Politics
"박용진, 유시민 겨냥 “盧 때도 민주당 주류는 거부감”",Politics
"""난 김부겸이""vs""빨갱이가?""...반으로 나뉜 대구 민심 ""누가 될지, 가봐야 안다""",Politics
"""쉬운 선거 없다"" 민주 기강잡기...국힘은 또 최저 지지율",Politics
"이혁재 “尹, 내 가치관으론 무죄”…진종오 “李 해촉해야”",Politics
"통일교 의혹 수사받는데... 與, 전재수 부산시장 경선",Politics
국힘 잇따른 현역 ‘컷오프’…민주당 6인 경선 일정 확정,Politics
[정치더] '여권도 자중지란',Politics
"유승민, '당 쇄신안'에 ""갈라진 분들 다시 합쳐야""…출마 요구엔 재차 선 그어",Politics
"‘집안 싸움’ 불붙는 민주당…정청래, “쉬운 선거 없다” 내부 단속",Politics
[단독] 오영훈 비판 정체불명 문자 발송 명의는 ‘문대림’,Politics
"장동혁 ""민주당은 똘똘 뭉치는데 왜 우린 못하나""",Politics
"김종인 ""조희대 개인 잘못이라고 사법부 전체 뒤엎나""",Politics
TK도 27% 동률…'장동혁·빨간 점퍼' 속앓이,Politics
與 “보수당에 뺏길까” 野 “한동훈 나오나”…정치권 수싸움 가시화,Politics
"""한번 뵈면 좋겠다"" 장동혁 연일 러브콜…유승민 ""불출마 확고""",Politics
"지선 두달앞 국힘 지지율, 장동혁 취임후 10%대 첫 추락",Politics
"“불출마 생각 변함없다”…장동혁 만난 유승민, 여전히 선그어",Politics
"[비하인드 뉴스] '나밖에 없다'는 주호영…고성국 ""김부겸 따위 누구든지""",Politics
윤희근 사퇴·이범석 컷오프... 국힘 경선 '혼돈',Politics
[비하인드 뉴스] 다주택 털고 5부제 '솔선수범'…장동혁은 '뉴이재명'?,Politics
"추미애 후보 지지자, 향우회 간담회에서 '득표율' 발언 논란",Politics
“‘무료 이발’ 해준다더니 머리를 홀랑…”김영환 ‘삭발식’ 갔다가 봉변,Politics
국힘 지지율 19% 최저치…후보들 '장동혁 거리두기',Politics
어쩌다 경기지사 '구인난'까지‥유승민 러브콜에 이진숙 차출설?,Politics
"장동혁, 유승민 만나 ""한 번 뵈면 좋겠다""…유 ""불출마 생각에 변화 없다""(종합)",Politics
"이혁재, 국힘 오디션서 '尹 대왕고래' 소환…""원유 나왔다면""",Politics
"이혁재 심사위원에 TV조선 앵커 ""거꾸로 가는 국힘"" MBC 앵커 ""윤어게인 본색""",Politics
유승민이 영웅을 기억하는 법[주간 여의도 Who?],Politics
"민주당 주자 셋, 조국까지?…안산갑 '최대 격전지' 부상",Politics
[단독] 천안함 유족 “北 사과 받아달라”... 李 “사과하란다고 하겠습니까”,Politics
유승민에 '경기 등판' 손 내밀었지만…거듭 손사래,Politics
"색다른 선거운동? / ""오만방자"" 비판에 경고한 정청래? / 한동훈, 예능 출연 [정치톡톡]",Politics
국민의힘 또 10%대…여당의 '반도 안 되는' 지지율,Politics
[현장에서 묻다]전국서 가장 비싼 통행료…경남도지사 후보의 해법은?,Politics
국힘 잇따른 현역 ‘컷오프’…민주당 6인 경선 일정 확정,Politics
"국힘 일각, 이혁재 '청년 후보 심사'에 ""도움 안 돼…해촉해야""(종합)",Politics
[단독] 오영훈 비판 정체불명 문자 발송 명의는 ‘문대림’,Politics
장동혁 “박민영 잘 싸우는데 왜?”…대변인 임명 당내 반발 외면,Politics
"“여기 꽃바구니 하나”…李, 채상병 묘역 찾아",Politics
李 대통령 “계엄 때 ‘다리 넘지 말라’ 조성현 대령은 참군인… 응원해달라”,Politics
"""쉬운 선거 없다"" 민주 기강잡기...국힘은 또 최저 지지율",Politics
"“나서 달라” “생각 없다”…유승민, 국힘 러브콜에 거듭 선긋기",Politics
논란의 국민의힘 '청년 오디션'…尹어게인 후보들이 결선 갔다,Politics
"李대통령, ‘서강대교 넘지 말라’ 조성현 대령에 “진정한 참군인” 공개 칭찬",Politics
"한준호, 유시민에 ""분열 조장 바람직하지 않아""",Politics
선택적 모병제 다시 불지핀 李대통령…“국방개혁 속도 내야”,Politics
장동혁 취임 후 첫 10%대 당 지지율… 절윤·공천 싸고 자중지란,Politics
"장동혁 “한 번 보자” 했지만…유승민, 불출마 고수",Politics
"신정훈 ""민주당 선관위, 민형배 '득표율 호도' 게시물 삭제지시""(종합)",Politics
"李, ""서강대교 넘지 말라"" 조성현 대령 만나 ""특진 검토했지만…""",Politics
[단독] 국힘 오디션 탈락 직후 ‘한동훈 만세’ 외친 청년…“의도된 행동이었다”,Politics
"나경원 “또 여당 법사위원장? 국회 해산 요구해야…유승민, 불출마할듯”",Politics
"전남·광주특별시장, '박심'은 민형배?...'후원회장' 논란에 박지원 ""잘 몰라서, 곧 사임""[여의도초대석]",Politics
"장동혁, 유승민 만나 ""한 번 뵈면 좋겠다""…유, 출마에 부정적 입장",Politics
[맞수토론] '주-한 연대' 흰 점퍼 입나…오세훈은 '반장동혁' 세력 구축?,Politics
"이 대통령, 계엄때 '서강대교 넘지말라' 지시 조성현 대령에 ""한번 보고 싶었다""",Politics
"""서강대교 넘지 말라"" 조성현 대령…李 ""참군인"" 치켜세운 까닭",Politics
유시민 'ABC론' 송영길 친문 비판 겨냥?…수습 나선 정청래,Politics
국힘 끝없는 추락?…선거 앞두고 '장동혁호' 지지율 20% 붕괴,Politics
"李대통령 ""비상계엄 막은 조성현 대령, 조기특진 사양…참군인 기억을""",Politics
"李대통령, '다리 넘지 말라' 조성현 대령 만나 ""한번 보고 싶었다""",Politics
"‘서강대교 넘지 말라’ 조성현 대령, 특진 사양…李 “진정한 참군, 응원해달라”",Politics
"박지원 ""유시민 ABC론? 분파적 얘기에 반응 말자""",Politics
"민주 성남시장 후보 공천 번복에 '친명' 김병욱 ""선당후사 마음으로 받아들여""",Politics
‘안중근 방귀열차’ 올려 조롱…“뉴스 나왔다” 자랑해도 처벌 어려워,Politics
"與 '김부겸 출마' 수순에 대구 추가 공모, 부산은 '전재수·이재성' 경선",Politics
"李대통령, '이재명 조폭연루설' 또 비판… ""쓰다 만 소설""",Politics
[연합뉴스 이 시각 헤드라인] - 18:00,Politics
"김부겸, 출마 선언 최적지는 어디…수성알파시티 등 부상(종합)",Politics
"장동혁 ""서울 월세 150만원...李정권 부동산 정책 바로잡아야""",Politics
"""스마트강군 전환 필수 … 선택적 모병제를""",Politics
강기정·신정훈 단일화…민주당 전남광주통합시장 경선 요동,Politics
"""시계 받았다"" vs ""완전 허위""…주진우·전재수 정면 충돌",Politics
"장동혁, 유승민에 연일 경기지사 후보 러브콜 보내",Politics
"""윤석열 대통령 만세!"" 국힘 청년 오디션 결선 진출한 '윤 어게인'",Politics
"장동혁 ""한번 뵈면 좋겠다""…유승민 ""불출마 생각에 변화 없다""",Politics
"張 ""내부총질 탓"" 吳 ""분리 선거해야""…'절尹' 이후 갈등 격화",Politics
"장동혁 “6·3, 부동산 바로잡는 선거”…다주택 ‘걸림돌’ 치우고 총력전",Politics
"李, '서강대교 넘지 말라' 조성현 대령 만나…""한 번 보고팠다""(종합)",Politics
"“‘다 이긴다’는 말부터 자른다”… 정청래, 압승론 차단하고 ‘선거 리스크’ 먼저 겨눠",Politics
주진우 “전재수 ‘통일교 뇌물’ 거짓말”…田 “주 의원이 허위사실 공표”,Politics
"‘광폭’ 정청래와 비교되는 ‘방콕’ 장동혁, 안 가나 못 가나",Politics
"李 “‘서강대교 넘지말라’ 조성현 대령, 본인이 특진 사양…진정한 참군인”",Politics
"李대통령, ""서강대교 넘지 말라"" 조성현 대령에 ""보고 싶었다""",Politics
"여, 압승 기대에 '언행 주의보'…국힘, 위기 속 유승민에 러브콜",Politics
"민주당, 성남시장 ‘단수공천’ 결정 철회…김병욱·김지호 2인 경선",Politics
따릉이·지하철로 출근한 의원들 '인증샷'... 차량 5부제 동참 국회 풍경,Politics
"주진우 고발장에 전재수 반발 ""법적책임 묻겠다""",Politics
"'여당 프리미엄' 민주당, 6·3 지선 석권 목표…판세 가를 5가지 숫자",Politics
김종혁 “당내서 ‘장동혁 대표 거의 힘 없다’고 해…이상한 상황”,Politics
'시끄러운 혁신' 하겠다더니…이정현 국힘 공관위 전국서 '잡음'만,Politics
"""절윤 결의문 냈는데 왜"" 장동혁, 최악 지지율에 분통",Politics
"강득구, 유시민 겨냥 ""무죄 판결 받고 돌아온 사람에게 '당에 해 된다'고 하는건 이해 어려워""",Politics
"박지원, 유시민 ABC론에…“분파적 얘기 민감하게 반응하지 말자”",Politics
당대표인데 서울시장 유세 못 가는 신세···‘빨강 대신 흰색 점퍼’ 고민 후보들,Politics
“정책·비전으로 경쟁하길”… 전재수-이재성 부산시장 경선 돌입 (종합),Politics
"[단독] 장동혁 ""우리 당은 왜 대표 중심으로 못 뭉치나""... 박민영 재임명 반발에 격노",Politics
"전재수 ""허위주장 끝까지 책임 물을 것""…주진우 ""당당하게 사실 밝히라""",Politics
"한동훈 재차 국조특위 증인 자청 ""뭐가 무서워 도망다니나""",Politics
‘비명’ 전해철 출마 가능성에··· “당대표 직무정지 외치던 분”,Politics
"여, 대구 추가공모…국힘, 위기 속 유승민에 러브콜",Politics
"한동훈 ""국조 증인 제외 코미디…민주, 뭐가 무서워 도망다니나""",Politics
"전한길 또 ""하버드 맞냐?""…""무식이 용감"" 졸업장 인증",Politics
"'대구시장 공천 배제' 주호영, 10년 전에도 컷오프→가처분→무소속 출마",Politics
"25, 15, 3, 0.... 남성 정치인들은 이 충격적인 수치를 보라",Politics
"장동혁, 유승민 접촉했나… 국힘 경기지사 인물난에 골머리",Politics
"""이혁재가 우리당 심사위원? 어그로 안 돼""…진종오 ""해촉하고 다시 선정해야""",Politics
[단독]개혁신당 '허은아 축출 논란' 경찰수사 결론…이준석 등 무혐의,Politics
"강득구 ""무죄받고 돌아온 인물이 당에 해가 되나…송영길, 정부 성공 원해""",Politics
"이종훈 ""유시민-송영길 논란은 예고편, 전당대회 명청대전 더욱 치열""[박영환의 시사1번지]",Politics
"'국힘 심사위원' 뜬 개그맨 이혁재…""방송서도 퇴출된 사람"" 당내 비판",Politics
국힘 충북지사 경선 윤희근 사퇴…윤갑근 “모욕적이지만 끝까지 참여”,Politics
오세훈 “한동훈·이준석과 전략적 제휴 가능성”…‘보수연대’ 시사,Politics
"논란의 이혁재…이란 원유 얘기하다 '尹 대왕고래' 언급, 왜?[노컷브이]",Politics
"하버드 졸업장 올린 이준석, 전한길에 ""사실 왜곡, 책임 묻겠다"" 강공",Politics
"박성준 “한동훈, 국정조사 대상 아냐” 한동훈 “쫄았네”",Politics
윤희근 사퇴하고 윤갑근 남았다... 국힘 충북지사 후보 2인 경선으로,Politics
"[여담야담] 국힘 후보들의 '흰색 점퍼' 선거운동…오세훈 ""빨간 점퍼 입고 싶다""",Politics
"주호영, ‘컷오프’ 불복 가처분 심문 출석… “정적 제거용 공천 끝내야”",Politics
원주시장 대진표 압축…디펜딩 챔피언의 맞수 누가 될까,Politics
"양향자 ""유승민, 떠밀려 나오면 안돼""→ 劉 ""이정현 연락, 입장 변화 없다""",Politics
"박민영 감싸는 국힘 당권파 ""더 막말한 사람 많아""",Politics
'빨강 대신 흰 점퍼' 국힘 후보…당 거리두기 '2018어게인',Politics
"장동혁, 주택 4채 처분 후… ""잘못된 부동산 정책 바로잡겠다""",Politics
"'법원 출석' 주호영 ""무소속 출마 포함 모든 경우의 수 준비""",Politics
"""장동혁, 서울 오지마라""…당 대표가 선거 걸림돌 된 국힘",Politics
'룸살롱 폭행' 이혁재에 가려진 '원조 친윤' 강명구·조지연 [기자수첩],Politics
"김종천·전문학 민주당 대전 서구청장 후보, 컷오프 반발 ""재심 신청""",Politics
"[단독] 유승민 ""이정현 연락 왔지만 입장 변화없다…갈라진 보수 통합부터""",Politics
지방선거 승리 기정사실화?…당권 두고 '갈라치기 덫'에 빠진 與,Politics
오세훈 “빨간 점퍼 입고 싶다…張 변화 없으면 분리 선거”,Politics
"민주, 영남 공략 시동…국힘, 최저 지지율 수렁",Politics
"이준석, 전한길 ‘학위 의혹’에 ‘하버드 졸업장’ 응수",Politics
전한길 “하버드 졸업 맞냐”…이준석 “타진요 수법” 졸업장 공개,Politics
유시민 ‘ABC 발언’에 박지원 “분파적인 얘기 반응하지 말자”,Politics
"주호영 ""가처분 인용 가능성 높아…한동훈 참모진과 이야기 중""",Politics
"주호영 ""무소속 출마 포함 경우의 수 준비…한동훈과 협력할 수밖에 없지 않겠나""",Politics
"[속보]與부산시장 후보, 전재수·이재성 경선…경북지사 오중기 단수공천",Politics
"이동학 ""이진숙 급해진 듯... 재보궐 공천 쉽지 않을 수도""",Politics
"한동훈과 연대설?…주호영 ""직접 만남 없었지만 참모 간엔 교감""",Politics
경기지사 유승민 등판? '보수의 김부겸' 만들겠다는 국민의힘,Politics
"주호영 ""법원, 가처분 인용 확률 높아···한동훈 측 참모진과 협력 논하고 있다""",Politics
"[르포] 김부겸 출마에 흔들리는 대구…""보수 지켜야"" vs ""이젠 바꿔야""",Politics
"진종오 “이혁재 해촉해야, 코미디는 충분”",Politics
"다주택자라면 과장급도 정책 배제? 청와대 ""보유 현황 파악 중""",Politics
"이혁재 놓고 국힘 내부 '설전'…""부적합"" ""반성 중""",Politics
"기후환경장관 ""쓰레기봉투 사재기 안 하셔도 된다. 안심하시라""",Politics
"하버드 졸업장 공개한 이준석 “전한길, 아무말 대잔치”",Politics
주호영 “가처분 기각되면 무소속 출마…인용땐 경선 참여”,Politics
"[단독] 정청래 ""어긋난 컷오프 확인""…김지호 재심 인용날 '공천 원칙' 공문 발송",Politics
"“추미애 되면 유승민 뜬다”“ABC, 분열의 길”…與 경선 생존법",Politics
"서정욱 ""대구 고향 친구들도 김부겸 뽑는다더라…이진숙 컷오프도 그 때문""",Politics
김영환 이어 이범석도 '컷오프'…국민의힘 공천 후폭풍 어디까지(종합),Politics
"이준석 ""전한길, 타진요 같다"" 하버드대 학력 의혹 정면 반박",Politics
"李 ""'조폭연루설'은 쓰다만 소설…스토리라인 부실"" 거듭 비판",Politics
"'청년 후보 심사' 이혁재에 진종오 ""어그로 충분, 해촉해야""",Politics
"李대통령 ""조폭 연루설, 스토리 워낙 부실해 쓰다만 소설"" 이틀만에 또 비판",Politics
"'노무현' 앞세우고 '윤석열' 빼고... 교육감 후보들, 경력 전쟁",Politics
"‘하버드 졸업장’ 올린 이준석 “전한길, 타진요와 똑같아…고소 추가”",Politics
"이준석, 전한길 ""하버드 맞냐?"" 반복에 졸업장 공개",Politics
"주진우 ""뇌물의혹 전재수·수의계약 정원오 평행이론""",Politics
"오세훈 ""빨간 점퍼 입고 싶습니다. 입게 해 주세요. 당에 요청""",Politics
“스토리라인 워낙 부실해 쓰다만 소설”…이 대통령 ‘조폭연루설’ 재차 비판,Politics
"강남구청장 컷오프 성중기, 국힘 떠나 무소속 출마 시사",Politics
"李대통령 ""'조폭연루설'은 쓰다만 소설…출연진 연기가 조금만 리얼했어도""",Politics
"李대통령, ‘조폭 연루설’ 또 비판…“쓰다만 소설, 출연진 연기 조금만 리얼했어도”",Politics
"""어그로꾼 당장 해촉""…국힘 일각, 이혁재 심사위원 반대 목소리",Politics
"채상병 묘역 찾은 李대통령 ""그래도 많은게 제자리 찾아 다행""",Politics
與 지지층의 분화? 강성 아닌 지지층은 아예 바깥으로 밀려나 [김수민의 일침일갈],Politics
"‘룸살롱 폭행’ 이혁재, 국힘 오디션 심사자격 논란에 “책임 다해”",Politics
"당과 멀어지기?…국힘 후보들, '張·빨간색' 거리 두며 속앓이",Politics
"'뉴이재명', 분열이 아니라 확장이 돼야 한다",Politics
"'국조증인 제외' 한동훈 ""코미디 하나?…1대 190인데 뭐가 무서워서 도망가나""",Politics
"이재명 대통령 ""'조폭연루설'은 쓰다만 소설…출연진의 연기가 조금만 리얼했어도"" 연일 비판",Politics
"'유시민의 ABC론'이 불러온 민주진영 내전... 이동형 ""비겁한 갈라치기 멈춰라""",Politics
"전국시간선택제노조, 근무시간 강제 변경 폐지 환영",Politics
"정청래 ""언행 주의"" 기강잡기…국힘, 최저 지지율 수렁",Politics
"‘서울 무상교통’ 내건 박주민, 머스크에게 메시지 보낸 까닭은 [런치정치]",Politics
응어리 여전한 유족… “왜 천안함 사과 요구 못하나”,Politics
민주당 ‘집안 싸움’ 안산…“김용 나와 달라” VS “대법 판결 이후여야”,Politics
"신정훈 ""민주당 선관위, 민형배 '득표율 호도' 게시물 삭제지시""",Politics
"선물들고 뛰는 민주, 출발부터 꼬인 국힘",Politics
D-70에도 공천 '룰의 전쟁'…늪에 빠진 국힘,Politics
"""李대통령 따라서""…'복심' 김현지도 다주택 처분 나섰다",Politics
[무등의 아침] 신정훈 “후보 단일화 논의 중…정치공학적 유불리 따져선 안 돼”,Politics
"윤희근 전 경찰청장 ""당이 생각지도 못한 사람 내세워""",Politics
민주당 대전시당 공천 윤곽…구청장·지방의원 1차 심사 발표,Politics
"파병 요구도 문제…이준석, 트럼프 향해 쓴소리한 까닭",Politics
"'인적 쇄신'도 거절당한 오세훈 ""변화 거부하면 장동혁 분리""",Politics
"이준석 ""전한길, 아무말 대잔치 또 시작⋯'타진요' 방식으로 학력 의혹 제기""",Politics
"송영길, 유시민 'ABC론' 저격에 ""안중근 '견리사의'가 삶의 기준"" 반박",Politics
“미국·북한 회담 통역 자원… 트럼프·김정은 솔직하게 대화”,Politics
"김병욱, 성남시장 후보 경선 수용…“이재명 정부 성공 견인할 것”",Politics
"김영환 '삭발식' 참여 노인 ""무료이발인 줄…홀딱 깎아 버렸어""",Politics
"하버드 졸업장 올린 이준석…“전한길, 또 아무말 대잔치”",Politics
"오세훈 ""빨간색 점퍼 입고 싶지만…장동혁 변화 없으면 '분리 선거'""",Politics
"부산행 이준석 ""빨간색이 빨간 점퍼 못 입어"" 쓴소리",Politics
"박지원, 유시민 ABC론에 “민감하게 반응 말자···유 작가도 이 정도로 덮어두는 게 좋아”",Politics
"'국힘 심사위원 논란' 이혁재, 룸살롱 폭행에 ""법적·도덕적 책임 다해""",Politics
"이 대통령 '조폭 연루설' 거듭 비판…""스토리라인 부실, 쓰다만 소설""",Politics
"""재밌게 봐달라"" 한동훈, SNL 또 등판…풍자 수위 어디까지",Politics
“가벼운 언행 엄중 조치”… 지선 압승론에 민주당 ‘기강 잡기’,Politics
6·3재보궐 앞두고 ‘핫해진’ 안산갑…조국·전해철·김용·김남국·용혜인 ‘출마설’,Politics
오세훈 “혁신 선대위는 중도확장 선대위…빨간색 입고 싶다”,Politics
"한동훈, 국조증인 제외에 ""코미디 하나...1대 190인데 뭐가 무서워 도망가나""",Politics
"‘음주 폭행’ 실수라던 이혁재, 국힘 청년 후보들에 “저스트 두 잇!”",Politics
"정청래 ""가벼운 언행 엄중조치""…국힘, 유승민에 러브콜",Politics
"국힘, 지선 코앞인데 노선 갈등 재점화…당내 곳곳 지뢰밭",Politics
"[인터뷰] 김용태 ""장동혁 리더십 붕괴…서울·경기·인천 묶어 '혁신 선대위' 꾸려야""",Politics
"김병욱, 성남시장 경선 전환 수용… “갈등 아닌 화합 선택”",Politics
"한준호, 'ABC론' 유시민에 ""정치인 직접 거론해 구분 짓는 건 위험한 행위""",Politics
"박지원 “주호영, 신당 창당 나서야...무소속으로 출마 안 할 듯”",Politics
"한동훈 SNL 뜬다…""새 시즌 첫 회 출연, 재밌게 봐 달라""",Politics
"서정욱 ""대구 고향 친구도 김부겸 찍겠다고…이진숙 컷오프, 金대비 차원""",Politics
"오세훈 ""국힘 변화 없으면 분리해 선거…빨간 점퍼 입게 해 달라""",Politics
"박형준, 세이브코리아 집회에 ""법치주의 지키기 위한 운동이었다""",Politics
정당 지지율 민주 46% vs 국힘 19%…중도층선 44% vs 13%,Politics
"李대통령, 검·경의 형량거래 통한 사건 조작 비판",Politics
김영환 이어 이범석도 '컷오프'…국민의힘 공천 후폭풍 어디까지,Politics
"이준석 “전한길의 하버드 학력 의혹 제기, 타진요와 똑같아...고소할 것”",Politics
"‘다주택자’ 청와대 참모진, 잇따라 부동산 처분 시작",Politics
"집 두채 이상 과장급까지?…정부, 부동산정책 업무배제 검토",Politics
"전한길 ""하버드 학력 위조""…이준석 ""졸업장 공개, 고소 항목 추가하겠다""",Politics
"민주당, 영도·사상구청장 단수→경선 변경 논란",Politics
"""장동혁, 유승민과 의견 교환은 했다""…조광한 ""유승민, 경기지사 관심 있다는 말 안 해""",Politics
"前 수방사령관 ""육사총동창회 '사관학교 통합' 반대, 시대착오적 발상""",Politics
오세훈 “지선에서 국민의힘 지면 ‘박원순 시즌2’ 시작될 것”,Politics
이재명 대통령 지지율 65%…중도층 64% ‘긍정’[한국갤럽],Politics
"이준석 “전한길, ‘타진요’ 방식과 똑같다”…‘고소 추가’한 까닭은",Politics
"집 6채 중 4채 처분한 장동혁 ""대통령이 팔아서 아냐""",Politics
"""'그알' 김상중 리얼 연기 덕분에"" 李대통령, 이번엔 ""쓰다만 소설""",Politics
국힘 충북지사 후보 줄사퇴… '김수민 내정설'에 경선 붕괴 위기,Politics
"오세훈 “국힘, 중도 확장해야… 빨간 점퍼 입고 싶다”",Politics
험지부터 양지까지…서울시 비례 의원들의 '출마 지도',Politics
"김부겸, 與 전폭 지원 확보…출마 선언 장소 수성알파시티 부상",Politics
‘조폭 연루설’ 재차 비판나선 李대통령 “스토리 라인 워낙 부실…쓰다만 소설”,Politics
"박지원 ""조국 안산갑? 민주 관계 생각해야…송영길 만났더니 '당 결정대로'""",Politics
"오세훈 ""당 변화 없으면 분리할 수밖에…빨간 점퍼 입고 싶다""",Politics
오세훈 “18% 지지율로 어떻게 선거하나…빨간색 입게 해달라”,Politics
"안귀령 '진주 호떡' 먹방에…이 대통령 ""안 드렸으면 큰일날 뻔, 훈식이 형은 왜?""",Politics
"“부산 1위 탈락”… 국힘 청년공천 오디션, 기준 없는 선발 논란 키웠다",Politics
"'김영환 컷오프 반발' 삭발 시위…""무료 이발인 줄 알았는데…""",Politics
"트럼프, 이란의 ‘기축통화 흔들기’ 응징… 국내정치 부담에 출구전략[Deep Read]",Politics
"다주택 과장급, 부동산 정책서 배제? 靑 ""현황 파악 중""",Politics
[KBS여론조사] 차기 당 대표 선호도 정청래·김민석 ‘접전’,Politics
"靑 ""부동산 정책 담당자 다주택 현황 파악 중""…배제 조치 속도",Politics
관료는 솎아내는데‥부동산 상임위 20% '다주택',Politics
오세훈 “장동혁 지원 유세 모시고 싶다…다만 변신한 모습으로 와달라”,Politics
‘보수의 심장’이 격전지 되나?…김부겸 공개 등판·주호영 반발,Politics
"유용원 의원 “방위사업법 개정의 결실, 중동 수출형 K2 전차 ‘K2ME’ 1호 출고”",Politics
“서해는 아직 전쟁터다”…11번째 서해수호의 날 [박수찬의 軍],Politics
김혜란 국힘 춘천갑당협위원장 전격 사퇴,Politics
"""파병 대신 무기(Iron) 보내자""...이준석, 美핵심 안보매체에 제3의 길 제시",Politics
"박지원 '유시민 ABC론'에 ""분열 길 가서는 안 돼…이 선에서 덮어둬야""",Politics
"오세훈, 張에 “빨간 점퍼 입게 해달라... 변화 없으면 분리 선거”",Politics
오세훈 “국힘 바뀌지 않으면 서울시 차원 혁신선대위 구성”,Politics
"장동혁 ""軍 예우 강화""..송언석 ""정동영 경질하라""",Politics
오세훈 “빨간옷 입고 유세하고 싶다…당 변화 없으면 분리해 선거 치를 것”,Politics
"오세훈, 오·한·석 연대설에 ""전략적 제휴 가능성…뺄셈정치 안 돼""",Politics
"민주 ""국힘 '음주폭행' 이혁재 임명, 청년 모욕""…이혁재 ""한 번의 실수""",Politics
"오세훈 ""서울시 차원에서라도 중도 확장 선대위 꾸려야""",Politics
"주호영-한동훈 연대설에 김부겸의 역습까지…'설상가상' 국힘, 대구 쇼크",Politics
"조광한 ""장동혁, 유승민과 접촉했지만 확답은…이진숙 경기 공천? 희망사항""",Politics
"현대로템, 중동형 K2 전차 첫 공개",Politics
"오세훈 ""장동혁, 내가 빨간 점퍼 입게 해달라""…재차 압박",Politics
“이국종 교수님이 유튜브를?” 68만명 속았다,Politics
"오세훈 ""빨간색 입고 싶다, 입게 해달라…당 변화 없으면 독자 노선도""",Politics
"장지호 국힘 강북구청장 예비후보 ""강북구 사는 게 자랑스럽도록 하겠다"" [인터뷰]",Politics
"오세훈 ""국힘, 외연 넓혀야 선거승리…빨간점퍼 입게 해달라""",Politics
IDS홀딩스부터 시작된 범죄…담당 변호사가 본 박왕열은?,Politics
"[6·3 지선] 정청래 만난 김부겸 ""피하긴 힘들겠구나""…30일 출마 선언 예고",Politics
"‘삭발’ 박형준, 대자유총 토론회서 “세이브코리아는 법치주의 지키려는 운동”",Politics
이대통령 다주택자 압박에…김현지·강유정도 '집 팔기' 행렬,Politics
靑 참모진 ‘다주택 정리’ 가속화…조성주·김현지·이성훈 매물내놔,Politics
전한길 ‘이준석 학력 의혹’ 제기에…李 “아무말 대잔치 또 시작하네”,Politics
김진태 ‘약 4억 원’·김희철 도의원 ‘19억 원’ 증가,Politics
"폭행·체납 논란 이혁재 ""책임 다했다…실패 딛고 일어났다""",Politics
"국민의힘, 김영환 지사 이어 이범석 청주시장도 컷오프",Politics
“김정은 잘 대처했었다”…‘북미회담’ 트럼프 통역사가 전한 그날 분위기,Politics
2030년 전력화…‘하늘의 기뢰 사냥꾼’ 한국형 소해헬기[이현호의 밀리터리!톡],Politics
"송언석 ""서해수호 55영웅의 명복 빌어…李정부는 김정은 짝사랑하듯 저자세""",Politics
'2채·3채' 참모들 줄줄이 집 처분…김현지·이성훈도 동참,Politics
‘룸살롱 폭행’ 이혁재가 묻고 ‘윤어게인’ 답했다…국힘 청년 오디션,Politics
"이준석 ""전한길, 타진요와 똑같아.. 음모론자끼리 '아무말 대잔치' 공유·반복이 진실탐구 실체""",Politics
여권 달군 유시민의 'ABC론'…차기 당권 경쟁 서막?,Politics
"송언석 “李정부 저자세, 김정은 오만 키워”…정동영 경질 요구",Politics
박맹우 무소속 출마…후보 단일화 최대 ‘변수’,Politics
"靑, 부동산 정책 라인 다주택자 과장급까지 배제 검토",Politics
"""대통령 팔면 나도 판다""...장동혁, 주택 6채 중 4채 처분",Politics
'무료 이발'이라더니‥삭발식에 어르신 동원,Politics
"[지선PICK] '칠전팔기' 박운기, 與 서대문구청장 재도전…""이성헌은 '리틀 윤석열'""",Politics
[손병관의 뉴스프레소] 승산 없어도 '경기지사 유승민' 띄우는 이정현의 속내,Politics
"빨간 점퍼 벗고 하얀 점퍼‥""장동혁도 오지 마""",Politics
관료는 솎아내는데‥부동산 상임위 20% '다주택',Politics
"김종혁 ""국힘 무정부 상태…장동혁 힘없고 찾는 이 없어, '이미 끝났다' 말까지""",Politics
"입 연 이란 대사 ""한국 적대국 아냐‥협의하자""",Politics
"'무료 이발'로 알고 간 80대, '김영환 지지자'로 엉겹결에 삭발",Politics
野 1호 공약 제동 건 내홍…‘막말 대변인’ 재임명에 당내 반발,Politics
"국힘 심사위원된 '음주폭행' 이혁재 ""한번의 실수…모든 책임 다했다""",Politics
"“한 번의 실수, 책임 회피한 적 없다” 이혁재, 논란 속 국힘 청년 오디션 심사",Politics
"""한 번의 실수.. 모든 책임 다했다"" 이혁재, 국힘 청년 인재 심사하며 ""저스트 두 잇""",Politics
다주택 처분 속도내는 靑 참모들…조성주·김현지·이성훈 매물내놔,Politics
‘보수의 심장’이 격전지 되나?…김부겸 공개 등판·주호영 반발,Politics
‘불장’ 덕 봤다…청와대 참모 10명 ‘다주택자’,Politics
"[이충재 칼럼] 대구의 분노, 이유 있다",Politics
"""대못 박으시네"" 웃은 김부겸, 대구 출마 임박",Politics
"'ABC론' 유시민에 깊어지는 靑고심…""논란 키우면 불편""",Politics
李 기조 맞춰… 다주택 처분 나선 김현지·조성주,Politics
부동산 관련 공세 차단 나선 장동혁…주택 6채 중 4채 처분,Politics
[청와대스케치] 李대통령 “전기 요금 변경 않겠지만 절약 협조를” 중동發 에너지 위기 대응 총력… 靑 참모들은 다주택 해소 ‘속속’,Politics
"주호영 무소속 기로, 김부겸 출마 임박…'대구 3파전' 촉각",Politics
'다주택' 김현지 등 청와대 참모들도 속속 집 내놔,Politics
[시대데스크]6·3 지방선거에서 절대 찍으면 안 되는 후보,Politics
"김영환 지지자 '삭발식' 참여 노인 ""무료이발인 줄 알고 갔다 봉변당해""",Politics
[단독] 부동산 정책 세울 때 관련 부처 ‘다주택 과장급’까지 배제,Politics
장동혁에 거리 두는 野 후보들… 빨간색 대신 흰색 점퍼 입기도,Politics
김부겸 “피할 순 없겠다” 30일 출사표… ‘보수의 심장’에 노크,Politics
靑은 배제했는데…'부동산 상임위'엔 다주택 의원들 포진,Politics
도지사인데 자가는 서울에…도백들 해명은?,Politics
다수 다주택자 '내로남불'…당정 지지 영향 받을까,Politics
"與 '국정 발목' 상임위 독식 엄포에…野 ""재경위는 잘 돌아간다""",Politics
장동혁 러브콜에 꿈쩍 않는 유승민…국힘 '4월' 기다리는 이유,Politics
유승민 경기지사 출마 설득 나선 국힘…답 없는 유승민,Politics
[기자수첩] 집권여당 '이겨도 지는 선거'가 안 되려면,Politics
"[인터뷰]박주민 ""저는 이재명 정부와 정책 철학 공유…정치적 리더십 필요한 서울시장에 적임""",Politics
"靑국토비서관, 3주택 모두 내놔… 김현지, 2채중 1채 “처분중”",Politics
국힘 최대 악재 된 ‘장동혁 리스크’… 막말 논란 박민영 재임명,Politics
"재보선은 논의도 못하는 국힘… ""공천 지연에 총선 패했는데, 지금은 전국이 위기""",Politics
"""야, 또 터진다""... 韓대사관, 매일 새벽 폭음 속에서도 이란서 버티는 이유",Politics
박민영·이혁재 논란에 주호영 가처분까지… 국힘 '산 넘어 산',Politics
"野 공천파동, 與 필승회동… '보수 철옹성' 대구 흔들리나",Politics
"휘발유 'ℓ당 2000원' 임박… ""오늘 바로 인상하면 비정상""",Politics
"정청래, 김부겸 설득 총력…'동진 전략' 시험대",Politics
휘발유·경유 210원씩 인상… 주유소선 2000원 넘을 듯,Politics
"장동혁, 주택 6채 중 4채 처분 “노모에게 무상 증여”",Politics
"“당에 해가 될 사람” 유시민, 송영길 저격",Politics
"무리해 만든 2차 특검, 성과 지지부진… 與 “인력 증원”",Politics
추미애 가능성 커지자… 국힘서 ‘경기 유승민 등판론’,Politics
박주민 “정원오 도이치 협찬 골프는 도덕적 감수성 문제”,Politics
"“대통령이 팔면 나도 팔겠다”던 장동혁, 6채 중 4채 팔았다",Politics
"초유의 대법원장 탄핵 실현되나?…범여권, 도 넘은 사법부 겁박 도마에",Politics
'25조 추경' 앞 국민의힘 딜레마 …반대 시 '민심 역풍' 부담,Politics
가처분·재심에 삭발·단식까지…잡음으로 얼룩진 국민의힘 공천,Politics
"유승민 경기지사 영입설에 장동혁 ""가능성 열어 놓겠다""",Politics
"국감서도, 국조서도 또 김현지 실장…사라지지 않는 소환론 [정국 기상대]",Politics
“도움 안돼”… 장동혁 손절하는 수도권 주자,Politics
"""노무현도 B.. '뉴이재명'과 마찬가지"" 박용진, 'ABC론' 유시민 비판",Politics
'윤어게인'은 훈장?…오락가락 '절윤'에 국힘 선거 전략 혼선,Politics
[`26 국회의원 재산<하>] '코인 열풍' 못 피했다…상장폐지 쓴맛도,Politics
"이혁재 “누구나 실패할 수 있다, 저스트 두 잇”",Politics
‘보수의 심장’이 격전지 되나?…김부겸 공개 등판·주호영 반발,Politics
"김부겸, 30일 출사표 전망...대구시장 3파전 되나?",Politics
‘불장’ 덕 봤다…청와대 참모 10명 ‘다주택자’,Politics
"""피하긴 힘들겠다"" 등판 임박한 김부겸, '8전 전승' 여론조사 대해부",Politics
[속보]도곡동·대치동 주택 내놨다…청와대 다주택 참모들 잇따라 매물 처분,Politics
장동혁 “유승민 경기지사 후보 영입? 여러 가능성 열어놓을 것”,Politics
김진태 ‘약 4억 원’·김희철 도의원 ‘19억 원’ 증가,Politics
경기도지사 보수 후보에 유승민 등판?…장동혁 “가능성 열어놓겠다”,Politics
"[윤정호의 앵커칼럼] 대구, 너마저",Politics
김진태 ‘약 4억 원’·김희철 도의원 ‘19억 원’ 증가,Politics
[KBS여론조사] 차기 당 대표 선호도 정청래·김민석 ‘접전’,Politics
"국힘 충북지사 공천 '요동'…윤희근 ""여정 멈추겠다"" 사퇴 표명(종합)",Politics
거꾸로 가는 野…'폭행·빚투' 논란 이혁재가 청년오디션 심사,Politics
‘불장’ 덕 봤다…청와대 참모 10명 ‘다주택자’,Politics
‘보수의 심장’이 격전지 되나?…김부겸 공개 등판·주호영 반발,Politics
국힘 충북지사 경선 윤희근도 사퇴... 김수민·윤갑근만 남아,Politics
"靑국토비서관 3주택 모두 내놔…김현지, 2채중 1채 처분중",Politics
'불경기'에도 의원 10명 중 9명 재산 늘어…與 다주택자 22명,Politics
"[데일리안 오늘뉴스 종합] [주총] 카카오에 97분간 쏟아진 주주 질타, 장동혁 ""李대통령, 대한민국을 빚더미에 앉혀놔"", 공천 파열음에 대구 비상…김부겸 등판설까지 등",Politics
여권 달군 '유시민 ABC론'…차기 당권 경쟁 서막?,Politics
김부겸 '출마' 초읽기…주호영은 '무소속' 고심,Politics
"이범석 청주시장 '컷오프'...""서승우·손인석·이욱희 3자 경선""",Politics
"박용진, 'ABC론' 유시민에 ""노무현도 B였다""",Politics
[단독] '이철우 기사 무마' 언론사에 보조금 더 줬다,Politics
‘쇄신 대상’ 꼽힌 박민영 재임명…뭉칠 힘도 의지도 없는 국힘,Politics
"장동혁 ""주호영, 필요하면 만나겠다…당 위한 좋은 결정 해주실 것""",Politics
정청래 “선거 필승 카드” 김부겸 “도망 못 가게 퇴로 차단하셔”,Politics
'김수민 감점 요구' 거절되자…윤희근 사퇴 표명·윤갑근은 고심,Politics
부동산 정책 다룰 여당 다주택자 세어보니‥5명 중 1명꼴,Politics
"“고민이다” 장동혁, 집 6채 중 4채 처분…어떻게 했나 보니",Politics
‘다주택’ 김현지·이성훈 등 靑 참모들 속속 집 내놨다,Politics
李대통령 '정책 배제' 사인에도…당정 곳곳에 '다주택자',Politics
[단독] '무료 이발'이라 갔는데‥갑자기 '김영환 지지' 삭발 당해,Politics
"김부겸 ""30일 입장 밝힌다"" 출마 초읽기?‥뜨거워지는 대구시장 선거",Politics
장동혁 오지 마! 추경호도 흰색 점퍼?‥또 시작된 '국힘' 지우기,Politics
"""윤석열 무죄"" 개그맨 이혁재가 공천 심사?‥국힘, 도로 '윤어게인'",Politics
[비하인드 뉴스] 유시민의 애프터 서비스…친명계는 '20년전 갈등' 꺼냈다,Politics
"[비하인드 뉴스] ""장동혁 미담 알린 거""라던 '노모 시골집'…결국 증여 처분",Politics
충청권 국회의원 27명 중 11명은 다주택…'강남 3구' 보유자는 4명,Politics
[인터뷰]장동혁 “필요하다면 주호영 만날 것”,Politics
"달아오르는 달구벌…김부겸, 30일 대구시장 선거 출마선언 할 듯",Politics
김진태 ‘약 4억 원’·김희철 도의원 ‘19억 원’ 증가,Politics
'폭행' 이혁재 묻고 '극우' 청년 답하고…당내 시선도 싸늘,Politics
"[단독] 제8회 지방선거, 여성 광역의원 지역별로 보니",Politics
"이재명 대통령 ""투기 근절"" 기조에 靑 참모진 주택 처분 릴레이… 수석급 다주택자 '0명'",Politics
국회의원 다주택 60명…재산 증식 대세는 주식,Politics
대통령은 내놨는데…청와대 참모 5명 중 1명 '다주택자',Politics
'인세 15억' 이 대통령 재산 18억 증가…'주식 대박' 공직자들도,Politics
조병길 사상구청장 개혁신당행? 오은택 부산 남구청장 예비후보 등록 ‘배수진’,Politics
"5천만원이 33억 된 의원 / '음주폭행' 이혁재가 국힘 심사? / '6주택' 장동혁, 4채 처분 / ""대통령이 계산하세요~"" [정치톡톡]",Politics
靑 참모진 '다주택' 해소…수석급 문진영·조성주 주택 처분(종합),Politics
김현지 ‘청주집’ 내놨다…靑참모들 다주택 해소 잰걸음,Politics
"국힘 ""與 부울경에 범죄공천 라인업""…민주 ""무능한 야당의 네거티브""(종합)",Politics
"[6·3 지선] 정청래 만난 김부겸 ""피하긴 힘들겠구나""…30일 출마 선언 예고",Politics
"김현지·이성훈 등 ‘다주택’ 청와대 참모들, 집 내놨다",Politics
李 다주택 처분 기조에... 靑참모들 잇달아 매물 내놔,Politics
김형남 “중도 확장은 ‘투표장에 나오지 않는 사람’에게서 찾아야”···민주당 서울시장 예비경선서 ‘주목’,Politics
조성주·김현지 매물 내놨다…청와대 참모들 다주택해소 가속도,Politics
"김부겸, 30일 출사표 전망...대구시장 3파전 되나?",Politics
"'찐명' 김영진 ""안철수 이재명 버리고 도망, 김동연은 사수...고마운 사람, 재평가 시급""[KBC 뉴스메이커]",Politics
청와대 참모들 다주택 처분 나서…조성주·김현지·이성훈 매물 내놔,Politics
추미애 대항마로 경기 뛰는 이진숙? 불쑥 차출설 솔솔,Politics
주택 처분 나서는 靑 다주택 참모들…이성훈 국토비서관 3채 모두 매물로 내놔,Politics
"[르포｜대구 민심] ""언니, 당보고 찍으면 안돼""…""민주당 온다고 살려주겠나""",Politics
민주 박시선 ‘선두’ vs 국힘 이충우 ‘압도’…여주시 민심 향방은?,Politics
민주 47.8% vs 국힘 43.1%… 여주시 민심 ‘접전’,Politics
"주호영, 가처분 신청…공천 잡음에 영남권 출렁[박지환의 뉴스톡]",Politics
"서희건설 회장 ""김건희, 브로치 받고 '회사 도와줄 것 없나' 물어 사위 자리 부탁""",Politics
대통령 지시에 청와대 참모들 다주택 처분 '속도',Politics
"부산 북갑 보선, 전국적 관심 시들… 왜?",Politics
국힘 ‘청년 오디션’ 후보자·심사위원 이력 도마에,Politics
‘전·현직 vs 원외 인사’… 친명계 집안 싸움 격화,Politics
"정청래 “무엇이든 다해드리고 싶다”… 김부겸, 대구시장 출마 초읽기",Politics
“기장군수 첫 입성” 벼르는 민주 vs ‘후보 난립’ 국힘,Politics
'장동혁이 지원유세 온다면?' 답 못하는 국힘 서울·부산시장 후보들,Politics
靑 참모진 다주택 해소…김현지·조성주·이성훈 처분 나서,Politics
"""한동훈은 국정조사 대상 아냐"" 민주당에, 한동훈 ""쫄았네""",Politics
"""선당후사를"" 셈법은 180도…대구시장 대진표 들썩",Politics
"'서울집 팔겠다'는 김영록에, 신정훈 캠프 ""엘시티 박형준 전례 따르지 않길""",Politics
"美는 파병, 이란은 호르무즈 항행 압박… 韓 줄타기 외교 [이란전쟁 한 달]",Politics
"서희건설 회장 “김건희 목걸이 선물, 정권 도움 받으려 ‘보험용’으로 줬다”",Politics
당 내홍에 1호 공약 스톱…‘막말 논란’ 대변인 재임명 또 파열음,Politics
고성국 “누가 나와도 김부겸 따위는 이겨”…여론조사 못 봤나,Politics
"[단독] ""단일화 합의에도…"" 국힘 달서구청장 경선 결국 3자 구도",Politics
“피하긴 힘들겠다고 생각” …김부겸 대구 출마 초읽기,Politics
"[단독] 이성훈 靑 국토비서관, 부동산 3채 모두 처분 나서…김현지 1부속실장도 1채 매물 내놔",Politics
"다주택 공세 차단나선 장동혁, 6채중 4채 처분",Politics
"""김건희가 '괜찮은 액세서리 없다'길래 반클리프 목걸이 건네""",Politics
"원영섭 ""힘 없는 국민의힘만 외로운 투쟁, 검사들도 목소리 높여라""[박영환의 시사1번지]",Politics
靑 참모 4명 중 1명 다주택…1년 전과 비교해 보니,Politics
"""김용 모신 내가 찐명"" 역대급 줄대기 경쟁",Politics
"[단독] ""아들 능력으로 12억"" 김병욱 해명 추가 검증 '여전히 빈틈'",Politics
[단독] 조성주 이어 김현지도 아파트 처분 중…靑 참모들 다주택 해소 가속도,Politics
"[단독]김부겸, 대구시장 출마 실무팀 구성[시사쇼]",Politics
‘막말’ 논란 대변인 재임명에 부정선거론까지…국힘 ‘노선 갈등’ 재점화?,Politics
"'컷오프 불복 가처분' 주호영 ""정략적 사천에 싸우고자""",Politics
“밭두렁 PC” 전재수 공세 집중하는 국힘…지지율 타격은 ‘글쎄’,Politics
‘룸살롱 폭행’ 이혁재 “한 번의 실수… 법적·도덕적 책임 다 했다”,Politics
"'여조 왜곡 혐의' 장예찬, 피선거권 박탈…여연 부원장 사퇴",Politics
"""김부겸, 대구 필승카드""…국힘, 보수 텃밭 적신호",Politics
"""전기료 안 올리겠지만""…이 대통령의 '특별 당부' [짤e몽땅]",Politics
"‘선거법 위반’ 장예찬, 여연 부원장직 사퇴…‘막말 논란’ 박민영은 재임명",Politics
"""YTN 노동자는 하루하루가 전쟁, 청와대는 당장 방미통위원 임명해야"" ",Politics
"지선 코앞인데 신뢰도, 존재감도 없는 장동혁···국힘, 해답 안 보이는 ‘총체적 난국’",Politics
"이학재 ""靑 외압·허위보고·직권남용…공항통합은 1등 죽이기""",Politics
"조국, ‘부산행’ 목소리에 응답할까",Politics
정청래 만난 김부겸 “30일 입장 밝힌다” 출마 선언 예고…대구 지역 대대적 지원 촉구,Politics
"대구시장 선거, 격전지 부상…김부겸 출마 임박에 국힘 긴장(종합)",Politics
"민주 안산갑 '동상이몽'⋯""김용 맡아달라""·""대법 판결받고 나와라""[종합]",Politics
"'김영환 컷오프 항의' 삭발식 참가 80대 ""영문도 모른 채 삭발당했다""",Politics
'밭두렁 PC'부터 '까르띠에'까지…전재수 둘러싼 '3대 진실공방',Politics
"선관위원 청문회, 부정선거 도마…""음모론 치부도 문제"" ""사실 왜곡""(종합)",Politics
"전재수, '밭두렁 수색 TF' 장동혁에 ""내가 겁나나…제발 일 좀 하라""",Politics
"법정으로 간 공천 파동… 국민의힘 내홍, 해결사가 없다",Politics
"""피하긴 힘들겠구나"" 김부겸 출마 결심… 민주 최초 대구시장 나올까",Politics
"김남국 ""갈라치기 말라면서 분열 던져""…유시민 'ABC론' 정면 비판",Politics
"[영상] 서영교 ""나 무서운 거 이제 알았어?"" 곽규택 ""하나도 안 무서워. 그냥 웃겨""",Politics
"'룸살롱 폭행·빚투' 이혁재, 국힘 청년 오디션서 ""누구나 실수해""",Politics
'보수 심장' 겨냥한 與…정청래 '삼고초려'에 김부겸 '출마' 초읽기,Politics
"전국 누비는 정청래, 국회에 갇힌 장동혁",Politics
"권영진 ""이진숙 국회의원 보궐 출마? 대구가 우습나… 더 큰 악재""",Politics
"주호영, '컷오프 가처분' 신청…'기각 땐 무소속 출마도' 張 압박",Politics
"등판 몸푸는 김부겸, 길 헤매는 국힘…판세 요동치는 대구시장 선거",Politics
"주한이란대사 ""韓 비적대국이지만…美와 무관한 선박만 해협 통과""",Politics
"장동혁, 인적 쇄신 요구에도 ‘막말 논란’ 박민영 대변인 재임명",Politics
"""與 약속 지켜…내란 종식 불가"" 개혁 4당, 정치개혁 요구 삼보일배",Politics
"'윤석열 무죄' 이혁재, 국힘 청년 오디션 심사 강행‥""옛날일인데 어때""",Politics
"김부겸 삼고초려한 정청래 ""선당후사…지선으로 대구 대전환 승부수""",Politics
"[단독]‘피선거권 박탈’ 장예찬, 여의도연구원 부원장 사퇴",Politics
"대구시장 출신 권영진 ""대구까지 내주면 국힘 해산해야지""",Politics
최대 격전지 된 '보수 텃밭' 대구… 김부겸 등판 가시화에 판세 요동,Politics
국힘 씽크탱크 핵심이 ‘여론조사 왜곡홍보’ 유죄 확정…장예찬 피선거권 5년 박탈,Politics
장동혁 주택 6채 중 4채 처분…실거주·지역구만 남겨,Politics
“이분들 없인 부대 안돌아가요” 육군 부사관 788명 임관…5년새 최다,Politics
"공천배제 가처분신청 주호영 ""무도한 공천 학살에 맞서 싸울 것""",Politics
"""박민영 대변인 재임명, 절윤 국민 요구 거절한 것""",Politics
‘2주택 국토위’ 윤종군 의원 “이제는 1주택자…다주택자에게 할말 할 것”,Politics
"""한번의 실수로""...'룸살롱 폭행' 이혁재, 국힘 심사하며 한 말",Politics
'낙동강벨트' 김해·양산시장 선거…민주 '탈환' vs 국힘 '수성',Politics
"'컷오프 가처분' 주호영, 무소속 출마 묻자 ""모든 경우의 수 준비""",Politics
유지태 “100㎏ ‘한명회’ 소화하다…고지혈증·위염·대장염 생겨”,Politics
"장동혁, 집 6채 중 4채 처분‥서울·보령 아파트만 남겨",Politics
"이성권 ""장동혁, '막말 구설수' 박민영 재임명…국민의 '절연' 요구 거절""",Politics
"주호영, 컷오프 효력정지 가처분 신청… ‘주·한 연대’에는 “제 코가 석자”",Politics
"장동혁 ""하드디스크 밭두렁에 버렸단 전재수, 범죄 자백…수색TF 만들겠다""",Politics
한동훈 “집권당 190명이 나 한명 두렵나”…증인 제외 반발,Politics
"""대통령 팔면 나도 판다""…장동혁, 결국 6채 중 4채 처분",Politics
"""제 코가 석자""…'한동훈 연대설' 일단 선 그은 주호영",Politics
"""李대통령 집 팔면 나도 팔겠다""던 장동혁, 6채 중 4채 처분",Politics
"주호영, 컷오프 효력정지 가처분…""인용되겠지만 모든 경우수 준비""",Politics
"[바로이뉴스] ""대통령 팔면 나도 팔겠다""더니…장동혁, 주택 6채 중 4채 처분",Politics
"""윤석열 무죄"" 외친 이혁재, 국힘 비례대표 청년 후보 오디션 심사",Politics
"배종호 ""대구시장 선거 결과가 대한민국 정치의 한 획 그을 것""[박영환의 시사1번지]",Politics
"""바람이 불어도 신경쓰여”…파격 탈모공약 박주민 인터뷰[불편한 여의도]",Politics
국힘 심사위원 이혁재는 누구?…尹 무죄 주장·음주폭행까지,Politics
국민의힘 공천 법적 공방..주호영 무소속 출마 불사,Politics
"이혁재, 국힘 청년 오디션서 ""실패·실수할 수 있어…저스트 두 잇""",Politics
"‘삭발 배수진’ 박형준, 장동혁 부산 지원유세 온다면? “당 대표가 하겠다는데…”",Politics
"장동혁, ‘막말 논란’ 미디어대변인 재임명…당 안팎선 비판 목소리",Politics
"김남국 ""유시민, 갈라치기 말라더니 분열 조장…소강 국면에 휘발유 부어""",Politics
"'컷오프 불복 가처분' 주호영 ""공관위 결정, 절차·내용 모두 하자""",Politics
"주호영, 무소속 출마 여부 질문에 ""모든 경우의 수 준비""",Politics
"'다주택 논란' 장동혁, 보유 6채 중 4채 처분…""시골집 노모에 증여""",Politics
‘공천 배제’에 뿔난 주호영…“보복·표적 공천 망령 되살아나”,Politics
"최민희 ""2022 대선 패배는 선대위가 유능하지 못했기 때문""",Politics
"[속보]주호영 “가처분 신청, 사당화에 맞서는 것...표적 공천 때문 아냐”",Politics
"[속보] ""폭행·빚투·체납' 이혁재, 국힘 '청년 오디션' 심사위원에",Politics
"한동훈 ""공소취소 국조 증인에 나를 왜 빼…부를 배짱 없나""",Politics
"김부겸 출마 초읽기… 민주, 영남지역 공동선거로 총공세",Politics
국민의힘 박맹우 무소속 출마 선언.. 울산 보수 진영 요동치나,Politics
"이혁재, ‘국힘 청년 오디션’서 “실수·실패한 청년, 다시 일어서는 나라 돼야”",Politics
"[속보]주호영, ‘컷오프’ 효력정지 가처분 신청",Politics
"명태균 ""여론조사 조작 증거있나…신용한, 억울하면 맞고소하라""(종합)",Politics
"추경호 ""12.3 계엄 이미 사과... 김부겸과 대결, 승산 있다""",Politics
장동혁 6채 중 4채 정리... 실거주·지역구만 남겼다,Politics
장동혁 주택 6채중 4채 처분…실거주·지역구만 남겼다,Politics
"김부겸 30일 입장 발표 …국힘, 지선 앞 불협화음",Politics
‘이혁재·박민영’ 인선에 국힘 내부도 ‘절레절레’,Politics
이란 대사 “한국은 비적대국…호르무즈 기뢰 설치 안했다”,Politics
"""李대통령 집 팔면 나도 판다""…'주택 6채' 장동혁, 4채 정리",Politics
“검사에 ‘기록만 보고 판단하라’는 건 대한민국 100년 전으로 후퇴시키는 일”,Politics
지도부 내 우려에도…'막말 논란' 박민영 대변인 재임명,Politics
"박지원 ""ABC 정리 중 유시민, '존재감 제로' 조국, 계양 못 버리는 송영길""",Politics
"'윤어게인 반대 결의문' 국힘, 박민영 대변인 재임명",Politics
"'국힘 박민영 재임명'에 당내 비판 잇따라‥""약속 걷어차"" ""결의문에서 이름 빼야""",Politics
"'6주택' 장동혁, 4채 팔았다…""실거주·지역구만 남겨""",Politics
"""軍 전투력의 핵심·중추"" 올해 첫 육군 부사관 임관식",Politics
"“중도 없다”더니 18%, 국힘 셀프 박스권…지지층·TK도 “야당노릇 못해” 압도[NBS]",Politics
與 정청래 “대구 선거 이길 필승 카드”…김부겸 “30일 입장 밝힐 것”,Politics
"""장동혁, 주택 6채 중 4채 정리했다""…어떻게 했나 보니",Politics
"정청래 ""대구의 필승 카드"" 구애에…김부겸 ""피하긴 힘들겠구나""",Politics
'경제통' 의원들이 가진 주식은..삼성전자·쿠팡 등 다양,Politics
"張, '막말 논란' 미디어대변인 재임명…일각 선회 요구에도 직진(종합)",Politics
"국힘, 與 조희대 탄핵 추진에 ""잊을 만하면 탄핵 타령…설득력 없어""",Politics
"장동혁, 보유 주택 6채 중 4채 처분…다주택 논란 차단하나",Politics
"""대통령 팔면 나도 판다""…결국 4채 털었다",Politics
"권영진 ""주호영, 경고용 탈당 가능성…국힘 컷오프로 대구 민심 돌아서""",Politics
"민주당 경선 후보 김영록 ""서울 아파트 즉각 매도할 것…송구""(종합)",Politics
[질문에 답하다] 78년 만에 사라지는 검찰청…‘공소청·중수청’ 어떻게 달라지나,Politics
"국힘 혁신파·친한계, '장애인 비하' 박민영 재임명에 ""장동혁 사퇴하라""",Politics
"다주택 논란 장동혁, 결국 4채 털었다…""시골집 노모께 증여""",Politics
"""대통령 집 팔면 나도 판다"" 장동혁, 주택 6채 중 4채 처분",Politics
"장동혁, 당내 인적 쇄신 요구에도 박민영 등 대변인단 일괄 재임명",Politics
"""김대중 국회 못 들어오게"" 박정희의 방해공작… ""속임수로 선거 치르는 사람""",Politics
이재명 대통령 “전기요금 묶는다”… 불어난 적자는 국민 ‘절약’ 몫,Politics
고위공직자 평균 재산 21억…10명 중 7명은 늘었다,Politics
"국힘, 추미애 등판땐 ‘유승민 카드’ 급부상…친명 김영진 “與 자만에 빠지면 경기지사 선거 어렵다”",Politics
"주한이란대사 “한국, 비적대국이지만 호르무즈해협 통과하려면…”",Politics
"장동혁, 주택 6채 중 4채 처분…""시골집 노모께 증여""",Politics
"“호르무즈 개방” 방침 밝힌 이란…이란대사는 “한국 선박, 호르무즈 항행 불가”",Politics
"""피하긴 힘들겠구나"" 김부겸 출마 초읽기…정청래 설득에 화답",Politics
"장동혁, ‘당권파’ 박민영 미디어대변인 재임명…내홍 자제 주문",Politics
"천안함16주기 대전현충원 찾은 이명박 前대통령…""영원히 기억""",Politics
중동에 허덕이는 미국…'숙원' 핵잠 도입에 '직격탄' 우려 커진다,Politics
"""국힘, 제1야당 역할 잘한다"" 16%... 지지층 61%도 ""못한다""",Politics
"유시민 ABC 논쟁 해명에, 금태섭 ""유권자 정치인 졸로 보는 이론""",Politics
‘룸살롱 폭행·억대 체납’ 이혁재가 청년 정치인 검증?…국힘 내부서도 갑론을박,Politics
"먼지 속 구슬땀... 3보1배 나선 조국 ""정청래, 만납시다""",Politics
"국힘, '장애인 비하' 박민영 대변인 재임명... ""바보 같은 당""",Politics
"정청래 설득 통했나…김부겸, 대구시장 출마 '초읽기'",Politics
"혁신당 당원들의 공개요구 ""조국 대표 부산 출마해야""",Politics
"한병도 ""국힘 법사위원장 가졌다면 윤석열 탄핵 못했을 것""",Politics
"""한국은 손님""이라던 이란대사 ""해협 통과시켜 주나"" 묻자",Politics
"정청래 직접 출마 설득에 김부겸 ""피하긴 힘들겠구나""",Politics
"정청래 만난 김부겸 ""30일 입장 밝힐 것""…대구시장 출마 초읽기",Politics
"'정청래의 필승카드' 김부겸 ""30일 입장 밝히겠다""",Politics
이젠 ‘백바지-난닝구 논쟁’까지 소환…‘ABC론’ 논쟁에 갈라지는 민주당,Politics
"주호영, 컷오프 정지 가처분 신청…‘무소속 출마 명분쌓기’ 해석",Politics
부동산 정책 관련 상임위 소속의원 22% ‘다주택자’,Politics
[단독] 이틀 밤새 국힘 106명에 '손편지'…우원식 개헌 안간힘,Politics
"당정, '전쟁추경' 논의…김부겸 30일 입장 발표",Politics
"박성준 “한동훈은 국정조사 대상 아냐” 한동훈 “쫄았네, 쫄았어”",Politics
"박형준 ""삭발 체질에 안 맞는데…이슈 키우고 민주 빠른 결단에 기폭제""",Politics
"장동혁 “‘밭두렁 수색 TF’, 하드디스크 찾겠다”…전재수 “제가 두렵나? 일이나 하라”",Politics
윤어게인에 반대한다던 국힘··· 박민영 대변인 재임명,Politics
"""韓 국조 대상 아냐"" '증인 채택' 선 그은 박성준에…한동훈 ""쫄았네, 쫄았어""",Politics
정청래 만나 ‘출마 명분’ 쌓은 김부겸 “30일 입장 밝힐 것”,Politics
"“윤석열 무죄” 외치는 이혁재, 국힘 ‘청년 오디션’ 심사위원",Politics
"[단독]장동혁, 집 6채 중 4채 처분…서울·보령 아파트만 남겨",Politics
"""유시민, 백바지-난닝구 때처럼 당 분열시키나""…여권, ABC론 일제 비판",Politics
국회의원 5명중 1명 ‘다주택’…靑 참모 21% ‘2채 이상’,Politics
"결국 고개 숙인 오영훈 제주지사 ""이유가 어찌됐든 제 불찰""",Politics
"""대구 희망 약속해 달라"" 김부겸에...정청래 ""필승카드, 전폭 지원""",Politics
"野장성민 “李, 4·5월 위기설앞 ‘언론 악마화’ 방구석 SNS…범죄자가 경찰 수배하듯”",Politics
정청래·김부겸 회동…鄭 “필승카드 유일” 金 “요청 피하기 힘들어”,Politics
"나경원 ""국조, 이재명 죄 지우기""...천하람 ""검사들, 증언 거부해야""...민병덕 ""피눈물 갚아야"" [여의도초대석]",Politics
"장동혁, '막말 논란' 박민영 재임명…오세훈 쇄신 요구 거부",Politics
"민주당, 내일 대구시장 후보 추가 공모…김부겸 “30일 입장 발표”",Politics
"'양강구도' 민형배-김영록, 도덕성·정책능력 '송곳 검증'",Politics
"장동혁 지도부, 막말 논란 빚은 박민영 대변인 재임명",Politics
‘KF-21’ 1호기 출고…25년만에 국산전투기 양산 꿈 이루다,Politics
"대구 컷오프發 위기 경고음에 어수선한 국힘…일각 ""원점 재검토""",Politics
"대구시장 선거, 격전지 부상…김부겸 출마 임박에 국힘 긴장",Politics
"이준석 “위기 때 돈 푸는 건 李정부 패턴...대신, 유류세 전액 면제해야”",Politics
김부겸 “제가 피하긴 힘들겠구나 싶어” 대구 출마 초읽기,Politics
"장동혁, 당 일각 인적쇄신 요구에도 박민영 대변인 재임명",Politics
"양문석 ""김용이 맡아달라""…경기 안산갑, 최대 격전지 급부상",Politics
"개혁신당 이준석 ""누구도 '흰점퍼' 입지 않을 것…이것이 국힘과의 차이""",Politics
"양문석 ""김용, 안산갑 맡아달라""하자 견제 나선 김남국 ""추천 아닌 실력으로""",Politics
김부겸 '예봉'에 '국힘 8인' 모두 밀린 대구…이번엔 파란색?,Politics
"장동혁, ‘동료 의원 비하’ 박민영 대변인 재임명 강행",Politics
‘서학개미’ 오세훈 재산 72억 신고…엔비디아 팔고 ‘이 종목’ 담았다,Politics
李대통령 지지율 69% ‘최고치’…추경 찬성 53%[NBS],Politics
"고위법관 재산 44.5억, 전년대비 5억 증가…388억 '1위'는 임해지 법원장",Politics
"안중근 의사 116주기, 유해 발굴 '결정적' 단서 찾아",Politics
"국힘 권영진 ""이진숙 대구 보궐 공천? 더 큰 악재 될 것""",Politics
"유시민 'ABC론'에 친명계 연일 비판... ""발언 철회해야""",Politics
"“민간 드론 교육강사로 일하다 군인의 길…부사관 드론 전술시범”…육군 부사관 788명 임관, 최근 5년 중 최다",Politics
"장동혁 ""나라 빚 하드캐리 주범은 李.. 제발 민생 그만 망쳐라""",Politics
"오세훈이 ‘쇄신 대상’ 꼽은 박민영, 장동혁이 재임명",Politics
장동혁-오세훈 대치..박수민·윤희숙 “둘 다 문제”,Politics
"정청래 ""대구 필승카드는 김부겸뿐…원하는 것 다 해드리고파""",Politics
"김부겸 만난 정청래 ""대구에 뭐든 다 해드릴 것…총리님은 공공재""",Politics
"친명 김영진 “김용, 대법 판결 뒤 선거 출마가 적정”",Politics
"김부겸 출사표 임박, 주호영 법원으로…국힘 '진퇴양난'",Politics
광주·전남 의원 최고 재력가 양부남 88억...정준호 '최저',Politics
李대통령 “전기요금 묶어두니 재정손실 우려...절약해달라”,Politics
"국회의원 ‘5명 중 1명’꼴, 집 두 채 이상 보유…‘강남 3구’ 보유자 47명",Politics
"김영진, ABC론에 “백바지-난닝구 논쟁 때도 유시민이 핵심 세력…발언 철회해야”",Politics
"""내로라하는 정치인들과 친해""...'폭행·빚투·체납' 이혁재, 국힘 심사위원 발탁 논란",Politics
"李대통령 ""전기료 이대로면 손실 엄청나게 늘어…전기 절약 당부""",Politics
"野, '강경파' 박민영 대변인 재임명…장동혁 ""당 후보 비판하면 강력 조치""",Politics
컷오프 반발 朱·기지개 켜는 金…대구 선거지형 요동,Politics
"당정, '전쟁추경' 논의…김부겸, 정청래와 회동",Politics
"깊게 고개숙인 오영훈 지사… “이유야 어찌됐든 제 불찰, 깊은 유감”",Politics
"국힘, 吳 인적쇄신 요구 대상 박민영 대변인 재임명",Politics
"홍준표, '김부겸 출마 독려' 파장에… ""호형호제 사이, 개인적 바람일 뿐""",Politics
"이준석, 李정부에 '유류세 전액 면세' 제안…""현금 25조 살포는 6·3 지선용""",Politics
김부겸 사실상 출마 공식화·주호영 가처분 신청…요동치는 대구 [이런정치],Politics
앞서가는 정원오·추미애…역전 노리는 2·3위 후보들,Politics
"고위공직자 평균 재산 21억…李대통령 49억, 저작권 수입 컸다",Politics
"장동혁 ""박민영, 강하게 대여투쟁 하려다 실수"" 재임명 강행",Politics
"장동혁, 박민영 대변인 재임명…오세훈 등 ‘인적 쇄신 요구’ 묵살",Politics
"안철수 1,257억 ‘원탑’… 평균 28억, 국회 자산선이 갈라졌다",Politics
"한동훈 ""민주당, 왜 나만 쏙 빼나…부르라, 바로 나간다""",Politics
"국힘 유력 후보들 ""장동혁 유세 지원 도움 안 돼""",Politics
"김영진 ""엉뚱한 개구리 피해 본다""…'유시민 ABC론' 비판 확산",Politics
"경기도 일정 갑자기 취소한 장동혁... 당내 쓴소리 ""경기도 박살 내놓고...""",Politics
이재명 대통령 1년 전보다 재산 18억 9천만원 증가한 49억 7천만원 신고…저서 저작권 소득만 15억 6천여만원,Politics
"송언석 “민주당, 지방정부까지 ‘범죄자 공화국’ 만들려 한다”",Politics
"박수민 ""서울 문제, 李 바짓가랑이라도 잡아 해결""",Politics
"""이준석 하버드 학력 위조"" 전한길 또 음모론...""졸업장 공개 왜 못하냐""",Politics
"""국힘, 유승민 카드 살아있다""…김영진, '경기지사 판세' 경고",Politics
재산 5000만원→33억원 ‘탈북’ 국회의원…‘주식부자 1위’ 종목 들여다봤더니,Politics
"국힘, ‘막말 논란’ 박민영 등 대변인 7명 재임명…“실책 반복 않도록 유의할 것”",Politics
"국힘 박수민 ""오세훈 한강버스 '전면 재검토'하겠다""…서울시장 출마 선언",Politics
"한동훈 ""민주당, 102명 부르면서 나는 빼.. 부를 배짱 없으면 국정조사 접어라""",Politics
"이동훈 ""국민의힘 공천은 '구속 떨어진 투수의 직구'…민주당 ABC론은 혹세무민""",Politics
"야권, 25조원 전쟁 추경에 ""선거용 하사금"" ""위기 때마다 돈 꺼내나""",Politics
정원오·박주민·전현희 3파전…본경선 시작부터 '신경전',Politics
"‘5천→33억원’ 재산 60배 불어난 탈북민 출신 의원, 변동 사유는?",Politics
장동혁 “국가부채 6500조 돌파…‘나라빚 하드캐리’ 주범은 돈 푼 정부”,Politics
"""유승민 카드 살아있어 방심 금물""…김영진 ""김부겸도 안 한다고 했는데 출전""",Politics
‘국산 전투기’ 양산의 꿈 25년 만에 결실…‘KF-21’ 1호기 출고,Politics
이준석 “유류세 전액 한시 면제해야”…‘25조원 추경’ 비판,Politics
"권영진 ""주호영 경고용 탈당 가능성…이진숙 보궐? 대구가 우습냐""",Politics
장동혁 “추경? 돈 풀어서 해결 안 돼” 이준석 “25조 현금 대신 유류세 면제해라”,Politics
"국힘, 전재수 총공세…""밭두렁 하드디스크는 범죄 자백""",Politics
국힘 권영진 “이진숙 공천? ‘대구를 얼마나 우습게 보면’ 할 것”,Politics
"“대구 일으킬 인물 보이지 않아서”…홍준표, ‘김부겸 언급’ 파장에 선그어",Politics
청와대 비서관급 이상 5명 중 1명은 '다주택자',Politics
"김효은 ""대구 민심? 투표 안 한다는 '망연자실' 많아""",Politics
[이슈]‘폭행·체납·빚투’ 개그맨 이혁재가 국힘 심사위원?…적격성 논란 ‘시끌’,Politics
"이준석 ""李 정부, 위기마다 돈 꺼내는 게 패턴.. 25조 뿌리지 말고 유류세 면세해야""",Politics
"주진우 ""수의계약 정원오·뇌물의혹 전재수 평행이론…고양이에 생선 맡길 수 있나""",Politics
"'삼성전자만 500억 수익' 이세웅 평안북도지사…""진정한 동학개미의 수장인가""",Politics
"박형준 부산시장, '엘시티' 24억 신고... 처분 약속은 언제쯤?",Politics
이준석 “기름값 절반 ‘유류세’ 전액 한시면제하자…유가안정 때까지”,Politics
"""'룸살롱 폭행' 개그맨이 청년 정치인 검증?""...이혁재, 국힘 심사 논란",Politics
"국힘, 李보유세 군불때기 잇단 견제...""보유세 비중 4.9%로 OECD평균 훌쩍""",Politics
"'추미애' 기다리는 국힘…""싸움꾼 대 일꾼 프레임으로 '유승민 카드'"" 만지작",Politics
"김영진 “김용, 대법원판결 후 선거 나오는 것이 적정해 보여”",Politics
"육군, 올해 첫 부사관 임관식 개최…지난 5년 중 최대 규모",Politics
"이 대통령 ""내 고향 경북은 왜 없나"" 애교 섞인 투정",Politics
"""민주당에 해가 될 사람"" 유시민, 송영길 저격.. 한준호도 겨냥",Politics
"장동혁 ""李, 나라 빚더미 앉혀…돈 풀어 해결할 위기 아냐""",Politics
與 전남광주특별시장 경선 후보 최고 재력가는 주철현…37억 신고,Politics
지난해 고위공직자 평균 재산 21억 원… 金 총리 3억·이장형 법무비서관 134억,Politics
"국힘 제명 조병길 부산 사상구청장, 개혁신당 공천신청 하나",Politics
고위공직자 평균 21억 원‥청 참모 10명 '다주택',Politics
"김영진 '유시민 ABC론'에 ""철회 필요…엉뚱한 개구리가 피해 봐""",Politics
국힘 박수민 서울시장 출사표…“꼬인 문제들 변죽만 울리는 상황 끊어야”,Politics
이란 대사 “트럼프 물밑 대화 전혀 없어…美 유전 이용한 韓 선박 호르무즈 통행 어렵다”,Politics
"이 대통령, 재산 49억 원 신고… 인세·ETF투자로 1년 만에 약 19억 증가",Politics
"조광한 ""경기지사? 김문수는 연로 유승민은 고사, 이진숙이 딱…안되면 제가""",Politics
저작권 소득·ETF 수익…이대통령 재산 1년 새 18억 늘어 49억 신고,Politics
KF-21 양산 1호기 출고…‘한국형 전투기 시대’ 본격 열렸다 [박수찬의 軍],Politics
"주한 이란대사 “한국, 공범 되지 않길…호르무즈 해협 선박 정보 제공 요청”",Politics
"李 대통령, 재산 49억 7721만원 신고…전년 대비 약 18억 증가",Politics
"전한길 ""이준석, '아포스티유 공증 졸업장' 공개하면 될 일""",Politics
"전한길·최수용 ""與 고발은 입막음용""…추가 폭로 예고",Politics
"김남국 “유시민, 갈라치기 말라며 분열…소강 국면에 휘발유 부어”",Politics
[여론조사] 후보 누가 나오더라도…민주당 ‘오차범위 밖 우세’,Politics
"서울 109명, 인천 20명, 경기 50명... 이 숫자가 던지는 아픈 질문",Politics
청와대 참모진 재산 공개…50억 이상 6명,Politics
"""다주택자 배제"" 지시했는데…청 참모 현황 보니 '아이러니'",Politics
청와대 비서관급 이상 다주택자 10명…두 채 이상 주택 보유,Politics
"증시 호황에 '대박'난 국회의원들, 얼마나 벌었나 보니",Politics
"김종인 ""국힘, 대구 사수도 회의적…지방선거 참패땐 존속 어려울 것""",Politics
김태흠 지사 “공부 좀 하고 오세요” 도의원에게 고성,Politics
"김부겸 ""출마시키려면 당이 의지 보여야""…국힘 후보와 양자대결 모두 우위",Politics
"김지호 ""김병욱, 해명이 '의혹에 의혹' 논란 더 키워... 네거티브 아닌 예방주사""",Politics
"이 대통령, 49억 7천만 원 신고…1년 전보다 18억 넘게 증가 왜?",Politics
청와대 47명 중 다주택자 10명…국토부는 29명 중 5명,Politics
"[이슈]‘미군 투입 특수부대, 이란 포로됐다?’, 전쟁서 한층 치열해지는 ‘AI 인지전’…“디지털 강국 한국 경각심 가져야”",Politics
앤디김 “이란 전쟁으로 한국 미사일 방어 체계 차출 우려”,Politics
李대통령 '무주택'되는데…靑 참모진 15명이 '다주택자',Politics
李대통령 재산 49.7억원...책 인세 15억·축의금 등 2억 ↑,Politics
한국형 전투기 KF-21 출고…‘자주국방+방산4대강국’ 날았다,Politics
"유시민 ""무죄받고 나온 사람, 李 대통령에 해 될 가능성""…또 송영길 겨냥",Politics
[밀리테크]K9자주포의 심장 국산화… K방산 기본 다졌다[양낙규의 Defence Club],Politics
“타국에 지휘권은 안 넘긴다” 美軍 전통…韓 예외?[이현호의 밀리터리!톡],Politics
"[손병관의 뉴스프레소] 외부활동 크게 준 장동혁...국힘, '대표 없는 지선 리스크' 고조",Politics
'이재명 정부' 공직자 재산 공개…542억 증가 누구?,Politics
[미·이란 전쟁 한달] 동맹의 전쟁…한국에도 외교·안보적 파장,Politics
"유시민, 'ABC론' A/S 방송서 기성언론 맹비난",Politics
"이 대통령 재산 49억 원, 대통령도 '불장' 수익 봤다",Politics
[재산공개] 22대 국회의원 18%가 다주택자… ‘강남 3구’ 보유 의원도 47명,Politics
1년 만에 재산 5000만원→33억 '탈북 엘리트' 국힘 박충권,Politics
이정현 '혁신공천'에 각지서 반발‥주호영 오늘 가처분 신청,Politics
"국민의힘 공관위, 사퇴한 달서구청장 후보 끼워 경선 진행 ‘논란’",Politics
"‘보수 심장’ 대구서 金바람 분다…이준석 “전한길 또 망동, 추가 고소” [투데이 여의도 스케치]",Politics
"""어떤 말도 하고 싶지 않다"" 공천 파열음에 대구 비상…김부겸 등판설까지 등 [3/26(목) 데일리안 출근길 뉴스]",Politics
경기도서 김문수까지 소환하는 국민의힘…후보 구인난에 이진숙 차출설까지,Politics
도 넘은 대만 '중국(대만)' 표기 공세…되레 자충수[한반도 GPS],Politics
"[시대리포트]5년 걸린다던 반도체 공장, 2년 만에 완성한 일본의 비결은",Politics
"삼성 이재용보다 6배 부자?…""이재명 비자금 160조원"" 주장 전한길 등 고발당했다",Politics
국회의원 52명 다주택…주식 부자도 다수,Politics
李대통령 재산 49억여원 신고…작년 대비 18억여 증가,Politics
'청와대 개미'는 큐리언트·HLB 샀다,Politics
“공천받으면 의원직 버려야” “정무적 판단”… ‘4월 30일’ 신경전,Politics
"“아우디 살 돈으로 쏘나타 만드냐”…KF-21, 이 말 쏙 들어가게 했다",Politics
李대통령 재산 50억원… 靑참모·장관 17명 ‘다주택자’,Politics
보유세 '최후 카드'라지만…양도세 이후 '다음 수' 되나,Politics
"[르포]""국힘은 아이다""…싸늘한 북갑, 한동훈 등판설 반응은",Politics
與 6·3 지선 숨은 포인트…'비명계' 부활 움직임 주목,Politics
'전국노래자랑 후임도 檢출신' 尹 정부서 돌던 웃픈 지라시,Politics
"""같이 사진 찍으면 마이너스""…장동혁, 3월 말 지역행사 0건",Politics
"[시대광장]검사의 존재 이유, 밑바닥서 다시 찾아야",Politics
"""삼성공장 유치""""5만석 돔구장""…황당공약 또 판치는 이유",Politics
"與, 지선앞 계파 갈등… 친명 김영진 “유시민 ABC론 부적절”",Politics
"김부겸, 대구시장 출마 기운듯 鄭과 회동… 주호영은 무소속 거론",Politics
"‘테슬라 패밀리’ 이장형 주식 42억 늘고, 김정관 엔비디아 등 4억 벌어",Politics
李 재산 49억… 인세-ETF 수익 등 18억 증가,Politics
36억 '주식 대박' 의원도… '코스피 불장' 속 의원 10명 중 9명 재산 불었다,Politics
이 대통령 재산 1년 새 19억 늘어 49억... 15억 이상이 '인세 수입',Politics
"유시민 ABC론에, 송영길은 친문 저격…'뺄셈 정치' 위기감 커지는 與",Politics
'부자 몸조심' 정원오…'칼날 검증' 벼르는 박주민·전현희 [정국 기상대],Politics
"""어떤 말도 하고 싶지 않다"" 공천 파열음에 대구 비상…김부겸 등판설까지",Politics
"'민주당이 대놓고 견제'…조국, 재보선 출마지 '난감'",Politics
"장동혁, ‘컷오프 반발' 주호영 가처분신청 예고에 “당 위한 결정해줄 것” 수습",Politics
李대통령 재산 49.7억...1년 전보다 18억 증가 [재산공개],Politics
논란 커질라… 줄줄이 매도 나선 靑 참모진들 [공직자 재산공개],Politics
공급·대출 부처마다 다주택자… 李 정책 배제 의지 ‘시험대’ [공직자 재산공개],Politics
李대통령 정책 배제 방침에도…靑·정부 곳곳 다주택자 여전히 많다,Politics
국회의원 52명이 다주택자…10명 중 9명은 재산 늘어 [재산공개],Politics
"판 커지는 재보선, 머리 복잡해진 정청래",Politics
"與, 李 수사한 검사 등 102명 국조 증인 채택",Politics
李대통령 재산 1년새 18억 늘었다... 책 인세 15억·축의금 등 2억,Politics
"주식으로 대박… 이세웅 542억, 이장형 42억, 고동진 35억 벌어",Politics
‘대구 8인’ 모두 김부겸에 밀렸다… 충격의 국힘 “어쩌다 이 지경”,Politics
"李 “KF-21 성공, 방산 4대강국 도약 발판”",Politics
"전한길·김영윤, 이준석 하버드 입학 등에 의혹 제기…“공정했는지”",Politics
실전서 증명된 K방산… ‘글로벌 빅4’ 꿈이 아니다,Politics
[재산공개] 최고자산가 이세웅 평안북도지사 1580억원 신고,Politics
서로 못 불러 난리…경기 선거 핵으로 뜬 ‘대통령 분신’ 김용,Politics
"국힘 대구 쇼크…“김부겸 나오면, 8명 후보 누가 붙어도 어려워”",Politics
靑 비서관급 이상 10명 다주택…이 대통령 49억 신고,Politics
이 대통령 첫 재산 신고 49억 원...청와대 참모진 평균 27.5억 원,Politics
"이재명 대통령, 지난해 기준 재산 약 50억…예금이 절반 이상",Politics
민주15곳·국힘14곳 '경선 전쟁',Politics
시장·군수 평균 11억7500만원…김 지사 44억원 보유,Politics
[2026 재산공개] 국방부 최고 부자는 안규백 장관… 재산 74억원 신고,Politics
청와대 비서관급 이상 10명 '다주택자'·총리실 10명 중 3명 다주택,Politics
“뭐하러 키워주나”… 국조특위 ‘한동훈 증인 딜레마’,Politics
[재산공개] 19개 부처 장관 중 6명 다주택…송미령·한성숙 '3주택',Politics
올해도 국회의원 재산 1위는 '1200억 부자' 안철수[재산공개],Politics
"김진태 43억, 이철규 49억, 김홍규 55억 재산 신고…강릉시의원은 130억대 재력 보유",Politics
"이헌승 19억 부산서 최대 증가(국회의원 기준), 주진우 주식 매각 등 8억 ↑",Politics
"김 총리, 재산 3억 3천만 원 신고‥권남훈 산업연구원장 91억 1천만 원 신고",Politics
청와대 참모진 평균 27.5억원‥이장형 법무비서관 134억원 재산 '1위',Politics
"이 대통령, 49억7천만원 신고…인세·ETF투자로 18억8천만원 증가",Politics
"靑 비서관급 이상 다주택자, 김현지 등 15명… 李 재산 19억 늘어",Politics
유정복 재산 작년보다 1억 늘어 18억…김찬진 동구청장 57억 ‘부동 1위’,Politics
靑 참모 48명 중 다주택 10명 … 李대통령 재산 1년새 18.8억 늘어,Politics
국회의원 평균 28억8천만원 … 10명중 9명 재산 증가,Politics
李 압박에도 與 다주택 늘었다…김용민은 대선 전 한채 추가,Politics
[2026 재산공개]국회의원 6명 중 1명은 다주택자…강남3구 보유 47명,Politics
"김 총리 3.3억원 신고, 1.7억원↑…산업연구원장 91억1천만원 신고[공직자 재산]",Politics
"고위공직자 평균 재산 20억 9,563만 원…76% 재산 늘어",Politics
안철수·박덕흠 제외해도…국회의원 평균 재산 29억원,Politics
이찬진 금감원장 407억…조성명 강남구청장 주택만 42채,Politics
국회의원 평균 재산은 28억원…88.5%는 재산 증가,Politics
청년 예비후보 수두룩한데…정치권 세대교체 한계,Politics
‘부동산 입법’ 국토위·재경위 與의원 4분의1이 다주택자…李 정책과 엇박자,Politics
"5000만원에서 33억…'탈북 엘리트' 박충권, 재산 60배 '점프'",Politics
부산·강남 선택지에 연대설까지…공천 파동에 미소 짓는 한동훈?,Politics
국회의원 중 100억 원대 자산가 9명…1257억 안철수 ‘1위’,Politics
상위 2명 제외한 국회의원 평균 재산 29억원…열에 아홉이 재산 증가,Politics
李대통령 재산 49억…평가이익 반영 18억 ↑[재산공개],Politics
불경기 웬말…국회의원 10명 중 9명 재산 늘었다,Politics
[2026 재산공개] 다주택자 靑 참모 14명…최고 부자는 이장형 법무비서관,Politics
"고위직 평균 20.9억…李대통령 49억, 1위는 1587억 이세웅 평북지사(종합)",Politics
[2026 재산공개]작년 국회의원 10명 중 9명 재산 늘어…1위 안철수 '1257억원',Politics
"[2026 재산공개] 조현, 이전보다 1.2억원 줄은 약21억원 재산신고",Politics
불경기에도 국회의원 10명중 9명 재산 늘었다…평균 28억8천만원(종합),Politics
고위공직자 평균 재산 20억 넘어...10명중 7명 재산증가,Politics
'정책 배제' 엄포에도 청와대 다주택자 최소 12명,Politics
국회에 ‘경기침체’란 없다···국회의원 10명 중 9명 재산 늘어 평균 28억8천만원,Politics
[재산공개] 김영환 충북지사 부채 소폭 줄어…-3억3천만원 신고,Politics
[재산공개] 외교·통일 라인 재산 '희비'…조현 감소·정동영 증가,Politics
[재산공개] '코스피 활황'에 의원들도 웃었다…10억원 이상 14명,Politics
"이 대통령, 재산 49억7721만원 신고…전년 대비 18억8807만원↑[재산공개]",Politics
봉욱·김현지…청와대 참모 25%가 다주택자,Politics
李정부 장·차관급 28% '다주택'…'강남 3구' 1주택도 22명[재산공개],Politics
정부 공직자 10명 중 7.6명 재산 늘었다…평균 20.9억[재산공개],Politics
"김 총리, 3.3억 신고…모친 '목동 빌라' 배우자가 증여 받아 '1주택'[재산공개]",Politics
국회의원 재산 1위 안철수 1257억원…최하위는 정준호 -10억원[재산공개],Politics
"공직자들, '주식·부동산'에 웃었고 '가상자산'에 울었다[재산공개]",Politics
"[재산공개] 정동영 통일장관, 강남아파트 등 25억여원 신고",Politics
"靑참모 47명 중 13명 다주택자…이민주, 미 캘리포니아 아파트 보유[재산공개]",Politics
대통령실 참모 15명은 '다주택자'…장·차관급 38명 달해,Politics
[재산공개] 金총리 3억3천만원…산업연구원장 91억1천만원 신고,Politics
[재산공개] 靑 비서관급 이상 '다주택자' 10명…5명 중 1명꼴,Politics
'측근비리·가짜뉴스' 전남광주통합시장 TV토론 '난타전',Politics
"김부겸 '출마' 초읽기에 주호영 '무소속' 고심...대구, '승부처'되나",Politics
"이준석 vs 전한길 '난타전'…""하버드 맞아?"" 의혹 제기에 ""전유관 고소""",Politics
"대구, 국민의힘 멘붕? [뉴스A CITY LIVE]",Politics
"HD현대重 ""KDDX 기본설계 자료 한화오션에 공개 말라"" 가처분",Politics
"김영록, '도지사 8년·서울집만 보유' 추궁에 ""서울집 팔겠다""",Politics
"장동혁, ‘컷오프 반발’ 주호영에 “당 위한 결정 해줄 것”",Politics
김태흠 지사 “공부 좀 하고 오세요” 도의원에게 고성,Politics
[6.3 지방선거] 시·도의원 예비후보 여성 비율 21.2%,Politics
[여론조사] 후보 누가 나오더라도…민주당 ‘오차범위 밖 우세’,Politics
기초단체장 여론조사 결과 분석…주청사·의대 의견 갈려,Politics
"한동훈 ""주호영과 이미 연대…상식적인 정치인들 뜻 모아야""",Politics
[단독] 구청장 예비후보 손 잡은 대통령?…AI 가짜 사진·영상 '비상',Politics
[KBS여론조사] 광주·전남 기초단체 격전지 여론은?,Politics
"민주당, ‘李 대통령 비자금 음모론’ 전한길 명예훼손으로 고발",Politics
[정치 더] 대구 요지경,Politics
"'보궐 재배치론'에도…이진숙 ""대구시장 외 고려 안 해"" 배수진",Politics
부동산·측근 비리...후보 자질 검증 '불꽃 튄 난타전',Politics
민주당 “중대선거구제 전면 도입 어렵다” 신중론,Politics
"배현진 ""수도권 선거, 예수님 나와도 안 될 판""…장동혁 유세지원 '거부'",Politics
"한동훈 “조작기소 국정조사, 나 부를 배짱 없으면 접어라”",Politics
"[단독] 정원오 고액후원 8인 업체, 5년간 성동구 수의계약 '541억원' 따내",Politics
"與 전남광주통합시장 토론 '난타전'…""봉숭아 학당이냐""",Politics
"또 매불쇼 출연한 유시민, “내가 말한 ‘ABC론’은…” [공덕포차]",Politics
"거대 양당, 4곳 공천 확정…재보선 10곳 넘을 듯",Politics
"양향자 ""나는 당권파... 이진숙을 경기도로? 정신나간 방송""",Politics
"[비하인드 뉴스] 배현진 ""장동혁 오지 마"" 2018 어게인? 불쾌한 홍준표",Politics
고성 오간 민주당 전남광주시장 후보 토론회…형사처벌·청렴도 공방,Politics
"[비하인드 뉴스] '이재명에 아수라 씌우기'…""나경원 드럼통 뿌리도 그알""",Politics
"이규연 ""보유세는 '히든카드'…부동산 못 잡으면 쓸 수도""",Politics
[단독] 5m 밑으로 추락해 사망‥허울만 2인 1조 수칙?,Politics
박형준의 파격… 지지층 결집 득 될까? 독 될까?,Politics
유시민 'ABC론' 파장…정치권 넘어 온라인 커뮤니티 '내전' 양상(종합),Politics
여권 강타한 유시민의 ABC론‥선거 앞 여권 갈등 진화될까?,Politics
"'ABC 유시민', 이번엔 한준호 저격?…""명백한 선거개입""",Politics
이정현 '혁신공천'에 각지서 반발‥주호영 내일 가처분 신청,Politics
"靑 ""보유세, 최후의 수단 '히든카드'…쓰레기봉투 대란 가능성 거의 없어""",Politics
한동훈 “왜 못 부르고 도망만 다니나”...李대통령 공소취소 국조 비판,Politics
"與김현정 “장동혁, 李대통령 팔면 다주택 판다더니 언제”",Politics
도산안창호함 ‘태평양 횡단길’ 올랐다…한국 잠수함 최초,Politics
"친문계, ‘친문 폐족 척결론’에 “참담” 발끈",Politics
국힘 청년 오디션 심사위원에 '룸살롱 폭행' 방송인,Politics
대구시장 선거판 요동…국힘 컷오프·김부겸 등판 변수(종합),Politics
진주중앙시장서 ‘호떡’ 쏜 李대통령 “빈말 아니고 진짜 맛있다”,Politics
[현장에서 묻다]선거철마다 “전철 지하화”…출퇴근 지옥 사라질까,Politics
"서영교 ""나 무서운 거 이제 알았냐?"" 설전 / ""MBTI도 16개인데?"" 유시민 ABC론에 반발 / ""내 얼굴 맞아?"" 빵터진 국회의원 캐리커처 [정치톡톡]",Politics
[KBS여론조사]③ 노관규·강성휘 ‘강세’·광주 북구·여수 ‘접전’,Politics
"김부겸 ""출마시키려면 당이 의지 보여야""…국힘 후보와 양자대결 모두 우위",Politics
'무소속이냐 경선이냐'…국힘 '컷오프'발 파열음,Politics
"‘보수의 심장’ 대구가 뒤집혔다…김부겸, 다자대결 1위",Politics
"[단독] 김현, 김어준 증인신청에 제동…결국 여야 합의로 제외",Politics
"""서울·부산 못 지키면 책임질 건가"" 묻자…장동혁 답변은",Politics
김태흠 지사 “공부 좀 하고 오세요” 도의원에게 고성,Politics
"진주중앙시장 1년 만에 '또 찾은' 李 대통령…""열심히 하겠다""",Politics
"한동훈 “민주당, 그 많은 의석수 부끄러워…도망 다니지 말고 나를 부르라”",Politics
"유영하·윤재옥·권영진 ""김용판·김형일 2인 경선 여론조사해야""",Politics
기초단체장 여론조사 결과 분석…주청사·의대 의견 갈려,Politics
국힘 공천 내홍 계속…'대구 컷오프' 주호영 내일 법원에 가처분(종합),Politics
[단독] 대법원 판결을 ‘쿠데타’ 규정한 與… 조희대 탄핵안 파장,Politics
[여론조사] 후보 누가 나오더라도…민주당 ‘오차범위 밖 우세’,Politics
문제는 'ABC'가 아니다...유시민 작가가 놓친 정치의 본령,Politics
"장동혁, '서울·부산 선거 패배시 책임지나' 묻자 ""부적절한 질문""",Politics
[KBS여론조사] 광주·전남 기초단체 격전지 여론은?,Politics
"장동혁, 주호영에 ""선당후사""…이진숙도 ""역할 할 부분 많아""",Politics
"8월 전대 전초전?… 민주, ABC론·친문 저격 계파 갈등 [6·3 지방선거]",Politics
이정현 “일부러 흔든 것” 컷오프 논란 반박… 국힘 공천갈등 격화 [6·3 지방선거],Politics
‘경기 출마’ 한준호 “‘李 실용주의’ 발맞출 행정가로 시대교체…속도가 곧 방향 아냐” [경기지사 예비후보에게 듣는다],Politics
"등판도 안 했는데… 김부겸, 野 대구시장 후보 모두 앞섰다",Politics
"홍준표 ""김부겸 나서면 좋겠다""…파장 커지자 ""호형호제 사이, 관여는 안해""",Politics
세계 8번째 쾌거… 李대통령 “우리 기술로 자주국방” [뉴스 투데이],Politics
"“대남통 장금철, 외무성 제1부상·당 10국장 겸직”…2국가론에 따른 조직 개편 시사",Politics
"[속보]‘의원직 상실’ 양문석, 김용에게 “안산 갑 맡아달라”",Politics
"[단독] 홍 중사, 사망 전날도 24시간 연속 근무… 유족 “국가 배상 청구”",Politics
원조 친명 김영진 “송영길 ‘친문 책임론’ 과해…유시민 ABC론도 부적절”,Politics
"""비리 원천배제""라더니…'음주폭행' 이혁재, 국힘 심사위원 임명",Politics
"배현진 ""수도권은 예수님이 와도 안 될 판… 장동혁 도움 안 돼""",Politics
"양문석 ""안산갑 와달라""…김용에 국회의원 보선 출마 요청(종합)",Politics
지방선거 앞두고 여당 내 ‘갈라치기’ 논쟁…“친문이 윤석열 도왔다는 건 모욕” “ABC 구분 부적절”,Politics
"장동혁, '컷오프 반발' 주호영에 ""당 위한 결정 해주리라 생각""",Politics
"정청래 러브콜 받은 김부겸 ""당 차원 '대구 정책' 필요"" 강조",Politics
첫 국산 전투기 ‘KF-21’ 양산기 출고… 李 “방산 4대강국 도약 발판”,Politics
세계 8번째 4.5세대 초음속 전투기… 25년만에 완성된 꿈[KF-21 양산 돌입],Politics
"[영상] 박성준 ""한동훈에 공소 취소 청탁한 분"" 나경원 ""의견 제시예요""",Politics
이진숙 “내 의원 뱃지 달아주려고 與에 대구시장 내줄 건가”,Politics
'낙동강벨트'에 부는 바람...울산에도 동남풍이 불까,Politics
'미니 총선' 재보선 최대 15곳… '대선 주자급' 출격 대기[막오른 6·3 지방선거],Politics
"김부겸, 가상대결 '전승'… 주호영, 무소속 출마도 고려",Politics
"'도로 윤 어게인' 된 국힘?…배현진 ""장동혁, 한 곳도 도움 안 돼""",Politics
"민주, 전한길 고발…""이 대통령 비자금 허위사실 유포""",Politics
"천하람 ""정청래, 18개 상임위 독식?...올챙잇적 망각, 이 대통령은 尹 닮아가고, 위험""[여의도초대석]",Politics
"'안산갑' 깃발은 누구 손에?…김남국·김용·전해철, 미묘한 신경전",Politics
"이 대통령 ""KF-21 양산 자주국방 위용 떨치게 돼…방산 4대강국 도약 발판""(종합)",Politics
"25년 집념으로 K전투기 완성 … 李 ""엔진·소재·부품 신속개발""",Politics
"박주민 ""정원오, 민주당답지 않아""…鄭 ""앞서가는 후보라 공격""",Politics
"국민의힘, 경기 구인난에 잇단 경고등... 대구선 '컷오프' 잔불 지속",Politics
"이준석 ""전한길, 학력 위조 드립으로 또 망동…추가 고소""",Politics
"장동혁, '컷오프 주호영'에 ""당 어려울 땐 누군가는 희생해야""",Politics
"이규연 ""보유세, 아직 히든카드…부동산 못 잡으면 쓸 수도""",Politics
세종시의원 예비후보 금품 제공 투서…공관위 사실관계 확인 중,Politics
"범여권, '조희대 탄핵안' 112명 찬성…'탄핵 발의 정족수' 넘겨",Politics
"[단독]HD현대, KDDX 기본설계 가처분 신청…전력화 또 미뤄지나",Politics
"與 경기지사 후보들 '김용 앓이'…그럴수록 당 고심 깊어진다, 왜",Politics
李 수사 현직검사 등 102명 증인 채택…野 “죄 지우기 특위냐”,Politics
"장동혁 “다른 의견 있었지만 공관위 존중…주호영, 당 위한 결정 해줄 것”",Politics
의원직 상실 양문석 “내 자리에 김용”…“지역구가 사유물이냐” 비판,Politics
"국힘 오디션 뒤 ""투표 감사, 윤어게인!"" 외친 후보... ""이게 무슨 절윤이냐""",Politics
홍준표 “김부겸과 호형호제…지선 관여는 안해”,Politics
"민주당 등 범여권, '조희대 탄핵안' 발의 시사",Politics
"잠수함 최고 전문가 문근식 교수, 한국형 핵잠사업 성공 비결 담은 ‘한국형 핵추진 잠수함’ 출간",Politics
"김종인, 국힘 대구 '컷오프' 논란에 ""무슨 생각인지…논평할 가치 없어""",Politics
"전한길, 이준석 하버드 학력 의혹 제기…이 ""또 망동, 추가 고소 갑니다""(종합)",Politics
조작기소 국조특위 충돌…김부겸 여론조사 우위,Politics
"주호영 컷오프 후폭풍 계속되는데... 장동혁 ""희생 감내해야""",Politics
"속도 내는 '전쟁 추경'…""이달 31일 국무회의 의결"" [짤e몽땅]",Politics
민주 PK 후보들 ‘부울경 메가시티’ 재점화…‘통합’ 지연 국힘 후보들과 대립각,Politics
"""어디 경기지사 후보 없소""… 열세에 구인난 허덕이는 국힘",Politics
전재수 ‘단수공천설’ 확산… 부산시장 후보 추천 27일 결론 날 듯,Politics
"장동혁 ""서울·부산 이겨야만 교두보 마련…한동훈도 이해 할 것""",Politics
"'무소속 출마 시사' 주호영에…장동혁 ""당 어려울 땐 누군가는 희생해야""",Politics
"조현삼 ""이진숙, 큰 정치인 되려고 한다면 경기지사 후보로 나서야""[박영환의 시사1번지]",Politics
"張, 컷오프 주호영에 ""누군가는 희생 감내해야…당 위한 결정해 줄 것""",Politics
‘신공항 개항’ 띄우는 김부겸 “이달 출마”…국힘은 ‘여조 쇼크’,Politics
"아몬드만 먹고 이상 소변…강선영 ""지능화된 병역면탈 막아야""",Politics
경기지사 '구인난' 국민의힘…김문수 재등판설까지,Politics
"김부겸, 대구서 국힘 8명 모두 이겼다…""경북 고립, 불가능하지 않다""",Politics
"배현진 ""張 방해 없으면 서울은 해볼 만…수도권은 예수님 나와도 안 돼""",Politics
‘스텔스 기능’ 5세대 개발 중…北탄도미사일 요격 체계도 갖춘다[KF-21 양산],Politics
"추미애 ""경기도 대전환 필요"" vs 김동연 ""정치는 국회서 해야""",Politics
'D-70' 6·3 지방선거...보다 선명해진 거대 與野 대진표,Politics
"한동훈 ""주호영과 이미 연대…상식적인 정치인들이 뜻 모아야""",Politics
[기획] KF-21 첫 양산… 육해공 방산대국 노린다,Politics
與 중랑 류경기·은평 김미경·강서 진교훈 구청장 후보 단수공천,Politics
KF-21 양산 1호기 출고…李 “땅-바다-하늘 우리 기술로 방어”,Politics
"대구가 뒤집혔다… 김부겸, 국힘 후보 모두 앞서",Politics
"도산안창호함, 1만4000㎞ 태평양 대장정...60조원 캐나다 잠수함 수주전 승부",Politics
지선 D-70…경북 빼고 석권 노리는 민주 vs 서울·부산 방어 사활건 국힘,Politics
"의원님도 의전 대신 '지하철·따릉이'…5부제 첫날, 국회 출근길 보니",Politics
"국힘 강남구청장 후보, 29∼30일 투표 및 여론조사로 결정",Politics
"'부동산 투기와 전쟁' 밤 9시에 내부자료까지 띄운 李, 다음 카드는",Politics
요동치는 대구 민심…“95년 대구시장 선거 판박이 될 수도”,Politics
"李대통령, '보유세'도 만지작?…청와대 ""히든카드""",Politics
"양문석 ""김용 안산갑 와달라""…김남국 ""'추천' 아닌 실력으로…당 결정 믿어""(종합)",Politics
"'원조 친명' 김영진도 ""송영길 '친문' 발언 과했다""",Politics
"배현진 ""수도권은 예수님이 나와도 안될 상황""…장동혁 지도부 맹비판",Politics
"이준석 “무식하면 용감…전한길, 추가 고소 간다” 무슨 일?",Politics
"트럼프 미국이 만든 피로와 혐오, 이란 전쟁이 앞당길 새 질서",Politics
우리 손으로 우리 하늘 지키기까지 25년…KF-21 보라매 개발사,Politics
"국힘, 주호영 가처분 예고에 “법 아닌 당 사랑하는 마음으로 해결해주길”",Politics
"나경원 ""특위 위원 바꿔라""..서영교 ""나경원 바꿔드려요?""",Politics
조작기소 국조특위 격돌…김부겸 대구 여론조사 우위,Politics
"컷오프 주호영, 무소속 출마 무게…'주한 연대설' 일축",Politics
"전한길 '학력위조' 주장에 이준석 ""무식하면 용감, 추가 고소""",Politics
"민주, ‘李 중국피신·비자금 루머’ 전한길 등 허위사실 명예훼손 혐의 고발",Politics
"초음속 KF-21 출고…李 ""자주국방 위용…방산 4대강국 도약""[영상]",Politics
李 “돈 잘쓰는 게 유능한 정부…안쓰는 건 무능”,Politics
美·中 등 이어 전세계 8번째 개발…李대통령 “방산강국 새 동력 확보”,Politics
"국회 찾은 이란대사...""한국인 우선 대피에 협조""",Politics
"“우린 억울한 컷오프·낙하산 공천 없어요”…정청래, 공천 내홍 국힘 ‘디스’",Politics
"도산안창호함, 한국 잠수함 최초 태평양 횡단 출항…60조 캐나다 잠수함 수주전 승부수",Politics
민주당 '李대통령 비자금 주장' 전한길 고발,Politics
"후임자로 '김용' 지목 양문석…국힘 ""아바타 공천 시도 중단하라"" 비판",Politics
대구시장 선거판 요동…국힘 컷오프·김부겸 등판 변수,Politics
"이준우 ""정원오 '명픽'으로 급부상…검증이 필요한 불안한 후보""[박영환의 시사1번지]",Politics
"한동훈 “장동혁, 서울·부산만 이기면 지선 승리라고?…""",Politics
"""진상 손님 같다""…尹, 구치소서 '식탐 논란' 또 나와",Politics
"한동훈 “깡패 김성태 돈으로 李 방북비용 낸 게 조작이냐…여야, 국조 불러달라”",Politics
"배현진이 언급한 '서울시장 컷오프' 후보, 뒤늦게 당사 찾아 반발",Politics
"한동훈, '주호영 연대설'에 ""상식적 정치인 뜻 모아야""",Politics
"李대통령 ""마침내 우리 기술로 평화를…KF-21, 방산 4대강국 도약 발판""",Politics
KF-21 양산 1호기 출고... 동북아 공중 전력 패러다임 변화 주도,Politics
"""25년 걸린 4.5세대 국산전투기 양산의 꿈""...정권마다 사업축소 고비 넘어",Politics
"""李대통령·金총리 명예훼손""…민주당, 전한길·최수용 경찰 고발",Politics
"“이게 이길 사람 세우는 공천인가”…윤상현, 이정현 공관위 작심비판",Politics
"與 ""허위사실로 명예훼손""…'李대통령 비자금 주장' 전한길 고발",Politics
"KF-21 '보라매' 양산 1호기 출고식…李 대통령 ""자주국방의 위용""",Politics
"이란 ""비적대국 호르무즈 통과 허용""… 韓도 포함될까",Politics
"윤상현 ""대구 공천 설명 안 돼""…장동혁에 중진회의 요구",Politics
"송영길 “친문, 李 낙선 바랐다”…친문 “모욕적 언사” 반발",Politics
"배현진 ""수도권에 이진숙 배치? 예수님 나와도 안 될 판""",Politics
송영길 ‘친문 저격’에 윤건영 “분열의 언어 안 돼…덧셈 정치돼야”,Politics
"李대통령 ""KF-21은 자주국방 결실…방산 4대 강국 도약 발판"" (종합)",Politics
"李대통령 ""KF-21 양산 자주국방 위용…방산 4대 강국 도약 발판""",Politics
"李대통령 “KF-21의 성공, 방위산업 4대 강국 도약 향한 든든한 발판”",Politics
"""이젠 전투기도 국산""…李대통령 KF-21 출고에 '방산 강국 선언'",Politics
이정현 “공천 과정 일부러 흔든 것…결과로 평가받겠다”,Politics
"野, 디지털자산 과세 폐지 당론 추진..1300만 투자자에 구애",Politics
"이준석 ""전한길, 추가 고소 간다""",Politics
"이 대통령 ""우리 힘으로 만든 우리 전투기 양산, 여기서 안주 않겠다""",Politics
지방선거 앞두고 청년 표 구애 나선 국힘 “코인만 과세하는 건 형평성 안 맞아”,Politics
"조사도 전에 ‘혐의없음’, ‘김건희 봉사자’ 검찰...개나 말의 마음, 부끄러움, 수락석출(水落石出)[유재광의 여의대로 108]",Politics
"與, 선거 앞두고 또 내홍…대통령 강조 '明文정당'에도 균열",Politics
"이준석, ‘하버드 학력’ 위조 주장 전한길에 “또 망동, 추가 고소”",Politics
한동훈 “다른 곳들은 지라는 거냐”…장동혁 ‘서울·부산 수성 목표’ 비판,Politics
李 “KF-21 양산으로 방산 수출 동력 확보…4대 강국 도약 발판”,Politics
"한동훈, 장동혁 선거 전략 직격 ""서울·부산만 지키면 승리?""",Politics
"""李대통령 중국 망명설은 허위""…與, 전한길·최수용 고발한다",Politics
"국힘 지방선거 청년오디션, ‘전한길 빽’ 통했나?",Politics
배현진 “수도권은 예수님 와도 안 돼…장동혁 도움 안 되니 오지 마”,Politics
"[맞수다] 이정현, 이기는 길? ""지지율 계속 떨어지는데"" ""전기충격기 댈 곳 착각""",Politics
"나경원 ""위원 교체해 줘요""-서영교 ""나 의원 교체해 드려요?""... '웃참'한 기자들",Politics
"국회 찾은 이란대사...외통위 ""호르무즈 자유 통항 주문""",Politics
"이 대통령 ""KF-21 양산…자주국방 위용 떨치게 돼""",Politics
'혁신'만 빼고 다 있는 국민의힘 공천,Politics
"[속보] 李대통령 “KF-21, 자주국방 뜨거운 염원 담아…무한한 자부심”",Politics
"국민의힘 ""가상자산 과세 폐지 추진""…청년 투자자 표심에 구애",Politics
"""불법 특위 해체"" ""이 사람아, 조용""…여야, 국조특위서 충돌",Politics
조작기소 국조특위 격돌…김부겸 여론조사 돌풍,Politics
"배현진 ""수도권은 예수님이 나와도 안 될 판""…지도부 저격",Politics
"주호영 ""일단 법원에 컷오프 판단"" 다음은? …한동훈 ""연대중""",Politics
"홍익표 ""李, '조폭연루설' 부도덕한 사람 연상돼 마음의 상처""",Politics
"친명 김영진, 김동연에 ""어려운 시기 같이 뛴 우리 멤버""",Politics
"김민석, 또 유시민 겨냥? ""국민을 무슨 ABC로…함께 통합해야""",Politics
"주한이란대사, 국회서 트럼프 규탄 ""종전 가짜뉴스…투기꾼 부당이득""",Politics
"컷오프가 부른 '주호영-한동훈 연대설'…한동훈 ""이미 연대하고 있는 것""",Politics
"컷오프 이진숙 ""시민들 지지 확연…공관위 면담 요청""",Politics
[생생뉴스] 갈등과 정쟁으로 꽉 막힌 정치판을 속 시원하게! 정치고수,Politics
"""이재명 죄 지우기 특위"" 국힘 항의에… ""이 사람아"" 막말만 오간 국조특위",Politics
"KF-21 보라매, 노후 전투기 대체하며 자주국방 실현 신호탄 쏘다[기고/강은호]",Politics
"국힘, 가상자산 과세 폐지 추진…""이중과세·형평성 문제""",Politics
한동훈 “2개만 지키면 이긴 걸로 치겠다? 다른 곳은 그냥 지는거냐”,Politics
"배현진 ""서울 선거, 장동혁 방해 없다면 충분히 해볼 만하다""",Politics
"국힘 공천 자신감 내비친 이정현...""흔들린 게 아니라 일부러 흔든 것""",Politics
국민의힘 “법사위 반환하라”… 與 “택도 없어”,Politics
한동훈 “보수 재건 ‘주호영’과 이미 연대…상식적 정치인 뜻 모아야”,Politics
"한동훈, '서울·부산 목표' 장동혁에 ""나머지는 다 뺏기는 거냐""",Politics
"秋 떠난 자리 두고 공방…국힘 ""관행대로 넘겨야"" vs 민주 ""택도없다""",Politics
양문석 “김용 안산갑 맡아달라” 한준호 “김용 선배님의 몫”,Politics
“늙은이들 제정신?” 묵인한 국힘이 “노인 무임승차 출퇴근時 제한은 차별” 펄쩍,Politics
"한병도 ""국힘 법사위원장 요구? 택도 없다…스스로 돌아보길""",Politics
"유시민의 'ABC론' 파문…""제2의 수박 찾기"" vs ""갈라치기"" 온라인 격돌",Politics
한병도 “野 법사위 못맡겨”..나경원 “차라리 국회 해산”,Politics
"[단독] 자폭 드론, 남의 일 아니다... 한미연습 기간 ‘요격 훈련’",Politics
"“나온다는 말도 안했는데”…김부겸, 국힘 대구시장 후보와 양자대결 모두 우위",Politics
"한동훈, 장동혁 직격 ""6·25 전쟁났는데 부산만 지키면 승리한거냐""",Politics
"""교도관들, 윤석열 식탐 강하고 진상 같아""...쏟아지는 구치소 증언들 [지금이뉴스]",Politics
"트럼프 '협상 vs 증파' 혼선…한국, '美 보폭·이란 소통' 이중고",Politics
"60조 캐나다 '잠수함 빅뱅’ 앞두고…도산안창호함, 韓 최초로 태평양 횡단",Politics
'서울·부산' 성패 기준 잡은 장동혁…내홍에 텃밭 TK도 적신호,Politics
"[단독] 주호영, 국민의힘 탈당 예고…대구시장 무소속 출마 초읽기",Politics
"""이 사람아"" ""똥밭""…조작기소 국조특위 인삿말 대신 '충돌'",Politics
"정청래 ""우린 억울한 컷오프 없다…검찰 악행 발본색원""",Politics
"[단독] ""연평해전 후 27년""…뒤늦게 PTSD 온 제복 영웅들도 '보상' 길 열렸다",Politics
"국민의힘 ""금투세는 없애고 코인만 과세? 어항 좁다고 지느러미 자르는 격""",Politics
"국민의힘, 가상자산 소득세 폐지 추진…""이중과세 형평성 안 맞아""",Politics
"[무등의 아침] 강기정 “후보 단일화, 실무적 차원 의논…지지율 반등으로 극적 반전 있을 것”",Politics
"한동훈 ""상식적 정치인들 뜻 모아야…보수 재건 가능""",Politics
독자설계 초음속 KF-21… 대한민국 영공방어 새역사 열다,Politics
"'추미애 나간 법사위원장 달라'는 국힘 ""들러리 세울 거면 국회 해산하라""",Politics
친윤·중진 날린 국힘… ‘대구 역전’에 베팅,Politics
조국·한동훈 원내 입성땐 ‘여의도 빅뱅’…재보궐 전선 확대…,Politics
"유시민 ABC론發 민주당 분열 확산… “MBTI도 16개, 3부류 단순화 안돼”",Politics
"한동훈 ""장동혁, 서울·부산만 지키면 승리? 다른 곳 후보들은 지는 거냐""",Politics
조작기소 국조특위 시작부터 '충돌'…김부겸 등판 임박,Politics
정청래 “억울한 컷오프 없어…부적격자 공천 배제와 구분해야”,Politics
조작기소 국정조사 여야 격돌...지방선거 'D-70',Politics
"[속보]대구시장 김부겸 35.6%, 이진숙 20.6%, 추경호 10.6% -리얼미터",Politics
호남 기초단체 41곳에 국힘 예비후보 딱 1명…‘서진 정책’ 공염불,Politics
"한동훈 ""장동혁, 서울·부산 이기면 지선 승리? 개탄 금치 못 해""",Politics
"""대구 당원마저 민주당 찍는다""…'김부겸 압도' 여론에 국힘 쇼크",Politics
"전한길 ""이준석 하버드? SAT 점수 턱없이 부족, 서울과고 성적도 하위권"" 주장",Politics
"‘의원직 상실’ 양문석, ‘보석 석방’ 김용에 “안산갑 와달라”…보선 출마 요청",Politics
배현진 “대구 작대기 공천은 파국…장동혁없는 서울시장 선거면 해볼 만”,Politics
"이진숙 ""이정현 공관위원장, 나를 만나 달라···나 아니면 대구시장 민주당에 바치는 결과""",Politics
김부겸 대구 출마하면…가상대결서 국힘 전원에 앞섰다(영남일보-리얼미터),Politics
"윤건영도 송영길 비판 ""노통탓 떠올라 섬뜩...음해·모함으로 얻는 게 뭐냐""",Politics
"송영길 ""이재명 낙선바란 친문"" vs 친문 ""뺄셈정치할 때냐""",Politics
"'경선 승리가 곧 당선' 예비후보 간 경쟁 과열, 전남 곳곳 잡음",Politics
"“도움 될지 두렵지만”…양문석, 김용에 “안산갑 맡아주길”",Politics
"김민석, 유시민 겨냥 “ABC로 국민 나누기도 하는데…”",Politics
"주호영 ""늦어도 내일까지 가처분신청…결과 따라 무소속 출마""",Politics
"""이진숙 뱃지 달면 강성 지지층 뺏길라""…장성철 ""장동혁, 이진숙 견제 중""",Politics
정부 출범 9개월 지났는데…무보직 장기 대기 고위 외교관 15명,Politics
"與는 집안 난타전, 野는 후보 구인난…냉온탕 엇갈리는 수도권",Politics
나경원 “야당 들러리 세우려거든 국회 해산하라”... 법사위원장 즉각 반환 촉구,Politics
"노종면 ""YTN 대주주 자격 없는 유진, 이사 교체 꼼수…기가 찬다""",Politics
"배현진 “서울시민 ‘박원순 시즌2’ 원치 않아 선거 해볼 만…단, 장동혁 오지 말아야”",Politics
"정청래 ""부적격 해당해 예비후보 자격 얻지 못한 건 컷오프 아냐""",Politics
"'무소속 연대' 가능성에 한동훈 ""주호영과 이미 하고 있다""",Politics
"'의원직 상실' 양문석, '재판中' 김용에게 ""경기 안산갑 맡아달라""",Politics
"김영진 ""유시민 'ABC 분류' 부적절…MBTI도 최소 16개""",Politics
"국힘 ""금투세 폐지했는데 코인은 과세?…이중과세·형평성 문제""",Politics
"[뉴스포커스] 카타르, LNG 공급 중단…비상체계 선제가동 지시",Politics
"김지호 성남시장 후보 ""김병욱 전 의원 공천 철회해야""",Politics
“여당일 때 뭐 했냐고?”…‘부산 글로벌법’ 쥐고 흔든 민주당에 폭발한 국힘,Politics
조작기소 국조특위 본격 기싸움…김부겸 등판 임박,Politics
"홍익표 ""李 대통령, '조폭연루설'로 마음의 상처… 언론 탄압 아냐""",Politics
"주호영, 법원에 '대구시장 컷오프' 가처분 신청 예정…법정 다툼으로 번지는 공천 갈등",Politics
배현진 “수도권은 예수님 와도 안될 판…국민이 하지 말라는 것만 골라서 해”,Politics
"與는 집안 난타전, 野는 후보 구인난…냉온탕 엇갈리는 수도권 선거전 [이런정치]",Politics
"대구가 디비지나···김부겸, 양자대결서 국힘 시장 후보군 모두 제쳤다",Politics
"국민의힘 ""추미애 떠나고 민주당 상임위 100% 독식? 차라리 국회 해산하라""",Politics
"'그알 보고 尹 뽑았다' 공유한 李 ""조작보도로 선거방해는 민주주의 파괴""",Politics
"험지는 구인난, 텃밭은 내홍…지선 D-70, 갈수록 꼬이는 국민의힘 공천",Politics
"한동훈, '서울·부산 수성 목표' 장동혁에 ""다른 곳은 지는거냐""",Politics
"김종인 ""오세훈, 차라리 군소리 않고 등록했어야…김부겸 나오면 승산""",Politics
"배현진 ""수도권, 예수님 와도 안 될 판…장동혁 방해 없다면 가능""",Politics
"전한길, 이준석 '하버드 학력' 위조 주장…개혁신당 ""허위사실에 선처 없다""",Politics
배현진 “이진숙 수도권 배치? 지금 예수님 나오셔도 안될 판”,Politics
"양문석, 김용에 ""안산갑 맡아달라"" 공개 요청…한준호 ""응원하겠다""",Politics
"국힘 ""법사위원장, 민주당 전리품 아냐…즉각 반환해야""",Politics
"""교도관들, 윤석열 진상 손님 같다고..."" 식탐 증언 또 나와",Politics
"윤건영, ‘친문 폐족 척결론’에 “노 대통령 시절 악몽 생각나…갈라치기 그만”",Politics
"이진숙, 이정현 공관위원장 면담 요청…“컷오프 결정, 책임져라”",Politics
"주호영 ""효력정지 가처분 신청""...이진숙 ""이정현 면담 요청""",Politics
"국힘 ""법사위장 자리 반환해야…상임위 독식은 독재 선언""",Politics
"국힘 법사위원들, 법사위원장 자리 반환 요구… ""민주당 전리품 아냐"" [뉴시스Pic]",Politics
"野법사위 ""법사위원장 돌려줘야…독재 외피 씌울 거면 국회 해산""",Politics
"'상임위 싹쓸이' 선언에 반격한 국힘...""법사위원장이나 반환해라""",Politics
친명 김영진 “유시민 왜 지지층을 ABC로 분류?…MBTI도 최소 16개”,Politics
"컷오프 주호영, 가처분 낸다…'朱韓연대' 가능성 주목",Politics
[연합뉴스 이 시각 헤드라인] - 10:30,Politics
"李 ""SBS가 사과할 대상은 주권자""…'그알 보고 尹 뽑아' 글 공유",Politics
주호영 법원行·김부겸 우세 ‘혼란의 대구’,Politics
李대통령 연일 부동산 때리기…‘보유세’ 시그널까지 [이런정치],Politics
"'그알 보고 尹 뽑았다?'…李대통령 ""조작보도로 주권자 결단 비틀어""",Politics
"배현진 ""서울 선거, 장동혁 지도부 방해 없으면 해볼 만""",Politics
"李 대통령, '그알 보고 윤석열 뽑아' 글 공유하며 ""조작보도는 민주주의 파괴""",Politics
"박수민, 오세훈 '혁신선대위'에 ""선수가 심판에 얘기하면 안 돼, 당이 알아서 할 문제""",Politics
"이정현 공관위원장 “공천, 일부러 흔든 것…이기는 길 선택”",Politics
김영진 “유시민 ‘ABC론’ 부적절…지금은 지선 승리 집중할 때”,Politics
"김웅 ""보완수사권 폐지? 돈없는 사람이 슬픈 세상 될 것""",Politics
"與, 서울·경기 3파전…과열 경쟁 조짐도 [이런정치]",Politics
"“당대표 오지 마라”… 배현진, 선거 앞두고 공개 차단",Politics
"김용 안산갑 출마 유력 보도에…양문석 ""안산갑 와달라""·한준호 ""결단 응원""",Politics
"[단독]野 상임위원장 상임위, 얼마나 안 열렸을까 따져봤더니",Politics
"한동훈 ""조작기소 국정조사?...감옥, 내가 가나 이재명이 가나 보자""...정광재 ""韓, 보궐 출마""[여의도초대석]",Politics
"배현진 ""수도권은 예수님 와도 안 돼…장동혁 도움 한 군데도 없어""",Politics
"국힘 청년 오디션 뚜껑 열어보니...""상위 10명 중 3명이 윤어게인""",Politics
한동훈 “주호영 같은 상식적인 정치인들이 뜻을 모아야…우리는 이미 연대하고 있어” [정치시그널],Politics
"“윤석열, 진상 손님 같아. 식탐 강해”…교도관들 재반박",Politics
전국 시·도 광역단체장 후보자 현황(3월25일 현재),Politics
"""오세훈 등 국힘 인재풀, 민주당 압도""…배현진 ""장동혁 방해 없으면 할 만해""",Politics
"이정현 ""공천, 일부러 흔든 것…낙하산·계파·돈 얘기 없지 않나“",Politics
"이 대통령 ""정치인 악마화한 조작보도, 민주주의 파괴행위""",Politics
"대구시장 출마 김부겸, 주호영·추경호에 우세... 이진숙과는 접전",Politics
양문석 '李 측근' 김용에 안산갑 재선거 출마 요청,Politics
"'친명' 김영진 ""MBTI도 최소 16개는 되는데...ABC 분류 부적절""",Politics
"배현진 ""서울 선거 장동혁 지도부 방해 없다면 해볼 만…도움되는 곳 없어""",Politics
"[단독] 한국, 여성 국회의원 비율 20.8%… 세계 184개국 중 120위",Politics
"""예쁜 한국여자들 너무 부러워""…북한서 '남한식 뷰티' 열풍",Politics
"‘12·3 비상계엄 중징계’ 군 간부 37명, 징계 수용은 곽종근 뿐",Politics
"친명 김영진 ""유시민 'ABC 분류' 부적절…MBTI도 최소 16개""",Politics
"양승조·박수현, 이번엔 후원회장 놓고 격돌",Politics
"李 ""지금도 저를 살인·조폭 연루자로 알고 계신 분들께""",Politics
이정현 “이번 공천 일부러 흔든 것...결과로 평가받겠다”,Politics
"이정현 ""공천, 흔들린 게 아니라 일부러 흔들어""…이유는?",Politics
"조국, ""친문이 尹을 도왔다? 해도 너무 해"" 윤건영 글 말없이 공유",Politics
"이정현 공관위원장 ""공천, 일부러 흔든 것…이기는 길 선택""",Politics
"고민정, 송영길 겨냥 ""넘지 말아야 할 선 지켜야…흩어지지 말자""",Politics
"저렴한 ‘바다 지뢰’, 수면·수중 어디든 설치… 제거비용 ‘최소 10배’[Who, What, Why]",Politics
“美도 이란공습 때 OO 먼저 날렸다… ‘정밀한 전쟁’의 선봉장”,Politics
"윤건영 ""盧대통령 시절 악몽 생각나…내부 갈라치기 그만하길""",Politics
"'원조 친명' 김영진 ""ABC론 부적절…MBTI도 사람 3등급 안 나눠""",Politics
"“주호영 컷오프, 이정현 독단 아냐”",Politics
'대구 김부겸 나오면...' 여론조사 1대1 가상대결서 野 후보 다 앞섰다,Politics
"李대통령이 압송시킨 '마약왕' 박왕열…靑 ""대가 치르게 할 것""",Politics
"전한길, 이준석 '하버드' 입학에 의혹 제기…""공정했는지 의문""",Politics
이정현 “흔들린 게 아니라 일부러 흔든 것…결과로 평가받겠다”,Politics
"이 대통령, ‘그알 보고 尹 뽑았다’ 글 공유…“SBS, 주권자에 사과하라”",Politics
"이정현 ""지도부와 철저히 거리 유지…결과로 평가받겠다""",Politics
"임이자 ""이진숙을 재보궐? 이정현 계속하란 법 없어…보궐공관위 꾸릴 수도""",Politics
대통령 생중계 조회수가 '50'?[현장에서],Politics
"김부겸, 국힘 대구시장 후보 8명과 1대1 가상대결서 모두 우위",Politics
"전한길·김영윤, 이준석 하버드 학력 의혹 제기…""신정아 사건과 비슷""",Politics
"조국 “보유세 정상화, ‘청년미래세’로 운용 제안”",Politics
"장성철 “이진숙 대구 보궐 공천 가능성 낮아, 장동혁이 견제하는 듯” [김은지의 뉴스IN]",Politics
[KBS여론조사] ‘통합시장’ 민형배·김영록 접전,Politics
"'필리핀 마약왕' 박왕열 9년 만에 송환…靑 ""엄정 단죄""(종합)",Politics
친한계 가처분 인용에…장동혁 “사법부가 지나치게 정치 개입”,Politics
"美 공화당 인사 ""김민석, 백악관에서 진실과 반대로 말해""",Politics
"송영길 ""유시민, 내 혈액형은 B형…박해 속 이재명 지지, 그런데 이익추구?""",Politics
탄핵·대선·절윤 모두 오락가락…국힘 절망의 정치,Politics
李 “부동산 투기 방치하면 나라 망해”…국무회의서 집값안정 천명,Politics
"[지선PICK] 이승훈 ""영등포, '리틀 이재명'이 필요…'李 철학' 실현할 방안 있다""",Politics
국힘 청년 인재 오디션 상위 10명 중 3명이 '윤어게인',Politics
"'그알 보고 윤석열 뽑았다' 글 공유한 李대통령 ""조작 보도는 선거방해""",Politics
"""진상 손님 같다""…윤석열, 구치소 수감 중 '식탐 논란' 또 나와",Politics
'극우·음모론' 잔치판 된 국힘 청년 오디션,Politics
"李대통령 ""정치인 악마화 조작보도는 민주주의 파괴…그알, 유권자에게 사과해야""",Politics
"李대통령, '그알 보고 윤석열 뽑았다' 글 공유…""정치인 악마화 조작 보도""",Politics
윤승모 ‘시니어 아미’ 대표이사 “시니어 아미 10만명 목표… 유사시 청년 대신해 희생 각오” [세상을 보는 창],Politics
방사청 “2025년 방산수출 154억 달러…올해 더 좋아진다”[이현호의 방산!톡],Politics
보수텃밭 위기에 당 균열설까지?…국민의힘 뒤흔드는 컷오프 여진 등 [3/25(수) 데일리안 출근길 뉴스],Politics
[취재석] 반복되는 공천 파동에 혁신은 없다,Politics
"[시대리포트]""남아도는 전기, 보내질 못해""…삼성 짓누르는 電맥경화",Politics
국힘 경기지사 전략 테이블에 '김문수·유승민' 카드 올렸다,Politics
"“모기까지 보호해야 하나?”…李, 야당 의원 문제제기에 내세운 ‘모기론’",Politics
"이진숙 “보선 요청받으면 검토”… 국힘, 경기지사는 ‘플랜 B’ 전략공천 시사",Politics
"확전 문턱서 속도조절…정부, 파병카드 미뤄두고 '투트랙'",Politics
"[르포]경합지 인천 연수갑, '송영길 카드' 통할까",Politics
"尹의 변호사가 충북 경선에…국힘, '도로 윤어게인'",Politics
[단독] 새 정부 출범 9개월… 무보직 고위 외교관 25명,Politics
"[단독] ""일단 쌍방울 사건에 모든 포격"" 작전 짠 여당 국조특위",Politics
文 새벽잠 지켜준다던 김정은…'괴물 ICBM' 그때 개발했다,Politics
"여야, 지선 앞 ‘너도 나도’ 삭발…공천항의·지역현안 사유",Politics
"국힘, 경기지사 후보 '구인난'…유승민·김문수까지 거론",Politics
"국힘 경기지사 인물난… 유승민-김문수까지 거론, 추가공모 검토",Politics
"‘보유세 인상’도 검토… 靑, 부동산대책 강공",Politics
[단독] 선거 앞 출판기념회 최소 746번... '돈 잔치'에 팔짱 낀 선관위,Politics
"정원오·박주민·전현희, 與 서울시장 후보 '본선 레이스'",Politics
"李 ""부동산 투기 놔두면 나라 망해… 정책에 정치적 고려 말라""",Politics
정청래 공개 러브콜에 김부겸 '고심'…대구시장 출마 이번주 결단,Politics
"명심 업은 김용, 보궐선거 판 흔든다…안산 출마 유력",Politics
"""마른 몸 예쁘다"" 북한 상류층에 부는 '남한식 뷰티' 열풍",Politics
"장동혁, '회피형 정치' 재개?…'친한계' 가처분 인용·공천 갈등에 한 발 물러서",Politics
"李대통령, SBS '그알' 조작보도…""국민주권 탈취하는 선거방해, 민주주의 파괴""",Politics
한국인 3명 살해 '마약왕' 박왕열...필리핀서 국내로 전격 송환,Politics
"李대통령 ""패가망신"" 경고한 필리핀 마약왕 한국 송환된다",Politics
“교도소서 애인 부르고 마약 유통”…필리핀 수감 ‘한국인 마약왕’ 박왕열 한국 송환,Politics
"""내란 사범에 훈장이라니""…12.12 군사반란 주요 가담자 무공훈장 취소",Politics
김정은 “한국이 가장 적대적 국가”,Politics
김문수·유승민·안철수 출마 고사… 국힘 경기지사 여전히 구인난,Politics
"이진숙, 컷오프 반발… 나경원 “대구 보궐 출마시키자”",Politics
"“與, 상임위원장 독식은 권위주의식 독재… DJ 계셨다면 크게 노했을 것”",Politics
"계엄 징계 軍간부 37명 중 7명, 국방부에 취소 소송",Politics
"이진숙, 이번엔 경기지사로 출마?…대구 컷오프 후 수도권 차출론 솔솔",Politics
"장동혁, 지방선거 목표 제시…""서울·부산 승리, 선거 잘 치렀다 기준""",Politics
"박정하 “장동혁·이정현, 말이 좀 다를 뿐 한 몸”…주호영·한동훈 연대설도",Politics
보수텃밭 위기에 당 균열설까지?…국민의힘 뒤흔드는 컷오프 여진,Politics
"北 김정은 ""한국 가장 적대국으로 공인…건드리면 무자비한 대가""",Politics
"'강경·명심·성과'…본선 시작된 경기도, 관전 포인트는",Politics
[단독] 이중삼중 업무에 우울증 치료… 軍은 마지막까지 몰랐다,Politics
추미애 떠난 법사위…후임 인선 두고 여야 주도권 싸움 본격화,Politics
장동혁·이정현만 보이는 국힘…선거 패배 공식 재현되나,Politics
[인터뷰] 한국판 '조란 맘다니'를 꿈꾸다…정이한이 정치 하는 이유,Politics
이진숙 “고성국이 배후라면 내가 왜 컷오프 당했겠나”,Politics
"‘컷오프’ 이진숙, 보궐 출마 가능성묻자 “요청받으면 생각”…공천배제 재심청구서 제출도",Politics
이 대통령 “조작 보도는 명예훼손 넘어 선거방해”…‘그알’ 다시 비판,Politics
"李대통령 ""'그알' 사과 대상은 나보다 대한민국 주권자들""",Politics
"육군협회, KADEX 역대 최대 규모 국가적 행사로…“계룡대 비상활주로 사용, 정규 헬기장 3곳 있어 문제없어”",Politics
"이재명 대통령 ""정치인 악마화 조작보도, 민주주의 파괴""",Politics
‘그알 보고 윤석열 뽑았다’ 글 공유한 李대통령 “조작 보도는 선거방해”,Politics
"장동혁 ""서울·부산 승리, 선거 잘 치렀다 기준""…지선 목표 제시",Politics
"이 대통령, 초강력 부동산 정상화 의지…""방치시 나라 망해""",Politics
"선진국 주요도시 보유세 언급한 李 ""투기 방치하면 나라 망해""",Politics
"이 대통령, ‘그알 보고 윤석열 뽑았다’ 글 공유하며 “조작 보도는 선거방해”",Politics
"이란 외교장관, 한국에 “침략국 아니면 호르무즈 항해 가능”",Politics
"""'그알' 보고 윤석열 뽑았다"" 글 공유한 李대통령…""조작보도는 선거방해""",Politics
"장동혁 ""마음이 6월 4일에 가있다고?…모든 당력 6·3 지선에 모아야""",Politics
"李대통령, SNS서 ‘보유세’ 관심 드러내…‘전시 추경’ 두고선 “빚내서 하는 것 절대 아니다” [청와대 스케치]",Politics
"장동혁 ""모든 당력 6·3 지선에 모아야""…차기 당권설 일축",Politics
"조합장에 뇌물·개발호재 뻥튀기…李 지시로 부동산 단속, 1500명 무더기 적발",Politics
[인터뷰 전문] 국민의힘 장동혁 대표…지방선거 승리 기준은,Politics
동부권 지지율 변화 주목…후보 간 연대 막판 변수,Politics
'뉴이재명' 겨눈 유시민 'ABC론'에 與 분열 재점화…'수박 논쟁' 시즌2?,Politics
"李대통령 ""나라 망치는 악질 부동산 범죄 뿌리 뽑겠다""",Politics
[KBS여론조사] ‘통합시장’ 민형배·김영록 접전,Politics
"정책실장 이어 李도 '보유세 카드' 띄우기…靑 ""최후 수단""",Politics
李대통령 “베이커리 카페 10년 가업?… 꼼수 감세”,Politics
"이 대통령 ""투기 방치, 나라 망해…물 샐 틈 없게 준비""",Politics
'박수민·오세훈·윤희숙'…4월 18일 최종 후보 선출,Politics
'박주민·정원오·전현희'…4월 9일 최종 후보 확정,Politics
靑행사서 사라진 경제단체…연구소는 보고서도 안낸다,Politics
"“교도관들, 윤석열 ‘식탐’ 강하고 ‘진상 손님’ 비슷하다고…”",Politics
"이 대통령 ""부동산, 세제든 금융이든 물샐틈없이...대한민국 최악 문제점""",Politics
"'이란'에 놀란 김정은, '트럼프' 비난 없이 '핵 방패'?",Politics
홍익표 “부동산 안 잡히면 보유세도 검토”,Politics
"[비하인드 뉴스] 조국, 부산 출마 난색? ""민주당에서 오지 말랍니다""",Politics
李 “베이커리카페 가업상속 악용해 꼼수 감세”…전면 개편 지시,Politics
서울을 버리고 떠난 서울시장의 뒷이야기... 참 부끄럽다,Politics
여당 서울시장 경선 정원오·박주민·전현희 ‘3파전’…접전 예고,Politics
"[비하인드 뉴스] ""영남서 '흰색' 입고 뛰더라""…그런데 윤상현, 지난 총선땐",Politics
"이 대통령, 부동산 보유세 기사 소개…세제 개편 ‘빌드업’일까",Politics
민주당 서울시장 예비후보 3인 압축‥박주민·정원오·전현희 본경선,Politics
"국힘, 박희영 용산구청장 재입당 ‘보류’…이태원 유가족 ‘기각이 책임의 최소선’",Politics
'윤어게인 경선'으로 전락한 국민의힘 청년오디션?,Politics
KBS전주 여론조사…도지사·교육감 지지도는,Politics
"이 대통령, 초강력 부동산 정상화 의지…""방치시 나라 망해""",Politics
"머리 밀고, 손 잡고…부산 글로벌허브법 '내 공' 신경전",Politics
"'후보 가뭄' 김문수 차출설…당내선 ""뒤로 간다"" 술렁",Politics
대구서 '주호영·한동훈 연대설' 부상...  '추경호·이진숙 연대설'까지,Politics
강경보수(손영광 교수) 영입 논란에 박형준 “역량 있는 분” 진화 안간힘(종합),Politics
"당 지도부 설득 전재수, 삭발로 압박 박형준…서로 ‘내 공’",Politics
친한계 불 지피는 ‘연대론’…주호영 “무소속 결심하면 저절로 연대”,Politics
"본경선 앞둔 첫 조사… 김동연, 민주 경기지사 적합도 오차범위 밖 1위",Politics
"李대통령 ""내란 사범이 훈장이라니, 있을 수 없는 일""",Politics
"민주당, 경북 빼고 15곳 ‘싹쓸이론’?",Politics
"'MC몽 입영 연기' 기록 등장 / ""당대표랑 왜 면담 안해!"" 전재수 끌고간 정청래? / 이 대통령 ""포상 좀 하라"" 주문에 ""포상금이 없어요"" [정치톡톡]",Politics
"신용한의 응수 ""명태균, 녹취록 다 푸시라... 저도 갖고 있으니까""",Politics
"[6·3 지선] 민주, 서울시장 후보 3파전…박주민·정원오·전현희 본경선으로",Politics
"李대통령, 무공훈장 취소에 ""내란 사범이 훈장? 있을 수 없어""",Politics
"'삭발' 박형준, '담판' 전재수··· 부산시장 선거 전초전 된 허브 도시 특별법",Politics
[6·3 지선] 민주당서 나온 싹쓸이론…국민의힘 내부에서도 위기감 팽배,Politics
정원오·전현희·박주민 중 여당 서울시장 후보 나온다…누가 유리할까,Politics
"김정은 ""한국 가장 적대국으로 공인…건드리면 무자비한 대가""(종합2보)",Politics
"이진숙, 여의도로 급선회?...'험지' 경기는 인물난",Politics
"민주, 세종시장 '5인 본경선' 결정…충북 기초단체장 '대거 경선'",Politics
"""진상 손님 같다""… 윤석열, 구치소 수감 중 '식탐 논란' 계속",Politics
與 서울시장 후보 3파전…'명픽' 정원오 견제 더 거세질 듯,Politics
"김영환 ""경찰과 당 공관위의 '공작 정치' 의혹, 진실을 밝혀라""",Politics
"""비겁해"" ""능력 부족"" 민주당 서울시장 예비후보 공방 격화",Politics
"""이런 오만무도한""…KADEX, 군시설 사용 허가도 안났는데 '완판' 홍보 논란",Politics
136억 낼 세금이 0원?…베이커리 카페 '상속 꼼수'에 李 호통,Politics
부산특별법·TK통합 불발… “野 단체장 무능 탓”vs“與 의원 몽니 탓”,Politics
동부권 지지율 변화 주목…후보 간 연대 막판 변수,Politics
[단독] “이젠 힘듭니다”… 주말에도 30시간 극한 근무 ‘홍 중사의 비극’,Politics
민주 59.8% vs 국힘 25.8%… 부천 정당 지지도 ‘뚜렷’,Politics
"'尹 사과 어리둥절' 질문 후 문화부 발령 부산일보 기자, 청와대 복귀",Politics
48시간 최후통첩 후 5일 유예…트럼프식 '전쟁 비즈니스'에 갇힌 한국,Politics
"이 대통령 ""베이커리 카페 10년 하면 가업?... 꼼수 감세""",Politics
李대통령 “저도 궁금” SNS서 보유세 관심… ‘세제 카드’ 꺼내드나,Politics
李대통령 “초과 세수로 전시 추경… 빠를수록 효과 커”,Politics
한덕수 항소심서 또 재생된 '계엄의 밤' CCTV…'사전 인지' 공방,Politics
[KBS여론조사] ‘통합시장’ 민형배·김영록 접전,Politics
‘중동국 소통’ 바쁜 조현 외교장관… 이란 이어 오만·쿠웨이트와 통화,Politics
"""유세 아니고 길거리 인터뷰다"" '고성국 배후설' 부인한 이진숙",Politics
주호영 장고에 꿈틀대는 주·한 연대설,Politics
“진태 괜찮지만 국힘 실망”… 우상호 등판에 요동치는 표심,Politics
"나경원 ""조폭설 억울하다며 조폭식 협박""…李대통령에 '언론 탄압' 비판",Politics
"'장동혁 체제' 피해자 연합? 주호영과 한동훈, 손 잡을까",Politics
"여야, 수도권서 누가 웃을까…민주당 부울경 약진 가능성",Politics
[속보] 민주당 서울시장 경선 본선에 박주민·정원오·전현희 진출,Politics
"[오늘 한 컷] 삭발, 삭발, 또 삭발…삭발 효용 체감의 법칙",Politics
"김경수·김상욱 ""부울경 메가시티 즉각 복원해야…하나로 뭉칠 것""",Politics
김경율 “장동혁 韓비대위 때도 안보여…친김건희 세력에 공천 먹혀서 와”,Politics
[단독] 국힘 청년 광역의원 오디션 결과 '윤어게인' 인사 포진... 청년 정치인 발굴은?,Politics
"“이 쉬운 걸 2년 동안 왜 안 했나” 국힘, 민주에 파상 공세 [부산글로벌법 수싸움]",Politics
"공천 배제에 고심하는 주호영 ""결심 너무 늦지 않을 것""",Politics
"민주당, 오늘 서울시장 후보 3인 압축…막판까지 신경전",Politics
"'평양 무인기' 김용대 前사령관, 파면 집행정지 신청 기각(종합)",Politics
컷오프로 뒤숭숭한 국힘…20년 전 ‘친이-친박 갈등’ 소환,Politics
경기지사 김문수 등판?…'구인난'에 빠진 국민의힘,Politics
"대만 “한국, 중국(대만) 표기 바꿔야”…31일 시한 앞두고 긴장 고조",Politics
"“이대로는 필패”…野, 경기지사에 김문수·이진숙 카드 만지작",Politics
"李, 뉴욕·도쿄 보유세 “나도 궁금했다”…野는 “종부세 기준 완화”",Politics
"김영환 ""당에 구걸 않겠다""…'무소속 출마' 시사",Politics
"민주-진보 울산 단일화 물꼬…김상욱 ""당 지도부서 논의 중""",Politics
"김형주 ""추미애, 강성에서 실용적 스탠스로 갈아탄 것"" [박영환의 시사1번지]",Politics
"[자막뉴스] 강남 아파트 해명에 '서울대 경영' 등장…""맥킨지 근무하고 하버드 MBA""...??",Politics
靑 “보유세 인상은 최후의 수단”… 이재명 “주식과 부동산 투기는 달라”,Politics
"나경원 “李대통령, 권력 악용한 언론 겁박·사과 강요 중단해야”",Politics
"정청래, 권양숙 여사에 “盧 그리워, 안아드려도 되겠나”",Politics
"심교언 전 국토연구원장 ""민주당 정권 부동산 정책 실패 교훈없이 반복""",Politics
"'최후수단' 보유세 꺼낸 李…""투기 방치땐 나라 망한다""",Politics
"민주, 서울시장 3인 곧 발표…국힘 컷오프 여진",Politics
안동 민심 흔들?…민주후보 급상승 속 국힘후보도 본선경쟁력 강조,Politics
"""대구시장, 국회의원, 경기지사""... '컷오프' 이진숙의 운명은?",Politics
6·3 재보궐선거 지역 7곳 확정,Politics
"박원석 ""선거 이후 국민의힘 개헌저지선 무너질 듯""",Politics
"이 대통령, 대형 베이커리 카페 거론 ""10년이 가업? 꼼수 감세""",Politics
황교안은 실패했던 삭발...부산에선 통할까,Politics
"식사 미리 줄인 극비 단식작전…이들만 알았다, 장동혁 7인회 [1번지의 비밀]",Politics
“본선은 어쩌려고”…강성층 구애 경쟁 펼쳐진 국민의힘 지방선거 경선,Politics
"박주민 '도이치모터스 행사' 공세에 정원오 측 ""자폭 네거티브""(종합)",Politics
서울교통공사 사장 후보자 청문보고서 채택…'알박기 인사' 논란(종합),Politics
"""마실 갈 어르신들은 좀""...李대통령이 쏘아올린 '무임승차'",Politics
“저항군 우두머리” 압박했지만…‘조희대 탄핵안’에 신중해진 與,Politics
"전쟁 추경, 지역화폐로 현금 지원… 이 대통령 ""빚내서 하는 거 아니다""",Politics
"윤창호법 이후 음주, 격투기 전공자가 폭행…지선 후보자 전과 천태만상",Politics
"[기획] 빵카페가 가업?… 李, ‘꼼수 상속’도 철퇴",Politics
"'텃밭 위기' 감지한 국힘 후보들 ""통합 훼방 與 심판"" 벌써부터 견제구",Politics
"국힘, '경기 카드' 있나…거물급 차출설만 무성",Politics
예측불허 판세 대구 '地選 최대 격전지'…여야 사활 건 시장 선거,Politics
"국민의힘, 대구에서도 져봐야 정신 차릴까",Politics
"검찰청, 78년 만에 역사 속으로…수사·기소 분리 '속도' [짤e몽땅]",Politics
"""빵집이 상속 통로?""...이 대통령, '꼼수 상속' 질타",Politics
"한국빠진 정상회담 탐색전? 日 “다카이치, 김정은 마주하고파…美에도 의욕 전해”",Politics
‘12·12 군사반란’ 가담 10명 무공훈장 취소,Politics
李 “베이커리카페 10년하면 가업? 꼼수 감세”,Politics
친이-친박 묵은 감정싸움설까지…산으로 가는 국민의힘 공천 내분,Politics
"12·12 군사반란 가담자 10명 무공훈장 취소…""허위 공적""",Politics
‘12·12 군사반란’ 가담 김진영 포함 10명 충무무공훈장 박탈,Politics
"李 “부동산은 심리전, 물샐 틈 없이 준비”…보유세 카드 언급",Politics
"‘전두환 12·12 군사반란’ 가담 10명 무공훈장 박탈…국방부, 김진영 전 육참총장 포함",Politics
"야 부동산특위 심교언 ""현정부 정책 탓 전세 사라지고 월세로 바뀌어""",Politics
'대구 컷오프' 내홍 지속하는 국힘…경기 등 험지 논의는 제자리(종합),Politics
"李, 안철수 겨냥 “개구리 보호한다고 모기까지 보호하는 건 아냐”",Politics
"李대통령, 한국·외국 '보유세' 비교 보도에 ""저도 궁금했다""(종합)",Politics
與 서울시장 예비경선 곧 마감…野 컷오프 내홍,Politics
"“대여 투쟁하는 것도 아닌데 왜”…‘릴레이 삭발’ 국민의힘, 유권자들 선택은",Politics
"李, 노인 무임승차 출퇴근 시간 제한 검토 지시에…박형준 “노인 짐짝 취급하나”",Politics
"김병욱, “장남 부부 누적 근로소득 17억” 강남 아파트 매수 의혹 반박",Politics
"박지원 ""송영길·유시민, 불필요한 말 그만...분열하면 패배""",Politics
"""정원오, 혈세낭비 진실 알리는 게 네거티브?""…전현희, 鄭측 검증 폄하에 반발",Politics
"김병욱 성남시장 후보 ""강남 아파트 산 장남 부부, 누적 근로소득 17억""",Politics
北 독감 유행 중…당국이 내놓은 치료법 ‘황당’,Politics
이재명-안철수 다주택자 설전 “모기까지 보호?” “혐오 자극”,Politics
"김영록-신정훈 '신경전' 가열…이번엔 ""싸움꾼"" vs ""일꾼"" 공방",Politics
김진영 포함 12·12 반란군 10명 훈장 박탈…‘허위 공적’ 드러났다,Politics
"""데모보다 취직이 어렵다""…'운동권' 정청래가 짚은 '청년의 지금'",Politics
12.12 군사반란 가담했던 10명 무공훈장 취소,Politics
"한문도 ""이재명표 부동산 혁신, 0.1%의 빈틈도 없다""",Politics
"안철수 ""공무원 주식 투자도 막을 건가""… 李 ""모기까지 보호해야 하나""",Politics
"李대통령, 대형 베이커리카페 거론, ""10년이 가업? 꼼수 감세""",Politics
"[현장FACT] ""대구 시민이 나를 원해"" 이진숙, 당사 찾아 컷오프 '철회 촉구' (영상)",Politics
"다주택 공무원 배제 논란↑...野 ""증시 공직자도 주식 매도해야""",Politics
"'부동산 망국론' 李대통령, 보유세 간접 언급",Politics
"이 대통령, 안철수 겨냥 “개구리 보호한다고 모기까지 보호해야 하나”",Politics
"李대통령 ""중동 전쟁 충격 커져…'전시 추경' 신속 처리해야""",Politics
"배종찬 ""친청-친명 간 갈등 극대화 과정에서 이낙연계가 소환"" [박영환의 시사1번지]",Politics
"월드컵, 남은 협상 기한 단 '일주일'…3월이 '마지노선'",Politics
이진숙·주호영 동시 컷오프…“플랜A 포기하고 플랜B로 선회한 것”,Politics
"이번엔 경기도?… 이정현, 대구·충북 공천 파행에도 ‘마이웨이’",Politics
"'대구 재보궐 가능성' 이진숙 ""요청 시 고려""…나경원 ""보궐에 李공천을&quot...",Politics
"""장남 부부 누적 근로소득만 13.5억""…김병욱, 장남 강남 아파트 매수 의혹 반박",Politics
"이준석 ""오세훈과 연대 없다…국힘 공천, 안좋은 결과 예상""",Politics
김진영 전 육군총장 등 12·12 군사반란 가담자 10명 무공훈장 취소(종합),Politics
"'컷오프' 이진숙, TK 재보궐 재배치?…주호영·한동훈 연대설도",Politics
"'12·12 군사반란' 가담 10명 무공훈장 박탈, 명단 보니…",Politics
與 전남광주시장 '단일화·세 불리기' 본격화…대치 전선 주목,Politics
"선진국 보유세 기사 공유한 李…""부동산 투기 방치하면 나라 망해""",Politics
"박지원, 송영길·유시민 향해 “갈라치기 불필요”",Politics
"'컷오프' 이진숙 ""보궐선거, 당이 요청하면 생각해보겠다""",Politics
"이준석 “오세훈과 연대 없다…장동혁, 황교안 길 가면 본인도 죽을 것”",Politics
"與, '부산글로벌 허브법' 입법으로 전재수 지원 나서나",Politics
한동훈-주호영 '무소속 연대설' 급부상…대혼돈의 대구시장 선거,Politics
'명픽' 정원오의 대항마는 누구? 與 서울시장 본경선 명단 주목,Politics
"심교언 교수 ""李정권, 文정권 부동산 정책 실패 교훈 없이 반복""",Politics
"이진숙 ""컷오프 결정 취소해 달라···보수의 심장을 다시 뛰게 하고 싶다""",Politics
"나경원, 전재수 '까르띠에 의혹'에 ""지인 뒤에 숨어 오리발…사퇴해야""",Politics
"박형준, '윤어게인' 목사 아들 합류 논란에...""역량 뛰어나, '누구의 아들' 매도 안 돼""",Politics
"정청래 ""그땐 데모가 어렵다 생각했는데 이젠 취직이 더 어려워""",Politics
"李대통령 ""정치적 고려 필요없다…부동산 투기 방치하면 나라 망해"" 재강조",Politics
"이정현의 컷오프, 주호영·한동훈 연대설 띄웠다",Politics
[르포] 정치 소용돌이에 빠진 대구… “민주당으로 확 바까뿔라”,Politics
김병욱 “장남 부부 누적소득 17억…강남 아파트 살 돈 충분” 해명,Politics
"나경원 “이진숙, 최전선서 싸운 투사…내쳐선 안 돼”",Politics
12·12 가담자 무공훈장 박탈…헌정질서 훼손 '뒤늦은 정리',Politics
"‘10년 버티면 상속세 0원’… 李, 가업상속공제 손 본다",Politics
"韓 드라마 영향에 ""마르고 피부 좋아야""…北에도 다이어트·보톡스 열풍",Politics
與 경북 빼고 압승?…후보 확정 후 '지지층 결집' 변수,Politics
"우파 심장 대구 살릴 것...컷오프 재심 청구, 이진숙, 미치지 않고서는, 불광불급(不狂不及)[유재광의 여의대로 108]",Politics
"이 대통령 ""돈 안 쓰는 정부, 무능하고 무책임한 것""",Politics
"김병욱 ""장남부부 주택자금 충분히 소명… 왜곡 보도 유감""",Politics
"박선원 ""미·이란·이스라엘 정치적 목표 80% 달성, 퇴각 준비""",Politics
"김성환 ""민간 5부제 단계적 시행…원전 곧 추가 재가동""",Politics
與 서울시장 3인 오늘 발표…野 대구 컷오프 내홍,Politics
"이진숙 전 방통위원장 ""보궐선거, 당 요청 받는다면 생각해볼 것""",Politics
"이진숙 ""컷오프 재심 청구""…재배치설에는 ""요청 받는다면 생각해보겠다""",Politics
김영환 “경찰·공관위 기획된 공작정치…컷오프 민낯 드러났다” [6·3의 선택],Politics
"창원시장 선거 다자구도 가나…국힘 컷오프 이현규, 무소속 출마",Politics
"신정훈 측, 김영록에 ""싸움꾼이라고…프레임 씌우지 말라""",Politics
"“부동산으로 돈 벌면 나쁜 사람?” 안철수, 李 부동산 정책 ‘편가르기’ 비판",Politics
韓 드라마 영향에 “날씬해야 예쁘다”...北에 퍼진 다이어트 열풍,Politics
'전략적 결정' 시사 野이정현…요동치는 국힘 경기지사 공천,Politics
"일본, 김여정 반박 담화에도 “다카이치, 김정은 마주할 각오”",Politics
"""주식으로 돈 벌면 정직한 사람?""...李 ""모기까지 보호?"" 비판에 安 반문",Politics
민주 서울시장 예비 경선 막판 정원오 집중 견제…오늘 본경선 진출자 발표,Politics
"이재명-안철수, 부동산 정책 설전…“모기까지 보호하나”vs“혐오 자극”",Politics
‘투사’로 변신? 박형준 시장이 삭발로 얻은 것 [런치정치],Politics
李대통령 “‘부동산 불패’ 못 이기면 나라 미래 없어”,Politics
李대통령 “민생지원금 ‘세금 퍼주기’는 선동 의한 오해…안 쓰는 게 무능”,Politics
"산재 일보 꼼꼼히 챙긴 이 대통령 ""지붕 추락 왜 이리 많나""",Politics
"안철수 겨냥한 李 ""개구리 보호한다고 모기까지 보호해야 하는 것 아냐""",Politics
"李, 안철수 겨냥 ""개구리 보호한다고 모기까지 보호해야 하나""",Politics
"박지원 ""송영길·유시민, 불필요한 갈라치기 멈춰야""",Politics
"""경기도지사 출마자 또 없나요?"".. '구인난' 빠진 국민의힘",Politics
"민주당 ""17개 상임위 싹쓸이"" 초강수… 이재명 정부 '입법 정체' 정면돌파",Politics
"'친명' 문진석, 충남지사 불출마…양승조 지지 선언",Politics
"김병욱 ""장남 부부 누적 근로소득 17억‥강남 아파트 매수 자금 충분""",Politics
현재까지 재보궐 7곳 확정적…전부 민주당 지역구,Politics
"李 대통령, 계곡 불법 시설물에 또 경고 ""오늘까지 세번째 얘기""",Politics
국힘 공천 안갯속…경기지사 변수에 컷오프 갈등까지 '확산',Politics
이진숙 “컷오프 취소 강력 요구”… 국회의원 보궐 출마는 “요청 받으면 생각”,Politics
"이진숙 ""공천배제 결정 취소해달라…대구시장 말고는 생각 없어""",Politics
"'컷오프' 박맹우 전 울산시장, 무소속 출마…""이정현식 밀실 공천"" 반발",Politics
[현장영상] 김민수 “권력자는 벌 받지 않는 나라”,Politics
"이준석 ""오세훈과 연대 없다…국힘 공천, 아주 안 좋은 결과 예상""",Politics
"""해외자본 수익, 도민 자산으로""… 김동연, '경기도민 1억 만들기' 1호 공약 승부수",Politics
이진숙 “컷오프 취소 강력하게 요구…대구 진심 외면하면 안 돼”,Politics
"국회의원 보궐선거 출마?…이진숙 ""당서 요청하면 생각해보겠다""",Politics
“집은 돈벌이 수단 아냐” 2만자 쏟아낸 李대통령 부동산 정책 ‘시그널’,Politics
"""TK 민심도 위험수위…4월 혁신 선대위 출범만이 살길"" [월간중앙]",Politics
이진숙 “‘컷오프’ 반려해야”…국회의원 보궐 출마는 “요청 받으면 생각”,Politics
"나경원 ""공관위 결정 아쉽겠지만 주호영 당에 남아야, 이진숙은 전략적 재배치""",Politics
"“김정은 만날래” vs “평양 오지마”…김여정, 日총리에 ‘독설’ 날렸다",Politics
"안철수 직격한 이 대통령 ""개구리 보호한다고 모기까지 보호해야 하나""",Politics
"박지원 ""대구도 김부겸 나오면 승리…우리끼리 싸우지 말자""",Politics
대구에 결국 김부겸 등판?…국힘은 주호영·한동훈 연대설까지,Politics
"나경원 “전재수, ‘까르띠에 시계’ 오리발…의원직 사퇴해야”",Politics
"조응천 ""유시민 ABC론에 '비명횡사' 아닌 'B 횡사' 현실화할 것""[팩트앤뷰]",Politics
"안철수 ""다주택자 부동산 정책 배제? 공무원 주식도 막을 거냐""",Politics
"박형준 ""손현보 목사 아들 합류 논란? 매도 안 돼""",Politics
"韓드라마 몰래 보더니 “마른 몸 예뻐”…北여성들, 다이어트 열풍",Politics
중동사태 대응하는 고난의 탐색 외교…韓 '전략적 모호성' 운명의 5일,Politics
"충북지사 경선 돌입… 민주 4파전, 국힘은 김수민 합류와 김영환 변수 [6.3 지방선거]",Politics
"[뉴스1 PICK]이진숙 ""대구시장 컷오프 취소해 달라""",Politics
"'평양 무인기' 김용대 前드론사령관, 파면 집행정지 신청",Politics
"李 ""부동산 투기 방치하면 나라 망해…0.1% 물 샐 틈도 없어야""",Politics
"지금 이대로면 ‘여당 압승, 야당 참패’, 선거는 끝났다?",Politics
"이재명 대통령, '공공기관 차량 5부제 솔선수범…국민도 에너지 아껴 쓰기 운동에 동참해달라' [뉴시스Pic]",Politics
"찐윤 서정욱 ""대구 사람들 지금은 홧김, 투표장 가면 국힘 본능""",Politics
"구윤철 ""자동차 5부제 단계 시행""…이 대통령 ""공영주차장 제약 검토""",Politics
이진숙 “컷오프 재심 청구…대구시장外 다른 선택지 고려안해”,Politics
"이 대통령 ""중동전쟁 비상대응체계 선제 가동…정유사 기름값 담합 일벌백계""(종합)",Politics
"李 대통령, 전시 추경 ""빚 내는 것 아닌 초과 세수"" 강조",Politics
'대구 컷오프' 내홍 국힘…경기 등 험지 논의는 제자리,Politics
이진숙 “대구시장 말고는 생각 없어”… 경선 컷오프 취소 요구,Politics
"'부동산 정책 강공' 이 대통령 ""0.1%의 물샐 틈 없이...결국 부동산은 심리전""",Politics
"李대통령 ""중동 장기화 선제적 비상대응…추경 빨라야 효과""(종합2보)",Politics
"이진숙 ""공천배제 결정 취소 요청…대구시장 外 다른 생각 한 적 없어""",Politics
"미국엔 신중, 한국엔 '무조건적 분노'…노선 전환 없는 北의 평행선 외교",Politics
"이진숙 ""컷오프 취소 촉구""…보궐 출마엔 ""요청 오면 생각""",Politics
“이기려는 공천 맞나”… 주호영 빠지고 추경호 남았다,Politics
"이준석 “오세훈과 연대 검토 안 해… 장동혁 공천, 아주 안 좋은 결과 나올 것”",Politics
"고성국 ""이진숙 경기지사""…서정욱 ""대선주자 길"" vs 김종혁 ""장난치나""",Politics
"서울교통공사 사장 후보에 ""오 시장 알박기"" vs ""중립적 인사""",Politics
"李대통령 “부동산 투기 방치하면 나라 망해…저항 이겨내지 못하면 이 정부의 미래도, 이 나라의 미래도 없어”",Politics
‘15:1’ 승리 자신감… 민주당 “경선 이기면 당선”,Politics
무소속 출마하면 ‘배신자 비판’ 부담…‘탈당설’ 이진숙 “컷오프 취소해달라”,Politics
"김정은 ""韓, 가장 적대국으로 공인…우리 건드리면 무자비한 대가""(종합)",Politics
"이준석 ""오세훈과 연대 없다""…국힘 공천, 안 좋은 결과 예상""",Politics
與 오늘 서울시장 3인 압축…野 컷오프 내홍 계속,Politics
"박지원 ""6월 3일 밤, 장동혁·국힘은 역사 속으로 사라질 것""",Politics
與 전남광주특별시장 '합종연횡' 본격화…본경선 판도 변하나,Politics
북한 김정은 ‘한반도 알파독(Alpha Dog)’ 선언했다…“건드리면 끝”,Politics
"구윤철 ""차 5부제 단계 시행""…이 대통령 ""공영주차장 제약 검토""",Politics
“정치적 고려 필요없어”… 결국 부동산 ‘세제 카드’ 지시한 李,Politics
‘신전떡볶이’ 10억 과징금에…李 “최대치 부과한 거겠죠?”,Politics
"부동산 정책 논의서 '다주택 공직자' 배제…안철수 ""공무원은?""",Politics
"李대통령 “물샐 틈없이 준비”… 집값, 稅로 잡는다",Politics
"민주, 생활밀착형 공약 발표...국힘 컷오프 내홍",Politics
"친한계, 주-한 연대 띄우자…주호영 “모든 가능성 열어두겠다”",Politics
"구윤철 ""車5부제 단계 시행""…李대통령 ""공영주차장 제약 검토""",Politics
'12.3 계엄 연루' 전현직 고위장교 7명 징계취소소송 제기,Politics
싱가포르의 놀라운 총선 결과... 우리도 '30년 잔혹사' 끝내자 [이봉렬 in 싱가포르],Politics
"군위군, ‘군위 溫돌’ 통합돌봄…“살던 곳에서 끝까지 돌본다”",Social
‘北무인기’ 관련 국정원 직원·군인 등 3인 검찰 송치,Social
"조정훈 ""강제 회비·공천 개입 없었다""…공천헌금 의혹 반박",Social
“애 둘 기저귀 때문에 매일 1장 쓰는데”… 정부 “일반 봉투 허용 검토”,Social
퇴근때 음료 3잔 가져간 알바 檢송치… “폐기할 음료” “그래도 돈 내야” 공방,Social
"AI '가짜 판례'에…법원TF ""소송비용 부담·징계 요청 제안""",Social
"2일부터 약물 운전 처벌 강화…경찰, 두 달간 특별 단속",Social
"평가원, 2027학년도 수능 안내자료 홈페이지에 공개",Social
이혼소송 중 아내 살해한 뒤 시신 버리려 한 60대 검거,Social
"강서구, '2026 한국 비즈니스 엑스포' 개최…75개국 바이어 집결",Social
“약속 파기” vs “사실무근”…도성훈 3선 앞두고 진실 공방,Social
"""키워주신 할머니, 요양병원 모시면 천벌 받을까"" 손주 간병 고민",Social
[에듀플러스][2027 대입 집중 분석]⑥올해도 늘어나는 첨단학과…“서울 주요 대학 'AI·반도체 인재' 선발 늘린다”,Social
"‘장기기증’ 故 김창민 감독, 알고보니 폭행 당해 뇌출혈로 숨져",Social
"국힘 ""여직원과 칸쿤 출장""…정원오 ""실무 담당자, 단순 오기""",Social
국민의힘 대구 달서구청장 후보로 김용판 전 의원 확정,Social
"쓰는 앱만 봐도 세대가 보인다…“10대는 공부, 50대는 쇼핑”",Social
"성동구, 정원오 칸쿤 출장 의혹에 ""정상적 행정 절차""",Social
"한화오션, 창원서 ‘K해양방산’ 이끌 ‘비밀무기’ 공개한다",Social
"김영록 “단일화 존중…통합특별시, 갈등 아닌 공동정부로 이끌 것” [6·3의 선택]",Social
"종합특검, ""尹, 군형법상 반란"" 고발한 김경호 변호사 소환조사",Social
“39.8도까지 올랐는데도 출근”...숨진 유치원 교사의 마지막 메시지,Social
백종원 “억지 민원·고발로 잃어버린 1년…오너리스크 사라질 것”,Social
증권범죄 양형기준 상향…감형 노린 '기습 공탁' 기준도 수정,Social
"'폐기 음료' 3잔 가져간 카페 알바, 업무상 횡령?…법조계 ""평소 폐기 처리 방식 등 살펴봐야""",Social
"""공무원에 선거운동 시켜""...최윤홍 전 부산 부교육감 징역형 집유",Social
"'마약왕' 박왕열, 들킨 마약만 30억... 은닉 재산 어디에 숨겼나",Social
"""운전해보고 싶어서""…훔친 K5로 경찰차 들이받고 도주 10대 구속",Social
"[속보] 아들이 ""부모님과 연락두절"" 신고…알고보니 아빠가 엄마 살해 후 시신 유기 시도",Social
"전자신문 구성원들 ""정상적 근무환경 유지 어렵다"" 집단 반발",Social
"검찰, 주유소서 새치기 시비하다 흉기 꺼낸 남성 구속영장 반려",Social
휴가 중 '군인 정신' 빛났다…택시기사 폭행범 끝까지 쫓은 육군 일병,Social
"'3.11 쇼크'에 무너졌던 수능 난이도, 올해는 다를까",Social
"70억 들인 명정천, 쓰레기로 주민 '눈살'…1주일째 방치",Social
“94세 맞나” 풍성한 머리에 탄력 피부…‘최강 동안’ 이길여 총장 화제,Social
'2조 빌트인 입찰 담합' 가구업체 유죄 확정…최양하 전 한샘 회장 무죄,Social
"[6·3충북]여야 기초단체장, 광역·기초의원 후보 윤곽(종합)",Social
"경기도교육감 진보후보 단일화 절차 중단...유은혜 ""안민석, 단일화 파행 시도 멈춰야""",Social
못 박힌 판자 누워 망치 '쾅쾅'...김정은 활짝 웃게 한 북한 '특수부대원',Social
음료 3잔에 피소된 20대 카페 알바생…과거 전력 작용했나,Social
의사되려는 N수생 올해 몰린다…올해 수능 난이도 조절 어려운 이유 [세상&],Social
"조합원에게 ""XX놈"" 욕한 순정축협 간부…노조 ""수사해야""",Social
내달 6일 공공기관 5부제→‘2부제’로 강화 검토,Social
"""팔수록 적자""...고유가에 배달 포기 '석유집'",Social
"정부, 내달 6일 공공기관 5부제→'홀짝제'로 강화 검토",Social
"최고가격제에도 오름세…화물차주 ""한달에 100만원 더 들어""",Social
“동네에 피부과 이렇게 많은데?” 알고보니…10곳 중 9곳 ‘전문의’ 아니다,Social
‘음료 3잔 마신 알바생’ 고소 사건에 ‘더본코리아’ 입장은?,Social
"학원차 내려 길 건너던 9살, 아파트 단지서 SUV에 치여 사망",Social
"어제 입사, 오늘 출산한 직원에 1억 줬을까…부영그룹 회장 대답은?",Social
[이시각헤드라인] 3월 31일 뉴스현장,Social
[속보] 해병대원이 생활관서 후임 뒤에서 껴안고 강제추행…선고유예 선처,Social
'내란특검 기소 첫 상고심' 노상원 사건 배당…주심 박영재,Social
눈치껏 비켜라? 시민과 부딪힌 러닝 크루 발언에 누리꾼 '부글부글',Social
'10조 전분당 담합' 대상·사조CPK 경영진 구속 심사 출석,Social
“값싼 식당 한눈에”…30대 청년이 만든 ‘거지맵’을 아시나요,Social
인권위원장 “소년 범죄 흉포화 과장”···촉법소년 연령 하향 반대 성명,Social
1인당 10만∼60만원 '고유가 지원금'…소득 하위 70% 대상,Social
"""내 차 비싼거야""…'차부심'이 나쁜 운전 매너의 원인?",Social
"고유가 피해지원금 10만~60만원 지급…정부, 9.5조 추경 편성",Social
대규모 주가 조작 시 최대 무기징역…‘기습 공탁’ 감형은 제한,Social
김용판 전 의원 국힘 대구 달서구청장 후보 확정,Social
합천 가면 여행비 절반 페이백…‘반값여행’ 4월 시행,Social
'나이롱·허위청구' 판친다…보험사기 '역대 최다',Social
"‘금메달+병역면제’ 프로게이머 룰러, 탈세 추징 논란",Social
"낮에는 꽃길, 밤에는 미디어아트…안동 벚꽃축제 ‘24시간이 모자라’",Social
“쓰레기 봉투보다 포장재 대란이 더 큰 문제”…직격탄 맞은 자영업자들,Social
"중국서 되찾은 피싱 피해금 2400만원…국경 넘은 추적, 첫 환수",Social
"10만원 안 갚았다고…길거리서 지인 흉기로 찌른 50대, 징역 10년",Social
"인천 경인아라뱃길서 남성 추정 시신 발견…""신원 파악 중""",Social
‘장애아동 폭행’ 아산 태권도 관장 1심서 법정구속,Social
"이태원 특조위, 내일 윤석열·김광호 고발",Social
"각계 100인 ""AI시대 교육정책 대전환, 이 대통령 결단해야""",Social
"지역의료 문제 해결한다는 1.1조, 대형병원 운영비 안 되려면",Social
"KAI, 국민 50명 선정 이름·메시지 우주로 쏘아올린다",Social
"한미약품, '외부출신' CEO 첫 선임…""R&D 극대화 할 것""(종합)",Social
"군산시, 쓰레기봉투 수요 급증에 일반 비닐봉투 배출 허용",Social
"민주당 경북도당 ""문경관광공사 국힘 입당 강제동원 사건, 배후까지 밝혀라""",Social
"홍서범·조갑경 사과에 전 며느리 ""부모 잘못? 방관했잖아요""",Social
"조갑경, 아들 불륜→양육비 논란 속 예능 토크쇼 출연…시청자 반응은 '싸늘' [프레스룸 뉴스라이브]",Social
[속보]이혼 소송 중이던 아내 살해 뒤 유기 시도 60대…아들 신고로 체포,Social
'北 침투 무인기' 관여 국정원 직원·현역 군인 불구속 송치,Social
"이혁재 ""언론 비판, 두렵지 않다"" / 명현만, 중학생 흡연 훈계했다가… / 제복 입고 국밥집 찾은 참전용사 [프레스룸 뉴스라이브]",Social
"김문희 평가원장 ""수능 영어 1등급 비율 꼼꼼히 살피겠다""",Social
'엎친 데 덮친 격' 나프타 수급 비상 속 종량제 봉투 품귀 현상에 이어 치솟는 도매가 [프레스룸 경제라이브],Social
"""장기 성장전략 연속성 확보""…루닛, 백승욱 의장 중임",Social
해수부 선정 4월의 수산물은 ‘가자미’ ‘홍어’,Social
"‘신발 폭행’ 순정축협, 법인 과태료 직원 전가 논란···노조 “2차 가해”",Social
"인권위 ""촉법소년 연령 하향, 재범 위험 키울 수 있어…신중해야""",Social
"울산 아파트서 학원차에서 내린 초등생, SUV에 치여 숨져",Social
"GTX-B 본사, 인천 송도에 건립…열차 운행 총괄",Social
"'벚꽃, 오늘이 제일 예쁜 날' 안동시, 낙동강변서 벚꽃축제",Social
‘이혼 소송’ 아내 살해 후 시신 유기 시도한 60대男… 아들 신고로 체포,Social
'티웨이항공→트리니티항공' 사명 변경 확정,Social
실시간 트렌드로 본 경기지사 경선…1위 포함 10위권 내 5개,Social
한양여대 두 차례 불 지른 20대 구속영장 방침,Social
"美 반환 공여지 첨단산업 키운다…의정부시, 대웅그룹과 바이오 클러스터 조성",Social
"“복권? 확률상 불가능해”라던 수학강사, 1등 5억 당첨…친구들과 나눠 갖는다",Social
"‘허위 공문서 작성 혐의’ 대구 중구의원 2명, 항소심 기각",Social
[분노의 회계사]① “100시간 일해도 기록 못해 ”… 회계사 울리는 ‘타임이팅’,Social
"광역의원 해외출장 비용 128억…3년 6개월 사이 7회 이상 61명""",Social
나는 얼마 받을까?…1인당 최대 60만원 고유가 피해 지원금 준다,Social
울산대교 및 접속도로 통행료 1년 더 동결,Social
‘국힘 입당 강요’ 문경관광공사 간부 수사의뢰…민주당 “몸통과 배후 밝혀라”,Social
"평가원 ""올해 수능, 적정 난이도가 대원칙…1등급 비율도 살펴볼 것""[일문일답]",Social
"""팔수록 손해""...고유가에 멈춘 '석유집'",Social
"""반바지라고 해서 샀더니 속바지""…당근서 벌어진 일",Social
"""오세훈 시장의 한강버스 사업, 감사원 보고서는 빙산의 일각""",Social
[6·3세종]김수현 삭발 투쟁…행정수도 완성 법안 지연 비판,Social
"성남시, 중동사태 '국가재난 선포' 건의...모든 가구에 10만원 지급 준비",Social
"""너무 아파, 눈물 나""… '39.8도 고열 출근' 유치원 교사의 생전 마지막 말",Social
'내란 특검 첫 상고심' 노상원 사건 주심에 박영재 대법관 배당,Social
"올해 수능 11월 19일, 불수능 오명 피할까…""적정 난이도 확보""",Social
"기후부, ‘재생에너지 중심’ 5245억 추경 편성",Social
"판사에 제출된 판례·증거, AI가 만든 가짜였다…법원, 소송비용 독박, 변호사 징계 의뢰 방안 제시 [세상&]",Social
"국민 70%에 고유가 지원금…수도권 10만원, 비수도권 15만원",Social
영남 산불 1년 후 달라진 것?…산불 대응 국가 모든 역량 총동원,Social
"""건들면 끝까지 간다""…정진욱 의원, SNS에 저격성 '섬뜩 글' 파장",Social
"김석기 창원시장 예비후보 ""NC다이노스 연고지 이전, 꼭 막겠다""",Social
"""돈 뜯어내는 거 하루이틀 아냐""…민주 텃밭 전북서 불거진 선거판 '돈' 이야기",Social
"한화오션, 미래 K-해양방산 이끌 주력 함정 선보인다",Social
"불영어에 새로 온 평가원장 ""수능 적정난이도"" 수차례 강조",Social
"재난·안전 공무원, '특별승진' 확대…근속승진 1~2년 단축",Social
"기후부, 추경 5245억 편성…재생에너지·취약계층 지원 '방점'",Social
울산 한 아파트에서 초등학생 SUV승용차 치여 숨져,Social
"'가상 무속인' 내세워 수십억 뜯은 부부…""돈 받았지만 기망·협박 없었다""",Social
6월 모의평가 6월4일 시행…원서 접수 4월6일부터,Social
[26조 전쟁 추경안] 농식품부 예산 2600억 반영…“영농철 맞아 대폭 확충해야”,Social
"“尹 군형법상 반란수괴·조희대 내란 가담"" 김경호 변호사 2차 특검 고발인 조사",Social
화성 아리셀 인근 화학공장 화재…인명 피해 없어(종합),Social
"오준환, 컷오프 단식 6일째 중단…“분노 아닌 고양시 미래 선택”",Social
"경기도, 평택 포승지구 개발계획 변경…유치 업종 5→8개 확대",Social
"'청년취업'에 3866억 투입…노동부, 추경 5386억 편성",Social
[2026 추경] '쉬었음' 청년 노동시장 복귀·청년 창업에 1.9조원,Social
'반헌법행위자열전' 발간…이승만·양승태·김기춘 등 지목(종합),Social
"[천안 24시] 천안시, 삼성전자 협력사 대상 'K-반도체 거점' 세일즈",Social
"184m 높이서 짜릿 체험…""세계적 관광 명소로 키운다""",Social
영국 왕실 200년 역사가 한자리에…장생포특별전 개막,Social
"지난번은 '불수능'이었는데 올해는?…평가원 ""적정 난이도 확보""",Social
"이태원 특조위, '청문회 불출석' 윤석열 고발장 내일 제출",Social
"“병명 아는 데만 9년”...정부, 희귀질환 진단지원 확대한다",Social
"""'불영어' 없도록 절대평가 취지 맞게 출제…사교육 관련 출제진 배제""",Social
싼 맛에 몰려왔는데 꽉 닫힌 지갑 왜…'돌파구' 고심,Social
화성 서신면 화학공장서 불…화학물질 유출은 없어,Social
"편마비 앓던 80대, 요양원 침대서 낙상 이후 숨져…경찰 수사 착수",Social
"시세조종시 최대 무기징역 가능…법원, '몰래 공탁'에도 제동",Social
"검찰, 캄보디아 유인 '하데스 카페' 송금책 징역 3년 구형",Social
"군경합동조사TF, '무인기 관여' 국정원 직원·현역 군인 등 3명 송치",Social
“공대생들 벚꽃 보고 오세요!”…1만 ‘좋아요’ 부른 낭만 과제,Social
올해 수능 11월 19일 실시…“EBS 연계 체감율 높일 것”,Social
종량제 대신 일반 봉투 쓸 수 있나…기후부 검토 나섰다,Social
‘북 무인기 관여’ 군인 등 3명 불구속 송치,Social
"국민의힘, 대구 달서구청장 후보 김용판 확정",Social
"조용식 울산교육감 후보 ""음주운전…잘못된 일, 반성의 기준점""",Social
'싼 주유소'에 몰린 대기줄‥새치기 했다며 '흉기',Social
"“당비 대납까지 제안”…문경 공기업 간부 2명, 입당·당원모집 강요 의혹 수사 의뢰",Social
"""방산은 생존과 직결된 산업... 휴전국 대한민국의 현실""",Social
차량 운행제한 강화되나…'5부제→홀짝제' 전환 검토,Social
"파주시, 종량제봉투 공급 안정화 대책 추진...가격 인상 계획 없어",Social
"""강원 경제청사 원주로""…구자열 예비후보 공약 발표",Social
"정부, 울산 석유 90만 배럴 北 유입설에 “가짜 뉴스, 엄정 대응”",Social
산책하던 시민 치고 간 러닝 크루…항의하자 “운동하는 사람들 안 보여?” 되레 큰소리,Social
울산 아파트 단지서 초등생 SUV에 치여 숨져,Social
"""경기지사 왜?"" 김·한 집중공세…추미애 ""좀 알려달라"" 준비성 '도마'",Social
"아내 살해 후 시신 유기하려던 60대 남성…""부모님 연락두절"" 아들 신고에 '덜미'",Social
"김두겸 울산시장, 지방선거 등판 미뤄…""민생안정 먼저""",Social
"올해 수능 11월 19일…평가원장 ""적정 난이도 안정적 출제""(종합)",Social
"중국서 되찾은 보이스피싱 피해금 2400만 원···강원경찰, 중국 형사판결 토대로 전액 환수",Social
"올해 수능 11월19일, 불수능 오명 피할까…""적정 난이도 확보""(종합)",Social
"70대 고령 투자자에 사모펀드 불완전판매...법원, '전액 배상' 판결",Social
“왜 끼어들어” 고유가 속 주유소 새치기 시비 끝에 ‘흉기’,Social
"2만 명이 지켜낸 700일, 세종보 천막농성이 남긴 선물",Social
"'가짜 무속인' 내세워 87억 갈취…""돈 받았지만 협박 아냐""",Social
피부과 가기 전 간판 확인 필수…10곳 중 9곳 ‘비전문의’,Social
"""비슬산 참꽃 보러 오세요""…서른 돌 맞은 달성 '비슬산 참꽃문화제' 17일 개막",Social
즐거운밥상 천안시 계약해지 재검토 탄원 쇄도,Social
[12뉴스] 오늘의 주요뉴스,Social
"일상 위협하는 '약물 운전'…경찰, 4월 처벌 강화 맞아 특별단속",Social
‘산재와의 전쟁’ 선포에도 2025년 산재사망자 2.7% 늘어난 605명…첫 증가 전환,Social
"‘선거에 공무원 동원’ 최윤홍 전 부산 부교육감, 1심서 집유",Social
"6월 모의평가, 오는 6월 4일 실시…'난이도 조절 실패' 오명 벗을까",Social
"한화오션, 이순신방위산업전서 차세대 구축함·잠수함 구조함 공개",Social
‘산재와의 전쟁’ 선포에도…사업주 과실로 숨진 노동자 16명 더 늘어,Social
"대법, 한샘 등 ‘입찰 담합’ 가구업체들 벌금형 확정",Social
"4월부터 ‘약물운전’ 특별단속…직선 보행, 한 발 서기 확인한다",Social
직업계고서 학점 따고 전문대 졸업 앞당긴다,Social
"인권위, 촉법소년 연령 하향 '신중론' …""재범 증가 부작용 사례도""",Social
‘산재와의 전쟁’ 선포에도 산재 사망 600명 넘겨…소규모 사업장서 증가,Social
"우리 아이 먹는 항생제, 정말 안전할까? 3분의 1이 ‘부적절 처방’",Social
"""알바 갔다올게"" 아내의 외도…가정폭력 누명까지 씌워",Social
"최양하 전 한샘 회장, ‘가구 2조 입찰 담합’ 무죄 확정… 임직원은 유죄",Social
제조업 두 달 연속 '플러스'… 2월 사업체 고용 17만 명 증가,Social
"지난해 운수·창고·통신업, 산재사망 건설업 이어 2위 됐다",Social
"'산재 사망' 경기도는 급감, 경북은 급증…왜일까?",Social
추락사고로 10명 중 4명 사망…소규모 건설현장 '안전 열악',Social
재생에너지 풍년이면 뭐하나…유통망이 없는데 [지금은 기후위기],Social
촉법소년 연령 하향 논의에… 인권위원장 “매우 신중해야”,Social
"‘2조원대 빌트인 담합 사건’ 최양하 전 한샘 회장 무죄 확정, 임직원은 전원 유죄",Social
‘2조3000억 빌트인 가구 담합’ 한샘 등 8개 가구업체 유죄 확정,Social
'산재 전쟁' 초라한 첫 성적표…지난해 산재사망 605명 2.7%↑,Social
"경찰, 약물운전 특별단속…“현장서 한 발 서기 테스트”",Social
"""몸 관리 못 해 죄송해요""…눈물 나는 사망 전 메시지 [포크뉴스]",Social
"권순기 경남교육감 예비후보 ""보수 단일화 신중히 결정""",Social
대규모 주가조작 '최대 징역 19년'…증권범죄 양형기준 상향,Social
지난해 산재 사망자 처음으로 증가…대형 사고·영세 사업장 산재 여파,Social
'2조 담합' 가구업체들 유죄 확정…한샘 최양하 前회장은 무죄,Social
작년 산재 유족급여승인 872명…1만명당 사망 3년 연속 '0.3대',Social
3년 만에 늘어난 산재사망…영세사업장 ‘안전사각’,Social
카드 배송원 전화부터 사기였다... 130억 뜯은 보이스 피싱 조직,Social
지난해 산재 사고사망 전년 比 45명 증가…5인 미만 영세업장 취약성↑,Social
아들 앞에서 폭행당해 뇌사…영화감독 숨졌는데 가해자는 풀려났다,Social
재택 중증소아환자 요양비 지원 확대…비급여가격 한눈에 비교,Social
"[단독]특검 ""수사2단, 선관위 강제수사 계획…비상계엄에서도 허용 안돼""",Social
포르쉐 추락·중앙선 침범 '약물운전'…4월 2일부터 첫 특별단속,Social
"‘반포대교 추락’ 등 연이은 약물운전 사고에…경찰, 특별단속 “현장서 직접 측정”",Social
"'산재와의 전쟁' 선포했지만...고속도로 붕괴, 화력발전소 붕괴까지, 산재 사망 3년 만에 증가세",Social
"인권위원장 ""촉법소년 연령 하향 신중해야…보호받을 인격체""",Social
지난해 산재 사망 605명…통계 작성 3년 만에 첫 증가세,Social
고용시장 훈풍 속 건설업종사자 21개월째 감소…노동 이동 활발,Social
'2조 입찰담합' 가구업체·임직원 유죄 확정…최양하 前한샘 회장 무죄,Social
"'약물운전 의심' 운전자, 한발서기·간이시약 검사…내달 2일부터 특별단속",Social
"""측정 거부도 처벌""…경찰, 2개월간 약물운전 특별단속",Social
9년간 783곳 신축 아파트서 담합…한샘 등 7개 가구업체 유죄 확정,Social
"한샘·에넥스·우아미 등 '2조원대 담합' 가구업체 7곳, 벌금형 확정",Social
"""과태료 직원에 떠넘기나"" 전북 노동계, 순정축협 상대 고소장",Social
"“복권 당첨? 확률상 불가능”…‘1등 5억 당첨’된 수학강사, 친구 2명과 나눈다",Social
장기기증 故김창민 감독… 알고보니 폭행 당해 뇌사,Social
"""이번에도 또 가르나?""…'법정동VS행정동' 포항 장량동 한 동네 가르는 선거구 불편 호소",Social
‘경기도 법카유용 혐의’ 전 비서실장 “지방선거 이후 재판해달라”,Social
"제주도의회 46명중 30명, 3년간 7회이상 해외출장",Social
"‘4명에 장기기증’ 故김창민 감독, 알고보니 폭행당해 뇌출혈 사망",Social
고령 농촌에 수십억 스마트방송… 사용법 어려워 먹통,Social
‘불영어’ 논란 교육부… “2027학년도 수능 적정 난이도로 출제”,Social
"올수능 11월 19일, 불수능 논란 관건…""적정 난이도 출제""(종합)",Social
"서울시, 2031년까지 공공주택 13만 가구 공급",Social
'북한 무인기' 국정원 직원·군인 송치…이적죄 방조,Social
선 넘은 ‘대학 구내식당’…“만원으로 한끼 먹기 버거워” ..런치플레이션 비상,Social
‘교육자치법 위반’ 최윤홍 전 부산교육청 부교육감 징역 10월에 집유 2년 선고,Social
‘北 무인기 침투’ 방조한 국정원·군인 등 3명 송치…79일 TF 활동 종료,Social
"""연세대에 감사""…순금 2.3㎏ 팔아 4억 7천만 원 익명 기부",Social
제주 재방문 늘었는데 지갑은 닫았다…1인당 3만694원 덜 써,Social
국밥 한 그릇 대접했더니… 제복 입고 다시 찾아온 '월남전 참전 용사',Social
‘공탁금 내면 형량 감경’ 7월부터 없어진다,Social
"국민의힘 충북도당, 충주시장·음성군수 후보 경선 '확정'",Social
"김정호 ""김해복합스포츠 사업 5억 횡령 의혹 몸통 밝혀라""",Social
"""가급적 아저씨라고 불러주면 ^^;""…아직은 '아저씨' 호칭이 좋은 대통령? [아침&매일경제]",Social
"""비방 지나쳐"" ""토론 불참 왜?"" 민주당 화순군수 경선 공방 과열",Social
"""집중력 높이려고""…배트로 중학생 선수 때린 야구클럽 감독",Social
‘호르무즈 해협 고립’ 목포해양대 실습생 2명 귀국…2명은 잔류,Social
"국힘, 대구 달서구청장 후보 김용판 확정",Social
'입식 최강' 190cm 헤비급 격투 선수도 중2 담배 훈계했다가 봉변 [아침&매일경제],Social
"올해 수능 11월 19일…평가원 ""안정적 출제 난이도 유지할 것""",Social
"성남시장 ""국가재난 선포되면 전 가구 지원금 지급""",Social
"[라이프]""인구소멸지역을 관광으로 활기차게""",Social
AI가 지어낸 ‘가짜 판례’ 법원에 내면 소송비용 전액 부담·변호사 징계,Social
'전분·당류 담합 의혹' 대상·사조 대표 등 구속 기로,Social
공동투자 ‘광역자원순환센터’ 마포-은평 소유권 분쟁 왜?,Social
"[6·3대전]맹수석 ""그들만의 해프닝, 단일화 논의 다시 시작""",Social
"공공기관 5부제 더 강화되나…정부, '홀짝제' 전환 검토",Social
민형배·주철현 단일화 임박…민주당 특별시장 경선 '2차 변수' 부상,Social
“교도소가 우리 집보다 좋다”… 온라인 달군 화성여자교도소 도면안 어떻길래,Social
"코어라인소프트, 獨기업과 'AI기반 폐암검진' 확산 협력",Social
"태국 마약 밀수 조직 총책 전직 프로야구선수 ""혐의 부인""",Social
"한미약품, 황상연 이사 선임…'첫 외부 영입 대표' 수순",Social
전국서 모인 강태공 예당호서 손맛 '만끽',Social
평소 5배…‘종량제 봉투’ 하루 270만장 팔렸다,Social
‘배부름현상’ 대전 천변고속화도로 옹벽 긴급 보수…한달간 통제,Social
"검찰, 캄보디아 유인 범죄온상 '하데스 카페' 송금책 실형 구형",Social
"빗속에서 꺼낸 김부겸의 출사표…대구 사투리로 ""저를 한 번 써 보이소"" [아침&매일경제]",Social
"올해 수능 11월 19일, 평가원 “킬러문항 배제·적절 변별” 약속",Social
"""교수 2명에게 갑질 피해""…유서 남긴 전남대 대학원생 산재 인정",Social
"김수현 ""지체된 정의에 분노"" 삭발…행정수도특별법 제정 촉구",Social
"민주당 시장 후보들, ""원팀"" 단일대오…""경선 결과 승복""[6·3창원]",Social
'직원 이용 선거운동' 최윤홍 전 부산시교육청 부감 피선거권 박탈형,Social
"'빨간 점퍼' 없이 대구시장 출마하려는 이진숙…""컷오프돼도 제가 후보입니다"" [아침&매일경제]",Social
한 달 넘은 이란 전쟁...정유·석유화학 업계 감산,Social
'보복 대행' 악용된 개인정보…거세지는 유출사 책임론,Social
악질 경제 범죄 늘었다…정식 재판 넘겨진 ‘경제사범’ 2년 연속 1만명 넘었다 [세상&],Social
음료 3잔이 550만 원 됐다… 카페 알바 사건은 업무상 횡령?,Social
기습 통제에 주차장으로 변한 대전도심 출근길…시민 불편 극심,Social
3·1절 위에 후지산·오사카성?…춘천 금융기관 달력 디자인 논란,Social
'10조원대 전분당 담합 의혹' 대상·사조CPK 경영진 구속 갈림길,Social
"이란은 '상어밥' 될 준비 하라는데…트럼프 ""협상 극도로 잘하고 있다"" [아침&매일경제]",Social
"갈길 먼 성평등…여성, 남성보다 가사노동에 시간 2.8배 더 쓴다",Social
"군경TF, '北무인기 관여' 국정원 직원·군인 등 3명 검찰 송치",Social
필로폰 투약 후 무면허 역주행까지…출동 경찰관도 폭행한 50대男,Social
"북한판 '독거미 부대' 여군 특수부대 참관한 김정은, 이유는? [아침&매일경제]",Social
"‘쉬었음 청년’은 철이 없다?... SNL 또 논란, “청년 조롱 멈추고 사회 풍자 보여달라”",Social
판매량 5배 '점프'했다…종량제 봉투 수급 전쟁 중인 이 지역,Social
대규모 주가조작 최대 '무기징역'…자금세탁 양형 기준 신설,Social
이번 주말 강원도로 벚꽃 나들이 떠날까,Social
공군도 이제 '뺑뺑이'로…다음 달 첫 시행,Social
"'창동민자역사' 22년만에 준공…""도봉구 미래발전 새 출발점""",Social
"수도권광역급행철도 GTX-B 본사, 인천 송도에…열차 운행 총괄",Social
[이시각헤드라인] 3월 31일 뉴스센터,Social
화성 만세구 화학공장서 불…10명 대피·화학물질 유출 없어,Social
"대통령도 ""잠이 안 오는"" 에너지 문제…여야 대표들도 지하철·버스 타고 출근 [아침&매일경제]",Social
"'금은방 강도살인' 김성호, 1심 무기징역 불복해 항소",Social
학원 차 내려서 길 건너다... 아파트 단지서 초등생 SUV에 치여 숨져,Social
“확률상 불가능” 복권 안 믿던 수학 강사 5억 당첨… “친구와 나눌 것”,Social
"전북 군산, 생활쓰레기 ‘일반 비닐봉투’ 배출 허용",Social
"[동네톡톡] “선거운동이냐, 현역 프리미엄이냐… 단체장들 ‘출마 타이밍’ 고심",Social
2026년 3월 31일 매일경제 1면…중동 전황 따라 요동친 금융시장 [아침&매일경제],Social
"KTX 개통 22년…누적 이용객 12억 명 돌파, '국민의 발' 굳혔다",Social
수능 ‘불영어’에…신임 평가원장 “영어 1등급 비율 챙기겠다”,Social
김건희 항소심 방조·공소시효 변수…명태균 '계약서' 새 증언도,Social
"'전분당 담합 의혹' 대상·사조CPK 경영진, 구속 갈림길",Social
"교육자치법 위반 최윤홍 전 부산 부교육감, 징역 10개월 집유",Social
11억 조용히 기부했는데…12억 들여 '얼굴 없는 천사' 기념관 짓는다?,Social
"""윤, 군형법상 반란수괴"" 고발한 김경호 변호사 종합특검 참고인 출석",Social
北 무인기 침투 도운 국정원 직원 1명·현역 군인 2명 검찰 송치,Social
"""왜 돈 안 빌려줘""…지인 차량에 불지른 50대 남성",Social
"'가짜 AI 법령·판례' 제출하면…""소송비용 독박 쓰고 과태료 낸다""",Social
"“신호 없이 직진”…부산역 인근 교통 숨통 트인다, 충장지하차도 오늘 개통",Social
여고 수업 중 성희롱성 발언한 교사...경찰 수사,Social
'5개 대학 한 울타리'…세종공동캠퍼스 융합교육 본격화,Social
"경남교육감동교육자회의, 권순기 경남교육감 예비후보 지지",Social
"“94세 실화? 이길 여자 없다”… 이길여 가천대 총장, 동안 외모 화제",Social
"성남시 ""정부가 국가재난 선포하면 모든 가구에 10만원씩 지원""",Social
"군산시, 종량제봉투 품귀에 '일반봉투 한시적 허용'…""시민불편 해소""",Social
K5 훔쳐 무면허로 몰다 경찰차 들이받은 16세男,Social
"경남도, 88조 규모 글로벌 함정 MRO 시장 공략 시동",Social
지난 11월 숨진 故 김창민 감독...사인은 '폭행 사망',Social
"""교도소가 호텔이냐""…법무부 ""아니다"" 해명에도 와글와글 [포크뉴스]",Social
"경찰, '공천헌금 의혹' 국민의힘 조정훈 입건 전 조사",Social
지역과 지역 잇는 소형 항공기시대 개막,Social
"""형량 무거워""…'금은방 여주인 살해' 무기징역 김성호, 항소",Social
"22살 생일 맞은 KTX, 누적 이용객 12억 3000만 명 돌파",Social
이혼소송 중 아내 살해하고 야산에 유기하려던 60대 男 체포,Social
"""94세 맞아요?""…이길여 총장 '최강 동안' 놀라운 근황",Social
'공무원 선거동원'…최윤홍 전 부산교육청 부교육감 집유,Social
"10억 짜리 서울 집, 2억만 내면 나머진 20년간 분할상환한다",Social
'마약왕' 박왕열 은닉 재산 어디에?…변호사 선임도 거부,Social
"법원행정처, AI ‘유령 판례’ 인용시 과태료 부과 방안 검토",Social
"""환불 요청했더니 연락 두절""…필라테스 폐업 사기 확산",Social
"전주시 ""종량제봉투 충분""…내일부터 일반 비닐 배출 중단",Social
민주당 김제시장 경선 4인 확정…14개 시군 경선 대진표 '최종 완성',Social
김왕규 강원도의원 국민의힘 탈당…양구군수 무소속 출마,Social
[더세종] 5개 대학 8백여명 '한울타리'... 국내 최초 '공유형 캠퍼스' 모델,Social
국민의힘 충북 광역의원 17곳 단수추천…비례엔 이재화,Social
김왕규 도의원 국민의힘 탈당…“양구군수 무소속 출마”,Social
"파주시, 종량제봉투 공급 안정화 대책 추진…""가격 인상 계획 없어""",Social
'호르무즈 해협 고립' 목포해양대 실습생 2명 무사 귀국,Social
"의정부시, 대웅그룹과 손잡고 캠프 잭슨에 바이오 거점 조성",Social
차량 5부제보다 강한 조치 나올까…상황 지켜보겠단 산업장관,Social
"AI가 알려준 판례가 가짜라고?…""확인 않고 인용시 소송비용 부담""",Social
'함앵커TV' 유튜브 채널 개국…<프레시안>전북본부와 협업 '프레시함 정치토크' 선봬,Social
이혼 소송 중인 아내 살해하고 시신 여행용 가방에 넣어 야산에 유기하려한 60대 검거,Social
"“내 이상형” 30대 女 사장 ‘찰칵찰칵’ 50대 男 손님, ‘처벌 어렵다’ 왜?",Social
정원오 후보 10박12일 멕시코 출장...성동구 “공식 초청·정상 절차 인사와 무관”,Social
"국정원은 '개인 일탈', 군인은 '영상 평가'… 북한 무인기 관련 3명 검찰 송치",Social
"거제 한화오션, 차세대 구축함 공개",Social
강화 민통선 대면 검문 73년 만에 역사 속으로…CCTV 체계 전환,Social
프로게이머 ‘룰러’ 탈세 추징…불복했지만 ‘기각’ [자막뉴스],Social
“기름값 月150만원 더 들어” 전세버스 기사들 하소연[에너지 쇼크 현실화],Social
'삼일절 달력' 위에…하필 日 후지산·오사카성 그려 넣은 금융기관 달력,Social
"올해 수능 11월19일 실시…""적정 변별력 확보""",Social
"고양시, '통일교 경관보행교' 3년 8개월 만에 재개통…조망·녹지공간 마련",Social
"""병역 면제 받아놓고""…e스포츠 금메달리스트 탈세 논란 '일파만파'",Social
"혁신당 광주 지선 출마자들 ""민주당 정치개혁 동참해야""",Social
"종합특검, '尹 내란수괴·조희대 내란 가담' 고발인 조사",Social
울산 아파트단지 횡단보도서 초등생 SUV에 치여 숨져,Social
"""39.8도 고열에도 출근""…유치원 선생님의 마지막 메시지 공개",Social
"올해 수능 11월 19일...""킬러문항 배제... 적절 변별력 확보"" [2027년 수능]",Social
"홍서범·조갑경 전 며느리 ""여론 난리 나니 밀린 양육비 지급""",Social
"전재수 ""북항은 돔구장, 사직은 국내 최고 생활체육 메카로""",Social
수도권광역급행철도 GTX-B 본사 인천 송도 확정,Social
"‘물방울 화가’ 김창열 화백 집, 공공문화시설로 재탄생[서울25]",Social
"""나는 무해한 사람 아냐…실망할 날 온다"" 황석희 과거 발언 재조명",Social
"서울시, 한 달간 '60세 이상' 치매 조기검진 집중 실시",Social
경주벚꽃마라톤 4월4일 출발…'블랙이글스 에어쇼' 선보여,Social
'北 무인기 침투' 대학원생과 친구 사이…국정원 직원·현역 군인 검찰 송치,Social
"민간사업인데…울주군, 영남알프스 케이블카 재검토 결정에 불복",Social
"“왜 끼어들어”…고유가 속 주유소 새치기 시비, 흉기까지 꺼냈다",Social
"2천 년을 버틴 씨앗, 하루 만에 사라진 아이들",Social
'북 침투 무인기 의혹' 국정원 직원·정보사 군인 등 3명 송치,Social
"[단독] “30억 요구에 9억 합의”… 서울시, 도로 사용료 70% 낮췄다",Social
돈 안 빌려준다고 지인 차에 불 내…50대 긴급체포,Social
"법원, AI가 만든 가짜 판례 인용하면 소송비용 부담시키고 징계 의뢰",Social
"병명 몰라 10년 넘게 방황 않도록…희귀질환 찾아주는 사업 대상, 40% 늘어난다",Social
대구경제 역성장 빨간불…출구가 안 보인다,Social
유럽 제치고 1위…한국 MZ가 선택한 여행지 어디,Social
“운동하는 거 안 보여? 눈치껏 비켜야지”…‘어깨빵 민폐’ 러닝크루에 시민 분통,Social
"여행가방 속 아내 시신…""부모와 연락 안 된다"" 아들 신고로 덜미",Social
주차요금 시비 폭행 피해···가해자 신원 몰라도 법률구조로 배상,Social
4월 1~5일 절정 벚꽃 보러 성남 가볼까... ‘성남 벚꽃 9경’,Social
“마약 취해 역주행”…경찰까지 폭행한 50대 운전자 체포,Social
6월 4일 수능 첫 모의평가…상위권 입시 판도 가늠한다,Social
김포 해병대서 후임병 성추행한 병장…선고유예 선처,Social
25년 숙원 ‘영남알프스 케이블카’ 법정 공방,Social
"올해 수능 11월 19일, 평가원 ""안정적 출제 난이도"" 약속",Social
"군경, '북 무인기 이적 방조' 국정원 직원·현역 군인 송치",Social
"""건들면 끝까지…"" 3선 도전 구청장 후보에 국회의원 '으름장' 왜?",Social
"AI가 만든 '가짜 판례'에 골치…대법 TF ""과태료·변호사 징계 필요""",Social
'삼일절' 날짜 바로 위 日후지산·오사카성…금융기관 달력 눈살(종합),Social
"""명의 도용 카드 배송"" 130억 원대 보이스피싱 일당 붙잡혀",Social
"백종원 ""지난해 잃어버린 1년...모든 의혹들 무혐의""",Social
"산책로 ‘길막’한 러닝크루, 시민에 “눈치껏 비켜라 진짜” [e글e글]",Social
울산대교 통행료 내년 3월까지 ‘동결’…고물가 속 서민 부담 고려,Social
4명 살린 故김창민 감독…폭행당해 뇌출혈로 숨진사실 드러나,Social
보이스피싱 피해 2400만원…중국 형사판결문 토대 전액 환수,Social
"대낮에 금은방 업주 살해하고 금품 훔쳐 달아나 무기징역 선고 받은 김성호, 1심 판결에 불복해 항소",Social
"[자막뉴스] ""자폐 아들과 밥 먹다 집단폭행""…'뇌출혈 사망'했는데 영장은 기각",Social
"""오랜만에 속이 다 시원하네""...경찰 앞 난동 문신남의 최후",Social
"우여곡절 많았던 ‘창동민자역사’, 22년만에 준공[서울25]",Social
"[단독] 경찰관 상대 법왜곡죄 사건, 경찰 수사심의위서 논의 검토",Social
"불법사채 100만 피해자 시대… 한국TI 인권시민연대, 직업범죄자들 문제 보고서 발표",Social
"국민의힘, 경남 기초단체장 공천심사 지연에 현직 노심초사",Social
"“분명 탈퇴했는데, 정보 지운 거 맞아?”…쿠팡이 보낸 문자에 이용자들 ‘부글부글’",Social
'보안 허술' 농촌 빈집 골라 1억 절도..20대 실형,Social
"""리조트냐"" 난리 난 여자교도소 조감도…법무부 ""채택 안돼"" 일축",Social
北 무인기 관여 국정원·정보사 군인 3명 송치…정보사 조직적 관여 여부는 “발견 못해”,Social
압구정서 80대女 운전 차량 식당 돌진…4명 부상,Social
민주당 창원시장 후보 4명 '원팀' 선언…국힘은 공천 내홍 지속,Social
"올해 수능 11월 19일…16만 N수생, ‘마지막 선택 수능’에 대입 정시 치열",Social
"조상호 세종시장 예비후보, '기본교통 도시 세종' 10대 공약 발표",Social
"목에 칼 찬 김광종 ""국힘 후보지만, 속은 '민주당'…국힘 잡아먹겠다""",Social
민주당 전남광주통합시장 경선 '3강 체제' 재편…민형배·주철현 단일화 예고,Social
이혼 소송 중 아내 살해·시신 유기 시도한 60대 검거,Social
"""돈 안 빌려줘서"" 지인 차량에 불지른 50대 긴급체포",Social
"국힘 김소희 ""석탄화력특별법, 이미 늦어…즉시 통과돼야""",Social
소송비용 부담에 포기했던 폭행 치료비… ‘신원 몰라도’ 받아냈다 [별별화제],Social
필로폰 투약 후 무면허 역주행·경찰 폭행한 50대 남성 체포,Social
"연령대별 앱 사용 차이 확연…10대는 학습·게임, 50대는 홈쇼핑 집중",Social
올해 수능 11월 19일…‘마지막 선택형 시험’,Social
2027학년도 수능 11월 19일 실시…“공교육 범위 적정 난이도 출제”,Social
"""가족유전체 진단""…쓰리빌리언, '패밀리 인사이트' 출시",Social
장애인 거주시설 학대·성폭행 왜 반복되나···“만성화된 구조적 체념” [플랫],Social
GTX-B 본사 인천 송도에 들어선다… 400명 근무,Social
작년 역대급 불수능 올해는 없다…“적정 난이도 문항 출제” [세상&],Social
"시댁에 몰래 매달 30만원 보낸 남편…'친정은?' 묻자 ""네 월급으로""",Social
사북사건 46주년 앞두고…90개 시민단체 “국가 사과 일정 제시해달라”,Social
카드 배송원·금감원·검찰 사칭해 130억 가로챈 보이스피싱 일당 검거,Social
"올해 수능 11월19일, 불수능 오명 피할까…""적정 변별력 확보""",Social
수능 '킬러문항' 배제 기조…의대증원·N수생 변수되나,Social
2027학년도 수능 11월 19일 실시…EBS 연계율 50% 유지,Social
올 수능은 11월19일 ‘불영어’ 논란에 “영어 1등급 비율 살피겠다”···번짐 논란에 ‘컴싸’ 휴대 가능,Social
평가원 주관 첫 모의평가 '6월 4일'…'불영어 논란' 후 첫 시험대,Social
"화천 장례식장 직원, ‘억대 운영비 횡령’ 적발",Social
보령서 전기차 추돌 후 화재…30대 운전자 사망,Social
"광화문광장, 봄맞이 겸 BTS 공연 후 원상 복구 위해 잔디 교체 [뉴시스Pic]",Social
민주당 군수후보는 누구?…'3인 경선' 내달 6일 시작된다[6·3보은],Social
29명 희생…제천화재참사 9년 만에 위로금 심의,Social
일면식도 없는데…일방 폭행 당한 피해자 법률구조공단 통해 손배소 승소,Social
'전분·당류 대형 담합 의혹' 대상·사조 대표 등 구속 갈림길,Social
"""10만원 갚아"" 길거리서 지인 흉기로 찌른 50대 남성 징역 10년",Social
"""이게 교도소야 리조트야""…조감도 유출에 법무부 해명은?",Social
"군산시, 종량제봉투 품귀 ""일반 비닐봉투 한시 허용""",Social
"""30분 거리 1시간20분""…대전 옹벽보수 도로통제에 '교통대란'",Social
"특검, '尹 반란수괴·조희대 내란중요임무종사' 고발인 조사",Social
"조민규 고창군수 예비후보 ‘군정 의혹’제기에 고창군 ""왜곡으로 여론 호도""",Social
"프로야구 선수 출신 마약 총책 ""밀수입 가담 사실 없어""",Social
"[6·3광양]이충재, 정인화 지지 선언…""후보 단일화""",Social
"납북귀환어부, '간첩' 누명 옥살이 60년 만에 4300만원 형사보상",Social
"서영학 여수시장 예비후보 ""아이 아픈 날 아침, 맞벌이 부모 지각 걱정 없애겠다""",Social
아파트 단지서 초등생 SUV에 치여 숨져,Social
"""고급 리조트냐"" 화성여자교도소 조감도에 '발칵'...법무부의 해명 [지금이뉴스]",Social
"기름값 오름세 지속…""화물차 몰기 겁나""",Social
"울산교육바로세우기 ""음주운전 전력 조용식 후보, 스스로 물러나야""",Social
서울 보라매병원 ‘호흡기 전문센터’ 조성···2028년 완공,Social
“내 차가 곧 나”…차부심 클수록 도로 매너 낮았다,Social
"강성희 ""전주시, 자임 추모공원 사태 긴급 행정명령 내려야""",Social
고물가 시대 생존법?…‘초저가 한 끼’ 표시된 ‘거지맵’ 인기,Social
‘북 무인기’ 식비까지 290만원 건넨 국정원 직원…장교는 현장 동행,Social
"스카이라이프 대표, 임명 일주일도 안 돼 사퇴 ""KT 경영 개입""",Social
"경실련 ""3년반 동안 7번 넘게 해외출장 간 광역의원 61명""",Social
"군경TF, ‘北 침투 무인기 방조’ 국정원 직원·군인 송치",Social
"""연세대, 감사한 기억 있다""…금 팔아 5억 기부한 독지가",Social
"군경, ‘北무인기 관여’ 국정원 직원·군인 등 3명 불구속 송치",Social
농촌 돌며 1억원 상당 금품 훔친 빈집털이범 징역 4년,Social
7만 원 뷔페 이용권에 승선권 2매? 트라우마 무시한 '황당한 보상 논란' [지금이뉴스],Social
민주당 전북지사 3인 경선 후보 다음달 4일 등록…2인 후보 '단일화 선언' 가능성 타진,Social
이란 전쟁 장기화...정유·석유화학 업계 감산 돌입,Social
"노동장관, '내년 최저임금' 심의 요청‥7월쯤 결정",Social
"""유전자 분석 필요""…'최강 동안' 94세 이길여 총장 근황",Social
‘삼일절’ 바로 위에 日후지산...“피곤하게 산다” vs “센스가 없지” [어떻게 생각하세요],Social
'카드배송 사칭·명의도용 함정' 전화금융사기…130억원 가로챈 조직 검거,Social
여고 수업 중 교사가 성희롱 발언…광주경찰 조사,Social
"군경TF, '北무인기 관여' 국정원·정보사 관계자 검찰 송치",Social
"""가해자 이름도 모르는데""…폭행 피해자가 손해배상 받을 수 있었던 이유",Social
"장기기증했던 故김창민 감독, 알고보니 폭행 피해 사망…유족 “부실 수사”",Social
'말뿐인 독도 수호'…안전 난간 흔들리고 흉물 방치에 방문객 '아찔',Social
"88조 '황금알' 함정 MRO 시장 정조준…경남, 닻 올렸다",Social
"'부천 금은방 여주인 살해' 김성호, 1심 무기징역 판결에 불복⋯항소장 제출",Social
영남알프스 케이블카 사업 재추진 갈림길…울주군 행정심판 청구,Social
화성 아리셀 인근 화학공장서 불…소방 진화 중,Social
페르시아만 고립 실습생 2명 귀국...한국 선원 175명 발 묶여,Social
정청래 “속도내야”했지만…국회서 처리안된 행정수도특별법,Social
대통령도 “그러다 치명타” 강력 경고했는데…4만원짜리 방이 ‘15만원’ 됐다,Social
"군경, '北무인기 이적 방조' 국정원 직원·현역 장교 송치",Social
"""尹, 군형법상 반란"" 고발한 김경호 변호사 종합특검 출석",Social
"""나를 비난하지 않는 완벽한 연인""... 청년들의 열광, 전문가의 경고",Social
무면허·마약 상태로 역주행 운전하다 경찰 폭행…50대 남성 체포,Social
"이중근 회장 ""출산장려금 1억 입사 하루 만에 받기도…바로 퇴사? 반환 없다""",Social
"""공룡은 제 친구""…교과서 표지오른 발달장애 16세 소년 안드레",Social
"""아이들 뇌 멍든다"" vs ""국가의 과잉 통제""…청소년 SNS 규제 '정면충돌'",Social
"군경TF, '北무인기 관여' 국정원 직원·현역 군인 등 3명 검찰 송치",Social
李 “쓰레기봉투 재고 충분…지엽적 문제 과장”,Social
"""지방간, 간과하지 마세요""…수술필요 심혈관질환 위험↑",Social
"중앙지검, ‘N명 기소·구속’ 뿐만 아니라 ‘무혐의 결론’도 적극 공개",Social
"국밥 한 그릇 대접했더니...제복 입고 찾아온 참전용사, 이유는",Social
80년대 신군부 비판 유인물 뿌린 청년 40년 만에 재심 무죄,Social
서초구 아파트서 아내 살해한 60대…배수로에 시신 유기 시도,Social
부천 사우나 29곳에 불과... 사라지는 대중 목욕탕,Social
전남광주시장 후보들 입 모아 “산업단지 조성”…물 공급 대책은?,Social
"'장기기증' 김창민 감독, 알고 보니 '폭행' 당해 사망…""아들 앞에서""",Social
"""알아봐 줘서 고마워""…오랜만에 제복 입고 국밥집 방문한 참전 용사",Social
AI ‘환각’ 대응 나선 법원...“가짜 판례 내면 소송비용 독박”,Social
임성근 전 사단장 보석 요청…“도주우려 없다” 주장,Social
[속보] '북한 무인기 관여' 국정원·정보사 관계자 송치,Social
"[출마합니다] 권기창 안동시장 재선 출마 선언, ""오직 안동 오로지 시민, 중단 없는 발전 이끌 것""",Social
'강화도 민통선' 대면 검문 사라진다…CCTV 관찰로 전환,Social
3·1절 위에 日후지산·오사카성 그림이… 춘천 금융기관 달력 논란,Social
'北 무인기 관여' 국정원 직원·현역 군인 2명 검찰 송치,Social
"조폐공사, '벚꽃 페스티벌' 행사 취소…대전화재 사고 애도",Social
"서울시 ""공공주택 13만 호 공급‥전·월세 대출 지원 확대""",Social
‘회유 의혹’ 박상용 “자백·선처 설명한 것”…서민석 ‘추가폭로’ 예고,Social
‘北무인기’ 대학원생 도운 군인·국정원 직원 등 3명 송치… 군·경 수사 종료,Social
[연합뉴스 이 시각 헤드라인] - 10:30,Social
"중국서 되찾은 피싱 피해금 2,400만 원…'국경 넘은 추적' 결실",Social
‘삼일절’ 날짜 위에 日후지산·오사카성이… 강원 금융기관 달력 논란,Social
아내 살해 후 시신 유기 시도한 60대 검거,Social
"교통대 총동문회 ""교통대가 여론 조작""…강력 대응 예고",Social
"장성군 '합계출산율 전국 2위' 논란…통계인가, 정치인가",Social
이혁재 “언론 공격 두렵지 않아…100만 유튜버 될 때까지 투쟁할 것”,Social
중앙선 침범·과속 줄었다... 청양 온직리 '위험 도로' 달라진 이유,Social
"유부남 심리상담사가 부적절 관계 협박까지…폭로하자 ""넌 상간녀일뿐""",Social
"""AI도 못 넘은 나비효과""…GIST, 기상 예측 모델 한계 규명",Social
"생명들이 이어갈 천막농성... 끝났지만, 끝이 아닙니다",Social
“맞아야 잘한다”…중학생 선수 야구 방망이로 폭행한 감독,Social
필로폰 투약한 채 무면허·역주행에 경찰관 폭행까지…50대 체포,Social
"""비슬산 참꽃 보러 오세요"" ‘비슬산 참꽃문화제’ 30주년…달성군 봄축제 4월 17일 개막",Social
"금감원, 검찰 사칭해 130억 강탈..보이스피싱 조직 검거",Social
보령서 전기차 승용차 추돌사고로 화재…운전자 1명 숨져,Social
김부겸 효과 확산…대구 민주당 ‘김부겸 마케팅’ 전면화,Social
"무면허 역주행, 출동 경찰도 폭행…잡고보니 필로폰 투약",Social
"주호영 ""이정현이 국힘 망쳐…張, 민주당 당선 위해 작정했나""",Social
"양부남, 대통령 공약 '경로당 부식비' 추경 반영 촉구",Social
"""입사한 지 얼마나 됐다고""…1억 횡령한 간 큰 경리",Social
"과천시의회, 사전투표 ‘도장 직접 날인’ 원칙 회복 촉구",Social
'생활관서 후임 껴안고 성희롱'한 해병대원…법원이 '선처',Social
"주호영 ""나를 빼는 건 이순신 빼는 것""... 김부겸 등판 속 책임론 폭발",Social
"""이게 리조트야 교도소야""...난리난 조감도에 법무부 해명",Social
'북한 무인기' 범행 도왔다…국정원·정보사 관계자 송치,Social
"“가해자 누군지도 모르는데…” 포기하려던 주차장 직원, 법률구조공단 도움으로 배상 받아",Social
분양가 20%만 내고 20년 동안 낮은 금리로 갚은 '바로내집',Social
"""200억규모 시리즈C 유치""…메디웨일, IPO 채비 본격화",Social
"부산 시민단체, '금융 중심지 무력화'에 강력 반발",Social
"군경, '北무인기 이적 방조' 국정원 직원·현역 군인 송치",Social
'김천시의회 청렴도 꼴찌' 지도부 책임론 확산,Social
"심근경색, 베타차단제 평생 복용?…'이 경우' 끊어도 돼",Social
이혼 소송 아내 살해·시신 유기 시도 60대 남성 검거,Social
"""교도관 자살계획 경험률 일반인 2.7배""…법무부 '마음건강검진' 도입",Social
인천서도 ‘보복 대행’ 범죄…현관에 인분 투척하고 본드 칠,Social
"""글로벌 무대서 증명""…의료AI, 美시장에서 '확장 가속'",Social
[오늘 인천] GTX-B노선 운영회사 본사 송도에 건립 등,Social
"""AI 시대 부족한건 정보 아닌 신뢰""... 인간기자 판단·책임 강조",Social
"4명 살린 故김창민 감독, 알고보니 '폭행 사망'…피의자는 영장 기각",Social
"폐지 줍던 참전용사, 제복 빼입고 국밥집 찾은 사연 ‘뭉클’",Social
입사 1년도 안 돼 1억 횡령…간 큰 장례식장 경리,Social
작년 하반기 중대재해사업장 22곳‥경영책임자 24명 중 실형 1명,Social
"""왜 빵빵거려"" 버스 올라 멱살 잡자 기사 침 '퉤'…나란히 조사",Social
"""맞으니까 잘하더라""…야구 배트로 중학생 선수들 폭행한 감독",Social
민주당 분열 개의치 않는 여수 조계원·순천 김문수 ‘절친’ 행보,Social
"'부천 금은방 업주 강도살인' 김성호, 1심 무기징역 판결 불복해 항소",Social
춘천시 봄내글판 공모전 최우수작에 강서구 주민 김해영 씨 선정,Social
'北 무인기 침투' 관여 국정원 직원·군인 3명 검찰 송치,Social
“돈가스 4천원 신촌 식당”…가성비 식당 정보 인기,Social
"“맞으니까 잘하네”… 야구 감독, 방망이로 중학생 제자들 폭행",Social
"'부천 금은방 살인' 김성호, 1심 무기징역 선고 불복해 항소",Social
인천 송도에 GTX-B 본사 건립 확정…생산유발효과 4091억,Social
국민의힘 세종시의원 단수공천 8곳 확정…현역의원 4명 포함,Social
이혼소송 중이던 아내 살해 뒤 배수로에 유기한 남편···충북 음성에서 검거,Social
"홍서범·조갑경 전 며느리, 또 폭로…""여론 난리 나니 양육비 주겠다고""",Social
"심평원 ""현금 송금 요구 안해…직원 사칭 사기 주의""",Social
“왜 돈 안 빌려줘”…지인 차량 방화한 50대 남성 체포,Social
중대재해 사업장 22곳 공표…경영책임자 24명중 실형 1명,Social
"음주운전 전과자, 여야 공천 줄줄이 통과…곳곳에 잡음",Social
"보이스피싱에 날린 2400만원, 中공안에게 돌려받았다…무슨 일?",Social
조폐공사 '벚꽃 페스티벌' 취소…대전 대형 화재사고 애도,Social
중국서 되찾은 피싱 피해금 2천400만원…'국경 넘은 추적' 결실,Social
삼다수 사면 제주로… 탐나는전으로 관광객 소비 묶는다,Social
“맞아야 잘한다”…중학교 선수들 야구배트로 폭행한 감독,Social
"""지나갈게요 우측통행이요""…산책 커플 치고 간 러닝 크루",Social
'북한 무인기' 국정원 직원·현역 군인 송치…일반이적 방조 혐의 적용,Social
"업무 과다 '40도 고열' 끝 숨진 유치원 교사 ""아파서 눈물 나""…메시지 공개",Social
"""간판 잘 보세요""…피부과 10곳 중 9곳 '전문의' 아니다",Social
"노동장관, '내년 최저임금' 심의 요청…7월께 결정",Social
"'금은방 살인' 김성호, 1심 무기징역에 불복해 항소",Social
"[단독] 김주현, 계엄 직후 윤석열 13분 독대…특검 “반대세력 처벌법 논의 정황”",Social
"셀트리온, 자가면역질환 치료제 '옴리클로' 브라질 출시 행사 개최",Social
"""통합 지지"" 교통대 퇴직교수 단체 성명 진정성 공방",Social
전북 학교서 식중독 의심 123명…재량 휴업 등 실시,Social
이혼소송 중인 아내 살해·야산에 유기하려던 60대 검거,Social
"[6·3세종]국힘, 시의원 후보 공천 발표…""단수 8명·경선 7명""",Social
대포차 무면허 운전한 외국인 유학생 검거,Social
"인항회, 공항 공기업 통합 재검토 촉구…""인천공항 세계 경쟁력 약화""",Social
"“맞으니까 더 잘해” 중학생, 배트로 ‘줄빠따’친 야구 감독",Social
호르무즈 해협 봉쇄로 고립된 목포해양대 실습생 2명 무사 귀국,Social
"신현송 한은 총재 후보자 ""환율 현재 큰 우려 없다…달러 유동성 양호""",Social
전북 ‘11구단’ 공약 재등장…8000석 야구장 한계 논란,Social
"빗길서 미끄러진 전기차, 추돌 사고로 화재…30대 운전자 숨져",Social
"'10조원대 전분당 담합' 대상·사조CPK 경영진, 구속 기로",Social
"""왜 돈 안 빌려줘"" 지인 차량에 불 지르고 자수한 50대",Social
"""보조금 특혜, 앞뒤 순서 안 맞아""…실체 드러나는 이철우 지사 녹취록 파문",Social
"""너무 아파서 눈물 나""…40도 고열에도 출근한 교사의 마지막 메시지",Social
"""돈 왜 안 빌려줘"" 지인 차에 불 지른 50대 검거",Social
누가 여대 시위를 ‘폭력적 난동’으로 몰아갔나,Social
"혁신당 광주 출마자들 ""與 기득권 내려놓고 정치개혁을""",Social
"서울시, 분양가 20% 내면 ‘바로내집’ 올해 말 공급···공공임대 ‘바로입주제’ 도입",Social
"'근로자 추정제' 본격 논의…노동부, 현장목소리 듣는다",Social
"서울시, 무주택자 주거안정 위해 공공주택 13만호 공급",Social
'장기 기증' 김창민 영화감독…알고 보니 폭행 당해 뇌사,Social
"'한미약품 4자연합' 라데팡스 대표, 지주사 이사회 진입",Social
폐차 번호판 달고 차량 몰던 20대 우즈벡인 검거,Social
'경기청년 사다리 프로그램'에 5250명 몰려…경쟁률 28.4대 1,Social
이경숙 서울시의원 “22년 기다린 창동민자역사 준공… 도봉의 새로운 랜드마크 탄생”,Social
"""아내가 납치됐다""…알고보니 '불륜 의심' 남편 허위신고",Social
"조갑경 前 며느리 ""내 인생 망치고 방관하더니, 여론 끓으니 '양육비 지급'""",Social
필로폰 투약하고 무면허 역주행…출동 경찰관도 폭행한 50대,Social
"""94세 이길여 총장 외계인이냐""…꼿꼿한 허리·동안 외모에 또 '들썩'",Social
동해에서 참다랑어 새끼 첫 발견… 바다 바뀌고 있다,Social
4명 살린 故김창민 감독…“폭행당해 숨졌다” 뒤늦게 알려진 사실,Social
"이승화 산청군수 ""민생지원금은 군민 먹고사는 문제 해결""",Social
"황석희 성범죄 의혹 속 과거 글 화제…""언젠가 실망할 날 온다"" 발언 재조명",Social
"고양시, 집중호우로 철거된 지축동 '통일교', 3년 8개월 만에 재개통",Social
지난해 국내 항우울제 처방 2400만건 이상… 소아 2.6배 늘어,Social
"경찰, 수업 중 성희롱 발언 혐의 광주 고교 교사 수사",Social
'얼굴 없는 천사' 11억 기부했는데…12억짜리 기념관 짓는 전주시,Social
"“왜 경적 울려” 승용차 운전자, 버스에 난입…폭행하자 침뱉어 ‘쌍방 폭행’",Social
의대 소재지 논의 헛바퀴…목포대·순천대 통합 먹구름,Social
삼일절 날짜 바로 위로 日후지산·오사카성이?…금융기관 달력 눈살,Social
장기기증 후 떠난 故김창민 감독…알고보니 폭행당해 뇌출혈 사망,Social
"“나에게 실망할 것”…‘성범죄 전과’ 황석희, 과거 ‘섬뜩한 예언글’ 소환",Social
춘천 한 금융기관이 배부한 달력 '삼일절' 날짜 바로 위에 日후지산·오사카성·벚꽃 논란,Social
영주시 “6개월분 확보 종량제 봉투 공급 문제없다”,Social
입학식 날 여중생들이 신입생 화장실 감금·폭행…영상까지 찍어 올렸다,Social
"화성 성곽 아래 한옥 스테이…수원 남수헌 개관, '체류형 관광' 시동",Social
안전공업 참사 마지막 발인…43년 근무 오상열 씨,Social
중동 긴장에 기름값 '들썩'…전국 휘발유 1천900원 재돌파 눈앞,Social
카페 女사장 몰래 찍고 또 왔다…50대 男의 황당 해명,Social
'생활관서 후임 껴안고 강제 추행' 해병대원…선고유예 선처,Social
“아들 채용해주면 정부지원금 도와줄게”…청년 취업 프로그램서 ‘취업청탁’?,Social
내년도 최저임금 심의 공식 시작…새 공익위원에 박귀천 교수,Social
"심근경색 환자는 베타차단제 평생 복용?…""안정기라면 중단가능""",Social
이혁재 “15년만 젊었어도 휴대폰 던졌다”…‘한동훈 만세’ 외친 청년에 격앙,Social
강원도청 신청사 첫 삽…2029년 완공,Social
"""집중력 높이려고""…야구훈련 중 배트로 중학생 폭행한 감독",Social
"이원택 의원 ""전북 보훈수당 250% 인상하겠다""",Social
"""내 이상형이라""…30대 카페 여사장 등 뒤에서 몰카 찍은 유부남 [영상]",Social
대한조선 1분기 수에즈맥스급 원유운반선 12척 수주,Social
"""누명 옥살이 60년 만에""…납북귀환어부에 4300만원 형사보상",Social
'엄마'는 퇴근없이 17년 버텼다…위기아동 그룹홈의 '비명',Social
"""충격적인 '교회 여고생 학대 살해' 사건... 종교의 위험성 확인해""",Social
"'부천 금은방 업주 강도살인' 김성호, 무기징역 불복 항소",Social
"서울서 아내 살해 후 충북에 유기하려던 60대 남성, 아들 신고에 '덜미'",Social
폭행당해 숨진 故 김창민 감독…가해자 구속영장은 기각,Social
"경찰, '공천헌금 의혹' 조정훈 의원 내사 착수",Social
보령서 전기차 추돌 사고로 화재…30대 운전자 숨져,Social
중대재해 사업장 22곳 공개…경영책임자 24명 중 실형은 1명,Social
"후임병 성추행한 해병대원, 법원이 선처해준 이유는?",Social
호르무즈 해협서 고립됐던 실습 선원 2명 귀국,Social
벚꽃 속 하룻밤…상주 북천시민공원 '비박 페스티벌' 눈길,Social
"재혼 대체재로 등장한 '리얼돌'…""여성 찬성이 더 높다"" 반전",Social
"홍서범·조갑경 전 며느리 ""이제야 밀린 양육비 주겠다고 한다""",Social
"“안전은 비용 아닌 투자”…노동부, 중대재해 사업장 22곳 명단 공개",Social
"[주니어전자]캘리포니아 원전, 미국 최초로 생성형 AI 도입",Social
"전 창원시의회 의장 14명 ""강기윤 지지""",Social
기름값 2000원 코앞...줄 서서 찾는 ‘싼 주유소’ [더 한장],Social
짙은 안개 출근길 제주 평화로서 잇단 추돌사고…인명피해 없어,Social
"""유부남 상담사와 관계→상간녀 됐다""…기간제 교사가 폭로한 이유는",Social
"""집중력 높이려고"" 방망이로 때린 야구클럽 감독…아동 학대 혐의 인정",Social
"파주시, 종량제봉투 공급 2배 늘린다...사재기 자제 당부",Social
"""카드 명의 도용됐다""…130억 털어간 보이스피싱 조직 검거",Social
무소속 3인 출격… 거창군의원 선거 '공천 vs 민심' 격돌,Social
"""독감 걸려 죄송"" 40도 고열에도 출근…유치원 교사 생전 마지막 문자보니",Social
"'페르시아만 고립' 목포해양대생 4명 중 2명 귀국…""나머지도 귀환 노력""",Social
"호르무즈 고립됐던 실습 대학생 2명 귀국…""건강 이상 없어""",Social
'李대통령 명예훼손' 혐의 김미나 창원시의원 불구속 기소,Social
"""위생관리 위반'""…불고기·소시지·햄 제조업체 25곳 적발",Social
"""몇 년 만에 입으셨대요""…국밥집 식사 나눔에 쑥스러워하는 참전용사 [영상]",Social
"박상용 검사 ""종범 주장한 사람에게 진실 요구…회유가 될 수 없다""",Social
서울 서초구 아파트서 아내 살해한 60대⋯충북 이동해 시신 유기 시도,Social
"인천시, 수도권광역급행철도 GTX-B 본사 송도 확정",Social
“서부산 확 바뀐다”… 5060억원 행정타운 6월 착공,Social
"'성범죄 논란' 황석희, 뭐 감추려…""고소하겠다"" 10년 전 글 재조명",Social
"네타냐후 ""이번 전쟁 목표는 이란 핵 야욕 저지…절반 이상 달성""",Social
[단독] 역주행하고 경찰 폭행한 50대 남성 검거…알고보니 필로폰 투약,Social
돈 빌려주지 않는다는 이유로 지인 차에 불 지른 50대,Social
"성남시, 고액·상습 체납자 151명 명단공개…사전 안내문",Social
“회비 3억 원 미반환”…수영장 회원 5백 명 피해,Social
"해군작전사 강정학 상사, 조혈모세포 기증으로 '생명 나눔'",Social
"30대 남성, 음주단속 피해 사고낸 후 아들과 달아나...경찰관 부상",Social
부산 북구 강변대로서 4중 추돌사고…2명 경상,Social
[6.3 지방선거 TK 프리즘] 대구시장 선거 ‘4파전’ 급부상…컷오프 후폭풍에 보수 분열 현실화,Social
조갑경·홍서범 前 며느리 “여론 난리나니 양육비 주겠다고 연락 와”,Social
"""출근길이 꽉 막혔다"" 원촌육교 통제에… 대전 '교통 대란'",Social
"자유로 휴게소 검색하면 다른 주유소가?…파주시, 포털·내비 오표기 3곳 정비",Social
"'빵' 경적에 버스 난입, 폭행하자 침뱉어 맞불…쌍방 입건",Social
"'금은방 강도살인' 김성호, ""양형 무겁다"" 항소",Social
"'금은방 업주 강도살인' 김성호, 무기징역 불복 항소",Social
"""복권은 확률상 불가능""...수학강사 '1등 5억' 당첨되자 ""놀라울 따름""",Social
이혼소송 중 아내 살해 후 시신 유기 시도…60대 남편 검거,Social
아내 살해 후 시신 유기…60대 남성 충북 음성서 체포,Social
2만분의 1 기적…15년 기다림 끝에 ‘생명 나눔’ 실천한 해군 부사관,Social
"""확률상 안돼"" 복권 안 믿던 수학 강사, 5억 '잭팟'…""친구들과 나눌 것""",Social
장기기증 4명 살리고 떠난 감독…폭행당해 숨진 거였다,Social
"음란채팅으로 만나 외도한 '무직' 남편 ""아파트는 부모 재산, 분할 못 한다""",Social
"'최저임금 처우로 백의종군...' 이런 계약서, 아직도 있습니다",Social
연기·강풍 뚫고 사나흘 밤샘 사투… ‘괴물 산불’ 잡는 영웅들,Social
"“부모님 연락이 안 돼요!” 신고한 아들…‘이혼 소송’ 엄마 살해한 아빠, 시신 유기하려다 ‘검거’",Social
대구 '악성 미분양' 13년8개월 만에 4000가구 넘어서,Social
중학교 갈 돈 없는 제게 ‘돼지장학금’ 주신 아빠 같은 선생님[보고싶습니다],Social
"""집중력 높이려고"" 중학생 선수 폭행한 야구 감독, 혐의 인정...송치 예정",Social
"행정수도특별법 또 ‘빈손’…세종 정치권, “유감, 조속처리 촉구”",Social
‘AI예술융합고’ 등장할까…경기교육청·용인시 맞손,Social
"""쓰러질 것 같아"" 독감에도 출근한 유치원 교사의 마지막 카톡",Social
"""강도살인을 저지르고도""…김성호, 무기징역 불복 항소",Social
상수도 공사 현장서 주차장 기둥 붕괴…60대 작업자 사망,Social
중국 거점 보이스피싱 콜센터 조직원 20명 검거…130억 가로채,Social
"[단독] ‘광양항 물류창고 특정기업 선정’ 여수광양항만공사, 거짓 해명 논란 확산",Social
尹 ‘이종섭 호주 도피 의혹’ 재판 오늘 본격 시작,Social
"[기고] 부끄러움을 잃은 정치, 그리고 나의 고백",Social
음료 3잔에 '횡령' 고소당한 알바생...갑론을박에 카페 불매운동까지 [지금이뉴스],Social
아내 살해 뒤 시신 유기 시도…60대 남편 음성서 검거,Social
조선시대 長壽 드물다? 겸재 정선 83세까지 살아[김규회의 뒤집어보는 상식],Social
“이길 여자가 없다”…‘최강 동안’ 94세 이길여 가천대 총장 근황에 ‘깜짝’,Social
주호영 “이순신 빼고 전쟁하나”…공천 파동 책임론 폭발,Social
"경인아라뱃길서 남성 추정 시신 발견…""신원 파악 중""",Social
화천 공설 장례식장 회삿돈 '1억 원' 횡령한 경리직원 송치,Social
"중동 사태로 고립 한국 실습선원 2명 귀국…""건강 이상 없어""(종합)",Social
“삼일절 위에 후지산이?”…국내 금융기관 ‘일본풍 달력’ 배포에 공분,Social
4명 살리고 떠난 김창민 감독…알고 보니 폭행 당해 사망,Social
"""맞으니까 잘한다고""⋯중학생 선수들 야구 배트로 폭행한 감독",Social
"서울 쓰레기 전쟁 확전…서북 자치구들 서로 ""안 받겠다"" 충돌",Social
서울 서초구 아파트서 아내 살해…주검 유기한 60대 검거,Social
"4명에 새 삶 주고 떠난 김창민 감독, 사인은 '폭행 사망'",Social
이혼소송 중 아내 살해...여행가방에 시신 넣어 야산 유기 시도한 60대 검거,Social
"""4월 월급 통장에 놀라지 마세요""…건강보험료 연말정산 '희비'",Social
“부모님 연락 안돼” 아들 신고로 잡혔다…아빠는 아내 살해후 야산으로,Social
"""음료 3잔 가져가""...점주 고소로 알바생 '횡령 혐의' 송치 논란",Social
“돈 안 빌려준다”···지인 차량에 불 지른 50대,Social
"""늘 먹는 반찬인데""…위생불량 식육가공업체 25곳 적발",Social
"GTX-B 본사, 인천 송도에 건립 확정…2031년 개통",Social
서초구서 아내 살해 뒤 충북 음성서 시신 유기하려던 60대 검거,Social
"홍서범·조갑경 전 며느리…""무시하더니 여론 난리 나니 양육비 준다고""",Social
주차요금 시비로 폭행 “가해자 이름도 몰라”…소액 범죄 피해자 구제,Social
"""왜 빵빵 거려""…경적 소리에 버스 올라타 기사 목 조른 40대",Social
검찰·금감원 사칭에 81명 ‘풍비박산’…보이스피싱에 130억원 날렸다,Social
아내 살해한 뒤 시신 유기하려던 60대 남성 검거,Social
인천 시내버스 7개 노선 신설·15개 노선 조정,Social
"성남시, 벚꽃길 명소 9경 소개…""도심 곳곳에서 봄 만끽""",Social
"[단독] ""우리가 김도기 기사""…사적 보복 대행 조직 총책 베트남에 있나",Social
"'장기기증' 김창민 감독, 아들 옆에서 폭행 당해 숨졌다... 뒤늦게 알려진 사망원인",Social
"강원도청 이전 '선포형 행정' 논란 확산...""거짓 착공인가, 졸속 행정인가""",Social
"[단독] ""순금 목걸이""라더니…전국 금은방 돌며 가짜 금 사기 덜미",Social
"""왜 돈 안 빌려줘"" 지인 차량에 불지른 50대 긴급체포",Social
새만금 RE100 산업단지 조성 박차…현대차 9조 투자 '마중물',Social
"경기도, 포승지구 개발계획 변경…외국인투자 확대·이주대책 해결",Social
"자율주행버스 A741, 일반버스 첫차보다 30분 일찍 출발",Social
“엄마 연락두절” 신고…아버지가 살해뒤 야산에 유기하려했다,Social
지난해 하반기 중대재해 형 확정 22곳…경영책임자 실형은 1건뿐,Social
"박상용 검사 ""종범 주장한 사람에게 진실 말하란 게 회유인가""",Social
"서초구 아파트서 아내 살해, 야산 유기하려다 '덜미'",Social
인천 송도에 GTX-B 본사 건립,Social
"수목원 된 옛 쓰레기 매립지, 이제는 ‘탄소 돈’ 만든다…부산 첫 배출권 모델",Social
"'내로남불' 비판하며 학자로 돌아온 조희연 ""나도 자유로울 수 없다""",Social
“교습비 48만 원에 자습관비 따로 72만 원”… ‘꼼수 비용’ 판치는 학원가,Social
“몇 년 만에 제복 꺼냈다”…국밥 한 그릇에 웃은 참전용사,Social
훔친 번호판 부착해 대포차 무면허 운전한 외국인 유학생 검거,Social
작년 하반기 중대재해사업장 22곳…경영책임자 24명중 실형 1명,Social
[내일날씨] 곳곳 봄비…예년보다 포근,Social
중대재해 유죄 확정 22곳 공표…삼강에스앤씨 등 포함,Social
"'룰러' 박재혁, 탈세 논란 일파만파…""행정적 미숙"" 해명 [소셜픽]",Social
"에어부산, 국내선 전 노선 ‘4월 특가’…1만7900원부터 판매",Social
“부모님 연락두절” 신고한 아들…아빠가 엄마 살해 후 야산 갔다,Social
5250명 몰린 '경기청년 사다리'…28.4대1 경쟁률 기록,Social
국민의힘 거창군수 적합도 구인모 43.4%·이홍기 32.1%,Social
"서버 안 뚫고 벽 너머서 AI 설계도 털었다…카이스트, '모델스파이' 개발",Social
"영주서 상수도 공사 현장 담벼락 붕괴, 60대 심정지",Social
故김창민 감독 알고보니 폭행당해 뇌출혈…피의자 영장은 기각(종합),Social
"전쟁의 상처가 세계유산으로…부산 피란수도, 유네스코 문 두드린다",Social
영종·검단·강화 버스 노선 확충…인천시 36대 투입,Social
"서울 종로구, '물방울 예술가' 故 김창열 화백 자택 '공공미술공간'으로 리모델링",Social
"""맞으니까 잘하네""…중학생 선수 야구 배트로 폭행한 감독",Social
“규범 어겼다”며 직원 감금·협박한 장외주식 브로커 집행유예,Social
"여행용 가방에 아내 시신…""부모님 연락 안 돼"" 신고로 결국",Social
서울 아파트서 살해 후 충북 배수로에 시신 유기…60대 남편 검거,Social
'인천 시내버스' 노선 7개 신설·15개 조정…내달 말 시행,Social
"전남·광주, 통합시대 '지역성장펀드' 1250억 조성",Social
경기 광주 유통공장 화재로 5개 동 전소…인명 피해 없어,Social
"아시안게임 金, 병역면제까지 받았는데… 프로게이머 ‘룰러’ 탈세 추징",Social
김해 진영휴게소 진입로서 화물차 3중 추돌…40대 운전자 중상,Social
"풍성한 머리숱·꼿꼿한 자세...94세 이길여 총장, ‘최강 동안’ 근황",Social
경적 시비에 버스 올라 기사 폭행…승용차 운전자·버스 기사 입건,Social
[날씨] 오전까지 전국 비…영남 해안·제주 강풍,Social
"[건강포커스] ""항우울제 플루복사민, 코로나19 장기 후유증 피로 완화 효과""",Social
동해안 제외하고 비 그쳐…강풍·풍랑은 오후까지 이어져,Social
이혼소송 아내 살해하고 야산에 시신 유기하려던 60대 검거,Social
"""명의 도용됐다"" 130억 보이스피싱 일당 20명 무더기 검거",Social
"""맞으면 잘하더라"" 배트로 야구클럽 중학생 선수들 폭행한 감독",Social
영주 상수도 공사 중 주차장 담벼락 무너져···60대 노동자 사망,Social
'너무 눈부신 전광판'… 서울시 '밝기기준' 나왔다,Social
"""돈 왜 안 빌려줘"" 지인 차에 불 지른 50대",Social
"[기획] 전주 자임추모공원 사태, 전북도와 전주시 사이에서 멈춘 대응…“누구도 책임지지 않았다”",Social
“산불 발생 1년 지났는데”…이제서야 피해 복구에 속도감 낸다,Social
"""이상형이라서 찍어""... 카페 여주인 몰래 촬영한 50대 남성",Social
“집중력 높이려고”… 선수들 방망이로 폭행한 야구 클럽 감독,Social
삼일절 바로 위 후지산·오사카성 버젓이…금융권 달력 디자인 또 구설,Social
'창원자이 더스카이 31일 1순위 청약 … 올해 첫 분양 시민들 관심,Social
"""종량제봉투 없어요?"" 광주 마트서 실랑이…시 ""사재기 말고 필요한 만큼만""",Social
"파주시, 종량제봉투 공급 안정화 대책 추진",Social
내란 옹호하는 '윤어게인' 댓글이 많이 보이는 이유,Social
"""놀라셨죠? 다시 타세요""…유람선 사고 보상안 역풍",Social
지방의회 인사권 독립 5년차…집행부 공무원 입장차 뚜렷,Social
"""집중 안해?""…야구클럽 중학생 훈련중 배트로 폭행한 50대 감독",Social
광주서 폐차 번호판 부착 차량 몰던 20대 외국인 검거,Social
"""돈 왜 안 빌려줘""…지인 차에 불 지르고 자수한 50대 체포",Social
"""광주학살 원흉 처단"" 태극기 들고 외치던 청년들, 40년 만에 무죄",Social
폐차서 번호판 떼다 대포차 운전하고 다닌 우즈벡인,Social
사천공항~김포항공 노선 섬에어 신규 취항,Social
"'SNS 리딩방'서 2000만원 더 뜯으려던 말레이 30대, 잠복경찰에 덜미",Social
"""너무 아파""…'39.8도 고열 출근' 유치원 교사, 생전 마지막 문자 '먹먹'",Social
음료 3잔 가져간 알바생 '횡령 혐의' 송치 논란,Social
서초 아파트서 아내 살해…가방에 시신 넣어 음성까지 간 60대,Social
"""개발 못 한다""더니 분양 준비?…양평서 '48억 구상' 포착",Social
“기사 없는 열차가 미끄러지듯 달렸다”…부산·경남 잇는 국내 첫 ‘단선 무인 경전철’ 양산선 타보니,Social
“참전용사는 국밥 무료입니다”…제복 입고 찾아온 어르신,Social
"에어부산, 국내선 전 노선 대상 항공권 할인 이벤트 나서",Social
수도권광역급행철도 GTX-B 본사 인천 송도에…운영총괄,Social
"GTX-B 본사, 인천 송도에 둥지…열차 운행 총괄",Social
"초등생 아들 태우고 음주운전한 아빠, 사고 내고 도주했다 덜미",Social
"""못 하면 때린다""…배트로 중학생 야구 선수들 폭행한 감독",Social
"""94세 실화냐""…이길여, 다시 증명된 '최강 동안'",Social
"폭행 후 숨진 감독, 유족 '분통'...""범인 아직 길거리에""",Social
"배민으로 주소 턴 '보복대행'…막혀도 ""방법 있다"" 활개",Social
"유명 프로게이머, '부친 명의'로 주식 거래해 과세… 심판원 ""조세 회피""",Social
[속보] 호르무즈 해협서 발 묶였던 실습 선원 2명 귀국,Social
서울숲에 ‘농심정원’ 들어선다…라면 모티브 정원문화 선보여,Social
"""오랜만에 꺼내 입으셨대요""…제복 입고 찾아온 '참전용사'에 국밥 대접한 사장",Social
[속보]“물에 시신…” 인천 경인아라뱃길서 신원미상 시신 발견,Social
전기차가 앞서가던 승용차 추돌 후 화재…30대 운전자 숨져,Social
멀리 봐야 보이는 밸류업…중후장대 기업의 미래 투자가 그런 것 [매경포럼],Social
"""교도소가 리조트냐"" …법무부 ""아니다"" 해명까지, 어떻길래",Social
"""정정하다는 표현조차 실례"" 이길여 총장 외모 또 화제",Social
교수 갑질 호소하고 숨진 전남대 대학원생 산재 승인,Social
장기기증으로 4명 살리고 세상 떠난 김창민 영화감독 폭행당해 숨진 것으로 알려져…피의자 영장은 기각,Social
"만우절 장난, 전화에서 온라인으로···경찰 ‘SNS 협박·AI 가짜뉴스’ 주시",Social
"""할머니 요양병원 보내면 천벌 받나요?""…입원 거부한 조모, 죄책감 시달리는 손녀 [어떻게 생각하세요]",Social
"엄마의 불륜 본 딸의 고백…""피멍 들 때까지 맞았지만 이혼 말라고 애원""",Social
비 오전에 대부분 그쳐…경상권·제주 강풍 주의,Social
"'룸살롱 폭행' 이혁재, '한동훈 복당' 외친 청년에…""폰 던질 뻔"" 분노",Social
"""자고 나니 바퀴가 사라져""…인천 공공주차장 '바퀴털이' 기승",Social
"성비위 의혹 간부 경찰, 다른 지역으로 인사조치",Social
"아내 살해한 남편, 묘지 배수로에 시신 가방 버렸다",Social
"""경적 왜 울려"" 시비 붙은 버스기사·운전자…쌍방폭행 입건",Social
세계 최초? 가장 위험한 선례가 될 수도 있다,Social
"1살 딸 얼굴을 장난감으로 '퍽퍽'…친모 ""훈육이었다""",Social
"""필터 낀 줄…종말 온 것 같다"" 새빨갛게 물든 호주 하늘, 무슨 일",Social
"[출근길인터뷰] '왕사남'의 금성대군, 서울 금성당서 만난다",Social
호르무즈 해협 봉쇄에 고립됐던 실습생 2명 귀국,Social
"""94세 맞아? 50대인 줄""…'최강동안' 이길여 가천대 총장 근황",Social
"‘민생경제 회복 위해 맞춤형 지원 나선다’…서초구, 중소상공인 437.5억 대출·서초사랑상품권 70억 발행",Social
입사 1년도 되기 전에 회삿돈 1억원 빼돌린 간 큰 장례식장 경리,Social
"몸 곳곳 멍자국…공포 질린 아이들에 ""맞으니까 잘해""",Social
"""내 차에 대체 무슨 짓을""…통째로 사라진 바퀴",Social
"부산시, 서부산행정복합타운 시공사로 태영건설 컨소시엄 선정",Social
오늘 낮까지 비... 경북 일부 지역에는 강풍주의보,Social
"이혁재 ""100만 유튜버 달성까지 우파 청년·자유 대한민국 위해 투쟁""",Social
혼자 사는 여성 집 침입해 강도질…4인조 강도 덜미,Social
개헌 잰걸음…“헌법에 농업 공익적 가치 담아야”,Social
"AI는 가까이, 태도는 더 가까이[문성후의 킥]",Social
9월 '공무직위원회' 출범 앞두고 노·정·전문가 사전 협의체,Social
무면허에 훔친 차로 경찰차 들이받고 달아난 10대 구속,Social
꽃 심고 야간조명 달고…지자체들 드라마 촬영지 명소화한다,Social
"유부남 심리상담사가 부적절 관계 요구…폭로하자 ""넌 상간녀일뿐""",Social
"""185명 뽑는데 5250명 몰렸다""…경기청년 사다리, 28대 1 '열기'",Social
창동민자역사 22년 만에 준공…'흉물'서 '도봉구 랜드마크'로,Social
[자막뉴스] 1인당 쓰봉 구매 제한까지...대란 벌어지자 직접 나선 장관,Social
"산책로 점령하더니…""눈치껏 비켜라"" 적반하장",Social
"경찰, 조정훈 '공천헌금 의혹' 내사…조 의원 ""사실 아냐""",Social
“집중력 높이려고”... 중학생 야구부원 ‘피멍’ 들게 한 감독의 황당 변명,Social
‘우울한 한국’ 항우울제 처방 5년새 40% 뛰었다…“정신건강 위기 신호”,Social
"""못 가, 어떡해…"" 안전공업 희생자 눈물 속 마지막 발인",Social
"""맞으니 잘하더라""...감독이 중학생 '배트 폭행'",Social
음주단속에 차량 2대 들이받고 도주한 30대…차안엔 초등생 아들이 있었다,Social
"도봉구 창동민자역사, 22년 만에 준공… 지역 흉물서 랜드마크로",Social
봄비 내리는 출근길…오후엔 비 그치고 최고기온 21도,Social
'여행자 외화 밀반출 검사' 인천공항에 전담부서 신설,Social
“눈치껏 비키세요!” 길 막고 달린 러닝 크루…산책하던 시민까지 쳤다,Social
"등 뒤에서 '찰칵'...카페 사장님 몰래 촬영한 남성 ""내 이상형""",Social
"'성범죄 전과 의혹' 황석희, 소통 중단…SNS 사실상 폐쇄",Social
‘0.5인분 식사’에 대표 욕설…외국인 노조 가입에 “공산주의”,Social
"7살 아이한테 ""토익 점수 보내라""…황당한 현실",Social
민주 경기지사 후보 토론회…“내가 적격” 격돌,Social
‘전남광주특별시’에 쏠린 눈… 갈등은 이제 시작이다,Social
“리조트보다 좋은 감옥?” 화성여자교도소 조감도 논란,Social
"“퇴근길 커피 3잔 들고 나갔다”…알바생 ‘횡령’ 고소한 점주, 엄벌 요구한 이유",Social
“알아봐줘서 고마워” 제복입고 국밥집 방문한 노인…무슨 일?,Social
"조선일보 1면도…""요동치는 대구, 국민의힘에 호의적이지 않아""",Social
[투데이 라인업] 신현송 한국은행 총재 후보자 첫 출근 / 윤 '이종섭 도피 의혹' 재판 시작 / '전분당 담합 의혹' 업체 경영진 구속 심사 / 홈플러스 익스프레스 인수의향서 접수 마감,Social
‘집중력 향상’ 핑계로 배트 휘두른 야구감독…중학생 제자들 폭행 혐의 송치,Social
"음주단속 보고 도주한 30대男, 차안엔 초등생 아들 타고 있었다",Social
새 변수 '녹음 파일'‥'진술 회유' 다시 본다,Social
"'부천 금은방 살인' 김성호, 1심 무기징역형에 불복 항소",Social
"""김치찌개 3000원, 돈가스 4000원 식당""…돈 아껴주는 '거지맵' 난리",Social
“완구에서 엔터까지···남들이 안하는 도전 합니다”,Social
[연합뉴스 이 시각 헤드라인] - 07:30,Social
"""사람 구한 게 족쇄 됐다""…세월호 의인 김동수씨 아내, 대통령 앞에서 눈물 호소",Social
3월 31일 '뉴스 퍼레이드' 오프닝,Social
"[와글와글 플러스] ""쓰레기봉투 부족 시 일반 봉투 사용 허용""",Social
"장난전화는 옛말…경찰, 만우절 앞 ‘가짜 협박글’ 경계 강화",Social
[와글와글 플러스] 4월 건보료 정산에 직장인 '희비',Social
“5년 새 40% 폭증”... 대한민국은 지금 ‘항우울제’ 처방 2440만 건 시대,Social
충남 보령서 교통사고 전기차 화재…1명 사망·1명 부상,Social
[이시각헤드라인] 3월 31일 라이브투데이,Social
"“돈가스 4000원, 순댓국 3500원”…돈 아끼는 ‘거지맵’ 등장",Social
"""나를 존경 마라, 실망할 날 온다""…'성범죄 의혹' 황석희, 섬뜩한 예언?",Social
"[단독] 아내 살해한 뒤 시신 유기한 남편...경찰, 음성에서 검거",Social
빗길서 미끄러진 전기차 ‘추돌 후 화재’···30대 운전자 숨져,Social
"국밥집에 제복 입은 노인…""훈훈하다"" 퍼진 사연",Social
'공포의 훈련'…배트로 야구클럽 중학생 선수들 폭행한 감독,Social
"입학식날 신입생 폭행, 촬영까지 한 중학생들 송치",Social
"""이게 감옥이냐"" 난리났던 교도소…알고 보니",Social
'40도 고열'에 출근했다 사망…마지막 메시지엔,Social
탈퇴했는데 쿠팡한테 문자가?…이용권 안내 메시지 '논란',Social
"생후 5개월만에 입양돼 10년째 난치병 앓아 ""친모 찾기 위해 살아남아 싸울 것""[잊힌 아이들]⑤",Social
보령서 전기차·승용차 추돌사고…1명 사망,Social
"[손병관의 뉴스프레소] '강선우 공천헌금' 수사한 경찰, 국민의힘도 수사",Social
"[단독]해외입양인 174명이 말했다…""뿌리 못 찾고, 이방인으로 살아요""",Social
"수년만에 제복 꺼낸 참전용사, 물개박수로 맞았다...낭만 가득한 국밥집",Social
"화천대유 330억원 체납…국세청, 계좌 압류로 징수 착수",Social
전기차 사고로 화재…운전자 심한 화상 입고 ‘사망’,Social
"""일회용기 사면 남는 게 없다""...속 타는 사장님들",Social
BMW 바퀴만 쏙 훔쳐간 도둑들…도심 한복판 황당 범죄,Social
"""낙첨인 줄 알았는데""…친구 둘과 구매한 복권, 5억 당첨",Social
[법조브리핑] “대통령실이 ‘관저 이전’ 허위 답변 지시” 外,Social
“리조트냐 휴양지 뺨치네”…법무부 부인에도 ‘신축 교도소’ 호화 시설 논란,Social
눈 풀린 여성 보고 112 신고했는데…'범죄자' 취급 남성의 분노 [사건 실화],Social
"서울, 전광판 ‘눈부심’ 잡는다…주간 7000cd/㎡ 기준 첫 도입",Social
음료 3잔 가져간 알바생 고소 논란…“횡령” 진실 공방 [잇슈 키워드],Social
제복 입은 손님 보고 ‘폴짝’…국밥집에서 무슨 일이? [잇슈 키워드],Social
"문 닫는 검찰, 사직·특검 파견에 '인력난'…미제사건 12만건",Social
"고인을 소비하는 AI, 막을 수 있을까?[점선면]",Social
"'미운 오리'서 '한강 백조'로…한강버스, 주말 탑승률 60% 돌파",Social
"""변화의 시작""…제약바이오 주총서도 '집중투표제' 화두",Social
"""XX 왜 찍어""...190cm 헤비급도 중2 담배 훈계했다가 '봉변'",Social
[단독] '고객정보 유출' 조사 착수…배민은 공식 사과,Social
개나리도 못 봤는데 벌써 벚꽃이?‥'초고속' 개화,Social
입양공공기관이 예비 부모에 ‘마루타’?…입양 부모들 분통,Social
1천789원에 몰린 대기줄‥새치기 했다며 '흉기',Social
"“자랑하고 싶으셨는지” 국가유공자에 국밥 대접하자, 제복 입고 다시 온 참전용사",Social
"""김치찌개 3천원·돈까스 4천원?""…치솟는 밥값에 '거지맵' 떴다",Social
"스페인, 미군 이란 작전 전면 봉쇄 ...""불법 전쟁엔 협조 없다""",Social
"“게임은 승리, 세금은 패배”…유명 프로게이머, 부친 통해 주식 세금 탈세",Social
"""아버지, 나 죽어요"" 비명 난무...지옥도 그런 지옥이 없었다",Social
변호사들 경찰되겠다 너도나도 우르르…검찰 문 닫자 달라졌다 [세상&플러스],Social
[와글와글] 정류장 아닌 '세차장'서 승객 내려준 버스 기사,Social
"10년 내조했더니 음란채팅? '엄카' 쓰는 무직 남편, 이혼하려니 ""내 집은 부모님 거""",Social
‘성폭력 전과 의혹’ 스타 번역가 황석희 SNS 폐쇄…입장문만 남아,Social
"훈·표창 16개 남긴 이근안‥""전수조사하겠다""",Social
"손가락 까딱에 4천 명 '우르르'…""당장 내일"" 긴장",Social
‘랩계좌’로 몰래 다올증권 수혈…투자라더니 모회사 수천억 지원?,Social
“고급 리조트같아” 난리 난 女교도소 조감도에…법무부 “채택 안 돼”,Social
"AI 시대 만우절, 장난의 경계가 무너졌다..폭파 협박, 딥페이크 강력 대응",Social
"[전국 톡톡] ""전설의 고향 느낌""‥과도한 조명 논란",Social
"""몇 년 만에 꺼내 입으셨대요""…제복 입고 국밥집 찾은 참전용사, 왜",Social
"[이웃사랑] 폭력과 가난, 암과 빚 버틴 엄마 ""프로게이머 아들 꿈만은 지키고 싶어""",Social
"3월 학평 수학·영어, 작년 수능 보다 쉬웠다… 국어는 체감 난도 높아",Social
사교육·의대 쏠림…韓 성장잠재력 갉아먹는다,Social
"카페 사장 '도촬' 딱 걸린 손님…경찰 ""노출 없어 처벌 어려워""",Social
"""규범 어겼다""…'직원 20분 감금·협박' 장외주식 브로커, 집행유예",Social
"“재혼할 바에 리얼돌”…돌싱남녀 일부 ‘긍정’ 응답, 왜?",Social
5월 신부 주목! 체중보다 중요한 드레스 핏...살 빼기 전 확인 포인트는?,Social
"충돌 사고 후 전기차 화재, 1명 사망…공장 화재도",Social
"46년 만에 바로잡힌 이름…'서울의 봄' 김오랑 중령, 무공훈장 받는다",Social
"[단독] ""조금이라도 싼 주유소로""…새치기에 흉기 위협까지",Social
"종량제 봉투 '품귀'에…""충분, 최악 땐 일반 봉투""",Social
“아들까지 태우고”…음주단속 보고 도주한 30대 남성 검거,Social
"""너무 아파""...39.8도 고열에도 출근한 유치원 선생님, 마지막 메시지",Social
"이란 ""미국과 협상 없었다""‥이어지는 동상이몽",Social
'낙동강벨트' 김해·양산 민주당 상승세…'대통령 잘 하고 국힘 못 해서',Social
지역 살리고 보상금 받고… ‘절대 반대’서 ‘건립 사활’ 유턴 [심층기획-지자체 신규 원전 유치전],Social
警 ‘조정훈 공천헌금 의혹’ 구의원 줄소환,Social
[정책돋보기] 부모가 자살 이전 살해한 아동 수 7년간 86명 外,Social
“집값 떨어질라”… 님비에 가로막힌 쓰레기 소각장 [심층기획-지자체 신규 원전 유치전],Social
서울 이웃 자치구인데…마포·은평 쓰레기 전쟁 불붙었다,Social
"“명문대 간 아들, 자살시도 연락왔네요”…정신 시들어도 갈곳이 없다",Social
“50만원에 남의 집 테러”…잇따르는 ‘보복 대행’ 범죄[사건플러스],Social
"""불법 증축 공간이 복지시설?""…화재 참사 대전 안전공업 논란",Social
[단독] 비정규직 28만 늘었는데…4시간 더 일해야 정규직 월급[저임금의 늪②],Social
"“휴업 1년, 대출받아 생활”…땅 꺼짐 피해 보상은 누가?",Social
재벌과 사모펀드와 로펌 그리고 개미 [이환주의 시선],Social
[단독] ‘말’ 못하면 학대도 없다?... 정부 합동점검서 중증장애인 제외됐다,Social
"""의대 가려면 지방으로?""…지역의사제에 학군 이동 움직임",Social
"“비싼 차로 과시하는 운전자, 난폭운전 가능성 커”···‘차부심’ 속에 ‘빌런’이 된다",Social
[단독]‘간첩 조작’ 재심 결정하고도 송달 늑장···“수십년 기다렸는데 사법부가 또 지연”,Social
"[르포]55개국 590여명, 천안교도소는 날마다 ‘통역 전쟁’···번역기는 필수, 언어 벼락치기도",Social
"""5000원 점심 먹자"" 거지맵 인기…'거지방' 30대 청년이 만들었다",Social
"[오늘 날씨] ""출근길 우산 챙기세요""…오전 '비' 소식",Social
"한강버스부터 유람선까지 반복되는 운항사고…시민 ""불안""",Social
"""좌초 사고 났는데 또 타라고?""…이랜드 '승선권 제공' 보상 논란",Social
[단독]20조 적자 쌓인 지하철…무임승차 노인 5년 새 42% 증가,Social
"주철현 ""본경선 전 단일화 검토…현재로선 민형배""",Social
尹 '이종섭 해외 도피' 재판 오늘 본격 시작…혐의 전면 부인,Social
"“경찰관도 밀쳐” 차량 훔쳐 무면허 운전한 10대, 순찰차도 ‘쾅’…구속",Social
"""결혼식대 5만원 내고 밥 먹었다고 뒷담화하는 동료""... 축의금 논란 [어떻게 생각하세요]",Social
'사제들의 스승' 정하권 신부 선종…향년 99세,Social
"장난전화는 옛말…경찰, 만우절 노린 '딸깍' 협박글 예의주시",Social
'1억 소속세탁' 사우디大의 몰락…연고대 '학술용병' 문제없나,Social
"“음료 3잔 가져갔다”…알바생 ‘횡령’ 고소한 점주, 이유는",Social
"""팔아도 남는 게 없어""…포장용기값 급등에 사장님들 '비명'",Social
[이 시각 핫뉴스] '충주맨 김선태' BBQ 영상 조회수 300만 外,Social
"민주당 경기도지사 후보들, 공약·정책·과거발언 난타전",Social
오전까지 전국에 봄비…낮 최고기온 21도,Social
'광주 최대 격전지' 민주당 광주 남구청장 경선…김병내 vs 정진욱 '대리전' 격화,Social
"""독감 걸려서 죄송""..고열 출근 후 사망한 유치원 교사가 남긴 안타까운 메시지",Social
'성폭력 전과 의혹' 황석희 SNS 폐쇄…입장문만 남아,Social
"""며느리가 차린 밥상 원해""…밀키트 두고 시댁과 충돌",Social
"[로펌] 법무법인 광장, 형사 분쟁·컴플라이언스 분야 맨파워 강화",Social
"[로펌] 피터앤김, 승소율 84%... 론스타·엘리엇 사건 대역전 이끌어",Social
"[로펌] 법무법인 지평, 카카오 과징금 취소 이끌어낸 공정거래 소송 강자",Social
'김건희·군 수뇌부' 의혹 집중…권창영 특검호 수사 '윤곽',Social
"[로펌] 서울지방변호사회, ""형사 성공보수 정상화는 서민과 약자에게도 이익""",Social
"[로펌] 법무법인 LX, ""내 사건, 네 사건 경계 없다"" 원펌체계로 시너지 높여",Social
"[단독]유류할증료 3배 '껑충'…손 놓았던 정부, 항공사 지원 검토로 선회",Social
"""신촌서 돈가스 4000원에 먹었다""…오르는 밥값에 '거지맵' 인기",Social
인천 경인아라뱃길서 신원 미상 시신 발견…부검 의뢰 방침,Social
생후 19개월 굶기고 놀이공원…친모에 학대살해죄 적용,Social
호르무즈 차단에 발묶인 전세계 선원들 불안·공포,Social
"""초등생 아들 태우고 뺑소니""…음주단속 피해 도주한 30대 검거",Social
강원도청 신청사 착공…강원지사 선거 쟁점 급부상,Social
검찰청 폐지 혼란 속 인력 유출 가속화…국조 앞두고 긴장감도,Social
"국가 유공자에 국밥 대접한 국밥집 사장…""베풀며 식사 대접하는 게 낭만"" [따뜻했슈]",Social
싼 주유소 앞 긴 대기줄…새치기에 흉기 시비도,Social
"경적시비로 싸움, 버스기사의 뜻밖의 행동…쌍방폭행 혐의된 사연",Social
4명에 새 생명 주고 떠난 중국인 이주노동자,Social
‘저탄소 체질 전환’ 첫 단추 꿴 포스코… “K스틸법 지원 기대”,Social
"'94세 맞아?' 이길여 총장 근황에 ""방부제 동안"" 감탄 연발",Social
김천 산골 학살 추정지만 5곳…“제주 사람도 여서 마이 희생됐다 캅니다”,Social
"누가, 언제, 어떻게 죽였을까…정부 4·3보고서에 담을 것",Social
“아픈 역사 반복돼선 안 돼”…진실규명 신청한 ‘혼혈’ 입양인 미키,Social
“전체 학교 10곳 중 8곳에 상담교사… 학생 자살률 30% 급감”,Social
특검 ‘김건희 불기소’ 수사팀 조사…노상원 계엄 비선조직도 입건 예고,Social
[단독]檢 수사팀 변경에도 유지된 '김건희 불기소'…무마혐의 성립 조건은,Social
"'구리시 엘마트' 납품업체 수십억 피해…""신고도 못 했다""",Social
"박상인 ""주가조작 패가망신? 처벌수위 높이고 규제 정비해야""",Social
"""멀쩡한데요""…서류와 눈앞이 다른 아이의 엄마",Social
"""재혼 대신 '리얼돌'과 살면 어때?""...돌싱에게 물으니 뜻밖의 결과",Social
고독사 현장서 고가 물품 싹 사라져…남은 건 고슴도치,Social
소통 위해 하루 종일 봤는데…‘이것’ 줄였더니 되레 외로움 ‘뚝’,Social
'변호사ㆍ의뢰인 비밀유지권' 쟁취한 변호사… 사법구조가 바뀐다,Social
연금 연기땐 36% 더 준다? 월 632만원 못 벌면 1억 날린다,Social
"""충전할 돈 없어""vs""온가족 출동""…지역화폐 인센티브도 양극화",Social
돌연 “농사 짓겠다” 그만두는 반도체 직원…탐정이 찾은 충격 진실,Social
"""괜찮아요?""…교통사고 당한 여성에 접근, 집 데려가 성폭행",Social
"'복권 당첨은 확률상 불가능' 수학 선생님 ""1등 5억 친구 둘과 나눕니다""",Social
"""여혐 꼬집고 추앙받던 황석희의 실체는 뭐냐""…성범죄 의혹에 '위선' 시선",Social
"""상간녀 전화로 가정 파탄…이혼하고 가려 했더니 그 새 딴 남자 만나더라""",Social
"[단독] “죽이진 않고, 없는 죄 만들어준다”…보복 대행방 충격 정체",Social
"상담센터서 유부남 상담사와 '부적절 관계'…폭로하자 ""넌 상간녀일 뿐""",Social
"'전분당 담합 의혹' 대상·사조CPK 경영진, 오늘 구속 갈림길",Social
"""뇌졸중 이후 치매 온 할머니, 요양병원 보내면 천벌 받을까요""",Social
"[단독] 헌재, 재판취소 때 독일처럼 환송할 법원 지정 검토",Social
"""5000만원 투자 사기 신고하자 현관문 앞에 인분 투척""…인천서 보복 대행 추정 신고",Social
"“절차 복잡해 숨 넘어가”...정책자금, 문턱 낮추기가 먼저 [규칙이 된 반칙 : 정책자금 브로커下]",Social
"입학식 날 신입생 후배 폭행한 중학생들, 영상 찍어 SNS에 올리기까지",Social
“일본인에 부산을 꼭 가보고 싶은 도시로 만들겠다”,Social
[인하대병원 메디 스토리]“편마비 오거나 말 어눌해지면 급성 뇌경색 의심을”,Social
답변만 잘해선 부족… AI 면접은 ‘미소-시선-표정’도 본다,Social
작년 국토면적 여의도 4.3배만큼 넓어져,Social
"아이들 질병 아닌 사망, 절반이 자해-자살",Social
"‘필수의료 사고, 중과실 아니면 불기소’ 법사위 통과… “의사이탈 막을것” vs “기준 모호 혼란 우려”",Social
삼성전자 “올해 성과급 상한 없앨것” 勞 “영구 폐지”,Social
200채 세놓고 40채 수입은 누락… 다주택 임대사업자 세무조사,Social
위탁아동 60%가 조부모 손에… 되레 돌봄 도맡는 ‘영케어러’로,Social
[단독]풍력발전기 추가 사고 우려 ‘부적합’ 판정 25개 더 있다,Social
"“할아버지, 저 안 일어 버릴꺼죠” 7세 손녀 눈물의 편지",Social
“왜 새치기해” 기름값 싼 주유소서 흉기 위협,Social
“용산 행정관이 관저이전 감사에 허위답변 요구”,Social
"“시-구의원들, 조정훈에 2500만원 전달”… 경찰, 정치자금 의혹 제기에 내사 착수",Social
[단독]5년후 설계수명 넘기는 풍력발전기 208개 “교체 서둘러야”,Social
"선제검사 의무·감염 관리 지원 부재…일부 요양원 ‘나홀로 방역’ [현장, 그곳&]",Social
"진실게임된 대북송금…녹취록 공방, 결국 공소취소로 이어질까",Social
광명·시흥 3기 신도시 보상 5개월 앞당겨진다… 주민 숨통 트이나,Social
'노량진 공시촌' 몰려드는 30·40대...AI에 밀리고 경기 침체까지,Social
12·12 맞선 故김오랑 중령에 전사 인정 무공훈장 추서 추진,Social
"""공무원 된다니 혼낸 교수님도 있었는데…"" AI 해결사 된 카이스트 동문들",Social
"산책하던 커플 치고 간 러닝 크루..항의하자 ""운동하는 사람들 안보여?"" 되레 큰소리 [어떻게 생각하세요]",Social
"""알바생이 음료 3잔 가져가"" 퇴사했는데 고소...합의금만 수백만원",Social
"""왜 새치기해""…고유가 속 주유소 새치기 차량에 흉기 위협한 30대",Social
"""쓰봉 다 떨어졌어"" 난리 속...""우리도 비상"" 세탁소도 카페도 울상",Social
"퇴근길 '음료 3잔' 가져간 카페 알바생, '횡령 혐의'로 송치",Social
"“결혼 많이 하라더니, 예식장 바가지 너무 하잖아요”...‘스드메 먹튀’ 이제 법으로 막는다",Social
민주 경기지사 후보 1차 TV토론…한준호·추미애·김동연 “내가 적임” 격돌,Social
"""눈·피부에 좋다는 비타민A…과다 복용, 간 망가뜨린다"" 경고",Social
"서울 15과목, 강원은 7과목… 고교학점제 ‘선택권 양극화’ 현실화",Social
X로 돈 버는 2030 ‘블루레이디’… 여성 부업의 진화,Social
“너무 아파서 눈물 나”…40도 고열에도 출근한 20대 교사의 마지막 메시지,Social
“이 말 외치면 속아드려요”…‘벚꽃 명소’ 서울랜드 공짜 입장법은,Social
"""왜 빵빵대"" 승용차 운전자·버스기사 말다툼 끝에 쌍방 폭행 입건",Social
경기 광주 공장 화재 4시간 만에 완진...5개 동 전소,Social
"""하루 몇 분이면 충분""…숨 찰 정도 운동, 치매 위험 63%↓",Social
"보령서 빗길 미끄러진 전기차, 승용차 들이받고 불…1명 사망·차량 전소",Social
봄만 되면 머리가 지끈지끈…단순 두통 아닌 '이 질환'?,Social
"페르시아만 고립 실습생 2명 한 달만에 귀국길...""감사합니다!""",Social
"‘전분당 담합 의혹’ 대상·사조CPK 임원들, 오늘 구속영상 심사",Social
훔친 차 몰다 경찰차 들이받고 도주…16살 소년 결국 '구속',Social
약값 벌려고 마약 조직까지 가입… 더 큰 범죄에 빠져드는 중독자들,Social
"약에 취해 살인·방화·난폭운전… 마약, 다른 사람 목숨까지 뺏는다",Social
"권성동, 단서 포착 2개월 만에 구속… 전재수는 4개월 돼서야 소환",Social
천안 시내버스 기사 700명 “난폭운전 근절”,Social
전세버스도 라이더도… 유가 급등에 ‘스톱’,Social
피부과 전문의 2950명인데… 피부 진료 병원은 전국 1만5000곳,Social
오늘 오전까지 전국 비… 서울 벚꽃 금요일 만발,Social
"버스 자율주행 첫 날… 급정거 잦고, 일부 구간 수동운전",Social
[단독] 주유소 앞 100m '장사진'…새치기에 흉기까지,Social
쿠팡 3370만건 유출 이어 배민도…플랫폼 개인정보 관리 구멍 또 드러났다,Social
"60대 중국 동포, 4명에 장기 기증하고 하늘로",Social
“소방시설 신경썼더라면…” 오열한 안전공업 참사 유족,Social
돈 받고 ‘보복 대행 테러’ 30대 구속,Social
‘차 훔쳐 무면허 뺑소니’...경찰차 들이받고 달아난 16살 구속,Social
줄 길어진 주유소서 끼어들기 시비…손도끼 꺼낸 30대 체포,Social
"‘기름값 올라 열받는데’…주유소 새치기에 흉기 꺼낸 30대, 체포",Social
“임신했다” 속여 결혼까지…외도·3억 빚까지 드러난 ‘충격 사연’,Social
기후장관 “종량제 봉투 부족하면 일반봉투 배출 허용”,Social
"“나는 그런 사람 아냐” 10살 아이 안심시키더니…출소 2년 만, 또 아동 노렸다 [오늘의 그날]",Social
완전 자율주행 첫선…어린이구역선 사람이 운전대 잡았다,Social
"LS전선, ‘역대 최대 실적’…AI·전력망 수요 확대 수혜",Social
‘당근’에 올라온 강원대 주차권…네가 왜 거기서 나와?,Social
경찰이 증거 넘겼는데 검찰 성과? 검경 수사 공적 신경전,Social
"""피라미드식 사기 범행"" 주장...'세금 피해' 자영업자들, PG 단말기 공급자 집단 고소",Social
[6·3 지선]민주당 원주시장 경선 임박…토론회 개최 여부 변수되나,Social
"""오색케이블카 사업 양양군 재정 부담 우려""",Social
[단독] ‘쓰봉 대란’ 없게… 재생원료 의무화·일반 봉투 허용도 검토,Social
"[선택 2026 강원] ""국힘 도당 공관위 공정한 후보 경선 촉구""",Social
[선택 2026 강원] 태백 선거구도 속속 윤곽… 공천 경쟁 '치열',Social
[기획 취재] 혜택 막히자 호소로… 춘천시 20대 유입 분투,Social
"김한근 강릉시장 예비후보 ""AI데이터센터 실현 불가능 사업""",Social
"[강원의병 130주년-역사가 된 무명] 4. 13도 창의군의 뿌리, 원주 을미의병",Social
"“취약계층 독거노인, 사람을 만나면 삶의 끈이 이어집니다”",Social
고불매·화엄매 절정…상춘객 발길 이어져,Social
11억 기부 ‘얼굴 없는 천사’ 기념관 12억 들여 짓는다고?,Social
경찰청장 ‘정년 리스크’ 해소… 총경급 이상 고위직 인사시기 ‘관심’,Social
"범죄 위험 빈집 많은 부산, 합동 순찰로 수배범도 잡아",Social
“이틀전 넣어줬는데 그대로” 우유 배달로 고독사 막는다,Social
이상기후 속 영서·영동 벚꽃 언제?,Social
뇌출혈 아버지 숨지게 한 20대…李도 언급한 ‘간병살인’ 비극은 [그해 오늘],Social
윤석열 '이종섭 도피 의혹' 오늘 첫 공판…박성재·심우정도 법정에,Social
"[결혼과 이혼] 시조카와 놀아줬더니⋯""정신연령 비슷해서 잘 노네""라고 말한 동서",Social
[날씨] 31일 오전까지 전국 대부분 봄비…낮 최고기온 21도,Social
"나프타 수급 비상…정부 ""최악 땐 일반 봉투 허용""",Social
김치찌개 3000원·순댓국 3500원…‘거지맵’을 아시나요?,Social
[선택! 6·3지방선거] 부천시 차기 시장 여론조사…여야 가상대결 민주당 우세 속 당내 후보 경합,Social
"[속보] 고유가에 칼부림까지…""감히 새치기해?"" 저가주유소서 흉기꺼낸 30대",Social
사천공항 하늘길 더 활짝 … 섬에어 '사천~김포 신규 취항',Social
쿠팡 이어 배민도…계속되는 플랫폼 기업 정보 유출,Social
국중박 유료 입장으로 전환![어텐션 뉴스],Social
"특검, '선관위 장악' 계엄 2수사단 정조준…김건희 수사팀 조사도",Social
경기 광주 유통공장 화재 2시간 20여 분 만에 초진…2명 대피(종합),Social
"""HMM 본사 부산으로"" 이사회 의결…노조는 즉각 반발",Social
"김부겸 전 총리, 대구시장 출마선언 “국힘 버려야 진짜 건강한 보수가 살아난다”",Social
"""폐기 음료"" vs ""횡령""…청주 알바생 송치 논란",Social
"참전용사에 무료국밥 대접하자…""몇년만에 제복입었다"" 수줍게 문 두드렸다",Social
내 전처랑 전화해? 죽도로 친구 집 난장 만든 50대男,Social
"대구도 밀린다?… 한국일보 ""벼랑 끝 선 국힘"" 서울신문 ""'경북 자민련 될 수 있어""",Social
"'20개월 여아 사망' 친모 기소...""아동학대 살해죄""",Social
"""4월 건보료 연말정산...월급 오른 직장인 더 내야""",Social
'김건희 수사팀' 부른 종합특검...특검보 추가 인선,Social
'대북송금' 수사에 형량 거래?...'녹취록 파문' 쟁점은?,Social
입사 1년도 안 돼 1억 빼돌린 장례식장 경리 검찰 송치,Social
초등생 아들 태우고 음주운전?…단속 피하려다 차 2대 들이받고 도주,Social
"""취직 성공한 50대 경리, 회삿돈 1억 횡령""...결국 검찰행",Social
"""음료 3잔 가져갔다""…알바생 '절도·횡령' 고소한 카페점주",Social
"""최악 상황 오면 일반 봉투로 쓰레기 배출...사재기 멈추라""",Social
주유소 줄 서다 새치기 시비...흉기 협박한 30대 영장,Social
"고유가·물동량 감소에 이중고...""화물차 멈출 지경""",Social
"“임신했다” 거짓말 속아 혼인신고, 알고보니 빚만 3억 있던 아내…채팅방 대화도 ‘충격’",Social
국힘 대구시장 경선 첫 토론…김부겸 대항마는 누구?,Social
"""위험운전·과로운전 줄여야 하지 않나""…월급제 지키려 고공 오른 택시기사",Social
[르포] 서울 기름값 '2000원 시대'…'웨이팅 명소' 된 저가 주유소들,Social
"정부, '12·12 군사반란' 맞선 故김오랑 중령 무공훈장 추진",Social
“5만원 들고는 미안해서 결혼식도 못가요” 축의금 봉투가 머쓱해지는 결혼비용,Social
카페 음료 3잔 가져간 알바생 '횡령 송치' 논란…점주·당사자 공방,Social
“너무 아파서 눈물 나”…40도 고열에 일한 유치원 교사 마지막 메시지,Social
19개월 딸에 음식 안줘 숨지게 한 20대母 ‘아동학대살해’ 혐의 기소,Social
"""식대보다 무서운 보증인원""…다시 뛰는 예식비",Social
[김종석의 리포트]흡연 훈계하자…경찰 부른 중학생,Social
[김종석의 리포트]‘띵동’ 문 여니 떼강도 ‘우르르’,Social
[김종석의 리포트]주유소 순서 기다리다 ‘새치기’ 시비,Social
‘김정숙 옷값’ 무혐의에… 중앙지검장 등 ‘법왜곡죄’ 피고발,Social
“내가 입 열면 뒤집어져”…‘사탕수수밭 살인’ 마약왕 박왕열 고강도 조사,Social
[6·3대구]김부겸 출마선언 날 국힘 6명 후보 '경제정책' 격돌,Social
‘사제들의 스승’ 정하권 몬시뇰 선종,Social
“다음 주 휴원”…갑작스런 통보에 학부모 ‘혼란’,Social
돈받고 남의 집에 인분·래커칠…‘보복 대행’ 30대男 구속,Social
고속도로서 수학여행 가던 버스 추돌…11명 부상,Social
감점 확대·사전 승인으로 ‘납품 지연’ 막는다,Social
[단독] ‘랩계좌’로 몰래 다올증권 수혈…투자라더니 모회사 수천억 지원?,Social
"알바 중 마신 음료 놓고 법적 공방...""절도""vs""공갈""",Social
"내란특검, 尹 '무기징역' 2심에 '노상원 수첩' 항소이유서 제출",Social
“아들 채용해주면 정부지원금 도와줄게”…청년 취업 프로그램서 ‘취업청탁’? [제보K],Social
충북대 총장 선출 추진…‘논란’,Social
"""절도"" vs ""폐기""…음료 3잔 가져간 알바생 '횡령 혐의' 논란",Social
인천서 19개월 딸 영양결핍 사망…20대 친모 '학대살해' 구속기소,Social
"""면허 대여 약국 근무…한병도 원내대표나 배우자가 비난받을 일은 아냐""",Social
"'시한부' 검찰, 인력난 허덕이자…'경력직' 검사 임관 앞당겨",Social
"'해병 순직' 임성근 전 사단장, 보석 요청…""30년 군 생활 감안해달라""",Social
"법무부 ""아니다"" 밝혔지만…""리조트냐"" 난리 난 교도소 조감도",Social
"""'급전 필요한 분' 연락하니 보복 대행""…오물 테러 30대 구속",Social
"초등생 아들 태운 30대 父, 음주단속 보더니 차량 2대 치고 도주…경찰도 부상",Social
‘쓰봉 대란’ 현실로…8일분 남은 전주시 “일반 봉투 쓰세요”,Social
11kg 감량 신봉선이 반한 '방울토마토'…영양은 일반 토마토보다 '풍부',Social
"[단독] 80대 운전 차량, 식당 '돌진'…외국인 2명 등 4명 부상",Social
'천년 국보'에 새겨진 조상의 기록...철당간 찾은 후손들,Social
"정부, 내란 막다 전사한 김오랑 중령에 무공훈장 훈격 추진",Social
"""알바중 음료 3잔 가져갔다고 고소당해"" 합의금만 550만원?…점주 ""우리가 피해자""",Social
‘회유 의혹’ 박상용 “자백·선처 설명한 것”…서민석 ‘추가 폭로’ 예고,Social
"""끼니 해결하러 왔다가 범죄 신고하고 빚 독촉 끝냈다""…화성특례시 '그냥드림' 주목",Social
나프타 대란에 '수출 제한'…여수산단 '버티기 안간힘',Social
"알뜰주유소 새치기 시비 끝 흉기 위협…경찰, 30대 남성 체포",Social
일본군 '위안부' 피해자 할머니 별세…생존자 5명,Social
[뉴스더] 확정판결 뒤집기 논란…'대북송금 사건 거래설' 진실은?,Social
인제 북면서 트럭에 치인 10대 병원이송,Social
"추경호 “김부겸 출마, 대구 위한 선택인가 민주당 전략인가” 직격",Social
"시민단체, 국정조사 찬성 의원 176명 ‘직권남용’ 혐의로 고발",Social
"""너무 아파서 눈물 나"" ""어지러워""…부천 유치원 교사 사망 전 메시지",Social
"[성금내역] 홀로 남은 치매환자 최희준 씨에 2,112만원 전달",Social
"[단독] '단식투쟁' 8일째 김병욱 포항시장 예비후보, 결국 병원 응급실행",Social
"박상용 ""李 표적수사 아닌 당연한 수사""…檢 내부 ""치졸한 음해""",Social
"""5만원 내고 밥 먹었다고 뒷담화""…직장 동료 결혼식 축의금 논란",Social
"이화영 부인, 2년 전 ""형량거래, 서민석이 제안""…그동안 무슨 일이",Social
새벽 3시 30분 '핸들 놓고' 운행…전국 최초 자율주행버스 타보니,Social
도교육감 중도·보수 진영 단일화 물밑접촉,Social
‘중복상장’ 원칙 금지...유탄 맞은 기업들,Social
"[데일리안 오늘뉴스 종합] 장동혁 ""경기 부양용 추경, 경제 성장시킬 수 없어…꼭 필요한 곳 집중해야"", '5월1일' 노동절 법정 공휴일 지정법, 법사위 통과 등",Social
급전 광고에 남의 집 테러 가담…30대 구속,Social
"관저 이전 특혜 의혹 재판서 ""대통령실이 허위 답변 지시"" 증언",Social
"좌회전 '휘청'...도로에 맥주병 수백개 와장창 ""안전 적재 어렵나""",Social
[사건추적] 전국 곳곳에 인분·오물 '보복 대행'…총책 꼬리 잡히나,Social
안전공업 희생자 발인…남은 건 “철저한 조사·처벌”,Social
"[단독] 집주인은 '전직 지점장'···경찰, 해당 금융기관 압수수색",Social
‘관저 이전 특혜’ 건설사 대표 “대통령실 지시로 감사원에 거짓 답변” 법정 증언,Social
19개월 영아 영양결핍 사망…친모 아동학대살해 혐의 기소,Social
19개월 딸 굶기고 놀이공원…20대 엄마에 살해죄 적용,Social
"‘해병 순직’ 임성근 전 사단장, 보석 요청…특검 “여론 왜곡 우려”",Social
"검찰, 생후 19개월 딸 굶겨 숨지게 한 20대 친모 구속기소",Social
"눈물 속 마지막 발인…""반복되지 않게 관심을""",Social
홍장원 전 차장 “계엄 다음날 ‘이재명에 전화’ 제지 받아”,Social
"입사 1년도 안 됐는데…1억 넘게 빼돌린 장례식장 경리, 송치",Social
"추가 구속에도…경찰 비웃듯 ""징역 갈 일 없다""",Social
"[단독] ""새치기?"" 손도끼까지…싼 주유소 찾아 '장사진'",Social
"""삼박자 맞아서 사고""‥사과 대신 '원망'하는 업체",Social
"""집만 사면, 승진만 하면 끝일 줄 알았다""… 중년을 공허하게 만드는 '도착지 중독' [어른의 오답노트]",Social
"[소수의견] 쓰러진 19살, 유독가스 최대치도‥다시 산재 신청",Social
인천서 바퀴 도난당한 BMW “돌 위에 차체만 ㅜㅠ”,Social
"""도주 우려 없다""…'채상병 순직 책임' 임성근, 보석 요청",Social
"""그 사람들 사람 눈이 아니에요""‥학살의 주범은 아직도",Social
“저 안 잊어버릴 거죠”…대전참사 희생자 손녀 눈물의 편지,Social
“연좌제 두려워 말 못한 4·3…” 미신고 희생 아직도 260여건,Social
[단독] '고문 기술자' 16개 상훈 그대로‥경찰 뒤늦게 전수조사,Social
"'李대통령 파안대소'…한준호, 靑 '대통령과 함께한 순간'에 사진 공유",Social
[군산시장 여론조사] 후보 선호도 강임준 현 시장-김영일 전 시의장 '오차범위 내 박빙',Social
"품절대란에…""최악의 경우"" 장관 직접 나서 진화",Social
'폭삭' 주저앉은 내 차‥'바퀴 4개만 쏙' 절도,Social
"우범기 24%, 조지훈 22%, 국주영은 11%.. '가·감점'이 변수?",Social
유희태 36% 이돈승 22%.. 완주-전주 통합 반대 62%,Social
익산시장 여론조사 최정호 39%...격차 더 벌어져,Social
"강임준 22%, 김영일 20% '혼전'.. 이합집산 '주목'",Social
"“자랑하고 싶으셨대요” 제복 입고 국밥집 찾아온 노인, 뭔일",Social
"""대기업 다니는 나와 결혼하려...아내 임신 거짓말에 3억 빚도 있었다""",Social
"휘발윳값 싼 주유소 앞에서 흉기 위협‥""새치기에 격분""",Social
10대 자살·20대 폭력·50대 산재 연령별 달랐던 ‘응급실 간 이유’,Social
90대 노인 출발 열차에 매달려 사망‥ 역무원은 어디 있었나?,Social
"“한남 소리 듣기 싫으면” 번역가 황석희, 성범죄 의혹 속 과거 발언 재조명",Social
"입사 1년도 안됐는데, 회삿돈 1억 빼돌려…50대 경리, 빚 갚으려 범행?",Social
검찰 '형량 거래' 의혹 통화 녹음 다시 따져보기로‥서민석 재소환 방침,Social
"퇴근길 음료 3잔이 '횡령'? 카페 알바생 고소한 점주, 이유가",Social
"[밀착카메라] ""600억을 해놓고, 벌판이야""…'제2 잼버리 우려' 터졌다",Social
도시철도 하단~녹산선 개통 또 차질…이번엔 설계업체 제소 조짐,Social
아이가 무슨 죄?… 부모 손에 86명 희생,Social
대전공장 화재 유족 절규에도… 사측은 ‘묵묵부답’,Social
‘사탐런’ 이어 ‘확통런’… 고3 절반 응시,Social
"2025년 월급 오른 직장인, 건보료 더 낸다",Social
AI 확산에 신입 채용 '뚝'…'취업전선' 청년들의 목소리,Social
"""종량제 없어지면 일반 봉투""...기후장관 사재기 진화",Social
19개월 딸 나흘간 방치하고 찜질방·놀이공원…20대 친모에 아동학대살해죄 적용,Social
"'관저 이전' 건설사측 ""대통령실, 감사원에 허위 답변 지시""",Social
"손님인 척 '강도 돌변' 20대들, 제 발로 다시 현장에…왜?",Social
"배민이 막혀? ""등본 떼면 돼""…'보복 대행' 수사 비웃듯 성행",Social
"내란특검 ""노상원 수첩, 객관적 입증에도 1심은 증거 인정 안 해""",Social
‘아이패드·컴퓨터·플스’ 사망자 물건 훔친 업체 직원…들키자 “조용히 처리해달라”,Social
음료 3잔 가져갔는데…'횡령 vs 폐기' 무슨 일,Social
"[단독] ""왜 빵빵거려, 죽여버린다""…버스 기사 목 조른 40대",Social
"""내 남친 건드렸냐, 죽인다""...동기 때리고 욕설 쏟아낸 대학생의 최후[사건실화]",Social
"""선산이라 개발 불가""라던 양평 땅…수년 간 '전원 주택' 사업 계획",Social
기후장관 “쓰레기봉투 부족 땐 일반봉투 사용 허용”(종합),Social
"4천원 돈까스, 2천원 계란말이...외식 물가 치솟자 거지맵 인기",Social
"""4월 월급 보고 놀라지 마세요""…연봉 올랐다면 건보료 더 낸다",Social
[단독] 공원·광고 비용 1억씩…'전문가 거친 듯' 예상 수익 계산,Social
"'채상병 순직 책임' 임성근 前사단장 ""도주우려 없다"" 보석 요청",Social
"[단독] ""주택 분양 사업, 매출 48억""…'양평 종점' 사업 계획 문건",Social
이 대통령 “4·3 국가폭력 시효 폐지”…제주서 인권·에너지·과기원 청사진 함께 꺼냈다,Social
사라진 입양 골든타임... 우리 둘째는 지금 어디에 있을까,Social
"[속보] ‘김정숙 옷값의혹’ 무혐의 처분에…시민단체, 검사 ‘법왜곡죄’ 고발",Social
“쯔양 ‘먹방’ 후 토한 흔적 봤다” 허위사실 제보女 약식명령,Social
"19개월 딸 방치해 숨지게 한 20대 생모, '아동학대 살해' 檢기소",Social
고급호텔 객실 와인잔 깨뜨렸더니…로비에서 가장 먼저 들은 말은?,Social
"진용도 다 못 갖춘 종합특검, 증원 논란… 주요 수사도 난망",Social
경기 의왕 아파트서 ‘보복 대행 테러’ 30대 구속,Social
"""너무 아파서 눈물 나""…39도 고열에도 출근한 유치원 교사, 결국 사망",Social
‘청주 알바생 커피 횡령 사건’…점주 “억울” vs 알바생 “강요로 죄 실토하게 해”,Social
"‘19개월 딸 굶겨 살해’ 검찰, 20대 친엄마 ‘아동학대살해죄’ 적용",Social
‘보복 대행’ 범죄 기승···의왕 아파트서 ‘인분·래커칠 테러’ 벌인 30대 구속,Social
[단독]음주단속 보고 줄행랑…초등생 아들 태운 아빠였다,Social
"""권력 눈치 보는 듯""…서민위, 김정숙 여사 '옷값 의혹' 수사책임자 고발",Social
'생후 19개월' 딸 굶겨 사망케 한 친모에 '아동학대살해죄' 적용,Social
비닐 대신 종이로 약 포장…세탁소도 한숨,Social
"[단독]국세청, 화천대유 체납에 330억 원 압류",Social
"""독감 걸려 죄송""하다며 고열에도 주말 출근…사망한 유치원 교사, 마지막 카톡엔",Social
'쓰봉' 다음은 '포장용기'?…나프타 수급난에 사재기 조짐,Social
[사건을 보다]옷소매에 숨겨…딱 걸린 손톱 도둑?,Social
주유 행렬에 새치기 시비…흉기 위협까지,Social
여성 혼자 사는 오피스텔에 4명 떼강도,Social
돈 받고 인분 투척·래커 칠…의왕서 또 텔레그램 악용 ‘보복 대행 범죄’,Social
함병선 공적비 옆 ‘바로 세운 진실’…극우 유튜버 또 난동,Social
[현장 카메라]“윷놀이로 600만 원 날려”…공원 한복판 도박,Social
"'관저 이전' 건설사측 ""대통령실서 감사원에 허위 답변 지시""",Social
"유명 프로게이머, 부친 명의 주식거래…국세청 ""세금 회피""",Social
"""칭얼대 화가 났다""…장난감으로 한 살배기 딸 폭행한 40대 엄마",Social
"""술 취한 신부는 아이를 놔주지 않았다""… 혼혈아 학대·해외입양, 진실규명 신청",Social
몸무게 4.7㎏로 숨진 19개월 딸…아동학대살해 20대 엄마 재판에,Social
현관문에 인분 뿌리고 도어락엔 본드…투자사기 신고하자 ‘보복 범죄’,Social
"‘경기도 법카 유용’ 공범 前 비서실장, “지방선거 이후로 재판 미뤄달라”",Social
이 시국에…朴시장 없는 중동 비상대응회의,Social
[친절한K] 대통령 제주 발언 분석…“4·3이 핵심”,Social
입사 1년도 되기 전에 회삿돈 손대…간 큰 장례식장 경리 송치,Social
"19개월 딸 굶겨 숨지게 한 친모, 아동학대살해 혐의 구속기소",Social
[단독] 입양공공기관이 예비 부모에 ‘마루타’?…입양 부모들 분통,Social
한양여대에서 두 차례 불...'방화 혐의' 20대 여성 체포,Social
‘안전공업 참사’ 눈물 마르기도 전에…매운탕·샤부샤부 연찬회,Social
"“3,232억 vs 865억”…웅동사업 ‘확정투자비’ 소송",Social
'19개월 딸 굶겨 사망' 친모에게 '아동학대치사→살해죄' 적용,Social
의왕 아파트서 '보복 대행 테러' 30대 구속(종합),Social
입학식 날 신입생 폭행하고 영상 촬영한 10대들…4명 송치,Social
단속 피해 차량 도주…추격하던 경찰관 사고로 부상,Social
[단독] 사라지는 ‘어르신 손발’… 농촌 별정우체국 84곳 폐쇄,Social
‘한남동 관저’ 건설사 대표 “대통령실 행정관이 감사원에 허위 답변 지시”,Social
"""반도체 산단 애초 계획대로""…경기도민 58.6%, 용인시민 78.2%",Social
채용형 인턴 기간 남았는데… 조기탈락 통보한 대웅그룹 '논란',Social
"“내 전처와 왜 통화해”…죽도로 친구 집 박살낸 50대, 징역형 집행유예",Social
여야 충북지사 공천 극명한 대조…양자대결 속 세결집 명암,Social
"신정훈, 강기정 꺾고 단일후보…與전남광주시장 3강체제(종합2보)",Social
충청민들 '송전선로 건설사업' 집단행동 확산… 백지화 정조준,Social
"검찰, 생후 20개월 딸 굶겨 숨지게 한 20대 친모 구속기소",Social
"‘김정숙 옷값 의혹 무혐의’ 박철우 중앙지검장, 법왜곡죄로 고발당해",Social
담배꽁초 옆에서 영양결핍으로 숨진 19개월 여아…친모 재판행,Social
‘생후 19개월 영아 사망’ 친모 구속 기소…아동학대 살해 혐의,Social
"정원오, 성동문화원장 재임용에 ""吳에게 따져야""…市 ""책임전가""(종합)",Social
"65개 안건중 60번째, 후순위 행정수도특별법…심사 무산(종합)",Social
"추경호 의원, ""김부겸 대구시장 출마는 정청래 대표의 정략적 호출"" 강도 높은 비판",Social
"""끼니 해결하러 왔다 인생의 벼랑 끝 탈출했다"" 화성시 그냥드림의 기적",Social
생후 19개월 딸 굶겨 사망…20대 친모 '아동학대살해죄' 적용,Social
"김정숙 여사 '옷값 의혹' 무혐의 결론 검사, 법왜곡죄 피고발",Social
"고유가에 대중교통으로…""지하철 타면 페이백도""",Social
입학식 날 화장실서 후배 집단폭행·영상 올린 중학생들 송치,Social
“위험한 농촌 고령층… 가장 큰 원인은 ‘해체된 돌봄망’”,Social
"민주당 공천 탈락자, 순천 지역구 국회의원 들이박아",Social
"정성홍 ""단일화"" vs 장관호 ""세과시""…진보 주도권 경쟁 '후끈'",Social
"""가산점 10% 확정"" 문자 논란…이재태 나주시장 예비후보 고발당해",Social
"""대통령실 행정관, '용산 관저 이전 특혜' 감사 허위답변 지시""",Social
요소수·종량제 봉투 충분하다는데…불안은 '여전',Social
“삼풍백화점 때나 지금이나 똑같다”,Social
‘무주·진안·장수군’ 시외버스 절반 멈추나…발 묶일 주민들만 답답,Social
"""잔가지 정리하려다…"" 홍성 산불낸 50대 구속 영장",Social
"김정숙 여사 옷값의혹 무혐의 결론에...시민단체, 검사 법왜곡죄로 고발",Social
"채해병 순직 당시 최선임 지휘관 ""바둑판식 수색, 임성근 지시 아닌 교육""",Social
"19개월 영아 '영양결핍 사망' 친모, 아동학대 살해 혐의로 재판행",Social
"유명 롤 프로게이머, 부친 명의 주식거래… 국세청 “세금 회피”",Social
박철우 중앙지검장 “미제 사건 털어내라”…부실 처분 증가 우려도,Social
"국힘 창원시장 김석기 연일 강기윤 때리기…""더이상 인내 않겠다""",Social
"강기윤 창원시장 예비후보 ""김석기, 네거티브 연장하면 더는 안 참아""",Social
"동탄에 '제4고대병원' 본격 추진…""글로벌 톱티어 병원 도약"" [뉴스+현장]",Social
여야 ‘중동사태 추경’ 내달 10일까지 합의처리 하기로,Social
"국민의힘 대전 서구청장 경선 '파행'…김현호 ""도덕성 붕괴"" vs 서철모 ""허위사실""",Social
"""아예 병가 없다 56.5%""...국가가 버린 사립유치원 교사들",Social
"""음료 3잔 먹었다""…'청주 알바생 횡령' 송치 논란",Social
[단독] 12·12 막다 숨진 김오랑 중령…46년 만에 무공훈장 받는다,Social
비료·농업용 비닐도 '사재기'…전쟁 장기화에 타들어 가는 농심,Social
"우상호 여당 강원지사 예비후보 “도청사 착공 강행, 도민 무시한 것..진입도로 착공식이냐” 맹공",Social
자칫하단 바다 추락… 기장군 항구 안전 대책 ‘허술’,Social
[단독]위조 공문에 허위 계약까지…학교 사칭 사기 확산,Social
"‘1억 공천헌금’ 강선우·김경 재판, ‘부패 담당’ 중앙지법 형사1단독 배당",Social
홍성서 산불 낸 50대 남성 구속영장 신청,Social
"이인선 대구시당위원장, ""대구 정치적 자존감 회복 위해 중앙당 협력”요청",Social
안성 평택제천고속도로서 3중 연쇄 추돌…1명 부상에 차량 정체,Social
"“꽃가루가 폴폴~ 봄이 왔구나”…불청객 ‘알레르기 비염’, 증상 완화 어떻게? [이슈픽]",Social
"강원 신청사 공방…김진태 ""도민 합의로 첫발"" 우상호 ""논란 먼저 해결을""(종합)",Social
‘여고생 3명 사망’ 부산 모 예술고 교장 해임 처분 취소,Social
"김정숙 여사 '옷값의혹' 고발인, 무혐의한 검사 법왜곡죄 고발",Social
"김부겸 전 총리, "" 대구가 국민의 힘을 버려야 한국 정치가 균형을 찾고, 제 자리를 잡을 수 있다""",Social
"李, 제주 타운홀미팅…""4·3해결 더뎌"" 등 도민들은 아쉽다",Social
[내일날씨] 새벽 전국 봄비 계속…오전 그치고 낮 최고 21도,Social
강남 압구정서 80대 운전자 몰던 차 식당 돌진… 4명 부상,Social
'부산글로벌법' 법사위 stop에 박형준·주진우 맹비난,Social
"경인아라뱃길서 남성 시신 발견… 경찰, 부검 의뢰",Social
"'특혜 관저 이전' 관련 대표 ""전 행정관이 감사원에 허위 답변 지시"" 증언",Social
"""완전 자율주행""이라더니...어린이보호구역에서는 해제, 왜",Social
투자사기 신고하자 현관문에 '인분' 투척…인천서 보복 대행 의혹,Social
6·3 경남 기초단체장 선거 대진표 윤곽,Social
"[속보]한양여대 하루 2차례 화재…방화 용의자 체포, 100여명 대피",Social
“나를 가둔 7년 감옥에서 나왔다”…농촌서 ‘자립’ 싹틔우는 은둔청년들,Social
"유명 프로게이머, 부친 명의 주식거래… 국세청 ""세금 회피"" 적발",Social
강기정 '신정훈 선대본부장' 가능하나…광주시장 직무 복귀?,Social
"""백김치만 보면 눈물… 똑똑했던 아들 동가 어디 있니"" [잃어버린 가족찾기]",Social
시의장-지역위원장 고성·욕설 충돌…순천 민주당 내홍 격화,Social
"[영상] ""한국 친구 추억하며""…4명에 새 삶 선물한 중국인",Social
"“엄마 잃고, 나 자신도 찢어져”…‘혼혈’ 입양인 첫 진실규명 신청",Social
'음료 3잔' 횡령 혐의…카페 알바생 검찰 송치 논란,Social
"[단독] ‘특혜 논란’ 여론조사 업체 대표, 김병기에 후원금 건넨 정황",Social
간병인이 입소자 폭행하도록 방치한 80대 요양병원장 벌금형,Social
반려동물 정책 총리실로…노인 입원·가정폭력 ‘보호 공백’ 메운다(종합),Social
′행정수도=세종′ 담은 특별법 심사 국토위 소위 산회로 불발,Social
"부산글로벌특별법 법사위 미상정…박형준·주진우 ""민주당 부산발전 발목 잡아""",Social
"[자막뉴스] 40도 고열' 버티며 출근한 교사…""아파서 눈물 나"" 마지막 메시지",Social
"""쯔양 먹고 토하는 것 봤다""… 허위 제보 대학 동창, 벌금 700만 원",Social
“너무 아파서 눈물”…고열에 출근한 유치원 교사 마지막 메시지,Social
"“정정하다는 말도 부족”…94세 이길여, 또다시 ‘동안 외모’ 화제",Social
[내일 날씨] 오전까지 전국 '비' 이어져… 낮부터 최고 21도 '포근',Social
안성 평택제천고속도로 3중 추돌사고로 1명 부상…차량 정체,Social
"취임 100일 맞은 김종철 방미통위원장 “청소년 SNS 규제, 연령별·단계별 접근 필요”",Social
김부겸 대구시장 등판에 국민의힘 '위기 경보' 발령 총력전,Social
"마포·은평, 폐기물 협력 균열…“공동투자” vs “소유권 무관”",Social
행정수도 특별법 또 멈췄다…후순위에 막혀 '심사도 무산',Social
[주장] 기간제교사 성과상여금 차별 폐지하라,Social
美 '북창동 순두부' 창업자 이태로 회장 별세,Social
"이 대통령 향해 '막말' 김미나, 명예훼손 혐의 또 법정 선다",Social
"""자율주행은 찬성, 새 면허는 반대"" 대구 택시업계 상생 해법 촉구",Social
선거 두 달 남았는데…원주시장 민주 후보군 '원팀' 균열 조짐,Social
"산불, 고기압, 가뭄 때문에 ... 3월 미세먼지, 작년보다 심했다 [영상]",Social
김태균 서울교통공사 사장 취임 첫날부터 현장 행보...“안전 최우선”,Social
“이게 다 맥주병이야?” 울산서 좌회전 트럭 참사,Social
"""尹 내란 1심, 전두환 내란 대법원 판결에도 어긋나"" 특검 항소이유서 제출",Social
"종량제 봉투 가격, 어떻게 정해질까? “봉투 값 아니라 ‘쓰레기값’”[정리뉴스]",Social
한양여대서 하루 2번이나 화재…방화 용의자 검거(종합),Social
"이재명 대통령 ""제주 전기차 100% 전환 목표 앞당겨야""",Social
"""순번표 잡으려 새벽 광클""…대학상담센터 예약 별따기",Social
최저임금 1060원 올렸더니 저임금 노동자 “더 건강해졌다”,Social
"'현직 의원'들의 세 대결로 변질된 민주 경선…단일화인가, 기득권 야합인가",Social
"한양여대서 하루 두 차례 화재…100여 명 대피, 방화 가능성 조사",Social
단일화 실패는 필패…부산교육감 올해 선거 변수도 단일화?,Social
"순천 민주당 경선 후폭풍…컷오프 의장, 국회의원에 욕설 소동 [6·3의 선택]",Social
"""자식 팔이"" 공인의 이태원 참사 막말, 혐오·음모론 키웠다",Social
현장 목소리 반영못한 '친노동 2탄'… 소송대란·고용위축 우려,Social
화장실에 신입생 감금하고 폭행·촬영까지…중학생 송치,Social
양구 국토정중앙면 산불 1시간여만에 진화…강원 사고 잇따라,Social
"‘1억 공천헌금’ 혐의 강선우·김경, ‘부패담당’ 중앙 형사1단독 배당",Social
한양여대 하루에 2번이나 불…방화 용의자 경찰에 붙잡혔다 [세상&],Social
"정유미 검사장, 박상용 검사 '회유·압박' 의혹 반박…""악의적 맥락 왜곡""",Social
‘자식 나눈 사이’ 막말 김미나 창원시의원 또 재판받는다,Social
"닫힌 열차 문 두드리며 따라가던 90대 남성, 선로로 떨어져 '참변'",Social
"글로벌허브도시 특별법…전재수 ""책임질 것"" vs 야권 ""기만 말라""",Social
"명재성 고양시장 예비후보 캠프, 허위사실 유포 혐의 전직 공무원 고발",Social
[자막뉴스] 대통령이 약속한 4.3의 완전한 해결.. 남은 과제는?,Social
"[단독] 르완다 공무원 초청 연수 기획사, 강사료 뻥튀기",Social
무서운 여중생들…입학식날 신입생 집단폭행하고 SNS 올려,Social
신입생 후배 폭행하고 촬영·SNS 게시…중학생 4명 송치,Social
서울대의 고육책…'AI 석학' 모시는데 연봉 3억,Social
"마지막 2015 교육과정 입시, ‘2027 대입’ 대비 체크포인트",Social
"숨진 '독감' 유치원 교사, 출근 말리는 부모에...""나오지 말라고 안 하는데""",Social
"고대의료원, 동탄에 'AI 네이티브 병원' 설립",Social
“왜 이렇게 칭얼대!” 카페서 1살 딸 얼굴 장난감으로 수차례 때린 母,Social
'아아' 등 음료 3잔 가져간 알바생 '횡령 혐의' 송치 논란,Social
"'광주-나주 광역철도 무지' 비판에…민형배 ""예타도 실패한 사업, 정쟁 말고 대안 찾자""",Social
“숨쉬기 너무 불편해”…‘독감 사망’ 유치원 교사가 남긴 카톡,Social
[내일 날씨]광주·전남 31일 새벽까지 비…해안가 강풍 주의,Social
"""폐업하려면 2억, 그저 버틸 뿐""…벼랑 끝에 선 사장님 '눈물'",Social
‘노포~북정 왕복 48분’ 기관사 없는 무인 운행… 주거 지역 지날 땐 차창 자동 흐림,Social
"""세계가 주목하는 대학으로 도약""…'학생 3만명' 강원대 통합 비전 선포식 개최",Social
"""부산 볼모 vs 필요한 절차"" 시장 후보군, 특별법 두고 공방",Social
"'중학생 흡연 제지'로 신고 당한 유튜버⋯경찰 ""그냥 상대하지 마시라"" 대응",Social
"'1억 공천헌금' 강선우·김경, '부패담당' 중앙 형사1단독 배당",Social
"항로 이탈 vs 수심 변화, '359명 대피' 한강 유람선 좌초 원인 공방",Social
"""벨 누르고 들어가""…40대 女 집에 침입해 강도 행각 벌인 4명의 男",Social
“마스크 쓰고 가겠다”…고열 출근 후 사망한 교사가 남긴 메시지,Social
"'제2의 남부발전' 찾는다…노동부 ""직원 복지기금 유용 전수조사""",Social
기름값 싼 주유소 새치기 차량 시비에 흉기까지,Social
"서울시 “민주, 사고 유람선 ‘한강버스’로 거짓 선동…도 넘어”",Social
"정부 ""쓰레기 봉투 부족시 일반 봉투에 버리도록 허용…종량제 봉투 가격 인상도 없을 것""",Social
"고대·연대, ‘학술 용병’ 의혹 부인…“대학 평가 편법 없었다”",Social
"김동연 ""민선 9기 되면 복지국을 복지실로 확대할 것""",Social
"'JMS' 정명석, 황제 수감생활?…대부분 독방서 지내",Social
20대 틱톡커 살해·시신유기 징역 40년…검찰·피고인 쌍방 항소,Social
"[단독] 미래 내다본 것처럼 '김건희 일가' 양평 주택분양사업 구체적 계획…""매출 48억, 이익 17억 예상""",Social
[현장영상] '쾅쾅쾅' 들이받고 튀어 오른 차량…12대 연쇄 추돌 사고 발생한 이유,Social
담배 피운 중학생 계도하다 되레 '신고' 당한 격투기 선수,Social
[단독] 공동현관 비번 뚫고 ‘보복대행’ 한 20대 구속송치,Social
"강남 압구정 음식점으로 승용차 돌진‥""운전 미숙""",Social
“비닐·플라스틱 수량 제한합니다”…자영업 현장은 이미 ‘비상’,Social
"에이비엘바이오, 美 네옥 바이오에 377억 추가 투입…이중항체 ADC 임상 가속화",Social
"제주서 12번째 타운홀 미팅 이 대통령… “해저터널은 반대, 제2공항은 도민 판단”",Social
"성북구, 장위뉴타운 장위13구역 12년 만 사업 재추진",Social
[6·3강릉]'후보사퇴 강요' 수사할까?…경찰·선관위 고발장 접수,Social
"""누구 말이 진실"" 경찰, 금품수수 혐의로 장세일 영광군수 딸과 전달자 '압수수색'",Social
"중2 횡단보도 흡연 제지하니 ""왜 찍냐"" 욕설…명현만 앞에서도 돌변",Social
대치동 은마 실거주 몇 명인지 전수조사했더니... 충격적 결과,Social
강남 압구정서 80대 운전자 몰던 차량 식당 돌진…4명 경상,Social
"현관문에 똥 뿌리고, 비방 전단 살포…사기 피해 신고했더니 보복테러",Social
"방미통위원장 ""지상파와 JTBC 중계권 협상 가시적 성과는 없지만…""",Social
재판소원 사전심사 통과 '0건'…무더기 각하 이유 봤더니,Social
"프로게이머, 아버지 명의로 주식 투자하다 결국...",Social
대구 자율주행 택시 시대 '임박'…물류 실증 거쳐 여객 운송까지 확대,Social
"“자원순환센터 188억 분담했다”…마포구, 은평구에 소유권 소송",Social
대통령도 호응한 ‘고문 수사관’ 상훈 취소···7년 전 시민사회도 “정부가 나서야” 주문,Social
"에이비엘바이오, 네옥에 377억 투자…""ADC연구 가속화""",Social
"메가스터디 ""풀서비스 이용자 절반 ‘확통’ 선택…'사탐런' 현상 지속""",Social
한강 유람선 좌초가 쏘아 올린 ‘6·3 지방선거’ 전초전,Social
투자사기 신고했더니 ‘인분 투척’…인천서 보복 범행 의혹,Social
‘188억 분담했는데 단독등기’ 마포구 “은평구 상대 소유권 소송”…은평구 “소유권과 무관”,Social
'안전공업 참사' 희생자 영면…유족 '책임자 처벌' 촉구,Social
"오세훈, 허민 유산청장과 만났다…세운구역 ‘이견’ 조율",Social
"'1억 공천헌금' 강선우·김경, 서울중앙지법 형사1단독 배당",Social
전국 흐리고 오전까지 비…낮 최고 21도 '포근'[내일날씨],Social
"종합특검, ‘수사2단’ 범죄단체조직죄 입건…노상원 정조준",Social
3월 마지막날 오전까지 봄비…예년보다 포근하고 대기질 회복,Social
"기름값 상승에 출퇴근 부담...""대중교통 이용 늘고 교통량은 줄어""",Social
"현직 경찰관 아내, ‘재개발 분양권’ 미끼로 16억 가로챘다",Social
"경찰, 조정훈 의원 공천헌금 의혹 수사…측근 소환",Social
대한항공 2000억 투자…‘항공우주 거점’ 그리는 서부산,Social
"""이불 까세요"" ""준비하세요"" 원장 신부의 참혹한 지시",Social
"""전기료 차등화해야 지방에 기업 몰려올 것""",Social
"""독감 걸려서 죄송합니다""…사망한 부천 유치원 교사가 원장에게 보낸 메시지",Social
호르무즈 해협 실습 선원 추가 하선…하선 도미노 현실화,Social
"""누적 적자만 4억"" 서울에서 동네 목욕탕이 사라지고 있다",Social
"[더세종] 행정수도특별법, 후순위 심사... 세종시민 ""잔뜩 기대했는데···""",Social
교통대 통합 또 수렁…다시 내홍에 휩싸인 충북대,Social
"대한항공, 부산에 2000억 투자…""항공우주 공장 신설""",Social
"대북송금 녹취록 파장…""검찰 부적절한 플리바게닝"" vs ""與 싸구려 삼류 정치공세""",Social
"입학식 날 신입생 폭행·영상 찍고 협박한 여중생들, 檢송치",Social
"박광운 영종구청장 예비후보, 인천공항 통합 반대 1인 시위",Social
"'12년만 시장 출마' 김부겸 ""국힘 바꾸고 싶으면 김부겸 찍어달라""[영상]",Social
"""최저임금 노동자 10명 중 9명, 최소 생활비 미달""",Social
"“고려대 동탄병원, AI 기반의 스마트 병실 선보일 것”",Social
"광주시, 종량제봉투 3~4개월분 재고 확보…“사재기 자제”",Social
"[단독] 기름값 싸서 몰리더니…""왜 새치기하냐"" 흉기까지",Social
'무료 관람' 끝...국립중앙박물관 내년부터 '전면 유료화' [지금이뉴스],Social
"""육동한 춘천시장, 현직 장막에 숨지 말고 토론 참여하라""",Social
"쓰리에이치, 공군에 3H지압침대 50대 기증… 조종사 건강 지원",Social
"입양 아동이 '물량'?... 고개숙인 아동권리보장원장 ""부적절 발언 송구""",Social
“중위소득의 절반도 못번다”…100명중 15명 빈곤선 이하,Social
베를린장벽도 광화문 감사의정원에…오세훈 “깊이 감사”,Social
"""부동산 업무인 줄""…보이스피싱 수거책, 무더기 징역형",Social
'20대 잠수부 사망' 울산 조선소 하청업체 대표 구속 송치,Social
"최민호 세종시장, 국회 국토위 찾아가…행정수도특별법안 조속 처리 요청",Social
"신정훈, 강기정 제처고 단일후보로…전남광주통합시장 민주당 경선 3강 체제 재편",Social
“알고 보니 중국산” 57억원대 ‘○○○’ 국산으로 둔갑…딱 걸렸다,Social
"오세훈 ""'감사의 정원' 5월 준공...석재 보내준 각국에 감사""",Social
"“대기업 다니는 나와 결혼하려 임신 거짓말 아내, 3억 빚까지”",Social
한신대 학생들 “‘강제출국’ 검찰 수사 부실…총장 책임 밝혀라”,Social
“종량제봉투 부족하면 일반 봉투 허용할 것”,Social
"김태균 서교공 신임 사장 ""최우선 가치, 직원과 시민의 안전""",Social
"“188억 분담했는데 단독등기?”…마포구, 은평구에 소유권 소송",Social
"""쓰레기 봉투 부족 심각해지면 일반 봉투 허용""",Social
민주당 충남지사 후보 이번 주말 본 경선…'신경전' 최고조,Social
SNS 막말 논란 김미나 창원시의원 재판행,Social
"초등생 볼 당긴 야구감독 벌금형…운동장 100바퀴 '뺑뺑이' 지시는 무죄, 왜? [디케의 눈물 361]",Social
"6·3선거 출마자, 민주당 전남도당 공천배제에 분노 표출",Social
"강원도 신청사 착공식 ""69년 만 이전"" vs ""5천억 경제살리기에""",Social
[영상] 과자 하나에 4만원대?···4월에 재출시하는 한정판 과자 [유행보고서 EP.2],Social
"""장애인 식탁 아래서 기어다니게 해"" 마포 시설서 이용자 학대 의혹 제기",Social
"""술 취했다는 이유만으로 감형 못해""…법원, 지인 살해하려한 60대 지탄",Social
"배민서 빼돌린 고객 정보로 '보복 대행'…""채용기준 강화하겠다""",Social
"`1년 3개월 공백` 경찰청장, 인선 속도내나…정년 리스크 해소",Social
"짜장면 21그릇 싹싹 비워 놓고⋯""이물질 나왔어요"" 환불 요구한 손님",Social
이명구 관세청장 “미화 1만 불” 자진신고 캠페인,Social
"인천공항, 비행기 45초당 한 대 씩 뜨고 내린다… 세계 8위 수준",Social
"권태호·지역주민 ""울산 중구 학성공원 물길 복원, 조속히 추진해달라""",Social
[오늘의 운세] 3월 31일 화요일 (음력 2월 13일 甲辰),Social
엎어둔 ‘술잔’…MZ세대가 음주 덜 하는 이유,Social
청라하늘대교 개통 후 민원 급증… 인근 심야 고소음 오토바이 제한,Social
"경찰, ‘국힘 조정훈 공천헌금 의혹’ 내사 착수… 2500만 원 수수 의혹",Social
강남 압구정서 80대 운전자 차량 식당 돌진...4명 부상,Social
인천 벌말교 인근서 시신 발견…부검 의뢰,Social
"강선우·김경, '대장동 일당 무죄' 선고한 중앙 형사1단독 배당",Social
서울 꽃구경 명소는?…서울관광재단이 소개하는 '봄꽃 명소',Social
"홍성 산불 방화 혐의 50대, 자택서 '쿨쿨' 체포…""기억이 없다""",Social
"대전시, 천변도시고속화도로 원촌육교 전면 통제",Social
"경찰, 국힘 조정훈 ‘공천헌금 의혹’ 내사…마포갑 시·구의원 줄소환",Social
"마포구 VS 은평구, 폐기물 시설 소유권 분쟁 법정으로",Social
"오세훈 “불출마나 무소속 출마, 상상해본 적도 없다”",Social
"“너무 아파 눈물 나”…39.8도 고열에도 일하다 숨진 20대 유치원교사, 마지막 메시지",Social
"다음 주 벚꽃 '분홍 물결' 절정…변수는 봄비 소식, 만개와 겹칠 수도",Social
"한양여대 잇따른 화재로 100명 대피...경찰, '방화 가능성' 수사",Social
"“쯔양 ‘먹토’ 목격” 허위 제보한 대학 동창, 결국 벌금 700만원",Social
국밥 한 그릇 대접했더니…제복 입고 가게 찾아온 참전 용사,Social
노영민-한범덕 vs 신용한-송기섭 손잡나…민주당 충북지사 결선 코앞,Social
"""닭고기 50억 사기 의혹""...경찰, 가공업체 직원 수사",Social
"“안돼, 가지마 살려내”…안전공업 화재 희생자 오열 속 마지막 발인",Social
"'1칸당 1명' 트램펄린에 뛰어들어 다친 아동…법원 ""시설도 책임""",Social
“용산 행정관이 21그램 감사때 허위답변 요구…문구까지 지시”,Social
정원 줄이는 미충원 대학에 최대 10억원 지원…‘특성화 인센티브’도 신설,Social
"""중2 흡연 훈계했더니 신고""…190㎝ 격투기 선수도 당했다",Social
"관세청 ""외화밀반출 꼼짝마""…전담부서 인천공항에 2곳 신설",Social
"'성범죄 의혹' 황석희, 2일 전 ""딸 아빠"" 내세워…누리꾼 ""실망""",Social
[더 라이프이스트-김영헌의 마중물] 시니어의 귀환,Social
신입생 화장실에 가두고 뺨때린 여중생들…입학 첫날부터 학폭,Social
"'20대 여성 틱토커 살해·시신유기' 50대 男, ""단죄 받아 마땅하다""더니⋯징역 40년에 '항소'",Social
"광주교도소, 제69대 박경선 소장 취임",Social
"""재혼 대신 '리얼돌'과 살면 어때?"" 돌싱에게 물으니…뜻밖 결과",Social
[기자수첩] 퇴직연금 수수료 몇만 원일까…숫자로 직접 본다,Social
"“쯔양 ‘먹고 토하기’ 봤다” 허위사실 제보자, 대학 동창이었다…벌금형 약식명령",Social
"""이럴 땐 어떡해야 해?""...부천 유치원교사 사망 전 메시지",Social
“나이 들어서 그런가” 허리 통증 단순 나이 탓?…“NO”,Social
"오세훈 ""대통령보다 5선 서울시장 원해…당에 바라는 것 없어""",Social
'성범죄 전과 의혹' 번역가 황석희…SNS에 입장 밝혔다,Social
"이재명 대통령 ""국가폭력 범죄 공소·소멸 시효 폐지... 나치 전범처럼 영구 처벌""",Social
국민의힘 경북지사 경선 '진흙탕' 공방…토론 앞두고 난타전,Social
"""5천만원 투자사기 신고하자 인분 투척""…인천서도 피해 신고",Social
"43년간 600회 헌혈한 60대 남성… ""만 70세까지 하는 것이 목표""",Social
사탐런 이어 '확통런' 급증…3월 학평서 수험생 절반 응시,Social
“어디서 새치기야” 차량 몰린 주유소 ‘칼부림’까지 벌어졌다 [세상&],Social
[자막뉴스] 성폭행범에 웬 '저명인사 명예보호'? 10년 내내 독방 '특혜' 받은 JMS,Social
더불어민주당 원주시장 후보 토론회 개최 합의 불발 놓고 시끌,Social
'대북 송금' 수사 검사 반발에 녹취 추가 공개 예고…진실게임 돌입,Social
"""사재기 안해도 된다""…정부, 종량제 봉투 부족할 땐 일반 봉투 허용",Social
"이 대통령, ‘제2공항’ 즉석 찬반 묻고 “여러분이 잘 판단하시라”···장외선 찬반 단체 집회",Social
글로벌허브도시법 두고 박형준·주진우·부산시당 전방위 민주당 비판(종합),Social
"""너무 아파 눈물""…'고열 출근' 교사 사망 전 남긴 메시지",Social
"고유가에 화물차 기사들 한숨만...""멈춰야 할 수도""",Social
"이 대통령·김현지 실장 겨냥 ‘막말’…김미나 창원시의원, 불구속기소",Social
“내 BMW 바퀴 통째로 사라져”...인천 주차장서 벌어진 황당한 일,Social
출발한 열차 문 두드리며 따라가다…90대 선로 추락해 참변,Social
“민주당은 민주주의 버렸다” 김태성·정광호 조국혁신당 전격 입당,Social
"경찰, 인형뽑기 가게 돌던 10대 무리 1600만원 훔친 혐의로 체포",Social
프로포폴 투약 운전자 추궁했더니…공급자가 '동물병원 원장',Social
"국민의힘 대구시장 예비후보 윤재옥 ""지역구에 자택 있다""",Social
"맞벌이 부부 가사·돌봄, 여성이 남성 2.9배…성평등 갈 길 멀어",Social
"""제주를 탄소중립 개척지이자, 인공지능 인재 육성 허브로""",Social
2026북중미 월드컵도 제대로 못 볼까…중계권 독점JTBC와 지상파 3사 협상 난항,Social
"서울시, 광화문광장 ‘받들어총’ 조형물 4월 말까지 설치한다",Social
중학생에 '길거리 흡연' 지적했다가...되레 신고당한 명현만 [지금이뉴스],Social
홍대 인형뽑기방 5곳 턴 10대 일당 검거…현금 1600만원 훔쳐,Social
"“여성 혐오 반성하자”더니 성범죄 전력?…황석희 번역가, SNS엔 “초등학교 입학 앞둔 딸 아빠” 게시물",Social
"신정훈, 강기정 꺾고 단일후보…與 전남광주시장 3강 재편(종합)",Social
"입학식 날 화장실서 집단 폭행, 영상 올린 여중생들 송치",Social
"[단독] 서울대, AI 석학 5명 데려온다…연봉 3억 걸고 AX '대수술'",Social
"롯데자이언츠 승리하면 이자도 '쑥'…부산은행, 가을야구 예·적금 출시",Social
10대 자살·20대 폭력·50대 산재·70대 추락…연령별 ‘손상 패턴’,Social
중동 여파로 현수막·공보물 값 줄줄이↑…광주 군소정당 어쩌나,Social
"이 대통령에 막말한 김미나 창원시의원, 결국 재판행",Social
"오세훈, 국가유산청장과 회동…세운4구역 관련 TF 곧 구성",Social
"안전공업 화재 계기…대전시, 산업단지 전수조사·제도 개선 착수",Social
무면허 만취 상태로 말소 BMW 운전하다 사고 낸 30대 불법체류 태국 여성 구속영장,Social
'산부인과' 전문의 42%는 전공외 진료…분만은 12% 불과,Social
이원택 “지지율 떨어진 적 없다”…경선 ‘결선 변수’ 자신감,Social
환자 폭행 학대한 간병인 ‘관리·감독 소홀’ 책임… 요양병원장 벌금형,Social
"시민단체, 김민석 국무총리 고발…'12·29 여객기 참사' 직무유기 혐의",Social
호르무즈 발 묶인 韓실습선원 1명 추가 하선…175명 남았다,Social
[단독]16년 만에 한국 왔다 붙잡힌 외국인 카드 위조범,Social
"""여기가 밥값 제일 싸다"" 거지맵이 알려준 최저가 식당은…[오목조목]",Social
신용한 “명태균 고소…이번 주내 맞고소할 것”,Social
"육군항공학교, '한국 회전익기 전시회' 성황…아파치·수리온 총출동",Social
"이철우·김재원 예비후보, 감정선 자극하며 '극한대립'",Social
김일윤·임인배·김석준 전 의원…국민의힘 김재원 경북지사 예비후보 지지선언,Social
경남교육감 진보 단일후보에 송영기 선정…전창현 사퇴 후 공동본부 합류,Social
"한국서 20년 산 60대 중국인, 장기기증으로 4명에 새 생명",Social
신상공개 범죄자 80%가 무기징역…'범죄 예방' 실효성 의문,Social
"[단독] 전재수, 내달 2~3일 경 부산시장 출마선언",Social
술자리서 지인 살해하려 한 60대…항소심도 징역 6년,Social
"“쯔양 ‘먹토’ 봤다” 허위 제보한 대학 동창, 벌금 700만원 처분",Social
"오세훈 ""서울 시민들과의 약속 지키는 것이 지금 나에게 가장 중요""",Social
"""기억이 없다"" 홍성 산불 방화 혐의 50대 긴급 체포해 영장",Social
"""방화범 있다"" 잇단 화재…한양여대 '발칵'",Social
여성 혼자 사는 집에 강도 4명 침입…“벨 누르고 들어가”,Social
"섬에어, 사천공항 신규 취항…사천~김포 하루 4회서 12회로",Social
'재개발 투자 미끼' 16억원 사기극..50대 항소심도 실형,Social
7년 갈등 마침표 찍나… 분당수서로 소음 해법 ‘쏠린눈’,Social
망한 투자에서 시작된 8년의 동행,Social
"20대 女틱토커 살해하고 시신유기, 징역40년…쌍방 항소",Social
"돈까스 4000원, 순댓국 3500원 '거지맵' 뭐길래…""고물가 시대에 필수""",Social
"오세훈, 광화문 '감사의정원' 석재 기증 9개국 외교단 초청",Social
중동해역에 발묶인 선원들…전쟁 장기화에 하선 잇따라,Social
"종합특검 '金여사 도이치 사건 무마' 수사팀 조사…""인력 충원""",Social
"한양여대 화재로 100여명 대피…경찰, 방화 용의자 조사",Social
“문제는 뱃살이야”… 통풍 부르는 ‘고요산혈증’ 위험 ↑,Social
"""가난·압박 속 강제 이별""…혼혈 입양인들, 진화위에 진실규명 신청",Social
용인 반도체 국가산단 이전 논란···여론은 “원안 추진이 답”,Social
"부산경찰청, 31일부터 부산 서면 일대서 이륜차 광역단속",Social
'분양권 투자 사기' 16억 가로챈 경찰관 아내…항소심도 징역 5년,Social
"""너무 아파 눈물, 미치겠어""…숨진 유치원 교사가 남긴 메시지",Social
"서울시 ""성동문화원 '성범죄자 재임명'은 자치구 책임...정원오에 유감""",Social
"부산소방, ‘라이프세이버’ 신설… 현장 영웅 예우 강화",Social
구자열 '토론 불참'…민주당 원주시장 경선 균열,Social
18세 이하 ‘비질병 사망’ 54%가 자살…자해·자살 시도 9년새 6.5배로,Social
"국힘 창원시장 '컷오프' 반발…박성호, 효력정지 가처분 신청",Social
"오세훈 ""서울 지키기 최우선…당 변화 없인 보수 재건 어려워""",Social
미스대구 후보 사전합숙 성료…다음달 12일 '미스 대구' 뽑는다,Social
"이유 없는 두근거림 반복된다면 ... 부정맥, 언제 의심해 봐야 할까?",Social
"'국가폭력범죄 시효 배제', 이번엔 위헌 논란 넘을까",Social
사천∼김포 새 하늘길 열려…섬에어 하루 왕복 4회 신규 취항,Social
"삼천당제약 ""먹는 당뇨·비만약 제네릭 美라이선스 계약""",Social
'청풍호 바람달정원' 벚꽃축제 기간 맞춰 특별개장,Social
4월 건보료 추가되나... 작년엔 62%가 평균 20만원 더 냈다,Social
'국보급 레전드' 박찬호...시구 하나로 전한 깊은 메시지 [현장영상+],Social
"섬에어, 사천~김포 항공노선 정기 운항 시작…하루 왕복 4회",Social
"기후부장관 ""종량제 부족 시 일반봉투 배출 허용…사재기 불필요""",Social
"'쓰봉 사재기' 진화 나선 김성환 장관… ""부족할 땐 일반 봉투에 버리는 것도 허용""",Social
김진태 “획기적 도약 전기” 강원 신청사 착공식…우상호·정의당 반발,Social
"기후에너지부 장관 ""종량제 봉투 부족시 일반 봉투 사용 허용""",Social
"종합특검 ""'김건희 수사 무마' 검찰 수사팀 조사",Social
전처와 통화했다고 죽도로 친구 집 부순 50대,Social
"김종철 방미통위원장, YTN 파행 사태에 ""법 취지 존중돼야, 유감""",Social
"서울시 ""성폭력 혐의 성동문화원장 재임용 깊은 유감""",Social
종합특검 “‘김건희 수사무마 의혹’ 관련 검찰 수사팀 조사”,Social
‘37위에 0-4 완패’ 월드컵 어쩌나…JTBC-지상파 협상 또 결렬,Social
"금강수목원 민간매각 갈등 격화…""공공 숲으로 보전해야""",Social
대전 남부순환고속도로 구봉터널서 5중 추돌사고…6명 부상,Social
경찰 아내가 분양권 사기로 16억 '꿀꺽'…2심도 징역 5년,Social
"'성범죄 전과' 황석희 ""무해한 사람 아냐, 실망할 날 올 것""…재조명",Social
"'1억 공천 헌금' 강선우·김경 사건, 중앙지법 형사1단독 배당",Social
오세훈-허민 지난주 회동…·종묘·세운4구역 갈등 풀리나,Social
강남 아파트 등 247채 굴리며 세금 빼돌려… 임대업자 세무조사,Social
입학식 날 후배 폭행 촬영해 SNS 올린 중학생들 송치,Social
평택 물류창고 ‘수백억 부담금’ 대기업 갑질 의혹 파장,Social
“쯔양 먹고 토하는거 봐” 거짓제보 동창 벌금 700만 원 [자막뉴스],Social
대전남부순환고속도로서 승용차와 중학교 체험학습버스 추돌…학생 등 6명 이송,Social
"""수준 낮은 토론 지켜봐야 하는 광주·전남 시민 불행""",Social
"[속보] 새벽 3시 여성 홀로 사는 집에 ‘딩동’, 문 여니 20대 떼강도 닥쳤다",Social
'연분홍 물결 시작' 여의도 윤중로 벚꽃 개화 [뉴시스Pic],Social
"안전공업 64살 베테랑…생전 “불 잦아, 회사 돈 많은데 비품 안 사주네”",Social
신정훈 단일화 효과 통할까…민주당 특별시장 경선 판세 '출렁',Social
[단독]가족 돌보느라 지각·결석·결근···하루 8시간 ‘독박 돌봄’ 시달리는 청소년·청년들,Social
기후부 장관 “쓰레기봉투 부족시 일반 봉투에 버리게 허용”…마트·편의점 일부는 구매 제한,Social
“원인 모를 발달장애” 실마리 풀었다…유전자 ‘읽기 오류’가 범인,Social
"행정수도특별법 또다시 뒷순위, 세종시민 기대에 '찬물'",Social
"""결혼식에 2천만 원 사용""…줄어들던 결혼 비용 다시 올랐다",Social
유명 번역가 황석희 성범죄 전과 의혹 제기에 “변호사와 검토 진행 중” 법적 대응 예고,Social
"의정부 도심 하천에 때이른 녹조…""이상 고온 원인 추정""",Social
"종합특검, 비상계엄 당시 '선관위 체포조' 의혹 본격 수사",Social
"종합특검 ""'김건희 수사무마' 당시 검찰 수사팀 조사""",Social
싼 식당 정보 공유 ‘거지맵’ 눈길…지갑 얇은 청년들 몰려,Social
"경찰, '이진숙 모욕 혐의' 최민희 불송치",Social
"'쯔양, 먹방 하고 온 날 토한 흔적 목격'…유튜버 주작감별사에 허위제보한 대학 동창 벌금 700만원 약식명령",Social
"""재개발 아파트 투자해""…분양권 미끼로 16억 사기 50대",Social
"진성준 ""부동산 보유세 인상, 7월 세제 개편 포함 가능성 상당""",Social
"""위기의 대구·경북, 정치·경제 혁신으로 신경제권 창조할 때다""",Social
"전국 최초 '1도 1국립대'…""세계가 주목하는 대학으로""",Social
"""최저임금 노동자 10명 중 9명, '생활비 부족'·'월 250만 원'은 받아야""",Social
"'전처와 통화' 분개, 죽도 휘둘러 친구 집 부순 50대 '징역형'",Social
민주 부산시장 경선 일정 확정…전재수·이재성 2파전,Social
39.8도 고열에도 출근… 결국 사망한 20대 유치원교사,Social
국민의힘 창원·의령 공천 경쟁 진흙탕 싸움,Social
기름값 저렴한 주유소서 줄 서있다 끼어든 차량에 화가 나 흉기 꺼내 위협한 30대 구속영장,Social
"""쯔양 '먹토' 봤다"" 허위 제보한 대학 동창…벌금 700만 원",Social
[이슈플러스]제네릭 쏟아져도 가격 그대로…“경쟁 없는 시스템 바꿔야”,Social
[이슈플러스]약가 인하에 중소·중견제약사 R&D·고용 우려 확산,Social
"탈 많은 울진 스카이레일 또 멈췄다…""정기 안전검사 통과 못해""",Social
"“우울증 힘들어 술 먹다가…” 감형 노린 살인미수범, 항소 기각",Social
"1원 단위 택시비 정산, 할인 공구... 치솟는 물가에 '체리슈머'된 대학생들",Social
“예식장 진작 잡을걸”…결혼비용 다시 상승세 전환,Social
'춘천·강릉·삼척·원주 멀티캠퍼스 구축' 강원대 통합 비전 선포,Social
"경찰, '이진숙 모욕 혐의' 최민희 무혐의 불송치",Social
"""예식장 식대 1인 약 12만원""…결혼식 비용 다시 뛰었다",Social
차량 급정거 시비 붙자…쇠파이프 들어 머리 공격한 60대,Social
“건물 내 방화범 있다” 한양여대 화재 100여명 대피…용의자 조사중,Social
"아동권리보장원, '물량' 발언에 ""사과…조직 쇄신할 것""",Social
"오세훈 ""민주당만 아니라면 어떤 정파·인물이건 통합정치 필요""",Social
종량제 봉투 대란에…기후장관 “최악 땐 일반봉투 배출 허용”,Social
'무료' 국립중앙박물관 끝…19년 만에 유료화,Social
"전북도, 방산 첨단복합소재 밸류체인 구축…16개 기관 뭉쳐",Social
"종합특검 ""노상원 '수사2단' 범죄단체조직죄 입건 예정""(종합)",Social
"화성시, 내달 개인택시 63대 신규 면허 발급 신청 접수",Social
여성 혼자 사는 집에 들이닥친 4인조 강도…이웃이 살렸다,Social
팹리스 기업 대구로 집결…실증부터 상용화까지 반도체 생태계 구축,Social
대한항공 부산테크센터에 2000억 투자…무인기 신규공장 추진,Social
20대 여성 틱토커 살해 후 유기한 50대 1심 '징역 40년' 불복…쌍방 항소,Social
25t 트럭 맥주병 와르르…유리 파편 흩어져 도로 마비,Social
“흙 만지고 꽃 심고”…도심 속 숲에서 자라는 아이들,Social
"경찰, 국힘 조정훈 '공천 헌금 의혹' 내사… 마포갑 구의원 소환 조사",Social
퇴계선생 마지막 귀향길 재현행사 개막,Social
"가로등 박은 30대, 차에선 '주사기 145개'…프로포폴 준 동물병원 원장 구속",Social
고유가 속 주유소 새치기 시비에 흉기 위협까지,Social
"김부겸 등판, 보수텃밭 대구출렁…""국힘버려야 보수산다""",Social
"'이태원 막말' 김미나 의원, 李대통령 명예훼손 혐의로 재판행",Social
"송영기 경남교육감 예비후보, 시민연대 진보교육감 단일후보 확정",Social
"“아파서 눈물”…39도 고열에도 출근, 유치원 교사 끝내 사망",Social
이철우·김재원 '지역 유력인사 지지선언 받기' 경쟁 치열,Social
"""188억 분담했는데 단독등기""…마포구, 은평구 상대 소유권 소송(종합)",Social
"불 껐는데 또 불났다…""100명 긴급대피"" 한양여대 발칵",Social
"'대기업男'과 결혼하고 싶어서…""임신했어"" 거짓말에 3억 빚도 숨긴 여성",Social
"은평구, 마포구의 소송 제기에 ""유감…강경 대응할 것""",Social
김부겸 출마에 요동치는 대구 민심… '미워도 다시 한번' 불문율 깨지나,Social
불광사 분쟁을 넘어 한국 불교 '승가 우월주의'를 묻다,Social
HMM 본사 부산 이전안 이사회 통과…노조 '주총 저지' 전면전,Social
"""신도회장이 아니라 법회장... 불광사 문제는 구조의 충돌""",Social
반년 넘게 이어지는 김병기 수사···‘결정타 부족’ 때문이지만 ‘봐주기 수사’ 비판도 계속,Social
한양여대서 3시간 간격 방화 추정 화재···용의자 학교 관계자에 붙잡혀,Social
[속보]“종량제 봉투 부족시에는 ‘일반 봉투’에 배출 허용” 기후부 장관 曰,Social
"""독감 걸려 죄송합니다""…사망한 사립유치원 교사의 카톡",Social
민주당 충북지사 후보 결선 경선…‘송기섭은 누구 지지’?,Social
"직원 숨졌는데 ""유족이고 XX""…""너무 위험"" 묵살한 정체 [취재파일]",Social
대전교육감 선거 ‘진보 단일후보’에 성광진 선출,Social
경찰 아내가 분양권 사기로 16억 꿀꺽…항소심도 징역 5년 선고,Social
"""쯔양, 먹고 토했다"" 허위 제보한 대학 동창에 벌금형",Social
"""버스 잘못 타 짜증""…오리역 '묻지마 칼부림' 30대, 검찰 송치",Social
“이게 리조트지 감옥이냐” 조감도 논란에…법무부 “채택 안돼” [팩트체크],Social
"간병인들이 환자 때리고 입에 테이프 붙이는 등 학대…'관리 소홀' 요양병원장, 벌금형",Social
[단독] 홍대 인근 인형뽑기 가게서 1천6백만 원 훔친 10대 일당 검거,Social
"'컷오프' 민주 여수시의원 후보들, 전남도당에 재검토 촉구",Social
"종합특검 ""'김건희 수사 무마' 수사팀 조사…추가 특검보 추천""",Social
"김미나 창원시의원, 또 법정 선다…李대통령·김현지 겨냥 막말 논란",Social
남해 시금치 ‘보물초’ 가격 폭락… 농민 ‘한숨’,Social
"서울시 ""與 거짓선동 도 넘어…민간 유람선 사고를 한강버스 사고로 둔갑""",Social
"쯔양 ‘먹토’ 허위 제보 대학동창, ‘벌금 7백만 원’",Social
"[6·3대전] 허태정·장철민·장종태 ""이장우 상대 적임자"" 강조",Social
"한양여대 화재로 100명 대피…경찰, 방화 용의자 붙잡아 조사",Social
"술 취해 지인에게 흉기 휘두른 60대, 2심도 징역 6년",Social
"대북 송금 이슈 삼킨 '박상용 녹취록'…박 검사, 인스타까지 개설하며 '맞불'",Social
“봉투값 안 오른다” 김성환 장관... 품귀 시 ‘일반 봉투 사용’ 한시 허용,Social
국내 최초 '1도 1국립대학' 출범...강원대 통합 비전 선포식 개최,Social
"""제 차량 바퀴·휠이 통째로 사라졌어요""...경찰, 절도 용의자 2명 추적",Social
한양여대 두 차례 불로 100명 대피… 20대 여성 현행범 체포,Social
"황석희 번역가, 성폭력 전과 의혹 확산에… “변호사와 관련 사안 검토 중”",Social
[단독] 강남 압구정 골목서 80대 운전자 차량 돌진…4명 부상,Social
제조 심장 구미의 부활…전자산업 넘어 'K방산 수도' 대변신,Social
"특검, '김건희 무혐의' 수사팀 조사…'선관위 장악' 범죄단체조직죄 입건",Social
"""너무 아파 눈물, 미치겠어""…부천 유치원교사 사망 전 메시지",Social
수능 절대평가 논의 시작되나…4월부터 '대입개편 협의체' 가동,Social
"[자막뉴스] 190cm 헤비급에도 ""XX 왜 찍어""…중2 담배 '길빵' 계도했다 '봉변'",Social
'이진숙 모욕 혐의' 최민희 의원 무혐의 불송치,Social
강원도 신청사 착공식… 정치적 공방은 여전,Social
차량 2대 들이받고 뺑소니…20대 불법체류 베트남인 구속,Social
"기후부 장관 “쓰레기 봉투, 최악의 상황 땐 일반 봉투 허용”",Social
"구미, 반도체 소재·부품 전략기지로…남부권 혁신벨트 핵심축 도약",Social
울산 도시철도 시대를 열어갈 1호선 트램 사업 본궤도,Social
"이정현, 전남·광주 통합특별시장 출마 시사…국힘 ""삼고초려로 모셔야""",Social
“교수 2명에게 가스라이팅”…유서 남긴 전남대 대학원생 산재 인정됐다,Social
"중학생 훈계했더니 돌아온 건 '욕설 세례'…""대체 무슨 일""",Social
"""대기업 남편, 다른 여자한테 갈까 봐""...'임신' 속여 결혼한 아내, 3억 빚까지 [이런 法]",Social
컷오프 반발·당원 명부 유출…민주당 여수을 논란 '일파만파',Social
“경제 상황이 어려워서”…동물병원서 프로포폴 빼돌려 판매한 병원장 구속,Social
심신미약 불인정 판례 될까…술 먹고 흉기 휘두른 60대 판결 보니,Social
"[단독] 리딩방·보복대행 범죄 한통속?…배민 ""내부통제 강화""",Social
"""주말 이틀 1만5000명 몰렸다""…대전 오월드 야간개장 흥행",Social
사회복지사 열에 넷 “이직 의향”…저임금·업무 과중 탓,Social
"“무려 247채 굴리며 탈세?”…국세청, 악질 임대업자 세무조사",Social
"서울 한양여대서 2차례 화재 발생⋯경찰, 20대 여성 용의자 신병 확보",Social
"종합특검 ""계엄군 부정선거 수사, 범죄단체조직죄로 입건""",Social
"대구시, 취득세 전면 감면…파격 세제지원 시행",Social
"""세계가 주목하는 대학으로 도약""…강원대 통합 비전 선포",Social
"프로포폴 취한 운전자 붙잡아 '어디서 구했어?' 추궁하니‥""동물병원""",Social
‘공금 9억 횡령’ 부산시의사회 경리직원 징역 4년,Social
"이원택 “프로야구 열기, 전북도민도 누리게”…11구단·돔구장으로 ‘지역 소비 묶는다’",Social
"경찰, ‘마약왕’ 박왕열 고강도 조사… 마약 유통 경로에 집중",Social
"""술 취했다고 감형 안 돼""…살인미수 60대 실형",Social
고부에서 첫 횃불을 들다,Social
‘약물운전’ 30대 차 안엔 프로포폴 16병…동물병원장이 빼돌렸다,Social
"'한국 영주권자'로 18년 산 중국인, 4명에 장기 선사하고 하늘로…",Social
"한강 산책하는데...""눈치껏 비켜"" 20명 러닝 크루 길 막고 우르르",Social
이러니 결혼 하겠어?…“서울 강남 3466만원 가장 비싸” 결혼 비용 다시 ‘껑충’,Social
"김미나 창원시의원, 李 대통령 명예훼손 혐의 기소",Social
누명 쓴 부녀 '청산가리 막걸리 사건' 재수사 속도내나,Social
"GM, 철수설 접고 韓 8800억 투자…유정복 인천시장 '감사서한' 발송",Social
민주당 충북지사 후보들 결선 앞두고 '낙천자 끌어안기',Social
"논산딸기축제 역대급 흥행…""딸기엑스포 성공 보인다""",Social
"결혼식 비용, 대관료·식대 인상에 평균 2139만원",Social
"서울 맞아? “순댓국 3500원, 김치찌개 3000원”…돈 아껴주는 ‘거지맵’ 뭐길래",Social
李 대통령·김현지 실장 겨냥 막말한 김미나 창원시의원 불구속 기소,Social
"'재개발 투자 미끼' 16억 가로챈 경찰관 아내, 2심도 징역 5년",Social
"울주군·영남알프스케이블카, 케이블카 '제동'에 행정심판 청구",Social
"서울시 ""민주당, 민간유람선 사고 '한강버스'로 거짓선동…법적 대응 검토""",Social
"카페서 칭얼댄다고 1살 딸 '퍽퍽'…40대 친모 ""훈육 차원"" 주장",Social
"“밥 한 끼 해요”가 부담되는 시대, 전주 골목 ‘3000원 김치찌개’가 선사하는 ‘환대’",Social
"기름값 2000원 육박, 종량제 봉투 사재기…시민들도 '전쟁'",Social
"임실군, KBS 전국노래자랑 녹화…""3천명 몰리며 흥행""",Social
공금 9억원 넘게 횡령한 부산시의사회 경리 징역형,Social
"YTN '저널리즘 책무위' 가동… 노조 ""유진 강점기 합리화 명분""",Social
"""대구시장 선거 시당 중심돼야"" 이인선, 장동혁 대표에 요청",Social
"에어차이나, 베이징-평양 직항노선 6년만에 재개",Social
"“술 먹고 그랬다” 주취 감경 노린 60대 살인미수범, 법원의 판단은?",Social
"서울시 “與, 민간유람선 사고 ‘한강버스’로 둔갑…정정·사과 없을시 법적 대응”",Social
"“쯔양 먹고 토하는 것 봤다” 허위 제보 대학 동창, 벌금 700만원",Social
"서울반도체고, 내년 3월 마이스터고로 개교… 반도체 인재 키운다",Social
성폭력 논란 ‘성동문화원장’ 인사에 정원오 ‘불똥’···서울시 “책임전가 하지마라”,Social
"""쯔양 먹토 목격""…거짓 제보한 대학 동창, 벌금 700만원 약식명령",Social
종합특검 '김건희 수사 무마' 정조준…'계엄 비선 조직' 입건 예고,Social
이재명-김현지 관계 두고 막말… 김미나 결국 법정에,Social
"""간병인 환자 학대엔 요양병원장도 책임""…'관리 소홀' 벌금형",Social
차량 급정거 항의 60대 시비 끝 쇠파이프 휘둘러 현행범 체포,Social
43년 평생 일터에서 숨진 '손녀딸 바보 할아버지',Social
"[단독] 기름때에 불 붙었는데 ""물 뿌려라""…대전 공장 3년 전 화재 '황당 권고'",Social
뺑소니 집유 기간인데 또…대낮 음주 사고 70대 법정구속,Social
한반도 땅덩어리 넓어졌다…지난해 축구장 175개만큼 매립,Social
"""4000원에 밥 해결"" 점심시간 '거지맵'부터 켠다...비싼 외식비에 인기",Social
"경기도교육청, 10년 만에 고입에 중 1학년 성적 반영키로",Social
"부산글로벌법 법사위 불상정…박형준 ""시민열망에 찬물""",Social
종합특검 “‘김건희 사건무마’ 수사팀 조사…추가 특검보 추천”,Social
"""풍성흑발·꼿꼿허리”… ‘94세’ 이길여 회장 '동안 외모' 근황",Social
"""내 전처와 왜 통화해""…죽도로 집 때려 부순 50대, 친구 용서로 실형 모면",Social
"‘교수 갑질’ 산재 인정됐다···대학원생, 휴일·심야 업무에 심부름 시달리다 목숨 끊어",Social
"익산시 ""종량제봉투 가격 인상 없다""…1인당 5매 구매 제한",Social
연말정산 지나니 건보료 정산…4월 내 월급은 어떻게?,Social
"2천 원 앞둔 휘발윳값…""차 몰기 겁나요""",Social
"경찰, '조정훈 국힘 의원 공천헌금 의혹' 수사…측근 줄소환",Social
"[현장] ""응급실 가는 길 맞나"" 조선대병원 현황도로 관리 미흡",Social
"수영, 이제 집 근처에서…영등포구, 수영장 9곳까지 확대한다[서울25]",Social
고유가 속 주유소에 늘어선 차량...새치기 시비에 흉기까지,Social
"경찰, 장세일 영광군수 딸 금품수수 의혹 수사(종합)",Social
"기후부 장관 ""쓰레기 종량제 봉투 부족하면 일반 봉투에 버리게 할 것""",Social
"오세훈, 광화문 '감사의정원' 석재 기증국 외교단 초청",Social
"송전탑건설백지화 전북대책위 ""새만금-신서산 송전선 입지선정 중단하라""",Social
"“대구, 익숙한 정치와 결별할 시간”…김부겸의 승부수",Social
"이근안을 조사한 사람입니다, 그에게 들은 충격적인 말",Social
'응시자가 채점하는 격' 환경영향평가부터 고쳐야,Social
"한양여대서 하루에 2번 화재, 100여 명 대피…방화 가능성",Social
"결선 앞둔 민주 충북지사 후보 경선, 합종연횡 본격화",Social
"하이그라운드 '500만 달러' 차용증, 감사 직전 급조 정황",Social
뇌물 혐의·‘처녀 수입’·군민 욕설…김희수 진도군수 해외 출장도 논란,Social
국민의힘 영월 일부 책임당원 등 공정한 군수 후보 경선 요구 기자회견,Social
"경찰, '50억대 닭고기 납품 사기' 4명 입건…도계업체 압수수색",Social
"'李 대통령 막말' 김미나 창원시 의원, 불구속 기소",Social
"""부산 사하 해상풍력, 가덕신공항 항공기와 충돌위험""",Social
벚꽃 절정인데… 동촌유원지 선착장 '토사 포대·데크 잔해' 방치,Social
‘원주민 후손’ 아니면 가입 불가…어촌계 정관에 인권위 “차별”,Social
"고대의료원, 동탄에 '고대병원’ 건립…""2035년 ‘AI 네이티브’ 미래병원 선보일 것""",Social
"[단독] '채용연계' 인턴 25% 돌연 종료... 대웅 ""진로 모색"" vs 문건 '부당해고 소지'",Social
주유 대란 와중 '새치기' 차주에 흉기 위협… 30대 남성 체포,Social
"""민간유람선 사고를 한강버스로 둔갑""… 서울시 ""법적 대응 검토""",Social
경기 남양주에 1000병상 중앙대 병원 유치,Social
“확률상 불가능” 복권 잘 안 사던 수학 강사…1등 ‘5억’ 당첨됐다,Social
달리는 트럭서 맥주병 수백개 '와르르'…1시간 넘게 정체,Social
"한양여대 화재에 100여명 대피…경찰, 용의자 신병 확보",Social
게임 아이템 2000만 원 상당 빼돌린 40대 실형,Social
이대통령 겨냥 막말 김미나 창원시의원 재판행,Social
"기후장관 ""쓰레기 봉투 부족 시 일반 봉투에 버리게 허용""",Social
'미라' 된 동거녀 곁에서 3년6개월 지낸 30대…1심 징역 27년,Social
"지상파 3사 vs JTBC, 월드컵 중계권 협상 불발…“실무협상 지속”",Social
"""강원대 세계 100위권 대학 도약""",Social
"김천시, 연화지 벚꽃축제 '개막식·바가지요금·안전사고' 없앤다",Social
"주유소 새치기에 '흉기 위협'…경찰, 구속영장 신청",Social
황경아 광주 남구청장 단일후보 '원팀 결집' 행보 본격화,Social
"종합특검, '부정선거 수사2단' 수사 착수…범죄단체조직죄 적용 예고",Social
“인터넷 방송·게임에 10억 탕진”…의사단체 회비 빼돌린 경리 징역 4년,Social
"박형준, 부산 특별법 법사위 불상정에 “민주당이 발목 잡아”",Social
술 취해 지인에 흉기 휘두른 60대…항소심도 징역 6년,Social
"""술 취했다는 이유로 감형 안 돼""…지인 찌른 60대 징역 6년",Social
"""혼혈아동 보호시설서 성폭력·학대""…3기 진화위에 진실규명 신청",Social
"종합특검, 도이치 수사팀 관련자 소환…특검보 후보 2명 추천",Social
"서울시 “민주당, 유람선 사고를 ‘한강버스 사고’로 거짓 선동”",Social
"'쓰봉'만 문제?...""겨울옷 맡기는 손님 많은데"" 세탁소도 '골머리'",Social
"민형배 캠프 ""광주~나주 광역철도, 소모적 공방 멈춰야""",Social
"""부산시민과의 전쟁 각오해야"" 박형준, 글로벌허브법 놓고 민주당 직격",Social
전남·광주 통합 후 '25조 금고' 수의계약 방식 전환될듯,Social
'고문기술자' 이근안 표창 사라지나…고문 가담 경찰관 포상 재검토,Social
"김정관, 하루만에 214원 올린 주유소 불시에 찾았다",Social
"에듀테크 교사 개인정보 유출, 법적 분쟁으로 번진다",Social
"이동한, “부적격 후보, 국힘 경선 참여 안된다”",Social
"""미래 성장 동력 부유식 해상풍력, 국가 전략 필요""",Social
진해군항제 무료 셔틀버스에 관광객들 박수갈채,Social
"오리역 '묻지마 칼부림' 30대 여성 檢 송치…""버스 잘못 타 짜증""",Social
"""택시월급제 8월 전국 시행해야""... 택시기사 20m 통신탑 올랐다",Social
"울주군, ""영남알프스 케이블카 '재검토' 부당"" 행정심판 청구",Social
'소송에 단식투쟁까지' 국민의힘 포항시장 공천 잡음 점입가경,Social
"해임 처분 모 예술고 교장, 징계 절차상 하자로 복직",Social
거창군수 구인모 41.3% ·이홍기 30.7%,Social
고유가 속 주유소 새치기 차량에 흉기까지 등장...30대 남성 '체포',Social
"""어디든 마음껏"" 이동권 외치며 버스 막아선 장애인단체",Social
"안민석, 소규모 특수학교 설립 모델 도입 약속",Social
"""사고난 민간 유람선이 한강버스라고?""…서울시, 민주당에 사과 요구",Social
"헌터증후군 신약 '아블라야' FDA승인…""새로운 이정표""",Social
"'李대통령·김현지 겨냥 막말' 김미나 창원시의원, 불구속기소",Social
"김병기 조만간 4차 소환…경찰, 차남 의혹 규명에 수사력 집중",Social
"'한국서 20년' 중국인 가장, 4명 살리고 하늘로",Social
4천원 점심 찾아 삼만리…직장인 성지된 '거지맵' 정체는?,Social
부산역 앞 신호 없이 통과…충장지하차도 31일 개통,Social
사천~김포 하늘길 '3배' 넓어졌다…섬에어 취항으로 하루 12회 운항,Social
신문선 “월드컵 날로 먹나? 홍명보 감독 놀잇감 아니다”,Social
'여중생 집단 폭행' SNS로 비웃은 가해자들…'2차 가해' 해당할까 [법조계에 물어보니 710],Social
중학생에 흡연 지적했다가…되레 '위협' 신고당한 명현만 선수,Social
두 달 앞으로 다가온 지선…정교유착 합수본 수사 속도 늦춰지나,Social
사천~김포 ‘하늘 마을버스’ 떴다… ‘섬에어’ 사천공항 취항,Social
"경남 창원 공사장서 백린 연막탄 1발 발견…""대공 혐의점 없어""",Social
"김동연, “김부겸 전 총리의 대구시장 출마 ‘환영’…대구 경제 살릴 사람은 ‘김부겸’”",Social
"190cm 종합격투기 선수, 흡연 청소년 훈계했다가… 경찰 신고",Social
"경찰, '이진숙 모욕 혐의' 고소됐던 최민희 무혐의 불송치",Social
"화성시, 개인택시 63대 신규 면허…""4월20~29일 신청""",Social
결혼비용 급등에 청년들 발목…전국 곳곳 ‘스몰·공공 웨딩’ 확산,Social
"강기윤 창원시장 예비후보 ""김석기, 국힘 후보 맞나?""",Social
대전 민주진보교육감 단일 후보에 성광진 선출…76.8% 득표,Social
"은평구 ""마포구 소유권 소송 유감""…자원순환센터 갈등 대응 방침",Social
“이래도 ‘쓰봉’ 사재기 하실건가요?”…봉투 없으면 일반쓰레기에 버리도록 허용,Social
"동물병원서 빼돌린 수면마취제, 교통사고로 들통...불법 판매한 병원장 구속",Social
줄 서 있는데 앞으로 '샥'…주유소 새치기 차주 흉기 위협한 30대 체포,Social
"""선거도 코앞인데 어쩌죠""…대목 앞두고 '가격 폭등' 비상",Social
"길거리 흡연 중학생, 격투기 선수 명현만 훈계에…되레 경찰 신고",Social
'200억 적자' 전북 교통망 붕괴 위기… 재정 부담 직면한 전북도,Social
여의도 버스로 꽉 막는다? …‘유가 폭등’ 전세버스업계 대규모 차량시위 예고 [세상&],Social
중동 긴장 장기화에 선원 체류 한 달…하선 움직임 확산,Social
"[자막뉴스] 번역가 황석희, 성범죄 의혹…""심신상실 상태였다""",Social
"수배범도 잡았다… ‘빈집 최다’ 부산, 경찰ㆍ지자체 공조 1년 성과",Social
광주 결혼식 비용 상승률 전국 세번째…1인당 식대 '6만4000원',Social
"서울시 ""민주당, 민간유람선을 '한강버스 사고'로 거짓선동""",Social
"극우 매체, 전한길 엄흥도에 빗대며 ""대통령 되면 왜 안되는가"" 황당 주장",Social
"""쯔양 '먹토' 봤다""…허위 제보 대학동창, 벌금 700만원 약식명령",Social
"YTN, 김건희 사과방송·현대차 기사 삭제 진상 조사…""생색내기 쇼""",Social
대전 진보교육감 단일후보 성광진 선출…투표+여론조사 76.8%,Social
"""시장 가도 못 써요"" 농어촌기본소득 한 달, 주민들의 하소연",Social
"'컷오프' 여수시의원 예비후보 2명 ""정청래 공천원칙 지켜졌나""",Social
저소득층 아동 도시락 돌봄 20여 년 즐거운밥상 '시름',Social
"“산불 어디로 번질지 몰라서…” 경기도, 30분 단위 예측모델 만들었다",Social
"'대북송금' 수사에 플리바게닝?…법조계 ""회유로 보긴 어려워""",Social
“쯔양 먹방 찍고 토했다” 허위제보 대학동창에 벌금형 약식 명령,Social
강원도 고은리 신청사 첫삽…논란은 지속,Social
양산선 개통하는데… 북정역 환승센터 준공 ‘하세월’,Social
"김소영, 머그샷 공개 후폭풍…SNS 사진과 딴판에 ‘보정앱’ 소환",Social
"전국노래자랑 임실군편, 장미원 가득 메운 '대성황'",Social
"흡연 중학생, 190㎝ 격투기 선수 훈계에 ""왜 찍냐"" 욕설…경찰 신고까지",Social
울산 도로에 맥주 수천병 쏟아져…도로 1시간 넘게 정체,Social
"""성폭행범 명예 보호?""…10년간 독방 쓴 정명석 '특혜 논란'",Social
"'여신도 성폭행' JMS 정명석, 수감기간 대부분 독방…특혜 논란에 시끌",Social
"'쓰봉 사재기'에 기후장관 ""일반봉투 허용 등 만반의 준비""",Social
"""주차된 BMW 바퀴·휠 통째로 훔쳐가""…경찰, 용의자 2명 추적",Social
강원도 신청사 착공… 첫 삽 뜨자 정치권 공방,Social
"김미나 창원시의원, 또 재판행…이번엔 李명예훼손 혐의",Social
"'한국서 20년' 영주권자 중국인, 장기기증으로 4명 살리고 떠나",Social
프로포폴 빼돌려 판 동물병원장 구속…투약 운전자 사고로 덜미,Social
"[단독] 물에 빠진 선장 지켜만 본 소방, 내부 감찰 착수…유족은 소송 돌입",Social
"이정선, '전남광주통합특별시' 초대 교육감 출마 공식 선언",Social
"'스타 번역가' 황석희, 성범죄 의혹에 ""변호사와 검토 중""",Social
"종합특검 ""'김건희 수사무마' 수사팀 조사…추가 특검보 추천""",Social
경남 창원국가산단서 포탄 발견…6·25 당시 아군 탄 추정 (종합),Social
"행정수도특별법 '막판 변수'…최민호 세종시장, 국회 찾아 결단 촉구",Social
"시민단체 '김민석 총리 고발'...""무안 여객기 참사 직무유기""",Social
‘전분당 담합 의혹’ 대상·사조CPK 대표 등 3명 내일 구속기로,Social
"“쯔양 ‘먹토’ 봤다” 허위 제보한 동창, 결국 벌금 700만원",Social
"""바꿔야 하나 지켜야 하나""…김부겸 출마에 흔들리는 대구민심[르포]",Social
'마약왕 박왕열' 엿새째 고강도 조사…마약 유통망 드러나나,Social
"기름값 2000원에 ""부럽다 전기차""…고유가 시대 차종별 희비",Social
"장세일 영광군수 캠프 ""금품수수 허위 제보 배후 밝혀야""",Social
'130년 만의 이전' 강원특별자치도청 신청사 착공식,Social
입 짧고 손 작은 며느리…시부 칠순 상 차린다더니 달랑 '생선 3마리',Social
'13개 의혹' 김병기 4차 소환 임박…차남과 '동시 소환'도 검토,Social
"'유튜버 쯔양' 허위 사실 제보한 대학 동창, 벌금 700만원",Social
동물병원서 빼돌린 프로포폴 불법 판매한 동물병원장,Social
李대통령 제주 타운홀미팅…제2공항 찬반 진정서 전달,Social
경기교육감 진보 단일화 본궤도…내달 22일 후보 나온다,Social
뺑소니 선처받고도 '무면허·음주' 사고 낸 70대…결국 '철장 신세',Social
"“쯔양 ‘먹토’ 목격했다”…허위 제보 동창, 700만원 ‘벌금형’",Social
"""조속히"" vs ""투표로""…제주 타운홀미팅 '제2공항 찬·반' 장외전",Social
"기후장관, 종량제 봉투 사재기 지속에…""최악의 상황엔 일반 봉투 사용 허용""",Social
코스면 평균 11만9천원...껑충 뛴 밥값·대관료에 결혼비용 부담↑,Social
“초록 물결 속 23일간 봄 향연”…고창 청보리밭 축제 4월 18일 개막,Social
영풍-중부대-석포중 협업작… 단편영화 ‘그날 밤 그 집에서’ 공개,Social
"신정훈, 강기정 꺾고 與전남광주시장 단일후보…1+1=2 될까",Social
직장동료 집에서 술 마시다 강제추행한 30대 외국인 남성 체포,Social
"정성홍, 장관호에 '선거 승리·교육 개혁' 단일화 제안",Social
"휴온스그룹, 분기 배당 도입…“주주환원 확대”",Social
"""칭얼대서 화가 났다""...카페서 장난감으로 한 살배기 때린 40대 입건",Social
맨몸으로 도끼·곡괭이 막아내자 김정은 ‘활짝’…‘차력쇼’ 펼친 北 특수부대,Social
"‘영주권 얻은 뒤 용접일’ 60대 중국인, 4명 살리고 떠났다…“마음 따뜻한 사람”",Social
"서울시, 김태균 신임 서울교통공사 사장 임명",Social
부산~양산 같은 요금·환승…도시철도 양산선 연내 개통,Social
"조국혁신당, 민주당 여수을 '금품 의혹·당원 명단 유출' 진상규명 촉구",Social
"기후부 장관 ""쓰레기 봉투, 최악의 상황 땐 일반 봉투 사용 허용…가격 인상 없다""",Social
강화∼인천터미널 시내버스 개편…배차간격 4시간→55분,Social
"서민위, 김민석 총리 고발…""무안 여객기 참사 직무유기""",Social
'교수 갑질' 숨진 전남대 대학원생 산업재해 인정,Social
"고려대의료원, 동탄에 2035년 '미래형 제4병원' 건립… 4개 병원 융복합 생태계 구축",Social
이 대통령 제주 타운홀미팅 앞두고…제2공항 찬반 집회,Social
공금 9억원 횡령한 부산시의사회 경리직원 징역 4년,Social
"광주 시민단체 ""민주당 통합시장 후보들, 수준 낮은 토론""",Social
"창원 공사현장서 포탄 건드려 연기…軍, 긴급 수거",Social
"'이태원 막말' 김미나 창원시의원, '李대통령 명예훼손' 혐의 재판행",Social
與전남광주통합시장 '격랑'…민형배·김영록·신정훈 3파전(종합),Social
'약물운전' 30대에 프로포폴 불법 판매…동물병원 원장 구속,Social
“매운 건 못 먹던 6살 아들…” 34년 전 ‘그날’에 멈춘 72세 노모의 한 [잃어버린 가족찾기],Social
"'모텔 살인' 김소영, '9900원'으로 남자 홀렸나…중국 보정앱 사용 추정",Social
감치·영장도 재판소원 대상?…헌재 '재판의 경계' 딜레마,Social
‘1900억’ 월드컵 중계권 두고…지상파3사·JTBC 여전히 ‘평행선’,Social
프로포폴 몰래 판 동물병원장 구속..'손님' 사고로 적발,Social
"섬에어, 김포~사천 운항으로 서부 경남 하늘길 연다",Social
기름값 저렴한 곳 찾는 운전자들,Social
사탐런 이어 확통런 본격화…고3 절반이 선택,Social
"""새치기를 해?""…싼 기름 찾아간 주유소, 흉기 꺼내든 30대",Social
무안공항 올해 재개항 난항… 4월부터 공항 외곽 조사,Social
"서울시 ""사고난 유람선이 한강버스?…與, 정정·사과해야""",Social
진해 여좌천 벚꽃 공식 만개…화사한 연분홍으로 뒤덮인 군항제,Social
"한신대 학생들 ""'유학생 강제 출국' 책임 소재 명백히 규명하라""",Social
기름값 싼 주유소에서 새치기 운전자 흉기로 협박한 30대 체포,Social
“쯔양 ‘먹토’ 봤다” 허위 제보한 대학 동창…결말은 벌금 700만원,Social
"송영기 예비후보, 경남교육감 진보 단일 후보로 선출",Social
"박완수 경남지사 ""조세·부동산, 수도권-지방 차별화 필요""",Social
울산서 맥주 수천 병 도로에 쏟아져.. 주변 도로 정체,Social
이근안 등 국가폭력 가담 경찰 포상 재검토…표창 취소 범위는 쟁점,Social
"전북도, 방산소재 밸류체인 가동…한화·현대로템 참여",Social
"""쯔양 '먹토' 목격했다"" 허위 제보한 동창…결국 '벌금형'",Social
‘양갱 굳히듯’ 쇳물 응고시키는 제철소 자동화기술 첫 성공,Social
"이제야 청사 다운 청사 갖나..강원도청, 신청사 착공식",Social
프로포폴 투약 운전자 수사하다 덜미…50대 동물병원장 구속,Social
"[자막뉴스] 홍서범 사과문에 전 며느리 '분노' ""억지 사과, 그대로 뻔뻔"" 추가 폭로",Social
체중은 정상인데 복부 살찐 '마른비만'…'이 질환' 위험↑,Social
‘급전 필요한 분’ 연락했더니 보복 대행···현관에 인분 뿌리고 래커칠한 3명 검거,Social
서울 첫 반도체 마이스터고 올해 신입생 모집…3명 이상 다자녀는 같은 일반고에 배정,Social
창원 공사현장서 불도저 작업중 포탄 발견…연막탄 수거,Social
"부산시민단체, 박형준 비판…엘시티·시정보고회 정조준",Social
"번역가 황석희, 성범죄 의혹 보도에 ""변호사와 검토 중""",Social
맥주병 수천 개 ‘폭포’처럼 쏟아졌다…울산 출근길 정체 빚어,Social
고유가 속 주유소에 늘어선 차량…새치기 시비에 흉기까지,Social
"'데드풀' 번역가 황석희, 과거 성범죄 의혹 불거져",Social
"한국서 베풀며 살던 60대 중국인, 마지막까지 '장기기증'...4명 살리고 떠났다 [따뜻했슈]",Social
"기후부장관 ""쓰레기 봉투 부족 시 일반 봉투도 허용""",Social
"평창군, '청옥산 지방정원 조성 사업' 공사 재개…4월 본격 착수",Social
대전남부순환고속도로서 체험학습 버스 등 5중 추돌…6명 경상,Social
"서울시 ""성폭력 혐의 성동문화원장 재임용, 성동구 책임""",Social
비염·코막힘 그대로 방치했다간 ‘치매’ 위험 높인다 [진짜 명의에게 물어봐],Social
"가로등 박은 30대, 차 안엔 '주사기 145개'...동물병원장이 마약 줬다",Social
"한 살배기 딸 때리자 주변에서 신고…40대 엄마 ""칭얼대서 훈육""",Social
무면허로 운전대 잡은 불법체류 외국인…5명 다치게 한 뒤 도주,Social
“저희 신혼집은 도서관이에요”…구로도서관에 미리내집 들어선다,Social
장세일 영광군수 자녀 집 압수수색…금품수수 의혹 수사,Social
"""쯔양 '먹토' 봤다"" 허위제보 대학동창에 벌금 700만원 약식명령",Social
[단독] 대통령 칭찬한 검찰 공조부마저 인력난…공조2부 신설안 검토,Social
